[2025-11-13T01:04:16.295+0000] {manager.py:469} INFO - Processing files using up to 1 processes at a time 
[2025-11-13T01:04:16.296+0000] {manager.py:470} INFO - Process each file at most once every 30 seconds
[2025-11-13T01:04:16.297+0000] {manager.py:471} INFO - Checking for new files in /opt/airflow/dags every 300 seconds
[2025-11-13T01:04:16.298+0000] {manager.py:738} INFO - Searching for files in /opt/airflow/dags
[2025-11-13T01:04:16.335+0000] {manager.py:741} INFO - There are 2 files in /opt/airflow/dags
[2025-11-13T01:04:16.578+0000] {manager.py:879} INFO - 
================================================================================
DAG File Processing Stats

File Path                                           PID    Runtime      # DAGs    # Errors  Last Runtime    Last Run
--------------------------------------------------  -----  ---------  --------  ----------  --------------  -------------------
/opt/airflow/dags/transform_silver_gold_dbt_dag.py                           0           0
/opt/airflow/dags/erp_to_minio_bronze_dag.py                                 1           0  0.20s           2025-11-13T01:04:16
================================================================================
[2025-11-13T01:04:47.690+0000] {manager.py:879} INFO - 
================================================================================
DAG File Processing Stats

File Path                                           PID    Runtime      # DAGs    # Errors  Last Runtime    Last Run
--------------------------------------------------  -----  ---------  --------  ----------  --------------  -------------------
/opt/airflow/dags/erp_to_minio_bronze_dag.py                                 1           0  0.20s           2025-11-13T01:04:47
/opt/airflow/dags/transform_silver_gold_dbt_dag.py                           1           0  0.10s           2025-11-13T01:04:17
================================================================================
[2025-11-13T01:05:18.906+0000] {manager.py:879} INFO - 
================================================================================
DAG File Processing Stats

File Path                                           PID    Runtime      # DAGs    # Errors  Last Runtime    Last Run
--------------------------------------------------  -----  ---------  --------  ----------  --------------  -------------------
/opt/airflow/dags/erp_to_minio_bronze_dag.py                                 1           0  0.20s           2025-11-13T01:05:18
/opt/airflow/dags/transform_silver_gold_dbt_dag.py                           1           0  0.20s           2025-11-13T01:04:48
================================================================================
[2025-11-13T01:05:50.102+0000] {manager.py:879} INFO - 
================================================================================
DAG File Processing Stats

File Path                                           PID    Runtime      # DAGs    # Errors  Last Runtime    Last Run
--------------------------------------------------  -----  ---------  --------  ----------  --------------  -------------------
/opt/airflow/dags/erp_to_minio_bronze_dag.py                                 1           0  0.20s           2025-11-13T01:05:50
/opt/airflow/dags/transform_silver_gold_dbt_dag.py                           1           0  0.10s           2025-11-13T01:05:20
================================================================================
[2025-11-13T01:06:21.311+0000] {manager.py:879} INFO - 
================================================================================
DAG File Processing Stats

File Path                                           PID    Runtime      # DAGs    # Errors  Last Runtime    Last Run
--------------------------------------------------  -----  ---------  --------  ----------  --------------  -------------------
/opt/airflow/dags/erp_to_minio_bronze_dag.py                                 1           0  0.20s           2025-11-13T01:06:21
/opt/airflow/dags/transform_silver_gold_dbt_dag.py                           1           0  0.10s           2025-11-13T01:05:51
================================================================================
[2025-11-13T01:06:51.599+0000] {manager.py:879} INFO - 
================================================================================
DAG File Processing Stats

File Path                                           PID    Runtime      # DAGs    # Errors  Last Runtime    Last Run
--------------------------------------------------  -----  ---------  --------  ----------  --------------  -------------------
/opt/airflow/dags/erp_to_minio_bronze_dag.py                                 1           0  0.20s           2025-11-13T01:06:51
/opt/airflow/dags/transform_silver_gold_dbt_dag.py                           1           0  0.10s           2025-11-13T01:06:22
================================================================================
[2025-11-13T01:07:21.898+0000] {manager.py:879} INFO - 
================================================================================
DAG File Processing Stats

File Path                                           PID    Runtime      # DAGs    # Errors  Last Runtime    Last Run
--------------------------------------------------  -----  ---------  --------  ----------  --------------  -------------------
/opt/airflow/dags/erp_to_minio_bronze_dag.py                                 1           0  0.20s           2025-11-13T01:07:21
/opt/airflow/dags/transform_silver_gold_dbt_dag.py                           1           0  0.10s           2025-11-13T01:06:52
================================================================================
[2025-11-13T01:07:52.211+0000] {manager.py:879} INFO - 
================================================================================
DAG File Processing Stats

File Path                                           PID    Runtime      # DAGs    # Errors  Last Runtime    Last Run
--------------------------------------------------  -----  ---------  --------  ----------  --------------  -------------------
/opt/airflow/dags/erp_to_minio_bronze_dag.py                                 1           0  0.20s           2025-11-13T01:07:52
/opt/airflow/dags/transform_silver_gold_dbt_dag.py                           1           0  0.10s           2025-11-13T01:07:22
================================================================================
[2025-11-13T01:08:22.519+0000] {manager.py:879} INFO - 
================================================================================
DAG File Processing Stats

File Path                                           PID    Runtime      # DAGs    # Errors  Last Runtime    Last Run
--------------------------------------------------  -----  ---------  --------  ----------  --------------  -------------------
/opt/airflow/dags/erp_to_minio_bronze_dag.py                                 1           0  0.20s           2025-11-13T01:08:22
/opt/airflow/dags/transform_silver_gold_dbt_dag.py                           1           0  0.10s           2025-11-13T01:07:53
================================================================================
[2025-11-13T01:08:52.803+0000] {manager.py:879} INFO - 
================================================================================
DAG File Processing Stats

File Path                                           PID    Runtime      # DAGs    # Errors  Last Runtime    Last Run
--------------------------------------------------  -----  ---------  --------  ----------  --------------  -------------------
/opt/airflow/dags/erp_to_minio_bronze_dag.py                                 1           0  0.20s           2025-11-13T01:08:52
/opt/airflow/dags/transform_silver_gold_dbt_dag.py                           1           0  0.10s           2025-11-13T01:08:23
================================================================================
[2025-11-13T01:09:16.369+0000] {manager.py:738} INFO - Searching for files in /opt/airflow/dags
[2025-11-13T01:09:16.426+0000] {manager.py:741} INFO - There are 2 files in /opt/airflow/dags
[2025-11-13T01:09:23.106+0000] {manager.py:879} INFO - 
================================================================================
DAG File Processing Stats

File Path                                           PID    Runtime      # DAGs    # Errors  Last Runtime    Last Run
--------------------------------------------------  -----  ---------  --------  ----------  --------------  -------------------
/opt/airflow/dags/erp_to_minio_bronze_dag.py                                 1           0  0.20s           2025-11-13T01:09:23
/opt/airflow/dags/transform_silver_gold_dbt_dag.py                           1           0  0.10s           2025-11-13T01:08:53
================================================================================
[2025-11-13T01:09:53.393+0000] {manager.py:879} INFO - 
================================================================================
DAG File Processing Stats

File Path                                           PID    Runtime      # DAGs    # Errors  Last Runtime    Last Run
--------------------------------------------------  -----  ---------  --------  ----------  --------------  -------------------
/opt/airflow/dags/erp_to_minio_bronze_dag.py                                 1           0  0.20s           2025-11-13T01:09:53
/opt/airflow/dags/transform_silver_gold_dbt_dag.py                           1           0  0.10s           2025-11-13T01:09:23
================================================================================
[2025-11-13T01:10:23.682+0000] {manager.py:879} INFO - 
================================================================================
DAG File Processing Stats

File Path                                           PID    Runtime      # DAGs    # Errors  Last Runtime    Last Run
--------------------------------------------------  -----  ---------  --------  ----------  --------------  -------------------
/opt/airflow/dags/erp_to_minio_bronze_dag.py                                 1           0  0.20s           2025-11-13T01:10:23
/opt/airflow/dags/transform_silver_gold_dbt_dag.py                           1           0  0.10s           2025-11-13T01:09:54
================================================================================
[2025-11-13T01:10:53.993+0000] {manager.py:879} INFO - 
================================================================================
DAG File Processing Stats

File Path                                           PID    Runtime      # DAGs    # Errors  Last Runtime    Last Run
--------------------------------------------------  -----  ---------  --------  ----------  --------------  -------------------
/opt/airflow/dags/erp_to_minio_bronze_dag.py                                 1           0  0.20s           2025-11-13T01:10:53
/opt/airflow/dags/transform_silver_gold_dbt_dag.py                           1           0  0.10s           2025-11-13T01:10:24
================================================================================
[2025-11-13T01:11:24.277+0000] {manager.py:879} INFO - 
================================================================================
DAG File Processing Stats

File Path                                           PID    Runtime      # DAGs    # Errors  Last Runtime    Last Run
--------------------------------------------------  -----  ---------  --------  ----------  --------------  -------------------
/opt/airflow/dags/erp_to_minio_bronze_dag.py                                 1           0  0.20s           2025-11-13T01:11:24
/opt/airflow/dags/transform_silver_gold_dbt_dag.py                           1           0  0.10s           2025-11-13T01:10:54
================================================================================
[2025-11-13T01:11:54.568+0000] {manager.py:879} INFO - 
================================================================================
DAG File Processing Stats

File Path                                           PID    Runtime      # DAGs    # Errors  Last Runtime    Last Run
--------------------------------------------------  -----  ---------  --------  ----------  --------------  -------------------
/opt/airflow/dags/erp_to_minio_bronze_dag.py                                 1           0  0.20s           2025-11-13T01:11:54
/opt/airflow/dags/transform_silver_gold_dbt_dag.py                           1           0  0.10s           2025-11-13T01:11:25
================================================================================
[2025-11-13T01:12:24.868+0000] {manager.py:879} INFO - 
================================================================================
DAG File Processing Stats

File Path                                           PID    Runtime      # DAGs    # Errors  Last Runtime    Last Run
--------------------------------------------------  -----  ---------  --------  ----------  --------------  -------------------
/opt/airflow/dags/erp_to_minio_bronze_dag.py                                 1           0  0.20s           2025-11-13T01:12:24
/opt/airflow/dags/transform_silver_gold_dbt_dag.py                           1           0  0.10s           2025-11-13T01:11:55
================================================================================
[2025-11-13T01:12:55.157+0000] {manager.py:879} INFO - 
================================================================================
DAG File Processing Stats

File Path                                           PID    Runtime      # DAGs    # Errors  Last Runtime    Last Run
--------------------------------------------------  -----  ---------  --------  ----------  --------------  -------------------
/opt/airflow/dags/erp_to_minio_bronze_dag.py                                 1           0  0.20s           2025-11-13T01:12:55
/opt/airflow/dags/transform_silver_gold_dbt_dag.py                           1           0  0.10s           2025-11-13T01:12:25
================================================================================
[2025-11-13T01:13:25.447+0000] {manager.py:879} INFO - 
================================================================================
DAG File Processing Stats

File Path                                           PID    Runtime      # DAGs    # Errors  Last Runtime    Last Run
--------------------------------------------------  -----  ---------  --------  ----------  --------------  -------------------
/opt/airflow/dags/erp_to_minio_bronze_dag.py                                 1           0  0.20s           2025-11-13T01:13:25
/opt/airflow/dags/transform_silver_gold_dbt_dag.py                           1           0  0.10s           2025-11-13T01:12:55
================================================================================
[2025-11-13T01:13:55.734+0000] {manager.py:879} INFO - 
================================================================================
DAG File Processing Stats

File Path                                           PID    Runtime      # DAGs    # Errors  Last Runtime    Last Run
--------------------------------------------------  -----  ---------  --------  ----------  --------------  -------------------
/opt/airflow/dags/erp_to_minio_bronze_dag.py                                 1           0  0.20s           2025-11-13T01:13:55
/opt/airflow/dags/transform_silver_gold_dbt_dag.py                           1           0  0.10s           2025-11-13T01:13:26
================================================================================
[2025-11-13T01:14:16.540+0000] {manager.py:738} INFO - Searching for files in /opt/airflow/dags
[2025-11-13T01:14:16.589+0000] {manager.py:741} INFO - There are 2 files in /opt/airflow/dags
[2025-11-13T01:14:26.027+0000] {manager.py:879} INFO - 
================================================================================
DAG File Processing Stats

File Path                                           PID    Runtime      # DAGs    # Errors  Last Runtime    Last Run
--------------------------------------------------  -----  ---------  --------  ----------  --------------  -------------------
/opt/airflow/dags/erp_to_minio_bronze_dag.py                                 1           0  0.20s           2025-11-13T01:14:26
/opt/airflow/dags/transform_silver_gold_dbt_dag.py                           1           0  0.10s           2025-11-13T01:13:56
================================================================================
[2025-11-13T01:14:56.315+0000] {manager.py:879} INFO - 
================================================================================
DAG File Processing Stats

File Path                                           PID    Runtime      # DAGs    # Errors  Last Runtime    Last Run
--------------------------------------------------  -----  ---------  --------  ----------  --------------  -------------------
/opt/airflow/dags/erp_to_minio_bronze_dag.py                                 1           0  0.20s           2025-11-13T01:14:56
/opt/airflow/dags/transform_silver_gold_dbt_dag.py                           1           0  0.10s           2025-11-13T01:14:26
================================================================================
[2025-11-13T01:15:26.600+0000] {manager.py:879} INFO - 
================================================================================
DAG File Processing Stats

File Path                                           PID    Runtime      # DAGs    # Errors  Last Runtime    Last Run
--------------------------------------------------  -----  ---------  --------  ----------  --------------  -------------------
/opt/airflow/dags/erp_to_minio_bronze_dag.py                                 1           0  0.20s           2025-11-13T01:15:26
/opt/airflow/dags/transform_silver_gold_dbt_dag.py                           1           0  0.10s           2025-11-13T01:14:57
================================================================================
[2025-11-13T01:15:56.883+0000] {manager.py:879} INFO - 
================================================================================
DAG File Processing Stats

File Path                                           PID    Runtime      # DAGs    # Errors  Last Runtime    Last Run
--------------------------------------------------  -----  ---------  --------  ----------  --------------  -------------------
/opt/airflow/dags/erp_to_minio_bronze_dag.py                                 1           0  0.20s           2025-11-13T01:15:56
/opt/airflow/dags/transform_silver_gold_dbt_dag.py                           1           0  0.10s           2025-11-13T01:15:27
================================================================================
[2025-11-13T01:16:27.173+0000] {manager.py:879} INFO - 
================================================================================
DAG File Processing Stats

File Path                                           PID    Runtime      # DAGs    # Errors  Last Runtime    Last Run
--------------------------------------------------  -----  ---------  --------  ----------  --------------  -------------------
/opt/airflow/dags/erp_to_minio_bronze_dag.py                                 1           0  0.20s           2025-11-13T01:16:27
/opt/airflow/dags/transform_silver_gold_dbt_dag.py                           1           0  0.10s           2025-11-13T01:15:57
================================================================================
[2025-11-13T01:16:57.413+0000] {manager.py:879} INFO - 
================================================================================
DAG File Processing Stats

File Path                                           PID    Runtime      # DAGs    # Errors  Last Runtime    Last Run
--------------------------------------------------  -----  ---------  --------  ----------  --------------  -------------------
/opt/airflow/dags/erp_to_minio_bronze_dag.py                                 1           0  0.20s           2025-11-13T01:16:57
/opt/airflow/dags/transform_silver_gold_dbt_dag.py                           1           0  0.10s           2025-11-13T01:16:28
================================================================================
[2025-11-13T01:17:27.672+0000] {manager.py:879} INFO - 
================================================================================
DAG File Processing Stats

File Path                                           PID    Runtime      # DAGs    # Errors  Last Runtime    Last Run
--------------------------------------------------  -----  ---------  --------  ----------  --------------  -------------------
/opt/airflow/dags/erp_to_minio_bronze_dag.py                                 1           0  0.21s           2025-11-13T01:17:27
/opt/airflow/dags/transform_silver_gold_dbt_dag.py                           1           0  0.10s           2025-11-13T01:16:58
================================================================================
[2025-11-13T01:17:58.704+0000] {manager.py:879} INFO - 
================================================================================
DAG File Processing Stats

File Path                                           PID    Runtime      # DAGs    # Errors  Last Runtime    Last Run
--------------------------------------------------  -----  ---------  --------  ----------  --------------  -------------------
/opt/airflow/dags/erp_to_minio_bronze_dag.py                                 1           0  0.20s           2025-11-13T01:17:58
/opt/airflow/dags/transform_silver_gold_dbt_dag.py                           1           0  0.10s           2025-11-13T01:17:28
================================================================================
[2025-11-13T01:18:29.002+0000] {manager.py:879} INFO - 
================================================================================
DAG File Processing Stats

File Path                                           PID    Runtime      # DAGs    # Errors  Last Runtime    Last Run
--------------------------------------------------  -----  ---------  --------  ----------  --------------  -------------------
/opt/airflow/dags/erp_to_minio_bronze_dag.py                                 1           0  0.20s           2025-11-13T01:18:29
/opt/airflow/dags/transform_silver_gold_dbt_dag.py                           1           0  0.10s           2025-11-13T01:17:59
================================================================================
[2025-11-13T01:18:59.294+0000] {manager.py:879} INFO - 
================================================================================
DAG File Processing Stats

File Path                                           PID    Runtime      # DAGs    # Errors  Last Runtime    Last Run
--------------------------------------------------  -----  ---------  --------  ----------  --------------  -------------------
/opt/airflow/dags/erp_to_minio_bronze_dag.py                                 1           0  0.20s           2025-11-13T01:18:59
/opt/airflow/dags/transform_silver_gold_dbt_dag.py                           1           0  0.10s           2025-11-13T01:18:30
================================================================================
[2025-11-13T01:19:16.693+0000] {manager.py:738} INFO - Searching for files in /opt/airflow/dags
[2025-11-13T01:19:16.747+0000] {manager.py:741} INFO - There are 2 files in /opt/airflow/dags
[2025-11-13T01:19:29.583+0000] {manager.py:879} INFO - 
================================================================================
DAG File Processing Stats

File Path                                           PID    Runtime      # DAGs    # Errors  Last Runtime    Last Run
--------------------------------------------------  -----  ---------  --------  ----------  --------------  -------------------
/opt/airflow/dags/erp_to_minio_bronze_dag.py                                 1           0  0.20s           2025-11-13T01:19:29
/opt/airflow/dags/transform_silver_gold_dbt_dag.py                           1           0  0.10s           2025-11-13T01:19:00
================================================================================
[2025-11-13T01:19:59.870+0000] {manager.py:879} INFO - 
================================================================================
DAG File Processing Stats

File Path                                           PID    Runtime      # DAGs    # Errors  Last Runtime    Last Run
--------------------------------------------------  -----  ---------  --------  ----------  --------------  -------------------
/opt/airflow/dags/erp_to_minio_bronze_dag.py                                 1           0  0.20s           2025-11-13T01:19:59
/opt/airflow/dags/transform_silver_gold_dbt_dag.py                           1           0  0.10s           2025-11-13T01:19:30
================================================================================
[2025-11-13T01:20:30.164+0000] {manager.py:879} INFO - 
================================================================================
DAG File Processing Stats

File Path                                           PID    Runtime      # DAGs    # Errors  Last Runtime    Last Run
--------------------------------------------------  -----  ---------  --------  ----------  --------------  -------------------
/opt/airflow/dags/erp_to_minio_bronze_dag.py                                 1           0  0.20s           2025-11-13T01:20:30
/opt/airflow/dags/transform_silver_gold_dbt_dag.py                           1           0  0.10s           2025-11-13T01:20:01
================================================================================
[2025-11-13T01:21:00.455+0000] {manager.py:879} INFO - 
================================================================================
DAG File Processing Stats

File Path                                           PID    Runtime      # DAGs    # Errors  Last Runtime    Last Run
--------------------------------------------------  -----  ---------  --------  ----------  --------------  -------------------
/opt/airflow/dags/erp_to_minio_bronze_dag.py                                 1           0  0.20s           2025-11-13T01:21:00
/opt/airflow/dags/transform_silver_gold_dbt_dag.py                           1           0  0.10s           2025-11-13T01:20:31
================================================================================
[2025-11-13T01:21:30.748+0000] {manager.py:879} INFO - 
================================================================================
DAG File Processing Stats

File Path                                           PID    Runtime      # DAGs    # Errors  Last Runtime    Last Run
--------------------------------------------------  -----  ---------  --------  ----------  --------------  -------------------
/opt/airflow/dags/erp_to_minio_bronze_dag.py                                 1           0  0.20s           2025-11-13T01:21:30
/opt/airflow/dags/transform_silver_gold_dbt_dag.py                           1           0  0.10s           2025-11-13T01:21:01
================================================================================
[2025-11-13T01:22:01.034+0000] {manager.py:879} INFO - 
================================================================================
DAG File Processing Stats

File Path                                           PID    Runtime      # DAGs    # Errors  Last Runtime    Last Run
--------------------------------------------------  -----  ---------  --------  ----------  --------------  -------------------
/opt/airflow/dags/erp_to_minio_bronze_dag.py                                 1           0  0.20s           2025-11-13T01:22:01
/opt/airflow/dags/transform_silver_gold_dbt_dag.py                           1           0  0.10s           2025-11-13T01:21:31
================================================================================
[2025-11-13T01:22:31.321+0000] {manager.py:879} INFO - 
================================================================================
DAG File Processing Stats

File Path                                           PID    Runtime      # DAGs    # Errors  Last Runtime    Last Run
--------------------------------------------------  -----  ---------  --------  ----------  --------------  -------------------
/opt/airflow/dags/erp_to_minio_bronze_dag.py                                 1           0  0.20s           2025-11-13T01:22:31
/opt/airflow/dags/transform_silver_gold_dbt_dag.py                           1           0  0.10s           2025-11-13T01:22:02
================================================================================
[2025-11-13T01:23:01.612+0000] {manager.py:879} INFO - 
================================================================================
DAG File Processing Stats

File Path                                           PID    Runtime      # DAGs    # Errors  Last Runtime    Last Run
--------------------------------------------------  -----  ---------  --------  ----------  --------------  -------------------
/opt/airflow/dags/erp_to_minio_bronze_dag.py                                 1           0  0.20s           2025-11-13T01:23:01
/opt/airflow/dags/transform_silver_gold_dbt_dag.py                           1           0  0.10s           2025-11-13T01:22:32
================================================================================
[2025-11-13T01:23:31.901+0000] {manager.py:879} INFO - 
================================================================================
DAG File Processing Stats

File Path                                           PID    Runtime      # DAGs    # Errors  Last Runtime    Last Run
--------------------------------------------------  -----  ---------  --------  ----------  --------------  -------------------
/opt/airflow/dags/erp_to_minio_bronze_dag.py                                 1           0  0.20s           2025-11-13T01:23:31
/opt/airflow/dags/transform_silver_gold_dbt_dag.py                           1           0  0.10s           2025-11-13T01:23:02
================================================================================
[2025-11-13T01:24:03.035+0000] {manager.py:879} INFO - 
================================================================================
DAG File Processing Stats

File Path                                           PID    Runtime      # DAGs    # Errors  Last Runtime    Last Run
--------------------------------------------------  -----  ---------  --------  ----------  --------------  -------------------
/opt/airflow/dags/erp_to_minio_bronze_dag.py                                 1           0  0.20s           2025-11-13T01:24:03
/opt/airflow/dags/transform_silver_gold_dbt_dag.py                           1           0  0.10s           2025-11-13T01:23:33
================================================================================
[2025-11-13T01:24:16.806+0000] {manager.py:738} INFO - Searching for files in /opt/airflow/dags
[2025-11-13T01:24:16.871+0000] {manager.py:741} INFO - There are 2 files in /opt/airflow/dags
[2025-11-13T01:24:33.466+0000] {manager.py:879} INFO - 
================================================================================
DAG File Processing Stats

File Path                                           PID    Runtime      # DAGs    # Errors  Last Runtime    Last Run
--------------------------------------------------  -----  ---------  --------  ----------  --------------  -------------------
/opt/airflow/dags/erp_to_minio_bronze_dag.py                                 1           0  0.20s           2025-11-13T01:24:33
/opt/airflow/dags/transform_silver_gold_dbt_dag.py                           1           0  0.10s           2025-11-13T01:24:03
================================================================================
[2025-11-13T01:25:03.725+0000] {manager.py:879} INFO - 
================================================================================
DAG File Processing Stats

File Path                                           PID    Runtime      # DAGs    # Errors  Last Runtime    Last Run
--------------------------------------------------  -----  ---------  --------  ----------  --------------  -------------------
/opt/airflow/dags/erp_to_minio_bronze_dag.py                                 1           0  0.20s           2025-11-13T01:25:03
/opt/airflow/dags/transform_silver_gold_dbt_dag.py                           1           0  0.10s           2025-11-13T01:24:34
================================================================================
[2025-11-13T01:25:33.983+0000] {manager.py:879} INFO - 
================================================================================
DAG File Processing Stats

File Path                                           PID    Runtime      # DAGs    # Errors  Last Runtime    Last Run
--------------------------------------------------  -----  ---------  --------  ----------  --------------  -------------------
/opt/airflow/dags/erp_to_minio_bronze_dag.py                                 1           0  0.20s           2025-11-13T01:25:33
/opt/airflow/dags/transform_silver_gold_dbt_dag.py                           1           0  0.10s           2025-11-13T01:25:04
================================================================================
[2025-11-13T01:26:04.246+0000] {manager.py:879} INFO - 
================================================================================
DAG File Processing Stats

File Path                                           PID    Runtime      # DAGs    # Errors  Last Runtime    Last Run
--------------------------------------------------  -----  ---------  --------  ----------  --------------  -------------------
/opt/airflow/dags/erp_to_minio_bronze_dag.py                                 1           0  0.20s           2025-11-13T01:26:04
/opt/airflow/dags/transform_silver_gold_dbt_dag.py                           1           0  0.10s           2025-11-13T01:25:35
================================================================================
[2025-11-13T01:26:34.506+0000] {manager.py:879} INFO - 
================================================================================
DAG File Processing Stats

File Path                                           PID    Runtime      # DAGs    # Errors  Last Runtime    Last Run
--------------------------------------------------  -----  ---------  --------  ----------  --------------  -------------------
/opt/airflow/dags/erp_to_minio_bronze_dag.py                                 1           0  0.20s           2025-11-13T01:26:34
/opt/airflow/dags/transform_silver_gold_dbt_dag.py                           1           0  0.10s           2025-11-13T01:26:05
================================================================================
[2025-11-13T01:27:04.764+0000] {manager.py:879} INFO - 
================================================================================
DAG File Processing Stats

File Path                                           PID    Runtime      # DAGs    # Errors  Last Runtime    Last Run
--------------------------------------------------  -----  ---------  --------  ----------  --------------  -------------------
/opt/airflow/dags/erp_to_minio_bronze_dag.py                                 1           0  0.20s           2025-11-13T01:27:04
/opt/airflow/dags/transform_silver_gold_dbt_dag.py                           1           0  0.10s           2025-11-13T01:26:35
================================================================================
[2025-11-13T01:27:35.026+0000] {manager.py:879} INFO - 
================================================================================
DAG File Processing Stats

File Path                                           PID    Runtime      # DAGs    # Errors  Last Runtime    Last Run
--------------------------------------------------  -----  ---------  --------  ----------  --------------  -------------------
/opt/airflow/dags/erp_to_minio_bronze_dag.py                                 1           0  0.20s           2025-11-13T01:27:35
/opt/airflow/dags/transform_silver_gold_dbt_dag.py                           1           0  0.10s           2025-11-13T01:27:05
================================================================================
[2025-11-13T01:28:05.278+0000] {manager.py:879} INFO - 
================================================================================
DAG File Processing Stats

File Path                                           PID    Runtime      # DAGs    # Errors  Last Runtime    Last Run
--------------------------------------------------  -----  ---------  --------  ----------  --------------  -------------------
/opt/airflow/dags/erp_to_minio_bronze_dag.py                                 1           0  0.20s           2025-11-13T01:28:05
/opt/airflow/dags/transform_silver_gold_dbt_dag.py                           1           0  0.10s           2025-11-13T01:27:36
================================================================================
[2025-11-13T01:28:35.544+0000] {manager.py:879} INFO - 
================================================================================
DAG File Processing Stats

File Path                                           PID    Runtime      # DAGs    # Errors  Last Runtime    Last Run
--------------------------------------------------  -----  ---------  --------  ----------  --------------  -------------------
/opt/airflow/dags/erp_to_minio_bronze_dag.py                                 1           0  0.20s           2025-11-13T01:28:35
/opt/airflow/dags/transform_silver_gold_dbt_dag.py                           1           0  0.10s           2025-11-13T01:28:06
================================================================================
[2025-11-13T01:29:05.782+0000] {manager.py:879} INFO - 
================================================================================
DAG File Processing Stats

File Path                                           PID    Runtime      # DAGs    # Errors  Last Runtime    Last Run
--------------------------------------------------  -----  ---------  --------  ----------  --------------  -------------------
/opt/airflow/dags/erp_to_minio_bronze_dag.py                                 1           0  0.20s           2025-11-13T01:29:05
/opt/airflow/dags/transform_silver_gold_dbt_dag.py                           1           0  0.10s           2025-11-13T01:28:36
================================================================================
[2025-11-13T01:29:16.991+0000] {manager.py:738} INFO - Searching for files in /opt/airflow/dags
[2025-11-13T01:29:17.042+0000] {manager.py:741} INFO - There are 2 files in /opt/airflow/dags
[2025-11-13T01:29:36.040+0000] {manager.py:879} INFO - 
================================================================================
DAG File Processing Stats

File Path                                           PID    Runtime      # DAGs    # Errors  Last Runtime    Last Run
--------------------------------------------------  -----  ---------  --------  ----------  --------------  -------------------
/opt/airflow/dags/erp_to_minio_bronze_dag.py                                 1           0  0.20s           2025-11-13T01:29:36
/opt/airflow/dags/transform_silver_gold_dbt_dag.py                           1           0  0.10s           2025-11-13T01:29:06
================================================================================
[2025-11-13T01:30:06.302+0000] {manager.py:879} INFO - 
================================================================================
DAG File Processing Stats

File Path                                           PID    Runtime      # DAGs    # Errors  Last Runtime    Last Run
--------------------------------------------------  -----  ---------  --------  ----------  --------------  -------------------
/opt/airflow/dags/erp_to_minio_bronze_dag.py                                 1           0  0.20s           2025-11-13T01:30:06
/opt/airflow/dags/transform_silver_gold_dbt_dag.py                           1           0  0.10s           2025-11-13T01:29:37
================================================================================
[2025-11-13T01:30:36.565+0000] {manager.py:879} INFO - 
================================================================================
DAG File Processing Stats

File Path                                           PID    Runtime      # DAGs    # Errors  Last Runtime    Last Run
--------------------------------------------------  -----  ---------  --------  ----------  --------------  -------------------
/opt/airflow/dags/erp_to_minio_bronze_dag.py                                 1           0  0.20s           2025-11-13T01:30:36
/opt/airflow/dags/transform_silver_gold_dbt_dag.py                           1           0  0.20s           2025-11-13T01:30:07
================================================================================
[2025-11-13T01:31:06.827+0000] {manager.py:879} INFO - 
================================================================================
DAG File Processing Stats

File Path                                           PID    Runtime      # DAGs    # Errors  Last Runtime    Last Run
--------------------------------------------------  -----  ---------  --------  ----------  --------------  -------------------
/opt/airflow/dags/erp_to_minio_bronze_dag.py                                 1           0  0.20s           2025-11-13T01:31:06
/opt/airflow/dags/transform_silver_gold_dbt_dag.py                           1           0  0.10s           2025-11-13T01:30:37
================================================================================
[2025-11-13T01:31:37.084+0000] {manager.py:879} INFO - 
================================================================================
DAG File Processing Stats

File Path                                           PID    Runtime      # DAGs    # Errors  Last Runtime    Last Run
--------------------------------------------------  -----  ---------  --------  ----------  --------------  -------------------
/opt/airflow/dags/erp_to_minio_bronze_dag.py                                 1           0  0.20s           2025-11-13T01:31:37
/opt/airflow/dags/transform_silver_gold_dbt_dag.py                           1           0  0.10s           2025-11-13T01:31:07
================================================================================
[2025-11-13T01:32:07.344+0000] {manager.py:879} INFO - 
================================================================================
DAG File Processing Stats

File Path                                           PID    Runtime      # DAGs    # Errors  Last Runtime    Last Run
--------------------------------------------------  -----  ---------  --------  ----------  --------------  -------------------
/opt/airflow/dags/erp_to_minio_bronze_dag.py                                 1           0  0.20s           2025-11-13T01:32:07
/opt/airflow/dags/transform_silver_gold_dbt_dag.py                           1           0  0.10s           2025-11-13T01:31:38
================================================================================
[2025-11-13T01:32:37.607+0000] {manager.py:879} INFO - 
================================================================================
DAG File Processing Stats

File Path                                           PID    Runtime      # DAGs    # Errors  Last Runtime    Last Run
--------------------------------------------------  -----  ---------  --------  ----------  --------------  -------------------
/opt/airflow/dags/erp_to_minio_bronze_dag.py                                 1           0  0.20s           2025-11-13T01:32:07
/opt/airflow/dags/transform_silver_gold_dbt_dag.py                           1           0  0.20s           2025-11-13T01:32:37
================================================================================
[2025-11-13T01:33:07.771+0000] {manager.py:879} INFO - 
================================================================================
DAG File Processing Stats

File Path                                           PID    Runtime      # DAGs    # Errors  Last Runtime    Last Run
--------------------------------------------------  -----  ---------  --------  ----------  --------------  -------------------
/opt/airflow/dags/erp_to_minio_bronze_dag.py                                 1           0  0.20s           2025-11-13T01:32:38
/opt/airflow/dags/transform_silver_gold_dbt_dag.py                           1           0  0.10s           2025-11-13T01:33:07
================================================================================
[2025-11-13T01:33:37.924+0000] {manager.py:879} INFO - 
================================================================================
DAG File Processing Stats

File Path                                           PID    Runtime      # DAGs    # Errors  Last Runtime    Last Run
--------------------------------------------------  -----  ---------  --------  ----------  --------------  -------------------
/opt/airflow/dags/erp_to_minio_bronze_dag.py                                 1           0  0.20s           2025-11-13T01:33:09
/opt/airflow/dags/transform_silver_gold_dbt_dag.py                           1           0  0.10s           2025-11-13T01:33:37
================================================================================
[2025-11-13T01:34:07.971+0000] {manager.py:879} INFO - 
================================================================================
DAG File Processing Stats

File Path                                           PID    Runtime      # DAGs    # Errors  Last Runtime    Last Run
--------------------------------------------------  -----  ---------  --------  ----------  --------------  -------------------
/opt/airflow/dags/erp_to_minio_bronze_dag.py                                 1           0  0.20s           2025-11-13T01:33:40
/opt/airflow/dags/transform_silver_gold_dbt_dag.py                           1           0  0.20s           2025-11-13T01:33:49
================================================================================
[2025-11-13T01:34:17.149+0000] {manager.py:738} INFO - Searching for files in /opt/airflow/dags
[2025-11-13T01:34:17.193+0000] {manager.py:741} INFO - There are 2 files in /opt/airflow/dags
[2025-11-13T01:34:38.016+0000] {manager.py:879} INFO - 
================================================================================
DAG File Processing Stats

File Path                                           PID    Runtime      # DAGs    # Errors  Last Runtime    Last Run
--------------------------------------------------  -----  ---------  --------  ----------  --------------  -------------------
/opt/airflow/dags/erp_to_minio_bronze_dag.py                                 1           0  0.20s           2025-11-13T01:34:11
/opt/airflow/dags/transform_silver_gold_dbt_dag.py                           1           0  0.10s           2025-11-13T01:34:20
================================================================================
[2025-11-13T01:34:46.865+0000] {manager.py:451} INFO - Exiting gracefully upon receiving signal 15
[2025-11-13T01:34:54.708+0000] {manager.py:469} INFO - Processing files using up to 1 processes at a time 
[2025-11-13T01:34:54.709+0000] {manager.py:470} INFO - Process each file at most once every 30 seconds
[2025-11-13T01:34:54.710+0000] {manager.py:471} INFO - Checking for new files in /opt/airflow/dags every 300 seconds
[2025-11-13T01:34:54.711+0000] {manager.py:738} INFO - Searching for files in /opt/airflow/dags
[2025-11-13T01:34:54.746+0000] {manager.py:741} INFO - There are 2 files in /opt/airflow/dags
[2025-11-13T01:34:54.976+0000] {manager.py:879} INFO - 
================================================================================
DAG File Processing Stats

File Path                                           PID    Runtime      # DAGs    # Errors  Last Runtime    Last Run
--------------------------------------------------  -----  ---------  --------  ----------  --------------  -------------------
/opt/airflow/dags/erp_to_minio_bronze_dag.py                                 0           0
/opt/airflow/dags/transform_silver_gold_dbt_dag.py                           1           0  0.10s           2025-11-13T01:34:54
================================================================================
[2025-11-13T01:35:25.518+0000] {manager.py:879} INFO - 
================================================================================
DAG File Processing Stats

File Path                                           PID    Runtime      # DAGs    # Errors  Last Runtime    Last Run
--------------------------------------------------  -----  ---------  --------  ----------  --------------  -------------------
/opt/airflow/dags/erp_to_minio_bronze_dag.py                                 1           0  0.20s           2025-11-13T01:34:56
/opt/airflow/dags/transform_silver_gold_dbt_dag.py                           1           0  0.20s           2025-11-13T01:35:25
================================================================================
[2025-11-13T01:35:55.813+0000] {manager.py:879} INFO - 
================================================================================
DAG File Processing Stats

File Path                                           PID    Runtime      # DAGs    # Errors  Last Runtime    Last Run
--------------------------------------------------  -----  ---------  --------  ----------  --------------  -------------------
/opt/airflow/dags/erp_to_minio_bronze_dag.py                                 1           0  0.20s           2025-11-13T01:35:26
/opt/airflow/dags/transform_silver_gold_dbt_dag.py                           1           0  0.20s           2025-11-13T01:35:55
================================================================================
[2025-11-13T01:36:26.106+0000] {manager.py:879} INFO - 
================================================================================
DAG File Processing Stats

File Path                                           PID    Runtime      # DAGs    # Errors  Last Runtime    Last Run
--------------------------------------------------  -----  ---------  --------  ----------  --------------  -------------------
/opt/airflow/dags/erp_to_minio_bronze_dag.py                                 1           0  0.20s           2025-11-13T01:35:57
/opt/airflow/dags/transform_silver_gold_dbt_dag.py                           1           0  0.20s           2025-11-13T01:36:26
================================================================================
[2025-11-13T01:36:56.297+0000] {manager.py:879} INFO - 
================================================================================
DAG File Processing Stats

File Path                                           PID    Runtime      # DAGs    # Errors  Last Runtime    Last Run
--------------------------------------------------  -----  ---------  --------  ----------  --------------  -------------------
/opt/airflow/dags/erp_to_minio_bronze_dag.py                                 1           0  0.20s           2025-11-13T01:36:27
/opt/airflow/dags/transform_silver_gold_dbt_dag.py                           1           0  0.10s           2025-11-13T01:36:56
================================================================================
[2025-11-13T01:37:26.480+0000] {manager.py:879} INFO - 
================================================================================
DAG File Processing Stats

File Path                                           PID    Runtime      # DAGs    # Errors  Last Runtime    Last Run
--------------------------------------------------  -----  ---------  --------  ----------  --------------  -------------------
/opt/airflow/dags/erp_to_minio_bronze_dag.py                                 1           0  0.20s           2025-11-13T01:36:58
/opt/airflow/dags/transform_silver_gold_dbt_dag.py                           1           0  0.10s           2025-11-13T01:37:26
================================================================================
[2025-11-13T01:37:56.672+0000] {manager.py:879} INFO - 
================================================================================
DAG File Processing Stats

File Path                                           PID    Runtime      # DAGs    # Errors  Last Runtime    Last Run
--------------------------------------------------  -----  ---------  --------  ----------  --------------  -------------------
/opt/airflow/dags/erp_to_minio_bronze_dag.py                                 1           0  0.20s           2025-11-13T01:37:29
/opt/airflow/dags/transform_silver_gold_dbt_dag.py                           1           0  0.10s           2025-11-13T01:37:56
================================================================================
[2025-11-13T01:38:26.833+0000] {manager.py:879} INFO - 
================================================================================
DAG File Processing Stats

File Path                                           PID    Runtime      # DAGs    # Errors  Last Runtime    Last Run
--------------------------------------------------  -----  ---------  --------  ----------  --------------  -------------------
/opt/airflow/dags/erp_to_minio_bronze_dag.py                                 1           0  0.20s           2025-11-13T01:37:59
/opt/airflow/dags/transform_silver_gold_dbt_dag.py                           1           0  0.10s           2025-11-13T01:38:26
================================================================================
[2025-11-13T01:38:57.021+0000] {manager.py:879} INFO - 
================================================================================
DAG File Processing Stats

File Path                                           PID    Runtime      # DAGs    # Errors  Last Runtime    Last Run
--------------------------------------------------  -----  ---------  --------  ----------  --------------  -------------------
/opt/airflow/dags/erp_to_minio_bronze_dag.py                                 1           0  0.20s           2025-11-13T01:38:29
/opt/airflow/dags/transform_silver_gold_dbt_dag.py                           1           0  0.10s           2025-11-13T01:38:57
================================================================================
[2025-11-13T01:39:27.202+0000] {manager.py:879} INFO - 
================================================================================
DAG File Processing Stats

File Path                                           PID    Runtime      # DAGs    # Errors  Last Runtime    Last Run
--------------------------------------------------  -----  ---------  --------  ----------  --------------  -------------------
/opt/airflow/dags/erp_to_minio_bronze_dag.py                                 1           0  0.20s           2025-11-13T01:39:00
/opt/airflow/dags/transform_silver_gold_dbt_dag.py                           1           0  0.10s           2025-11-13T01:39:27
================================================================================
[2025-11-13T01:39:54.786+0000] {manager.py:738} INFO - Searching for files in /opt/airflow/dags
[2025-11-13T01:39:54.840+0000] {manager.py:741} INFO - There are 2 files in /opt/airflow/dags
[2025-11-13T01:39:57.388+0000] {manager.py:879} INFO - 
================================================================================
DAG File Processing Stats

File Path                                           PID    Runtime      # DAGs    # Errors  Last Runtime    Last Run
--------------------------------------------------  -----  ---------  --------  ----------  --------------  -------------------
/opt/airflow/dags/erp_to_minio_bronze_dag.py                                 1           0  0.20s           2025-11-13T01:39:30
/opt/airflow/dags/transform_silver_gold_dbt_dag.py                           1           0  0.10s           2025-11-13T01:39:57
================================================================================
[2025-11-13T01:40:27.571+0000] {manager.py:879} INFO - 
================================================================================
DAG File Processing Stats

File Path                                           PID    Runtime      # DAGs    # Errors  Last Runtime    Last Run
--------------------------------------------------  -----  ---------  --------  ----------  --------------  -------------------
/opt/airflow/dags/erp_to_minio_bronze_dag.py                                 1           0  0.20s           2025-11-13T01:40:00
/opt/airflow/dags/transform_silver_gold_dbt_dag.py                           1           0  0.10s           2025-11-13T01:40:27
================================================================================
[2025-11-13T01:40:57.755+0000] {manager.py:879} INFO - 
================================================================================
DAG File Processing Stats

File Path                                           PID    Runtime      # DAGs    # Errors  Last Runtime    Last Run
--------------------------------------------------  -----  ---------  --------  ----------  --------------  -------------------
/opt/airflow/dags/erp_to_minio_bronze_dag.py                                 1           0  0.20s           2025-11-13T01:40:30
/opt/airflow/dags/transform_silver_gold_dbt_dag.py                           1           0  0.10s           2025-11-13T01:40:57
================================================================================
[2025-11-13T01:41:27.943+0000] {manager.py:879} INFO - 
================================================================================
DAG File Processing Stats

File Path                                           PID    Runtime      # DAGs    # Errors  Last Runtime    Last Run
--------------------------------------------------  -----  ---------  --------  ----------  --------------  -------------------
/opt/airflow/dags/erp_to_minio_bronze_dag.py                                 1           0  0.20s           2025-11-13T01:41:01
/opt/airflow/dags/transform_silver_gold_dbt_dag.py                           1           0  0.10s           2025-11-13T01:41:27
================================================================================
[2025-11-13T01:41:58.125+0000] {manager.py:879} INFO - 
================================================================================
DAG File Processing Stats

File Path                                           PID    Runtime      # DAGs    # Errors  Last Runtime    Last Run
--------------------------------------------------  -----  ---------  --------  ----------  --------------  -------------------
/opt/airflow/dags/erp_to_minio_bronze_dag.py                                 1           0  0.20s           2025-11-13T01:41:31
/opt/airflow/dags/transform_silver_gold_dbt_dag.py                           1           0  0.10s           2025-11-13T01:41:58
================================================================================
[2025-11-13T01:42:28.309+0000] {manager.py:879} INFO - 
================================================================================
DAG File Processing Stats

File Path                                           PID    Runtime      # DAGs    # Errors  Last Runtime    Last Run
--------------------------------------------------  -----  ---------  --------  ----------  --------------  -------------------
/opt/airflow/dags/erp_to_minio_bronze_dag.py                                 1           0  0.20s           2025-11-13T01:42:01
/opt/airflow/dags/transform_silver_gold_dbt_dag.py                           1           0  0.10s           2025-11-13T01:42:28
================================================================================
[2025-11-13T01:42:58.491+0000] {manager.py:879} INFO - 
================================================================================
DAG File Processing Stats

File Path                                           PID    Runtime      # DAGs    # Errors  Last Runtime    Last Run
--------------------------------------------------  -----  ---------  --------  ----------  --------------  -------------------
/opt/airflow/dags/erp_to_minio_bronze_dag.py                                 1           0  0.20s           2025-11-13T01:42:31
/opt/airflow/dags/transform_silver_gold_dbt_dag.py                           1           0  0.10s           2025-11-13T01:42:58
================================================================================
[2025-11-13T01:43:28.680+0000] {manager.py:879} INFO - 
================================================================================
DAG File Processing Stats

File Path                                           PID    Runtime      # DAGs    # Errors  Last Runtime    Last Run
--------------------------------------------------  -----  ---------  --------  ----------  --------------  -------------------
/opt/airflow/dags/erp_to_minio_bronze_dag.py                                 1           0  0.20s           2025-11-13T01:43:02
/opt/airflow/dags/transform_silver_gold_dbt_dag.py                           1           0  0.11s           2025-11-13T01:43:28
================================================================================
[2025-11-13T01:43:58.865+0000] {manager.py:879} INFO - 
================================================================================
DAG File Processing Stats

File Path                                           PID    Runtime      # DAGs    # Errors  Last Runtime    Last Run
--------------------------------------------------  -----  ---------  --------  ----------  --------------  -------------------
/opt/airflow/dags/erp_to_minio_bronze_dag.py                                 1           0  0.20s           2025-11-13T01:43:32
/opt/airflow/dags/transform_silver_gold_dbt_dag.py                           1           0  0.10s           2025-11-13T01:43:58
================================================================================
[2025-11-13T01:44:28.865+0000] {manager.py:879} INFO - 
================================================================================
DAG File Processing Stats

File Path                                           PID    Runtime      # DAGs    # Errors  Last Runtime    Last Run
--------------------------------------------------  -----  ---------  --------  ----------  --------------  -------------------
/opt/airflow/dags/erp_to_minio_bronze_dag.py                                 1           0  0.20s           2025-11-13T01:44:02
/opt/airflow/dags/transform_silver_gold_dbt_dag.py                           1           0  0.10s           2025-11-13T01:43:58
================================================================================
[2025-11-13T01:44:57.983+0000] {manager.py:738} INFO - Searching for files in /opt/airflow/dags
[2025-11-13T01:44:58.022+0000] {manager.py:741} INFO - There are 2 files in /opt/airflow/dags
[2025-11-13T01:44:59.176+0000] {manager.py:879} INFO - 
================================================================================
DAG File Processing Stats

File Path                                           PID    Runtime      # DAGs    # Errors  Last Runtime    Last Run
--------------------------------------------------  -----  ---------  --------  ----------  --------------  -------------------
/opt/airflow/dags/erp_to_minio_bronze_dag.py                                 1           0  0.20s           2025-11-13T01:44:32
/opt/airflow/dags/transform_silver_gold_dbt_dag.py                           1           0  0.10s           2025-11-13T01:44:59
================================================================================
[2025-11-13T01:45:29.492+0000] {manager.py:879} INFO - 
================================================================================
DAG File Processing Stats

File Path                                           PID    Runtime      # DAGs    # Errors  Last Runtime    Last Run
--------------------------------------------------  -----  ---------  --------  ----------  --------------  -------------------
/opt/airflow/dags/erp_to_minio_bronze_dag.py                                 1           0  0.20s           2025-11-13T01:45:03
/opt/airflow/dags/transform_silver_gold_dbt_dag.py                           1           0  0.10s           2025-11-13T01:45:29
================================================================================
[2025-11-13T01:45:59.866+0000] {manager.py:879} INFO - 
================================================================================
DAG File Processing Stats

File Path                                           PID    Runtime      # DAGs    # Errors  Last Runtime    Last Run
--------------------------------------------------  -----  ---------  --------  ----------  --------------  -------------------
/opt/airflow/dags/erp_to_minio_bronze_dag.py                                 1           0  0.20s           2025-11-13T01:45:33
/opt/airflow/dags/transform_silver_gold_dbt_dag.py                           1           0  0.10s           2025-11-13T01:45:59
================================================================================
[2025-11-13T01:46:30.252+0000] {manager.py:879} INFO - 
================================================================================
DAG File Processing Stats

File Path                                           PID    Runtime      # DAGs    # Errors  Last Runtime    Last Run
--------------------------------------------------  -----  ---------  --------  ----------  --------------  -------------------
/opt/airflow/dags/erp_to_minio_bronze_dag.py                                 1           0  0.20s           2025-11-13T01:46:03
/opt/airflow/dags/transform_silver_gold_dbt_dag.py                           1           0  0.10s           2025-11-13T01:46:30
================================================================================
[2025-11-13T01:47:00.645+0000] {manager.py:879} INFO - 
================================================================================
DAG File Processing Stats

File Path                                           PID    Runtime      # DAGs    # Errors  Last Runtime    Last Run
--------------------------------------------------  -----  ---------  --------  ----------  --------------  -------------------
/opt/airflow/dags/erp_to_minio_bronze_dag.py                                 1           0  0.20s           2025-11-13T01:46:34
/opt/airflow/dags/transform_silver_gold_dbt_dag.py                           1           0  0.11s           2025-11-13T01:47:00
================================================================================
[2025-11-13T01:47:31.028+0000] {manager.py:879} INFO - 
================================================================================
DAG File Processing Stats

File Path                                           PID    Runtime      # DAGs    # Errors  Last Runtime    Last Run
--------------------------------------------------  -----  ---------  --------  ----------  --------------  -------------------
/opt/airflow/dags/erp_to_minio_bronze_dag.py                                 1           0  0.20s           2025-11-13T01:47:04
/opt/airflow/dags/transform_silver_gold_dbt_dag.py                           1           0  0.10s           2025-11-13T01:47:31
================================================================================
[2025-11-13T01:48:01.519+0000] {manager.py:879} INFO - 
================================================================================
DAG File Processing Stats

File Path                                           PID    Runtime      # DAGs    # Errors  Last Runtime    Last Run
--------------------------------------------------  -----  ---------  --------  ----------  --------------  -------------------
/opt/airflow/dags/erp_to_minio_bronze_dag.py                                 1           0  0.20s           2025-11-13T01:47:35
/opt/airflow/dags/transform_silver_gold_dbt_dag.py                           1           0  0.20s           2025-11-13T01:48:01
================================================================================
[2025-11-13T01:48:31.814+0000] {manager.py:879} INFO - 
================================================================================
DAG File Processing Stats

File Path                                           PID    Runtime      # DAGs    # Errors  Last Runtime    Last Run
--------------------------------------------------  -----  ---------  --------  ----------  --------------  -------------------
/opt/airflow/dags/erp_to_minio_bronze_dag.py                                 1           0  0.20s           2025-11-13T01:48:05
/opt/airflow/dags/transform_silver_gold_dbt_dag.py                           1           0  0.10s           2025-11-13T01:48:31
================================================================================
[2025-11-13T01:49:02.201+0000] {manager.py:879} INFO - 
================================================================================
DAG File Processing Stats

File Path                                           PID    Runtime      # DAGs    # Errors  Last Runtime    Last Run
--------------------------------------------------  -----  ---------  --------  ----------  --------------  -------------------
/opt/airflow/dags/erp_to_minio_bronze_dag.py                                 1           0  0.20s           2025-11-13T01:48:35
/opt/airflow/dags/transform_silver_gold_dbt_dag.py                           1           0  0.10s           2025-11-13T01:49:02
================================================================================
[2025-11-13T01:49:32.583+0000] {manager.py:879} INFO - 
================================================================================
DAG File Processing Stats

File Path                                           PID    Runtime      # DAGs    # Errors  Last Runtime    Last Run
--------------------------------------------------  -----  ---------  --------  ----------  --------------  -------------------
/opt/airflow/dags/erp_to_minio_bronze_dag.py                                 1           0  0.20s           2025-11-13T01:49:06
/opt/airflow/dags/transform_silver_gold_dbt_dag.py                           1           0  0.10s           2025-11-13T01:49:32
================================================================================
[2025-11-13T01:49:58.057+0000] {manager.py:738} INFO - Searching for files in /opt/airflow/dags
[2025-11-13T01:49:58.118+0000] {manager.py:741} INFO - There are 2 files in /opt/airflow/dags
[2025-11-13T01:50:02.772+0000] {manager.py:879} INFO - 
================================================================================
DAG File Processing Stats

File Path                                           PID    Runtime      # DAGs    # Errors  Last Runtime    Last Run
--------------------------------------------------  -----  ---------  --------  ----------  --------------  -------------------
/opt/airflow/dags/erp_to_minio_bronze_dag.py                                 1           0  0.20s           2025-11-13T01:49:36
/opt/airflow/dags/transform_silver_gold_dbt_dag.py                           1           0  0.10s           2025-11-13T01:50:02
================================================================================
[2025-11-13T01:50:37.261+0000] {manager.py:879} INFO - 
================================================================================
DAG File Processing Stats

File Path                                           PID    Runtime      # DAGs    # Errors  Last Runtime    Last Run
--------------------------------------------------  -----  ---------  --------  ----------  --------------  -------------------
/opt/airflow/dags/erp_to_minio_bronze_dag.py                                 1           0  0.20s           2025-11-13T01:50:07
/opt/airflow/dags/transform_silver_gold_dbt_dag.py                           1           0  0.10s           2025-11-13T01:50:37
================================================================================
[2025-11-13T01:51:07.383+0000] {manager.py:879} INFO - 
================================================================================
DAG File Processing Stats

File Path                                           PID    Runtime      # DAGs    # Errors  Last Runtime    Last Run
--------------------------------------------------  -----  ---------  --------  ----------  --------------  -------------------
/opt/airflow/dags/erp_to_minio_bronze_dag.py                                 1           0  0.20s           2025-11-13T01:50:38
/opt/airflow/dags/transform_silver_gold_dbt_dag.py                           1           0  0.10s           2025-11-13T01:51:07
================================================================================
[2025-11-13T01:51:37.767+0000] {manager.py:879} INFO - 
================================================================================
DAG File Processing Stats

File Path                                           PID    Runtime      # DAGs    # Errors  Last Runtime    Last Run
--------------------------------------------------  -----  ---------  --------  ----------  --------------  -------------------
/opt/airflow/dags/erp_to_minio_bronze_dag.py                                 1           0  0.20s           2025-11-13T01:51:09
/opt/airflow/dags/transform_silver_gold_dbt_dag.py                           1           0  0.20s           2025-11-13T01:51:37
================================================================================
[2025-11-13T01:52:08.060+0000] {manager.py:879} INFO - 
================================================================================
DAG File Processing Stats

File Path                                           PID    Runtime      # DAGs    # Errors  Last Runtime    Last Run
--------------------------------------------------  -----  ---------  --------  ----------  --------------  -------------------
/opt/airflow/dags/erp_to_minio_bronze_dag.py                                 1           0  0.20s           2025-11-13T01:51:39
/opt/airflow/dags/transform_silver_gold_dbt_dag.py                           1           0  0.10s           2025-11-13T01:52:08
================================================================================
[2025-11-13T01:52:38.347+0000] {manager.py:879} INFO - 
================================================================================
DAG File Processing Stats

File Path                                           PID    Runtime      # DAGs    # Errors  Last Runtime    Last Run
--------------------------------------------------  -----  ---------  --------  ----------  --------------  -------------------
/opt/airflow/dags/erp_to_minio_bronze_dag.py                                 1           0  0.20s           2025-11-13T01:52:10
/opt/airflow/dags/transform_silver_gold_dbt_dag.py                           1           0  0.10s           2025-11-13T01:52:38
================================================================================
[2025-11-13T01:53:08.608+0000] {manager.py:879} INFO - 
================================================================================
DAG File Processing Stats

File Path                                           PID    Runtime      # DAGs    # Errors  Last Runtime    Last Run
--------------------------------------------------  -----  ---------  --------  ----------  --------------  -------------------
/opt/airflow/dags/erp_to_minio_bronze_dag.py                                 1           0  0.20s           2025-11-13T01:52:40
/opt/airflow/dags/transform_silver_gold_dbt_dag.py                           1           0  0.10s           2025-11-13T01:53:08
================================================================================
[2025-11-13T01:53:38.890+0000] {manager.py:879} INFO - 
================================================================================
DAG File Processing Stats

File Path                                           PID    Runtime      # DAGs    # Errors  Last Runtime    Last Run
--------------------------------------------------  -----  ---------  --------  ----------  --------------  -------------------
/opt/airflow/dags/erp_to_minio_bronze_dag.py                                 1           0  0.20s           2025-11-13T01:53:10
/opt/airflow/dags/transform_silver_gold_dbt_dag.py                           1           0  0.10s           2025-11-13T01:53:38
================================================================================
[2025-11-13T01:54:09.175+0000] {manager.py:879} INFO - 
================================================================================
DAG File Processing Stats

File Path                                           PID    Runtime      # DAGs    # Errors  Last Runtime    Last Run
--------------------------------------------------  -----  ---------  --------  ----------  --------------  -------------------
/opt/airflow/dags/erp_to_minio_bronze_dag.py                                 1           0  0.20s           2025-11-13T01:53:40
/opt/airflow/dags/transform_silver_gold_dbt_dag.py                           1           0  0.10s           2025-11-13T01:54:09
================================================================================
[2025-11-13T01:54:39.471+0000] {manager.py:879} INFO - 
================================================================================
DAG File Processing Stats

File Path                                           PID    Runtime      # DAGs    # Errors  Last Runtime    Last Run
--------------------------------------------------  -----  ---------  --------  ----------  --------------  -------------------
/opt/airflow/dags/erp_to_minio_bronze_dag.py                                 1           0  0.20s           2025-11-13T01:54:11
/opt/airflow/dags/transform_silver_gold_dbt_dag.py                           1           0  0.10s           2025-11-13T01:54:39
================================================================================
[2025-11-13T01:54:58.230+0000] {manager.py:738} INFO - Searching for files in /opt/airflow/dags
[2025-11-13T01:54:58.270+0000] {manager.py:741} INFO - There are 2 files in /opt/airflow/dags
[2025-11-13T01:55:09.761+0000] {manager.py:879} INFO - 
================================================================================
DAG File Processing Stats

File Path                                           PID    Runtime      # DAGs    # Errors  Last Runtime    Last Run
--------------------------------------------------  -----  ---------  --------  ----------  --------------  -------------------
/opt/airflow/dags/erp_to_minio_bronze_dag.py                                 1           0  0.20s           2025-11-13T01:54:41
/opt/airflow/dags/transform_silver_gold_dbt_dag.py                           1           0  0.10s           2025-11-13T01:55:09
================================================================================
[2025-11-13T01:55:39.964+0000] {manager.py:879} INFO - 
================================================================================
DAG File Processing Stats

File Path                                           PID    Runtime      # DAGs    # Errors  Last Runtime    Last Run
--------------------------------------------------  -----  ---------  --------  ----------  --------------  -------------------
/opt/airflow/dags/erp_to_minio_bronze_dag.py                                 1           0  0.20s           2025-11-13T01:55:11
/opt/airflow/dags/transform_silver_gold_dbt_dag.py                           1           0  0.10s           2025-11-13T01:55:39
================================================================================
[2025-11-13T01:56:10.777+0000] {manager.py:879} INFO - 
================================================================================
DAG File Processing Stats

File Path                                           PID    Runtime      # DAGs    # Errors  Last Runtime    Last Run
--------------------------------------------------  -----  ---------  --------  ----------  --------------  -------------------
/opt/airflow/dags/erp_to_minio_bronze_dag.py                                 1           0  0.20s           2025-11-13T01:55:41
/opt/airflow/dags/transform_silver_gold_dbt_dag.py                           1           0  0.10s           2025-11-13T01:56:10
================================================================================
[2025-11-13T01:56:40.950+0000] {manager.py:879} INFO - 
================================================================================
DAG File Processing Stats

File Path                                           PID    Runtime      # DAGs    # Errors  Last Runtime    Last Run
--------------------------------------------------  -----  ---------  --------  ----------  --------------  -------------------
/opt/airflow/dags/erp_to_minio_bronze_dag.py                                 1           0  0.20s           2025-11-13T01:56:13
/opt/airflow/dags/transform_silver_gold_dbt_dag.py                           1           0  0.10s           2025-11-13T01:56:40
================================================================================
[2025-11-13T01:57:11.121+0000] {manager.py:879} INFO - 
================================================================================
DAG File Processing Stats

File Path                                           PID    Runtime      # DAGs    # Errors  Last Runtime    Last Run
--------------------------------------------------  -----  ---------  --------  ----------  --------------  -------------------
/opt/airflow/dags/erp_to_minio_bronze_dag.py                                 1           0  0.20s           2025-11-13T01:56:44
/opt/airflow/dags/transform_silver_gold_dbt_dag.py                           1           0  0.10s           2025-11-13T01:57:11
================================================================================
[2025-11-13T01:57:41.285+0000] {manager.py:879} INFO - 
================================================================================
DAG File Processing Stats

File Path                                           PID    Runtime      # DAGs    # Errors  Last Runtime    Last Run
--------------------------------------------------  -----  ---------  --------  ----------  --------------  -------------------
/opt/airflow/dags/erp_to_minio_bronze_dag.py                                 1           0  0.20s           2025-11-13T01:57:14
/opt/airflow/dags/transform_silver_gold_dbt_dag.py                           1           0  0.10s           2025-11-13T01:57:41
================================================================================
[2025-11-13T01:58:11.465+0000] {manager.py:879} INFO - 
================================================================================
DAG File Processing Stats

File Path                                           PID    Runtime      # DAGs    # Errors  Last Runtime    Last Run
--------------------------------------------------  -----  ---------  --------  ----------  --------------  -------------------
/opt/airflow/dags/erp_to_minio_bronze_dag.py                                 1           0  0.20s           2025-11-13T01:57:44
/opt/airflow/dags/transform_silver_gold_dbt_dag.py                           1           0  0.10s           2025-11-13T01:58:11
================================================================================
[2025-11-13T01:58:41.635+0000] {manager.py:879} INFO - 
================================================================================
DAG File Processing Stats

File Path                                           PID    Runtime      # DAGs    # Errors  Last Runtime    Last Run
--------------------------------------------------  -----  ---------  --------  ----------  --------------  -------------------
/opt/airflow/dags/erp_to_minio_bronze_dag.py                                 1           0  0.20s           2025-11-13T01:58:14
/opt/airflow/dags/transform_silver_gold_dbt_dag.py                           1           0  0.10s           2025-11-13T01:58:41
================================================================================
[2025-11-13T01:59:11.809+0000] {manager.py:879} INFO - 
================================================================================
DAG File Processing Stats

File Path                                           PID    Runtime      # DAGs    # Errors  Last Runtime    Last Run
--------------------------------------------------  -----  ---------  --------  ----------  --------------  -------------------
/opt/airflow/dags/erp_to_minio_bronze_dag.py                                 1           0  0.20s           2025-11-13T01:58:45
/opt/airflow/dags/transform_silver_gold_dbt_dag.py                           1           0  0.10s           2025-11-13T01:59:11
================================================================================
[2025-11-13T01:59:41.981+0000] {manager.py:879} INFO - 
================================================================================
DAG File Processing Stats

File Path                                           PID    Runtime      # DAGs    # Errors  Last Runtime    Last Run
--------------------------------------------------  -----  ---------  --------  ----------  --------------  -------------------
/opt/airflow/dags/erp_to_minio_bronze_dag.py                                 1           0  0.20s           2025-11-13T01:59:15
/opt/airflow/dags/transform_silver_gold_dbt_dag.py                           1           0  0.10s           2025-11-13T01:59:41
================================================================================
[2025-11-13T01:59:59.004+0000] {manager.py:738} INFO - Searching for files in /opt/airflow/dags
[2025-11-13T01:59:59.058+0000] {manager.py:741} INFO - There are 2 files in /opt/airflow/dags
[2025-11-13T02:00:12.152+0000] {manager.py:879} INFO - 
================================================================================
DAG File Processing Stats

File Path                                           PID    Runtime      # DAGs    # Errors  Last Runtime    Last Run
--------------------------------------------------  -----  ---------  --------  ----------  --------------  -------------------
/opt/airflow/dags/erp_to_minio_bronze_dag.py                                 1           0  0.20s           2025-11-13T01:59:46
/opt/airflow/dags/transform_silver_gold_dbt_dag.py                           1           0  0.10s           2025-11-13T02:00:12
================================================================================
[2025-11-13T02:00:42.341+0000] {manager.py:879} INFO - 
================================================================================
DAG File Processing Stats

File Path                                           PID    Runtime      # DAGs    # Errors  Last Runtime    Last Run
--------------------------------------------------  -----  ---------  --------  ----------  --------------  -------------------
/opt/airflow/dags/erp_to_minio_bronze_dag.py                                 1           0  0.20s           2025-11-13T02:00:17
/opt/airflow/dags/transform_silver_gold_dbt_dag.py                           1           0  0.10s           2025-11-13T02:00:42
================================================================================
[2025-11-13T02:01:12.550+0000] {manager.py:879} INFO - 
================================================================================
DAG File Processing Stats

File Path                                           PID    Runtime      # DAGs    # Errors  Last Runtime    Last Run
--------------------------------------------------  -----  ---------  --------  ----------  --------------  -------------------
/opt/airflow/dags/erp_to_minio_bronze_dag.py                                 1           0  0.20s           2025-11-13T02:00:48
/opt/airflow/dags/transform_silver_gold_dbt_dag.py                           1           0  0.10s           2025-11-13T02:01:12
================================================================================
[2025-11-13T02:01:42.831+0000] {manager.py:879} INFO - 
================================================================================
DAG File Processing Stats

File Path                                           PID    Runtime      # DAGs    # Errors  Last Runtime    Last Run
--------------------------------------------------  -----  ---------  --------  ----------  --------------  -------------------
/opt/airflow/dags/erp_to_minio_bronze_dag.py                                 1           0  0.20s           2025-11-13T02:01:18
/opt/airflow/dags/transform_silver_gold_dbt_dag.py                           1           0  0.10s           2025-11-13T02:01:42
================================================================================
[2025-11-13T02:02:13.126+0000] {manager.py:879} INFO - 
================================================================================
DAG File Processing Stats

File Path                                           PID    Runtime      # DAGs    # Errors  Last Runtime    Last Run
--------------------------------------------------  -----  ---------  --------  ----------  --------------  -------------------
/opt/airflow/dags/erp_to_minio_bronze_dag.py                                 1           0  0.20s           2025-11-13T02:01:48
/opt/airflow/dags/transform_silver_gold_dbt_dag.py                           1           0  0.10s           2025-11-13T02:02:13
================================================================================
[2025-11-13T02:02:43.508+0000] {manager.py:879} INFO - 
================================================================================
DAG File Processing Stats

File Path                                           PID    Runtime      # DAGs    # Errors  Last Runtime    Last Run
--------------------------------------------------  -----  ---------  --------  ----------  --------------  -------------------
/opt/airflow/dags/erp_to_minio_bronze_dag.py                                 1           0  0.20s           2025-11-13T02:02:19
/opt/airflow/dags/transform_silver_gold_dbt_dag.py                           1           0  0.21s           2025-11-13T02:02:43
================================================================================
[2025-11-13T02:03:13.699+0000] {manager.py:879} INFO - 
================================================================================
DAG File Processing Stats

File Path                                           PID    Runtime      # DAGs    # Errors  Last Runtime    Last Run
--------------------------------------------------  -----  ---------  --------  ----------  --------------  -------------------
/opt/airflow/dags/erp_to_minio_bronze_dag.py                                 1           0  0.20s           2025-11-13T02:02:49
/opt/airflow/dags/transform_silver_gold_dbt_dag.py                           1           0  0.10s           2025-11-13T02:03:13
================================================================================
[2025-11-13T02:03:43.990+0000] {manager.py:879} INFO - 
================================================================================
DAG File Processing Stats

File Path                                           PID    Runtime      # DAGs    # Errors  Last Runtime    Last Run
--------------------------------------------------  -----  ---------  --------  ----------  --------------  -------------------
/opt/airflow/dags/erp_to_minio_bronze_dag.py                                 1           0  0.20s           2025-11-13T02:03:19
/opt/airflow/dags/transform_silver_gold_dbt_dag.py                           1           0  0.10s           2025-11-13T02:03:43
================================================================================
[2025-11-13T02:04:14.275+0000] {manager.py:879} INFO - 
================================================================================
DAG File Processing Stats

File Path                                           PID    Runtime      # DAGs    # Errors  Last Runtime    Last Run
--------------------------------------------------  -----  ---------  --------  ----------  --------------  -------------------
/opt/airflow/dags/erp_to_minio_bronze_dag.py                                 1           0  0.20s           2025-11-13T02:03:49
/opt/airflow/dags/transform_silver_gold_dbt_dag.py                           1           0  0.10s           2025-11-13T02:04:14
================================================================================
[2025-11-13T02:04:44.571+0000] {manager.py:879} INFO - 
================================================================================
DAG File Processing Stats

File Path                                           PID    Runtime      # DAGs    # Errors  Last Runtime    Last Run
--------------------------------------------------  -----  ---------  --------  ----------  --------------  -------------------
/opt/airflow/dags/erp_to_minio_bronze_dag.py                                 1           0  0.20s           2025-11-13T02:04:20
/opt/airflow/dags/transform_silver_gold_dbt_dag.py                           1           0  0.10s           2025-11-13T02:04:44
================================================================================
[2025-11-13T02:04:59.145+0000] {manager.py:738} INFO - Searching for files in /opt/airflow/dags
[2025-11-13T02:04:59.206+0000] {manager.py:741} INFO - There are 2 files in /opt/airflow/dags
[2025-11-13T02:05:14.862+0000] {manager.py:879} INFO - 
================================================================================
DAG File Processing Stats

File Path                                           PID    Runtime      # DAGs    # Errors  Last Runtime    Last Run
--------------------------------------------------  -----  ---------  --------  ----------  --------------  -------------------
/opt/airflow/dags/erp_to_minio_bronze_dag.py                                 1           0  0.20s           2025-11-13T02:04:50
/opt/airflow/dags/transform_silver_gold_dbt_dag.py                           1           0  0.10s           2025-11-13T02:05:14
================================================================================
[2025-11-13T02:05:45.157+0000] {manager.py:879} INFO - 
================================================================================
DAG File Processing Stats

File Path                                           PID    Runtime      # DAGs    # Errors  Last Runtime    Last Run
--------------------------------------------------  -----  ---------  --------  ----------  --------------  -------------------
/opt/airflow/dags/erp_to_minio_bronze_dag.py                                 1           0  0.20s           2025-11-13T02:05:20
/opt/airflow/dags/transform_silver_gold_dbt_dag.py                           1           0  0.10s           2025-11-13T02:05:45
================================================================================
[2025-11-13T02:06:15.444+0000] {manager.py:879} INFO - 
================================================================================
DAG File Processing Stats

File Path                                           PID    Runtime      # DAGs    # Errors  Last Runtime    Last Run
--------------------------------------------------  -----  ---------  --------  ----------  --------------  -------------------
/opt/airflow/dags/erp_to_minio_bronze_dag.py                                 1           0  0.20s           2025-11-13T02:05:51
/opt/airflow/dags/transform_silver_gold_dbt_dag.py                           1           0  0.10s           2025-11-13T02:06:15
================================================================================
[2025-11-13T02:06:45.765+0000] {manager.py:879} INFO - 
================================================================================
DAG File Processing Stats

File Path                                           PID    Runtime      # DAGs    # Errors  Last Runtime    Last Run
--------------------------------------------------  -----  ---------  --------  ----------  --------------  -------------------
/opt/airflow/dags/erp_to_minio_bronze_dag.py                                 1           0  0.20s           2025-11-13T02:06:21
/opt/airflow/dags/transform_silver_gold_dbt_dag.py                           1           0  0.10s           2025-11-13T02:06:45
================================================================================
[2025-11-13T02:07:16.038+0000] {manager.py:879} INFO - 
================================================================================
DAG File Processing Stats

File Path                                           PID    Runtime      # DAGs    # Errors  Last Runtime    Last Run
--------------------------------------------------  -----  ---------  --------  ----------  --------------  -------------------
/opt/airflow/dags/erp_to_minio_bronze_dag.py                                 1           0  0.20s           2025-11-13T02:06:51
/opt/airflow/dags/transform_silver_gold_dbt_dag.py                           1           0  0.10s           2025-11-13T02:07:16
================================================================================
[2025-11-13T02:07:46.335+0000] {manager.py:879} INFO - 
================================================================================
DAG File Processing Stats

File Path                                           PID    Runtime      # DAGs    # Errors  Last Runtime    Last Run
--------------------------------------------------  -----  ---------  --------  ----------  --------------  -------------------
/opt/airflow/dags/erp_to_minio_bronze_dag.py                                 1           0  0.20s           2025-11-13T02:07:22
/opt/airflow/dags/transform_silver_gold_dbt_dag.py                           1           0  0.10s           2025-11-13T02:07:46
================================================================================
[2025-11-13T02:08:16.500+0000] {manager.py:879} INFO - 
================================================================================
DAG File Processing Stats

File Path                                           PID    Runtime      # DAGs    # Errors  Last Runtime    Last Run
--------------------------------------------------  -----  ---------  --------  ----------  --------------  -------------------
/opt/airflow/dags/erp_to_minio_bronze_dag.py                                 1           0  0.20s           2025-11-13T02:07:52
/opt/airflow/dags/transform_silver_gold_dbt_dag.py                           1           0  0.10s           2025-11-13T02:08:16
================================================================================
[2025-11-13T02:08:46.670+0000] {manager.py:879} INFO - 
================================================================================
DAG File Processing Stats

File Path                                           PID    Runtime      # DAGs    # Errors  Last Runtime    Last Run
--------------------------------------------------  -----  ---------  --------  ----------  --------------  -------------------
/opt/airflow/dags/erp_to_minio_bronze_dag.py                                 1           0  0.20s           2025-11-13T02:08:22
/opt/airflow/dags/transform_silver_gold_dbt_dag.py                           1           0  0.11s           2025-11-13T02:08:46
================================================================================
[2025-11-13T02:09:16.935+0000] {manager.py:879} INFO - 
================================================================================
DAG File Processing Stats

File Path                                           PID    Runtime      # DAGs    # Errors  Last Runtime    Last Run
--------------------------------------------------  -----  ---------  --------  ----------  --------------  -------------------
/opt/airflow/dags/erp_to_minio_bronze_dag.py                                 1           0  0.20s           2025-11-13T02:08:52
/opt/airflow/dags/transform_silver_gold_dbt_dag.py                           1           0  0.20s           2025-11-13T02:09:16
================================================================================
[2025-11-13T02:09:47.099+0000] {manager.py:879} INFO - 
================================================================================
DAG File Processing Stats

File Path                                           PID    Runtime      # DAGs    # Errors  Last Runtime    Last Run
--------------------------------------------------  -----  ---------  --------  ----------  --------------  -------------------
/opt/airflow/dags/erp_to_minio_bronze_dag.py                                 1           0  0.20s           2025-11-13T02:09:23
/opt/airflow/dags/transform_silver_gold_dbt_dag.py                           1           0  0.10s           2025-11-13T02:09:47
================================================================================
[2025-11-13T02:09:59.505+0000] {manager.py:738} INFO - Searching for files in /opt/airflow/dags
[2025-11-13T02:09:59.572+0000] {manager.py:741} INFO - There are 2 files in /opt/airflow/dags
[2025-11-13T02:10:17.366+0000] {manager.py:879} INFO - 
================================================================================
DAG File Processing Stats

File Path                                           PID    Runtime      # DAGs    # Errors  Last Runtime    Last Run
--------------------------------------------------  -----  ---------  --------  ----------  --------------  -------------------
/opt/airflow/dags/erp_to_minio_bronze_dag.py                                 1           0  0.20s           2025-11-13T02:09:53
/opt/airflow/dags/transform_silver_gold_dbt_dag.py                           1           0  0.20s           2025-11-13T02:10:17
================================================================================
[2025-11-13T02:10:47.530+0000] {manager.py:879} INFO - 
================================================================================
DAG File Processing Stats

File Path                                           PID    Runtime      # DAGs    # Errors  Last Runtime    Last Run
--------------------------------------------------  -----  ---------  --------  ----------  --------------  -------------------
/opt/airflow/dags/erp_to_minio_bronze_dag.py                                 1           0  0.20s           2025-11-13T02:10:23
/opt/airflow/dags/transform_silver_gold_dbt_dag.py                           1           0  0.10s           2025-11-13T02:10:47
================================================================================
[2025-11-13T02:11:17.691+0000] {manager.py:879} INFO - 
================================================================================
DAG File Processing Stats

File Path                                           PID    Runtime      # DAGs    # Errors  Last Runtime    Last Run
--------------------------------------------------  -----  ---------  --------  ----------  --------------  -------------------
/opt/airflow/dags/erp_to_minio_bronze_dag.py                                 1           0  0.20s           2025-11-13T02:10:54
/opt/airflow/dags/transform_silver_gold_dbt_dag.py                           1           0  0.10s           2025-11-13T02:11:17
================================================================================
[2025-11-13T02:11:47.860+0000] {manager.py:879} INFO - 
================================================================================
DAG File Processing Stats

File Path                                           PID    Runtime      # DAGs    # Errors  Last Runtime    Last Run
--------------------------------------------------  -----  ---------  --------  ----------  --------------  -------------------
/opt/airflow/dags/erp_to_minio_bronze_dag.py                                 1           0  0.20s           2025-11-13T02:11:24
/opt/airflow/dags/transform_silver_gold_dbt_dag.py                           1           0  0.10s           2025-11-13T02:11:47
================================================================================
[2025-11-13T02:12:18.126+0000] {manager.py:879} INFO - 
================================================================================
DAG File Processing Stats

File Path                                           PID    Runtime      # DAGs    # Errors  Last Runtime    Last Run
--------------------------------------------------  -----  ---------  --------  ----------  --------------  -------------------
/opt/airflow/dags/erp_to_minio_bronze_dag.py                                 1           0  0.20s           2025-11-13T02:11:54
/opt/airflow/dags/transform_silver_gold_dbt_dag.py                           1           0  0.20s           2025-11-13T02:12:18
================================================================================
[2025-11-13T02:12:49.174+0000] {manager.py:879} INFO - 
================================================================================
DAG File Processing Stats

File Path                                           PID    Runtime      # DAGs    # Errors  Last Runtime    Last Run
--------------------------------------------------  -----  ---------  --------  ----------  --------------  -------------------
/opt/airflow/dags/erp_to_minio_bronze_dag.py                                 1           0  0.20s           2025-11-13T02:12:24
/opt/airflow/dags/transform_silver_gold_dbt_dag.py                           1           0  0.11s           2025-11-13T02:12:49
================================================================================
[2025-11-13T02:13:20.220+0000] {manager.py:879} INFO - 
================================================================================
DAG File Processing Stats

File Path                                           PID    Runtime      # DAGs    # Errors  Last Runtime    Last Run
--------------------------------------------------  -----  ---------  --------  ----------  --------------  -------------------
/opt/airflow/dags/erp_to_minio_bronze_dag.py                                 1           0  0.20s           2025-11-13T02:12:55
/opt/airflow/dags/transform_silver_gold_dbt_dag.py                           1           0  0.10s           2025-11-13T02:13:20
================================================================================
[2025-11-13T02:13:50.794+0000] {manager.py:879} INFO - 
================================================================================
DAG File Processing Stats

File Path                                           PID    Runtime      # DAGs    # Errors  Last Runtime    Last Run
--------------------------------------------------  -----  ---------  --------  ----------  --------------  -------------------
/opt/airflow/dags/erp_to_minio_bronze_dag.py                                 1           0  0.20s           2025-11-13T02:13:26
/opt/airflow/dags/transform_silver_gold_dbt_dag.py                           1           0  0.20s           2025-11-13T02:13:50
================================================================================
[2025-11-13T02:14:21.092+0000] {manager.py:879} INFO - 
================================================================================
DAG File Processing Stats

File Path                                           PID    Runtime      # DAGs    # Errors  Last Runtime    Last Run
--------------------------------------------------  -----  ---------  --------  ----------  --------------  -------------------
/opt/airflow/dags/erp_to_minio_bronze_dag.py                                 1           0  0.20s           2025-11-13T02:13:57
/opt/airflow/dags/transform_silver_gold_dbt_dag.py                           1           0  0.10s           2025-11-13T02:14:21
================================================================================
[2025-11-13T02:14:51.374+0000] {manager.py:879} INFO - 
================================================================================
DAG File Processing Stats

File Path                                           PID    Runtime      # DAGs    # Errors  Last Runtime    Last Run
--------------------------------------------------  -----  ---------  --------  ----------  --------------  -------------------
/opt/airflow/dags/erp_to_minio_bronze_dag.py                                 1           0  0.20s           2025-11-13T02:14:27
/opt/airflow/dags/transform_silver_gold_dbt_dag.py                           1           0  0.10s           2025-11-13T02:14:51
================================================================================
[2025-11-13T02:14:59.961+0000] {manager.py:738} INFO - Searching for files in /opt/airflow/dags
[2025-11-13T02:15:00.016+0000] {manager.py:741} INFO - There are 2 files in /opt/airflow/dags
[2025-11-13T02:15:21.499+0000] {manager.py:879} INFO - 
================================================================================
DAG File Processing Stats

File Path                                           PID    Runtime      # DAGs    # Errors  Last Runtime    Last Run
--------------------------------------------------  -----  ---------  --------  ----------  --------------  -------------------
/opt/airflow/dags/erp_to_minio_bronze_dag.py                                 1           0  0.20s           2025-11-13T02:14:57
/opt/airflow/dags/transform_silver_gold_dbt_dag.py                           1           0  0.11s           2025-11-13T02:15:21
================================================================================
[2025-11-13T02:15:51.845+0000] {manager.py:879} INFO - 
================================================================================
DAG File Processing Stats

File Path                                           PID    Runtime      # DAGs    # Errors  Last Runtime    Last Run
--------------------------------------------------  -----  ---------  --------  ----------  --------------  -------------------
/opt/airflow/dags/erp_to_minio_bronze_dag.py                                 1           0  0.20s           2025-11-13T02:15:28
/opt/airflow/dags/transform_silver_gold_dbt_dag.py                           1           0  0.10s           2025-11-13T02:15:51
================================================================================
[2025-11-13T02:16:25.231+0000] {manager.py:879} INFO - 
================================================================================
DAG File Processing Stats

File Path                                           PID    Runtime      # DAGs    # Errors  Last Runtime    Last Run
--------------------------------------------------  -----  ---------  --------  ----------  --------------  -------------------
/opt/airflow/dags/erp_to_minio_bronze_dag.py                                 1           0  0.20s           2025-11-13T02:15:59
/opt/airflow/dags/transform_silver_gold_dbt_dag.py                           1           0  0.10s           2025-11-13T02:16:25
================================================================================
[2025-11-13T02:16:55.801+0000] {manager.py:879} INFO - 
================================================================================
DAG File Processing Stats

File Path                                           PID    Runtime      # DAGs    # Errors  Last Runtime    Last Run
--------------------------------------------------  -----  ---------  --------  ----------  --------------  -------------------
/opt/airflow/dags/erp_to_minio_bronze_dag.py                                 1           0  0.20s           2025-11-13T02:16:30
/opt/airflow/dags/transform_silver_gold_dbt_dag.py                           1           0  0.10s           2025-11-13T02:16:55
================================================================================
[2025-11-13T02:17:26.292+0000] {manager.py:879} INFO - 
================================================================================
DAG File Processing Stats

File Path                                           PID    Runtime      # DAGs    # Errors  Last Runtime    Last Run
--------------------------------------------------  -----  ---------  --------  ----------  --------------  -------------------
/opt/airflow/dags/erp_to_minio_bronze_dag.py                                 1           0  0.20s           2025-11-13T02:17:01
/opt/airflow/dags/transform_silver_gold_dbt_dag.py                           1           0  0.10s           2025-11-13T02:17:26
================================================================================
[2025-11-13T02:17:56.418+0000] {manager.py:879} INFO - 
================================================================================
DAG File Processing Stats

File Path                                           PID    Runtime      # DAGs    # Errors  Last Runtime    Last Run
--------------------------------------------------  -----  ---------  --------  ----------  --------------  -------------------
/opt/airflow/dags/erp_to_minio_bronze_dag.py                                 1           0  0.20s           2025-11-13T02:17:31
/opt/airflow/dags/transform_silver_gold_dbt_dag.py                           1           0  0.10s           2025-11-13T02:17:56
================================================================================
[2025-11-13T02:18:27.188+0000] {manager.py:879} INFO - 
================================================================================
DAG File Processing Stats

File Path                                           PID    Runtime      # DAGs    # Errors  Last Runtime    Last Run
--------------------------------------------------  -----  ---------  --------  ----------  --------------  -------------------
/opt/airflow/dags/erp_to_minio_bronze_dag.py                                 1           0  0.20s           2025-11-13T02:18:01
/opt/airflow/dags/transform_silver_gold_dbt_dag.py                           1           0  0.10s           2025-11-13T02:18:27
================================================================================
[2025-11-13T02:18:57.588+0000] {manager.py:879} INFO - 
================================================================================
DAG File Processing Stats

File Path                                           PID    Runtime      # DAGs    # Errors  Last Runtime    Last Run
--------------------------------------------------  -----  ---------  --------  ----------  --------------  -------------------
/opt/airflow/dags/erp_to_minio_bronze_dag.py                                 1           0  0.20s           2025-11-13T02:18:32
/opt/airflow/dags/transform_silver_gold_dbt_dag.py                           1           0  0.10s           2025-11-13T02:18:57
================================================================================
[2025-11-13T02:19:28.094+0000] {manager.py:879} INFO - 
================================================================================
DAG File Processing Stats

File Path                                           PID    Runtime      # DAGs    # Errors  Last Runtime    Last Run
--------------------------------------------------  -----  ---------  --------  ----------  --------------  -------------------
/opt/airflow/dags/erp_to_minio_bronze_dag.py                                 1           0  0.20s           2025-11-13T02:19:02
/opt/airflow/dags/transform_silver_gold_dbt_dag.py                           1           0  0.10s           2025-11-13T02:19:28
================================================================================
[2025-11-13T02:19:58.598+0000] {manager.py:879} INFO - 
================================================================================
DAG File Processing Stats

File Path                                           PID    Runtime      # DAGs    # Errors  Last Runtime    Last Run
--------------------------------------------------  -----  ---------  --------  ----------  --------------  -------------------
/opt/airflow/dags/erp_to_minio_bronze_dag.py                                 1           0  0.20s           2025-11-13T02:19:33
/opt/airflow/dags/transform_silver_gold_dbt_dag.py                           1           0  0.10s           2025-11-13T02:19:58
================================================================================
[2025-11-13T02:20:00.125+0000] {manager.py:738} INFO - Searching for files in /opt/airflow/dags
[2025-11-13T02:20:00.197+0000] {manager.py:741} INFO - There are 2 files in /opt/airflow/dags
[2025-11-13T02:20:28.821+0000] {manager.py:879} INFO - 
================================================================================
DAG File Processing Stats

File Path                                           PID    Runtime      # DAGs    # Errors  Last Runtime    Last Run
--------------------------------------------------  -----  ---------  --------  ----------  --------------  -------------------
/opt/airflow/dags/erp_to_minio_bronze_dag.py                                 1           0  0.20s           2025-11-13T02:20:03
/opt/airflow/dags/transform_silver_gold_dbt_dag.py                           1           0  0.10s           2025-11-13T02:20:28
================================================================================
[2025-11-13T02:20:59.386+0000] {manager.py:879} INFO - 
================================================================================
DAG File Processing Stats

File Path                                           PID    Runtime      # DAGs    # Errors  Last Runtime    Last Run
--------------------------------------------------  -----  ---------  --------  ----------  --------------  -------------------
/opt/airflow/dags/erp_to_minio_bronze_dag.py                                 1           0  0.20s           2025-11-13T02:20:34
/opt/airflow/dags/transform_silver_gold_dbt_dag.py                           1           0  0.10s           2025-11-13T02:20:59
================================================================================
[2025-11-13T02:21:29.794+0000] {manager.py:879} INFO - 
================================================================================
DAG File Processing Stats

File Path                                           PID    Runtime      # DAGs    # Errors  Last Runtime    Last Run
--------------------------------------------------  -----  ---------  --------  ----------  --------------  -------------------
/opt/airflow/dags/erp_to_minio_bronze_dag.py                                 1           0  0.20s           2025-11-13T02:21:04
/opt/airflow/dags/transform_silver_gold_dbt_dag.py                           1           0  0.10s           2025-11-13T02:21:29
================================================================================
[2025-11-13T02:22:00.046+0000] {manager.py:879} INFO - 
================================================================================
DAG File Processing Stats

File Path                                           PID    Runtime      # DAGs    # Errors  Last Runtime    Last Run
--------------------------------------------------  -----  ---------  --------  ----------  --------------  -------------------
/opt/airflow/dags/erp_to_minio_bronze_dag.py                                 1           0  0.20s           2025-11-13T02:21:35
/opt/airflow/dags/transform_silver_gold_dbt_dag.py                           1           0  0.10s           2025-11-13T02:22:00
================================================================================
[2025-11-13T02:22:30.778+0000] {manager.py:879} INFO - 
================================================================================
DAG File Processing Stats

File Path                                           PID    Runtime      # DAGs    # Errors  Last Runtime    Last Run
--------------------------------------------------  -----  ---------  --------  ----------  --------------  -------------------
/opt/airflow/dags/erp_to_minio_bronze_dag.py                                 1           0  0.20s           2025-11-13T02:22:05
/opt/airflow/dags/transform_silver_gold_dbt_dag.py                           1           0  0.20s           2025-11-13T02:22:30
================================================================================
[2025-11-13T02:23:01.295+0000] {manager.py:879} INFO - 
================================================================================
DAG File Processing Stats

File Path                                           PID    Runtime      # DAGs    # Errors  Last Runtime    Last Run
--------------------------------------------------  -----  ---------  --------  ----------  --------------  -------------------
/opt/airflow/dags/erp_to_minio_bronze_dag.py                                 1           0  0.20s           2025-11-13T02:22:36
/opt/airflow/dags/transform_silver_gold_dbt_dag.py                           1           0  0.10s           2025-11-13T02:23:01
================================================================================
[2025-11-13T02:23:31.593+0000] {manager.py:879} INFO - 
================================================================================
DAG File Processing Stats

File Path                                           PID    Runtime      # DAGs    # Errors  Last Runtime    Last Run
--------------------------------------------------  -----  ---------  --------  ----------  --------------  -------------------
/opt/airflow/dags/erp_to_minio_bronze_dag.py                                 1           0  0.20s           2025-11-13T02:23:06
/opt/airflow/dags/transform_silver_gold_dbt_dag.py                           1           0  0.10s           2025-11-13T02:23:31
================================================================================
[2025-11-13T02:24:01.875+0000] {manager.py:879} INFO - 
================================================================================
DAG File Processing Stats

File Path                                           PID    Runtime      # DAGs    # Errors  Last Runtime    Last Run
--------------------------------------------------  -----  ---------  --------  ----------  --------------  -------------------
/opt/airflow/dags/erp_to_minio_bronze_dag.py                                 1           0  0.20s           2025-11-13T02:23:36
/opt/airflow/dags/transform_silver_gold_dbt_dag.py                           1           0  0.10s           2025-11-13T02:24:01
================================================================================
[2025-11-13T02:24:32.163+0000] {manager.py:879} INFO - 
================================================================================
DAG File Processing Stats

File Path                                           PID    Runtime      # DAGs    # Errors  Last Runtime    Last Run
--------------------------------------------------  -----  ---------  --------  ----------  --------------  -------------------
/opt/airflow/dags/erp_to_minio_bronze_dag.py                                 1           0  0.20s           2025-11-13T02:24:06
/opt/airflow/dags/transform_silver_gold_dbt_dag.py                           1           0  0.10s           2025-11-13T02:24:32
================================================================================
[2025-11-13T02:25:00.307+0000] {manager.py:738} INFO - Searching for files in /opt/airflow/dags
[2025-11-13T02:25:00.344+0000] {manager.py:741} INFO - There are 2 files in /opt/airflow/dags
[2025-11-13T02:25:02.444+0000] {manager.py:879} INFO - 
================================================================================
DAG File Processing Stats

File Path                                           PID    Runtime      # DAGs    # Errors  Last Runtime    Last Run
--------------------------------------------------  -----  ---------  --------  ----------  --------------  -------------------
/opt/airflow/dags/erp_to_minio_bronze_dag.py                                 1           0  0.20s           2025-11-13T02:24:37
/opt/airflow/dags/transform_silver_gold_dbt_dag.py                           1           0  0.10s           2025-11-13T02:25:02
================================================================================
[2025-11-13T02:25:32.731+0000] {manager.py:879} INFO - 
================================================================================
DAG File Processing Stats

File Path                                           PID    Runtime      # DAGs    # Errors  Last Runtime    Last Run
--------------------------------------------------  -----  ---------  --------  ----------  --------------  -------------------
/opt/airflow/dags/erp_to_minio_bronze_dag.py                                 1           0  0.20s           2025-11-13T02:25:07
/opt/airflow/dags/transform_silver_gold_dbt_dag.py                           1           0  0.10s           2025-11-13T02:25:32
================================================================================
[2025-11-13T02:26:03.017+0000] {manager.py:879} INFO - 
================================================================================
DAG File Processing Stats

File Path                                           PID    Runtime      # DAGs    # Errors  Last Runtime    Last Run
--------------------------------------------------  -----  ---------  --------  ----------  --------------  -------------------
/opt/airflow/dags/erp_to_minio_bronze_dag.py                                 1           0  0.20s           2025-11-13T02:25:37
/opt/airflow/dags/transform_silver_gold_dbt_dag.py                           1           0  0.10s           2025-11-13T02:26:03
================================================================================
[2025-11-13T02:26:33.289+0000] {manager.py:879} INFO - 
================================================================================
DAG File Processing Stats

File Path                                           PID    Runtime      # DAGs    # Errors  Last Runtime    Last Run
--------------------------------------------------  -----  ---------  --------  ----------  --------------  -------------------
/opt/airflow/dags/erp_to_minio_bronze_dag.py                                 1           0  0.20s           2025-11-13T02:26:08
/opt/airflow/dags/transform_silver_gold_dbt_dag.py                           1           0  0.10s           2025-11-13T02:26:33
================================================================================
[2025-11-13T02:27:03.573+0000] {manager.py:879} INFO - 
================================================================================
DAG File Processing Stats

File Path                                           PID    Runtime      # DAGs    # Errors  Last Runtime    Last Run
--------------------------------------------------  -----  ---------  --------  ----------  --------------  -------------------
/opt/airflow/dags/erp_to_minio_bronze_dag.py                                 1           0  0.20s           2025-11-13T02:26:38
/opt/airflow/dags/transform_silver_gold_dbt_dag.py                           1           0  0.10s           2025-11-13T02:27:03
================================================================================
[2025-11-13T02:27:33.907+0000] {manager.py:879} INFO - 
================================================================================
DAG File Processing Stats

File Path                                           PID    Runtime      # DAGs    # Errors  Last Runtime    Last Run
--------------------------------------------------  -----  ---------  --------  ----------  --------------  -------------------
/opt/airflow/dags/erp_to_minio_bronze_dag.py                                 1           0  0.20s           2025-11-13T02:27:08
/opt/airflow/dags/transform_silver_gold_dbt_dag.py                           1           0  0.10s           2025-11-13T02:27:33
================================================================================
[2025-11-13T02:28:04.200+0000] {manager.py:879} INFO - 
================================================================================
DAG File Processing Stats

File Path                                           PID    Runtime      # DAGs    # Errors  Last Runtime    Last Run
--------------------------------------------------  -----  ---------  --------  ----------  --------------  -------------------
/opt/airflow/dags/erp_to_minio_bronze_dag.py                                 1           0  0.20s           2025-11-13T02:27:38
/opt/airflow/dags/transform_silver_gold_dbt_dag.py                           1           0  0.10s           2025-11-13T02:28:04
================================================================================
[2025-11-13T02:28:34.492+0000] {manager.py:879} INFO - 
================================================================================
DAG File Processing Stats

File Path                                           PID    Runtime      # DAGs    # Errors  Last Runtime    Last Run
--------------------------------------------------  -----  ---------  --------  ----------  --------------  -------------------
/opt/airflow/dags/erp_to_minio_bronze_dag.py                                 1           0  0.20s           2025-11-13T02:28:09
/opt/airflow/dags/transform_silver_gold_dbt_dag.py                           1           0  0.10s           2025-11-13T02:28:34
================================================================================
[2025-11-13T02:29:04.639+0000] {manager.py:879} INFO - 
================================================================================
DAG File Processing Stats

File Path                                           PID    Runtime      # DAGs    # Errors  Last Runtime    Last Run
--------------------------------------------------  -----  ---------  --------  ----------  --------------  -------------------
/opt/airflow/dags/erp_to_minio_bronze_dag.py                                 1           0  0.20s           2025-11-13T02:28:39
/opt/airflow/dags/transform_silver_gold_dbt_dag.py                           1           0  0.10s           2025-11-13T02:29:04
================================================================================
[2025-11-13T02:29:35.058+0000] {manager.py:879} INFO - 
================================================================================
DAG File Processing Stats

File Path                                           PID    Runtime      # DAGs    # Errors  Last Runtime    Last Run
--------------------------------------------------  -----  ---------  --------  ----------  --------------  -------------------
/opt/airflow/dags/erp_to_minio_bronze_dag.py                                 1           0  0.20s           2025-11-13T02:29:09
/opt/airflow/dags/transform_silver_gold_dbt_dag.py                           1           0  0.10s           2025-11-13T02:29:35
================================================================================
[2025-11-13T02:30:00.448+0000] {manager.py:738} INFO - Searching for files in /opt/airflow/dags
[2025-11-13T02:30:00.493+0000] {manager.py:741} INFO - There are 2 files in /opt/airflow/dags
[2025-11-13T02:30:05.337+0000] {manager.py:879} INFO - 
================================================================================
DAG File Processing Stats

File Path                                           PID    Runtime      # DAGs    # Errors  Last Runtime    Last Run
--------------------------------------------------  -----  ---------  --------  ----------  --------------  -------------------
/opt/airflow/dags/erp_to_minio_bronze_dag.py                                 1           0  0.20s           2025-11-13T02:29:40
/opt/airflow/dags/transform_silver_gold_dbt_dag.py                           1           0  0.10s           2025-11-13T02:30:05
================================================================================
[2025-11-13T02:30:35.630+0000] {manager.py:879} INFO - 
================================================================================
DAG File Processing Stats

File Path                                           PID    Runtime      # DAGs    # Errors  Last Runtime    Last Run
--------------------------------------------------  -----  ---------  --------  ----------  --------------  -------------------
/opt/airflow/dags/erp_to_minio_bronze_dag.py                                 1           0  0.20s           2025-11-13T02:30:10
/opt/airflow/dags/transform_silver_gold_dbt_dag.py                           1           0  0.10s           2025-11-13T02:30:35
================================================================================
[2025-11-13T02:31:05.931+0000] {manager.py:879} INFO - 
================================================================================
DAG File Processing Stats

File Path                                           PID    Runtime      # DAGs    # Errors  Last Runtime    Last Run
--------------------------------------------------  -----  ---------  --------  ----------  --------------  -------------------
/opt/airflow/dags/erp_to_minio_bronze_dag.py                                 1           0  0.20s           2025-11-13T02:30:40
/opt/airflow/dags/transform_silver_gold_dbt_dag.py                           1           0  0.10s           2025-11-13T02:31:05
================================================================================
[2025-11-13T02:31:36.212+0000] {manager.py:879} INFO - 
================================================================================
DAG File Processing Stats

File Path                                           PID    Runtime      # DAGs    # Errors  Last Runtime    Last Run
--------------------------------------------------  -----  ---------  --------  ----------  --------------  -------------------
/opt/airflow/dags/erp_to_minio_bronze_dag.py                                 1           0  0.20s           2025-11-13T02:31:10
/opt/airflow/dags/transform_silver_gold_dbt_dag.py                           1           0  0.10s           2025-11-13T02:31:36
================================================================================
[2025-11-13T02:32:06.497+0000] {manager.py:879} INFO - 
================================================================================
DAG File Processing Stats

File Path                                           PID    Runtime      # DAGs    # Errors  Last Runtime    Last Run
--------------------------------------------------  -----  ---------  --------  ----------  --------------  -------------------
/opt/airflow/dags/erp_to_minio_bronze_dag.py                                 1           0  0.20s           2025-11-13T02:31:41
/opt/airflow/dags/transform_silver_gold_dbt_dag.py                           1           0  0.10s           2025-11-13T02:32:06
================================================================================
[2025-11-13T02:32:36.798+0000] {manager.py:879} INFO - 
================================================================================
DAG File Processing Stats

File Path                                           PID    Runtime      # DAGs    # Errors  Last Runtime    Last Run
--------------------------------------------------  -----  ---------  --------  ----------  --------------  -------------------
/opt/airflow/dags/erp_to_minio_bronze_dag.py                                 1           0  0.20s           2025-11-13T02:32:11
/opt/airflow/dags/transform_silver_gold_dbt_dag.py                           1           0  0.10s           2025-11-13T02:32:36
================================================================================
[2025-11-13T02:33:07.086+0000] {manager.py:879} INFO - 
================================================================================
DAG File Processing Stats

File Path                                           PID    Runtime      # DAGs    # Errors  Last Runtime    Last Run
--------------------------------------------------  -----  ---------  --------  ----------  --------------  -------------------
/opt/airflow/dags/erp_to_minio_bronze_dag.py                                 1           0  0.20s           2025-11-13T02:32:41
/opt/airflow/dags/transform_silver_gold_dbt_dag.py                           1           0  0.10s           2025-11-13T02:33:07
================================================================================
[2025-11-13T02:33:37.374+0000] {manager.py:879} INFO - 
================================================================================
DAG File Processing Stats

File Path                                           PID    Runtime      # DAGs    # Errors  Last Runtime    Last Run
--------------------------------------------------  -----  ---------  --------  ----------  --------------  -------------------
/opt/airflow/dags/erp_to_minio_bronze_dag.py                                 1           0  0.20s           2025-11-13T02:33:12
/opt/airflow/dags/transform_silver_gold_dbt_dag.py                           1           0  0.10s           2025-11-13T02:33:37
================================================================================
[2025-11-13T02:34:07.673+0000] {manager.py:879} INFO - 
================================================================================
DAG File Processing Stats

File Path                                           PID    Runtime      # DAGs    # Errors  Last Runtime    Last Run
--------------------------------------------------  -----  ---------  --------  ----------  --------------  -------------------
/opt/airflow/dags/erp_to_minio_bronze_dag.py                                 1           0  0.20s           2025-11-13T02:33:42
/opt/airflow/dags/transform_silver_gold_dbt_dag.py                           1           0  0.10s           2025-11-13T02:34:07
================================================================================
[2025-11-13T02:34:37.965+0000] {manager.py:879} INFO - 
================================================================================
DAG File Processing Stats

File Path                                           PID    Runtime      # DAGs    # Errors  Last Runtime    Last Run
--------------------------------------------------  -----  ---------  --------  ----------  --------------  -------------------
/opt/airflow/dags/erp_to_minio_bronze_dag.py                                 1           0  0.20s           2025-11-13T02:34:12
/opt/airflow/dags/transform_silver_gold_dbt_dag.py                           1           0  0.10s           2025-11-13T02:34:37
================================================================================
[2025-11-13T02:35:00.593+0000] {manager.py:738} INFO - Searching for files in /opt/airflow/dags
[2025-11-13T02:35:00.649+0000] {manager.py:741} INFO - There are 2 files in /opt/airflow/dags
[2025-11-13T02:35:08.254+0000] {manager.py:879} INFO - 
================================================================================
DAG File Processing Stats

File Path                                           PID    Runtime      # DAGs    # Errors  Last Runtime    Last Run
--------------------------------------------------  -----  ---------  --------  ----------  --------------  -------------------
/opt/airflow/dags/erp_to_minio_bronze_dag.py                                 1           0  0.20s           2025-11-13T02:34:42
/opt/airflow/dags/transform_silver_gold_dbt_dag.py                           1           0  0.10s           2025-11-13T02:35:08
================================================================================
[2025-11-13T02:35:38.641+0000] {manager.py:879} INFO - 
================================================================================
DAG File Processing Stats

File Path                                           PID    Runtime      # DAGs    # Errors  Last Runtime    Last Run
--------------------------------------------------  -----  ---------  --------  ----------  --------------  -------------------
/opt/airflow/dags/erp_to_minio_bronze_dag.py                                 1           0  0.20s           2025-11-13T02:35:13
/opt/airflow/dags/transform_silver_gold_dbt_dag.py                           1           0  0.20s           2025-11-13T02:35:38
================================================================================
[2025-11-13T02:36:08.928+0000] {manager.py:879} INFO - 
================================================================================
DAG File Processing Stats

File Path                                           PID    Runtime      # DAGs    # Errors  Last Runtime    Last Run
--------------------------------------------------  -----  ---------  --------  ----------  --------------  -------------------
/opt/airflow/dags/erp_to_minio_bronze_dag.py                                 1           0  0.20s           2025-11-13T02:35:43
/opt/airflow/dags/transform_silver_gold_dbt_dag.py                           1           0  0.10s           2025-11-13T02:36:08
================================================================================
[2025-11-13T02:36:39.320+0000] {manager.py:879} INFO - 
================================================================================
DAG File Processing Stats

File Path                                           PID    Runtime      # DAGs    # Errors  Last Runtime    Last Run
--------------------------------------------------  -----  ---------  --------  ----------  --------------  -------------------
/opt/airflow/dags/erp_to_minio_bronze_dag.py                                 1           0  0.20s           2025-11-13T02:36:13
/opt/airflow/dags/transform_silver_gold_dbt_dag.py                           1           0  0.20s           2025-11-13T02:36:39
================================================================================
[2025-11-13T02:37:09.602+0000] {manager.py:879} INFO - 
================================================================================
DAG File Processing Stats

File Path                                           PID    Runtime      # DAGs    # Errors  Last Runtime    Last Run
--------------------------------------------------  -----  ---------  --------  ----------  --------------  -------------------
/opt/airflow/dags/erp_to_minio_bronze_dag.py                                 1           0  0.20s           2025-11-13T02:36:43
/opt/airflow/dags/transform_silver_gold_dbt_dag.py                           1           0  0.10s           2025-11-13T02:37:09
================================================================================
[2025-11-13T02:37:39.900+0000] {manager.py:879} INFO - 
================================================================================
DAG File Processing Stats

File Path                                           PID    Runtime      # DAGs    # Errors  Last Runtime    Last Run
--------------------------------------------------  -----  ---------  --------  ----------  --------------  -------------------
/opt/airflow/dags/erp_to_minio_bronze_dag.py                                 1           0  0.20s           2025-11-13T02:37:14
/opt/airflow/dags/transform_silver_gold_dbt_dag.py                           1           0  0.10s           2025-11-13T02:37:39
================================================================================
[2025-11-13T02:38:10.197+0000] {manager.py:879} INFO - 
================================================================================
DAG File Processing Stats

File Path                                           PID    Runtime      # DAGs    # Errors  Last Runtime    Last Run
--------------------------------------------------  -----  ---------  --------  ----------  --------------  -------------------
/opt/airflow/dags/erp_to_minio_bronze_dag.py                                 1           0  0.20s           2025-11-13T02:37:44
/opt/airflow/dags/transform_silver_gold_dbt_dag.py                           1           0  0.10s           2025-11-13T02:38:10
================================================================================
[2025-11-13T02:38:40.482+0000] {manager.py:879} INFO - 
================================================================================
DAG File Processing Stats

File Path                                           PID    Runtime      # DAGs    # Errors  Last Runtime    Last Run
--------------------------------------------------  -----  ---------  --------  ----------  --------------  -------------------
/opt/airflow/dags/erp_to_minio_bronze_dag.py                                 1           0  0.20s           2025-11-13T02:38:14
/opt/airflow/dags/transform_silver_gold_dbt_dag.py                           1           0  0.10s           2025-11-13T02:38:40
================================================================================
[2025-11-13T02:39:10.772+0000] {manager.py:879} INFO - 
================================================================================
DAG File Processing Stats

File Path                                           PID    Runtime      # DAGs    # Errors  Last Runtime    Last Run
--------------------------------------------------  -----  ---------  --------  ----------  --------------  -------------------
/opt/airflow/dags/erp_to_minio_bronze_dag.py                                 1           0  0.20s           2025-11-13T02:38:44
/opt/airflow/dags/transform_silver_gold_dbt_dag.py                           1           0  0.10s           2025-11-13T02:39:10
================================================================================
[2025-11-13T02:39:41.056+0000] {manager.py:879} INFO - 
================================================================================
DAG File Processing Stats

File Path                                           PID    Runtime      # DAGs    # Errors  Last Runtime    Last Run
--------------------------------------------------  -----  ---------  --------  ----------  --------------  -------------------
/opt/airflow/dags/erp_to_minio_bronze_dag.py                                 1           0  0.20s           2025-11-13T02:39:15
/opt/airflow/dags/transform_silver_gold_dbt_dag.py                           1           0  0.10s           2025-11-13T02:39:41
================================================================================
[2025-11-13T02:40:00.760+0000] {manager.py:738} INFO - Searching for files in /opt/airflow/dags
[2025-11-13T02:40:00.809+0000] {manager.py:741} INFO - There are 2 files in /opt/airflow/dags
[2025-11-13T02:40:11.363+0000] {manager.py:879} INFO - 
================================================================================
DAG File Processing Stats

File Path                                           PID    Runtime      # DAGs    # Errors  Last Runtime    Last Run
--------------------------------------------------  -----  ---------  --------  ----------  --------------  -------------------
/opt/airflow/dags/erp_to_minio_bronze_dag.py                                 1           0  0.20s           2025-11-13T02:39:45
/opt/airflow/dags/transform_silver_gold_dbt_dag.py                           1           0  0.10s           2025-11-13T02:40:11
================================================================================
[2025-11-13T02:40:41.652+0000] {manager.py:879} INFO - 
================================================================================
DAG File Processing Stats

File Path                                           PID    Runtime      # DAGs    # Errors  Last Runtime    Last Run
--------------------------------------------------  -----  ---------  --------  ----------  --------------  -------------------
/opt/airflow/dags/erp_to_minio_bronze_dag.py                                 1           0  0.20s           2025-11-13T02:40:15
/opt/airflow/dags/transform_silver_gold_dbt_dag.py                           1           0  0.10s           2025-11-13T02:40:41
================================================================================
[2025-11-13T02:41:11.963+0000] {manager.py:879} INFO - 
================================================================================
DAG File Processing Stats

File Path                                           PID    Runtime      # DAGs    # Errors  Last Runtime    Last Run
--------------------------------------------------  -----  ---------  --------  ----------  --------------  -------------------
/opt/airflow/dags/erp_to_minio_bronze_dag.py                                 1           0  0.20s           2025-11-13T02:40:45
/opt/airflow/dags/transform_silver_gold_dbt_dag.py                           1           0  0.11s           2025-11-13T02:41:11
================================================================================
[2025-11-13T02:41:42.255+0000] {manager.py:879} INFO - 
================================================================================
DAG File Processing Stats

File Path                                           PID    Runtime      # DAGs    # Errors  Last Runtime    Last Run
--------------------------------------------------  -----  ---------  --------  ----------  --------------  -------------------
/opt/airflow/dags/erp_to_minio_bronze_dag.py                                 1           0  0.20s           2025-11-13T02:41:16
/opt/airflow/dags/transform_silver_gold_dbt_dag.py                           1           0  0.10s           2025-11-13T02:41:42
================================================================================
[2025-11-13T02:42:12.547+0000] {manager.py:879} INFO - 
================================================================================
DAG File Processing Stats

File Path                                           PID    Runtime      # DAGs    # Errors  Last Runtime    Last Run
--------------------------------------------------  -----  ---------  --------  ----------  --------------  -------------------
/opt/airflow/dags/erp_to_minio_bronze_dag.py                                 1           0  0.20s           2025-11-13T02:41:46
/opt/airflow/dags/transform_silver_gold_dbt_dag.py                           1           0  0.10s           2025-11-13T02:42:12
================================================================================
[2025-11-13T02:42:42.852+0000] {manager.py:879} INFO - 
================================================================================
DAG File Processing Stats

File Path                                           PID    Runtime      # DAGs    # Errors  Last Runtime    Last Run
--------------------------------------------------  -----  ---------  --------  ----------  --------------  -------------------
/opt/airflow/dags/erp_to_minio_bronze_dag.py                                 1           0  0.20s           2025-11-13T02:42:16
/opt/airflow/dags/transform_silver_gold_dbt_dag.py                           1           0  0.10s           2025-11-13T02:42:42
================================================================================
[2025-11-13T02:43:13.142+0000] {manager.py:879} INFO - 
================================================================================
DAG File Processing Stats

File Path                                           PID    Runtime      # DAGs    # Errors  Last Runtime    Last Run
--------------------------------------------------  -----  ---------  --------  ----------  --------------  -------------------
/opt/airflow/dags/erp_to_minio_bronze_dag.py                                 1           0  0.20s           2025-11-13T02:42:47
/opt/airflow/dags/transform_silver_gold_dbt_dag.py                           1           0  0.10s           2025-11-13T02:43:13
================================================================================
[2025-11-13T02:43:43.438+0000] {manager.py:879} INFO - 
================================================================================
DAG File Processing Stats

File Path                                           PID    Runtime      # DAGs    # Errors  Last Runtime    Last Run
--------------------------------------------------  -----  ---------  --------  ----------  --------------  -------------------
/opt/airflow/dags/erp_to_minio_bronze_dag.py                                 1           0  0.20s           2025-11-13T02:43:17
/opt/airflow/dags/transform_silver_gold_dbt_dag.py                           1           0  0.10s           2025-11-13T02:43:43
================================================================================
[2025-11-13T02:44:13.733+0000] {manager.py:879} INFO - 
================================================================================
DAG File Processing Stats

File Path                                           PID    Runtime      # DAGs    # Errors  Last Runtime    Last Run
--------------------------------------------------  -----  ---------  --------  ----------  --------------  -------------------
/opt/airflow/dags/erp_to_minio_bronze_dag.py                                 1           0  0.20s           2025-11-13T02:43:47
/opt/airflow/dags/transform_silver_gold_dbt_dag.py                           1           0  0.10s           2025-11-13T02:44:13
================================================================================
[2025-11-13T02:44:44.020+0000] {manager.py:879} INFO - 
================================================================================
DAG File Processing Stats

File Path                                           PID    Runtime      # DAGs    # Errors  Last Runtime    Last Run
--------------------------------------------------  -----  ---------  --------  ----------  --------------  -------------------
/opt/airflow/dags/erp_to_minio_bronze_dag.py                                 1           0  0.20s           2025-11-13T02:44:17
/opt/airflow/dags/transform_silver_gold_dbt_dag.py                           1           0  0.10s           2025-11-13T02:44:44
================================================================================
[2025-11-13T02:45:00.928+0000] {manager.py:738} INFO - Searching for files in /opt/airflow/dags
[2025-11-13T02:45:00.967+0000] {manager.py:741} INFO - There are 2 files in /opt/airflow/dags
[2025-11-13T02:45:14.380+0000] {manager.py:879} INFO - 
================================================================================
DAG File Processing Stats

File Path                                           PID    Runtime      # DAGs    # Errors  Last Runtime    Last Run
--------------------------------------------------  -----  ---------  --------  ----------  --------------  -------------------
/opt/airflow/dags/erp_to_minio_bronze_dag.py                                 1           0  0.20s           2025-11-13T02:44:48
/opt/airflow/dags/transform_silver_gold_dbt_dag.py                           1           0  0.20s           2025-11-13T02:45:14
================================================================================
[2025-11-13T02:45:44.675+0000] {manager.py:879} INFO - 
================================================================================
DAG File Processing Stats

File Path                                           PID    Runtime      # DAGs    # Errors  Last Runtime    Last Run
--------------------------------------------------  -----  ---------  --------  ----------  --------------  -------------------
/opt/airflow/dags/erp_to_minio_bronze_dag.py                                 1           0  0.20s           2025-11-13T02:45:18
/opt/airflow/dags/transform_silver_gold_dbt_dag.py                           1           0  0.10s           2025-11-13T02:45:44
================================================================================
[2025-11-13T02:46:14.974+0000] {manager.py:879} INFO - 
================================================================================
DAG File Processing Stats

File Path                                           PID    Runtime      # DAGs    # Errors  Last Runtime    Last Run
--------------------------------------------------  -----  ---------  --------  ----------  --------------  -------------------
/opt/airflow/dags/erp_to_minio_bronze_dag.py                                 1           0  0.20s           2025-11-13T02:45:48
/opt/airflow/dags/transform_silver_gold_dbt_dag.py                           1           0  0.10s           2025-11-13T02:46:14
================================================================================
[2025-11-13T02:46:45.264+0000] {manager.py:879} INFO - 
================================================================================
DAG File Processing Stats

File Path                                           PID    Runtime      # DAGs    # Errors  Last Runtime    Last Run
--------------------------------------------------  -----  ---------  --------  ----------  --------------  -------------------
/opt/airflow/dags/erp_to_minio_bronze_dag.py                                 1           0  0.20s           2025-11-13T02:46:18
/opt/airflow/dags/transform_silver_gold_dbt_dag.py                           1           0  0.10s           2025-11-13T02:46:45
================================================================================
[2025-11-13T02:47:15.563+0000] {manager.py:879} INFO - 
================================================================================
DAG File Processing Stats

File Path                                           PID    Runtime      # DAGs    # Errors  Last Runtime    Last Run
--------------------------------------------------  -----  ---------  --------  ----------  --------------  -------------------
/opt/airflow/dags/erp_to_minio_bronze_dag.py                                 1           0  0.20s           2025-11-13T02:46:49
/opt/airflow/dags/transform_silver_gold_dbt_dag.py                           1           0  0.10s           2025-11-13T02:47:15
================================================================================
[2025-11-13T02:47:45.849+0000] {manager.py:879} INFO - 
================================================================================
DAG File Processing Stats

File Path                                           PID    Runtime      # DAGs    # Errors  Last Runtime    Last Run
--------------------------------------------------  -----  ---------  --------  ----------  --------------  -------------------
/opt/airflow/dags/erp_to_minio_bronze_dag.py                                 1           0  0.20s           2025-11-13T02:47:19
/opt/airflow/dags/transform_silver_gold_dbt_dag.py                           1           0  0.10s           2025-11-13T02:47:45
================================================================================
[2025-11-13T02:48:16.259+0000] {manager.py:879} INFO - 
================================================================================
DAG File Processing Stats

File Path                                           PID    Runtime      # DAGs    # Errors  Last Runtime    Last Run
--------------------------------------------------  -----  ---------  --------  ----------  --------------  -------------------
/opt/airflow/dags/erp_to_minio_bronze_dag.py                                 1           0  0.21s           2025-11-13T02:47:49
/opt/airflow/dags/transform_silver_gold_dbt_dag.py                           1           0  0.20s           2025-11-13T02:48:16
================================================================================
[2025-11-13T02:48:46.554+0000] {manager.py:879} INFO - 
================================================================================
DAG File Processing Stats

File Path                                           PID    Runtime      # DAGs    # Errors  Last Runtime    Last Run
--------------------------------------------------  -----  ---------  --------  ----------  --------------  -------------------
/opt/airflow/dags/erp_to_minio_bronze_dag.py                                 1           0  0.20s           2025-11-13T02:48:19
/opt/airflow/dags/transform_silver_gold_dbt_dag.py                           1           0  0.10s           2025-11-13T02:48:46
================================================================================
[2025-11-13T02:49:16.852+0000] {manager.py:879} INFO - 
================================================================================
DAG File Processing Stats

File Path                                           PID    Runtime      # DAGs    # Errors  Last Runtime    Last Run
--------------------------------------------------  -----  ---------  --------  ----------  --------------  -------------------
/opt/airflow/dags/erp_to_minio_bronze_dag.py                                 1           0  0.20s           2025-11-13T02:48:50
/opt/airflow/dags/transform_silver_gold_dbt_dag.py                           1           0  0.11s           2025-11-13T02:49:16
================================================================================
[2025-11-13T02:49:47.142+0000] {manager.py:879} INFO - 
================================================================================
DAG File Processing Stats

File Path                                           PID    Runtime      # DAGs    # Errors  Last Runtime    Last Run
--------------------------------------------------  -----  ---------  --------  ----------  --------------  -------------------
/opt/airflow/dags/erp_to_minio_bronze_dag.py                                 1           0  0.20s           2025-11-13T02:49:20
/opt/airflow/dags/transform_silver_gold_dbt_dag.py                           1           0  0.11s           2025-11-13T02:49:47
================================================================================
[2025-11-13T02:50:01.075+0000] {manager.py:738} INFO - Searching for files in /opt/airflow/dags
[2025-11-13T02:50:01.130+0000] {manager.py:741} INFO - There are 2 files in /opt/airflow/dags
[2025-11-13T02:50:17.436+0000] {manager.py:879} INFO - 
================================================================================
DAG File Processing Stats

File Path                                           PID    Runtime      # DAGs    # Errors  Last Runtime    Last Run
--------------------------------------------------  -----  ---------  --------  ----------  --------------  -------------------
/opt/airflow/dags/erp_to_minio_bronze_dag.py                                 1           0  0.20s           2025-11-13T02:49:50
/opt/airflow/dags/transform_silver_gold_dbt_dag.py                           1           0  0.10s           2025-11-13T02:50:17
================================================================================
[2025-11-13T02:50:47.741+0000] {manager.py:879} INFO - 
================================================================================
DAG File Processing Stats

File Path                                           PID    Runtime      # DAGs    # Errors  Last Runtime    Last Run
--------------------------------------------------  -----  ---------  --------  ----------  --------------  -------------------
/opt/airflow/dags/erp_to_minio_bronze_dag.py                                 1           0  0.20s           2025-11-13T02:50:20
/opt/airflow/dags/transform_silver_gold_dbt_dag.py                           1           0  0.10s           2025-11-13T02:50:47
================================================================================
[2025-11-13T02:51:18.142+0000] {manager.py:879} INFO - 
================================================================================
DAG File Processing Stats

File Path                                           PID    Runtime      # DAGs    # Errors  Last Runtime    Last Run
--------------------------------------------------  -----  ---------  --------  ----------  --------------  -------------------
/opt/airflow/dags/erp_to_minio_bronze_dag.py                                 1           0  0.20s           2025-11-13T02:50:51
/opt/airflow/dags/transform_silver_gold_dbt_dag.py                           1           0  0.20s           2025-11-13T02:51:18
================================================================================
[2025-11-13T02:51:48.437+0000] {manager.py:879} INFO - 
================================================================================
DAG File Processing Stats

File Path                                           PID    Runtime      # DAGs    # Errors  Last Runtime    Last Run
--------------------------------------------------  -----  ---------  --------  ----------  --------------  -------------------
/opt/airflow/dags/erp_to_minio_bronze_dag.py                                 1           0  0.20s           2025-11-13T02:51:21
/opt/airflow/dags/transform_silver_gold_dbt_dag.py                           1           0  0.10s           2025-11-13T02:51:48
================================================================================
[2025-11-13T02:52:18.863+0000] {manager.py:879} INFO - 
================================================================================
DAG File Processing Stats

File Path                                           PID    Runtime      # DAGs    # Errors  Last Runtime    Last Run
--------------------------------------------------  -----  ---------  --------  ----------  --------------  -------------------
/opt/airflow/dags/erp_to_minio_bronze_dag.py                                 1           0  0.20s           2025-11-13T02:51:51
/opt/airflow/dags/transform_silver_gold_dbt_dag.py                           1           0  0.21s           2025-11-13T02:52:18
================================================================================
[2025-11-13T02:52:49.269+0000] {manager.py:879} INFO - 
================================================================================
DAG File Processing Stats

File Path                                           PID    Runtime      # DAGs    # Errors  Last Runtime    Last Run
--------------------------------------------------  -----  ---------  --------  ----------  --------------  -------------------
/opt/airflow/dags/erp_to_minio_bronze_dag.py                                 1           0  0.20s           2025-11-13T02:52:22
/opt/airflow/dags/transform_silver_gold_dbt_dag.py                           1           0  0.20s           2025-11-13T02:52:49
================================================================================
[2025-11-13T02:53:19.555+0000] {manager.py:879} INFO - 
================================================================================
DAG File Processing Stats

File Path                                           PID    Runtime      # DAGs    # Errors  Last Runtime    Last Run
--------------------------------------------------  -----  ---------  --------  ----------  --------------  -------------------
/opt/airflow/dags/erp_to_minio_bronze_dag.py                                 1           0  0.20s           2025-11-13T02:52:52
/opt/airflow/dags/transform_silver_gold_dbt_dag.py                           1           0  0.10s           2025-11-13T02:53:19
================================================================================
[2025-11-13T02:53:49.951+0000] {manager.py:879} INFO - 
================================================================================
DAG File Processing Stats

File Path                                           PID    Runtime      # DAGs    # Errors  Last Runtime    Last Run
--------------------------------------------------  -----  ---------  --------  ----------  --------------  -------------------
/opt/airflow/dags/erp_to_minio_bronze_dag.py                                 1           0  0.20s           2025-11-13T02:53:22
/opt/airflow/dags/transform_silver_gold_dbt_dag.py                           1           0  0.20s           2025-11-13T02:53:49
================================================================================
[2025-11-13T02:54:20.248+0000] {manager.py:879} INFO - 
================================================================================
DAG File Processing Stats

File Path                                           PID    Runtime      # DAGs    # Errors  Last Runtime    Last Run
--------------------------------------------------  -----  ---------  --------  ----------  --------------  -------------------
/opt/airflow/dags/erp_to_minio_bronze_dag.py                                 1           0  0.20s           2025-11-13T02:53:52
/opt/airflow/dags/transform_silver_gold_dbt_dag.py                           1           0  0.10s           2025-11-13T02:54:20
================================================================================
[2025-11-13T02:54:50.533+0000] {manager.py:879} INFO - 
================================================================================
DAG File Processing Stats

File Path                                           PID    Runtime      # DAGs    # Errors  Last Runtime    Last Run
--------------------------------------------------  -----  ---------  --------  ----------  --------------  -------------------
/opt/airflow/dags/erp_to_minio_bronze_dag.py                                 1           0  0.20s           2025-11-13T02:54:23
/opt/airflow/dags/transform_silver_gold_dbt_dag.py                           1           0  0.10s           2025-11-13T02:54:50
================================================================================
[2025-11-13T02:55:01.255+0000] {manager.py:738} INFO - Searching for files in /opt/airflow/dags
[2025-11-13T02:55:01.295+0000] {manager.py:741} INFO - There are 2 files in /opt/airflow/dags
[2025-11-13T02:55:21.027+0000] {manager.py:879} INFO - 
================================================================================
DAG File Processing Stats

File Path                                           PID    Runtime      # DAGs    # Errors  Last Runtime    Last Run
--------------------------------------------------  -----  ---------  --------  ----------  --------------  -------------------
/opt/airflow/dags/erp_to_minio_bronze_dag.py                                 1           0  0.21s           2025-11-13T02:54:53
/opt/airflow/dags/transform_silver_gold_dbt_dag.py                           1           0  0.20s           2025-11-13T02:55:21
================================================================================
[2025-11-13T02:55:51.333+0000] {manager.py:879} INFO - 
================================================================================
DAG File Processing Stats

File Path                                           PID    Runtime      # DAGs    # Errors  Last Runtime    Last Run
--------------------------------------------------  -----  ---------  --------  ----------  --------------  -------------------
/opt/airflow/dags/erp_to_minio_bronze_dag.py                                 1           0  0.21s           2025-11-13T02:55:23
/opt/airflow/dags/transform_silver_gold_dbt_dag.py                           1           0  0.10s           2025-11-13T02:55:51
================================================================================
[2025-11-13T02:56:21.626+0000] {manager.py:879} INFO - 
================================================================================
DAG File Processing Stats

File Path                                           PID    Runtime      # DAGs    # Errors  Last Runtime    Last Run
--------------------------------------------------  -----  ---------  --------  ----------  --------------  -------------------
/opt/airflow/dags/erp_to_minio_bronze_dag.py                                 1           0  0.20s           2025-11-13T02:55:53
/opt/airflow/dags/transform_silver_gold_dbt_dag.py                           1           0  0.10s           2025-11-13T02:56:21
================================================================================
[2025-11-13T02:56:51.924+0000] {manager.py:879} INFO - 
================================================================================
DAG File Processing Stats

File Path                                           PID    Runtime      # DAGs    # Errors  Last Runtime    Last Run
--------------------------------------------------  -----  ---------  --------  ----------  --------------  -------------------
/opt/airflow/dags/erp_to_minio_bronze_dag.py                                 1           0  0.20s           2025-11-13T02:56:24
/opt/airflow/dags/transform_silver_gold_dbt_dag.py                           1           0  0.11s           2025-11-13T02:56:51
================================================================================
[2025-11-13T02:57:22.208+0000] {manager.py:879} INFO - 
================================================================================
DAG File Processing Stats

File Path                                           PID    Runtime      # DAGs    # Errors  Last Runtime    Last Run
--------------------------------------------------  -----  ---------  --------  ----------  --------------  -------------------
/opt/airflow/dags/erp_to_minio_bronze_dag.py                                 1           0  0.20s           2025-11-13T02:56:54
/opt/airflow/dags/transform_silver_gold_dbt_dag.py                           1           0  0.10s           2025-11-13T02:57:22
================================================================================
[2025-11-13T02:57:52.510+0000] {manager.py:879} INFO - 
================================================================================
DAG File Processing Stats

File Path                                           PID    Runtime      # DAGs    # Errors  Last Runtime    Last Run
--------------------------------------------------  -----  ---------  --------  ----------  --------------  -------------------
/opt/airflow/dags/erp_to_minio_bronze_dag.py                                 1           0  0.20s           2025-11-13T02:57:24
/opt/airflow/dags/transform_silver_gold_dbt_dag.py                           1           0  0.10s           2025-11-13T02:57:52
================================================================================
[2025-11-13T02:58:22.820+0000] {manager.py:879} INFO - 
================================================================================
DAG File Processing Stats

File Path                                           PID    Runtime      # DAGs    # Errors  Last Runtime    Last Run
--------------------------------------------------  -----  ---------  --------  ----------  --------------  -------------------
/opt/airflow/dags/erp_to_minio_bronze_dag.py                                 1           0  0.20s           2025-11-13T02:57:54
/opt/airflow/dags/transform_silver_gold_dbt_dag.py                           1           0  0.10s           2025-11-13T02:58:22
================================================================================
[2025-11-13T02:58:53.148+0000] {manager.py:879} INFO - 
================================================================================
DAG File Processing Stats

File Path                                           PID    Runtime      # DAGs    # Errors  Last Runtime    Last Run
--------------------------------------------------  -----  ---------  --------  ----------  --------------  -------------------
/opt/airflow/dags/erp_to_minio_bronze_dag.py                                 1           0  0.20s           2025-11-13T02:58:25
/opt/airflow/dags/transform_silver_gold_dbt_dag.py                           1           0  0.10s           2025-11-13T02:58:53
================================================================================
[2025-11-13T02:59:23.470+0000] {manager.py:879} INFO - 
================================================================================
DAG File Processing Stats

File Path                                           PID    Runtime      # DAGs    # Errors  Last Runtime    Last Run
--------------------------------------------------  -----  ---------  --------  ----------  --------------  -------------------
/opt/airflow/dags/erp_to_minio_bronze_dag.py                                 1           0  0.20s           2025-11-13T02:58:55
/opt/airflow/dags/transform_silver_gold_dbt_dag.py                           1           0  0.10s           2025-11-13T02:59:23
================================================================================
[2025-11-13T02:59:53.779+0000] {manager.py:879} INFO - 
================================================================================
DAG File Processing Stats

File Path                                           PID    Runtime      # DAGs    # Errors  Last Runtime    Last Run
--------------------------------------------------  -----  ---------  --------  ----------  --------------  -------------------
/opt/airflow/dags/erp_to_minio_bronze_dag.py                                 1           0  0.20s           2025-11-13T02:59:25
/opt/airflow/dags/transform_silver_gold_dbt_dag.py                           1           0  0.10s           2025-11-13T02:59:53
================================================================================
[2025-11-13T03:00:01.423+0000] {manager.py:738} INFO - Searching for files in /opt/airflow/dags
[2025-11-13T03:00:01.481+0000] {manager.py:741} INFO - There are 2 files in /opt/airflow/dags
[2025-11-13T03:00:24.075+0000] {manager.py:879} INFO - 
================================================================================
DAG File Processing Stats

File Path                                           PID    Runtime      # DAGs    # Errors  Last Runtime    Last Run
--------------------------------------------------  -----  ---------  --------  ----------  --------------  -------------------
/opt/airflow/dags/erp_to_minio_bronze_dag.py                                 1           0  0.20s           2025-11-13T02:59:55
/opt/airflow/dags/transform_silver_gold_dbt_dag.py                           1           0  0.10s           2025-11-13T03:00:24
================================================================================
[2025-11-13T03:00:54.371+0000] {manager.py:879} INFO - 
================================================================================
DAG File Processing Stats

File Path                                           PID    Runtime      # DAGs    # Errors  Last Runtime    Last Run
--------------------------------------------------  -----  ---------  --------  ----------  --------------  -------------------
/opt/airflow/dags/erp_to_minio_bronze_dag.py                                 1           0  0.20s           2025-11-13T03:00:26
/opt/airflow/dags/transform_silver_gold_dbt_dag.py                           1           0  0.10s           2025-11-13T03:00:54
================================================================================
[2025-11-13T03:01:24.684+0000] {manager.py:879} INFO - 
================================================================================
DAG File Processing Stats

File Path                                           PID    Runtime      # DAGs    # Errors  Last Runtime    Last Run
--------------------------------------------------  -----  ---------  --------  ----------  --------------  -------------------
/opt/airflow/dags/erp_to_minio_bronze_dag.py                                 1           0  0.20s           2025-11-13T03:00:56
/opt/airflow/dags/transform_silver_gold_dbt_dag.py                           1           0  0.10s           2025-11-13T03:01:24
================================================================================
[2025-11-13T03:01:54.980+0000] {manager.py:879} INFO - 
================================================================================
DAG File Processing Stats

File Path                                           PID    Runtime      # DAGs    # Errors  Last Runtime    Last Run
--------------------------------------------------  -----  ---------  --------  ----------  --------------  -------------------
/opt/airflow/dags/erp_to_minio_bronze_dag.py                                 1           0  0.20s           2025-11-13T03:01:26
/opt/airflow/dags/transform_silver_gold_dbt_dag.py                           1           0  0.10s           2025-11-13T03:01:54
================================================================================
[2025-11-13T03:02:25.281+0000] {manager.py:879} INFO - 
================================================================================
DAG File Processing Stats

File Path                                           PID    Runtime      # DAGs    # Errors  Last Runtime    Last Run
--------------------------------------------------  -----  ---------  --------  ----------  --------------  -------------------
/opt/airflow/dags/erp_to_minio_bronze_dag.py                                 1           0  0.20s           2025-11-13T03:01:57
/opt/airflow/dags/transform_silver_gold_dbt_dag.py                           1           0  0.10s           2025-11-13T03:02:25
================================================================================
[2025-11-13T03:02:55.566+0000] {manager.py:879} INFO - 
================================================================================
DAG File Processing Stats

File Path                                           PID    Runtime      # DAGs    # Errors  Last Runtime    Last Run
--------------------------------------------------  -----  ---------  --------  ----------  --------------  -------------------
/opt/airflow/dags/erp_to_minio_bronze_dag.py                                 1           0  0.20s           2025-11-13T03:02:27
/opt/airflow/dags/transform_silver_gold_dbt_dag.py                           1           0  0.10s           2025-11-13T03:02:55
================================================================================
[2025-11-13T03:03:25.834+0000] {manager.py:879} INFO - 
================================================================================
DAG File Processing Stats

File Path                                           PID    Runtime      # DAGs    # Errors  Last Runtime    Last Run
--------------------------------------------------  -----  ---------  --------  ----------  --------------  -------------------
/opt/airflow/dags/erp_to_minio_bronze_dag.py                                 1           0  0.20s           2025-11-13T03:02:57
/opt/airflow/dags/transform_silver_gold_dbt_dag.py                           1           0  0.10s           2025-11-13T03:03:25
================================================================================
[2025-11-13T03:03:56.114+0000] {manager.py:879} INFO - 
================================================================================
DAG File Processing Stats

File Path                                           PID    Runtime      # DAGs    # Errors  Last Runtime    Last Run
--------------------------------------------------  -----  ---------  --------  ----------  --------------  -------------------
/opt/airflow/dags/erp_to_minio_bronze_dag.py                                 1           0  0.20s           2025-11-13T03:03:27
/opt/airflow/dags/transform_silver_gold_dbt_dag.py                           1           0  0.10s           2025-11-13T03:03:56
================================================================================
[2025-11-13T03:04:26.432+0000] {manager.py:879} INFO - 
================================================================================
DAG File Processing Stats

File Path                                           PID    Runtime      # DAGs    # Errors  Last Runtime    Last Run
--------------------------------------------------  -----  ---------  --------  ----------  --------------  -------------------
/opt/airflow/dags/erp_to_minio_bronze_dag.py                                 1           0  0.20s           2025-11-13T03:03:58
/opt/airflow/dags/transform_silver_gold_dbt_dag.py                           1           0  0.10s           2025-11-13T03:04:26
================================================================================
[2025-11-13T03:04:56.829+0000] {manager.py:879} INFO - 
================================================================================
DAG File Processing Stats

File Path                                           PID    Runtime      # DAGs    # Errors  Last Runtime    Last Run
--------------------------------------------------  -----  ---------  --------  ----------  --------------  -------------------
/opt/airflow/dags/erp_to_minio_bronze_dag.py                                 1           0  0.20s           2025-11-13T03:04:28
/opt/airflow/dags/transform_silver_gold_dbt_dag.py                           1           0  0.20s           2025-11-13T03:04:56
================================================================================
[2025-11-13T03:05:01.603+0000] {manager.py:738} INFO - Searching for files in /opt/airflow/dags
[2025-11-13T03:05:01.672+0000] {manager.py:741} INFO - There are 2 files in /opt/airflow/dags
[2025-11-13T03:05:27.119+0000] {manager.py:879} INFO - 
================================================================================
DAG File Processing Stats

File Path                                           PID    Runtime      # DAGs    # Errors  Last Runtime    Last Run
--------------------------------------------------  -----  ---------  --------  ----------  --------------  -------------------
/opt/airflow/dags/erp_to_minio_bronze_dag.py                                 1           0  0.20s           2025-11-13T03:04:58
/opt/airflow/dags/transform_silver_gold_dbt_dag.py                           1           0  0.10s           2025-11-13T03:05:27
================================================================================
[2025-11-13T03:05:57.413+0000] {manager.py:879} INFO - 
================================================================================
DAG File Processing Stats

File Path                                           PID    Runtime      # DAGs    # Errors  Last Runtime    Last Run
--------------------------------------------------  -----  ---------  --------  ----------  --------------  -------------------
/opt/airflow/dags/erp_to_minio_bronze_dag.py                                 1           0  0.20s           2025-11-13T03:05:28
/opt/airflow/dags/transform_silver_gold_dbt_dag.py                           1           0  0.10s           2025-11-13T03:05:57
================================================================================
[2025-11-13T03:06:27.721+0000] {manager.py:879} INFO - 
================================================================================
DAG File Processing Stats

File Path                                           PID    Runtime      # DAGs    # Errors  Last Runtime    Last Run
--------------------------------------------------  -----  ---------  --------  ----------  --------------  -------------------
/opt/airflow/dags/erp_to_minio_bronze_dag.py                                 1           0  0.11s           2025-11-13T03:05:59
/opt/airflow/dags/transform_silver_gold_dbt_dag.py                           1           0  0.10s           2025-11-13T03:06:27
================================================================================
[2025-11-13T03:06:58.031+0000] {manager.py:879} INFO - 
================================================================================
DAG File Processing Stats

File Path                                           PID    Runtime      # DAGs    # Errors  Last Runtime    Last Run
--------------------------------------------------  -----  ---------  --------  ----------  --------------  -------------------
/opt/airflow/dags/erp_to_minio_bronze_dag.py                                 1           0  0.20s           2025-11-13T03:06:29
/opt/airflow/dags/transform_silver_gold_dbt_dag.py                           1           0  0.10s           2025-11-13T03:06:58
================================================================================
[2025-11-13T03:07:28.328+0000] {manager.py:879} INFO - 
================================================================================
DAG File Processing Stats

File Path                                           PID    Runtime      # DAGs    # Errors  Last Runtime    Last Run
--------------------------------------------------  -----  ---------  --------  ----------  --------------  -------------------
/opt/airflow/dags/erp_to_minio_bronze_dag.py                                 1           0  0.20s           2025-11-13T03:06:59
/opt/airflow/dags/transform_silver_gold_dbt_dag.py                           1           0  0.10s           2025-11-13T03:07:28
================================================================================
[2025-11-13T03:07:58.627+0000] {manager.py:879} INFO - 
================================================================================
DAG File Processing Stats

File Path                                           PID    Runtime      # DAGs    # Errors  Last Runtime    Last Run
--------------------------------------------------  -----  ---------  --------  ----------  --------------  -------------------
/opt/airflow/dags/erp_to_minio_bronze_dag.py                                 1           0  0.20s           2025-11-13T03:07:29
/opt/airflow/dags/transform_silver_gold_dbt_dag.py                           1           0  0.10s           2025-11-13T03:07:58
================================================================================
[2025-11-13T03:08:28.917+0000] {manager.py:879} INFO - 
================================================================================
DAG File Processing Stats

File Path                                           PID    Runtime      # DAGs    # Errors  Last Runtime    Last Run
--------------------------------------------------  -----  ---------  --------  ----------  --------------  -------------------
/opt/airflow/dags/erp_to_minio_bronze_dag.py                                 1           0  0.20s           2025-11-13T03:08:00
/opt/airflow/dags/transform_silver_gold_dbt_dag.py                           1           0  0.10s           2025-11-13T03:08:28
================================================================================
[2025-11-13T03:08:59.227+0000] {manager.py:879} INFO - 
================================================================================
DAG File Processing Stats

File Path                                           PID    Runtime      # DAGs    # Errors  Last Runtime    Last Run
--------------------------------------------------  -----  ---------  --------  ----------  --------------  -------------------
/opt/airflow/dags/erp_to_minio_bronze_dag.py                                 1           0  0.20s           2025-11-13T03:08:30
/opt/airflow/dags/transform_silver_gold_dbt_dag.py                           1           0  0.10s           2025-11-13T03:08:59
================================================================================
[2025-11-13T03:09:29.516+0000] {manager.py:879} INFO - 
================================================================================
DAG File Processing Stats

File Path                                           PID    Runtime      # DAGs    # Errors  Last Runtime    Last Run
--------------------------------------------------  -----  ---------  --------  ----------  --------------  -------------------
/opt/airflow/dags/erp_to_minio_bronze_dag.py                                 1           0  0.20s           2025-11-13T03:09:00
/opt/airflow/dags/transform_silver_gold_dbt_dag.py                           1           0  0.10s           2025-11-13T03:09:29
================================================================================
[2025-11-13T03:09:59.817+0000] {manager.py:879} INFO - 
================================================================================
DAG File Processing Stats

File Path                                           PID    Runtime      # DAGs    # Errors  Last Runtime    Last Run
--------------------------------------------------  -----  ---------  --------  ----------  --------------  -------------------
/opt/airflow/dags/erp_to_minio_bronze_dag.py                                 1           0  0.20s           2025-11-13T03:09:30
/opt/airflow/dags/transform_silver_gold_dbt_dag.py                           1           0  0.10s           2025-11-13T03:09:59
================================================================================
[2025-11-13T03:10:01.787+0000] {manager.py:738} INFO - Searching for files in /opt/airflow/dags
[2025-11-13T03:10:01.831+0000] {manager.py:741} INFO - There are 2 files in /opt/airflow/dags
[2025-11-13T03:10:30.107+0000] {manager.py:879} INFO - 
================================================================================
DAG File Processing Stats

File Path                                           PID    Runtime      # DAGs    # Errors  Last Runtime    Last Run
--------------------------------------------------  -----  ---------  --------  ----------  --------------  -------------------
/opt/airflow/dags/erp_to_minio_bronze_dag.py                                 1           0  0.20s           2025-11-13T03:10:01
/opt/airflow/dags/transform_silver_gold_dbt_dag.py                           1           0  0.10s           2025-11-13T03:10:30
================================================================================
[2025-11-13T03:11:00.402+0000] {manager.py:879} INFO - 
================================================================================
DAG File Processing Stats

File Path                                           PID    Runtime      # DAGs    # Errors  Last Runtime    Last Run
--------------------------------------------------  -----  ---------  --------  ----------  --------------  -------------------
/opt/airflow/dags/erp_to_minio_bronze_dag.py                                 1           0  0.20s           2025-11-13T03:10:31
/opt/airflow/dags/transform_silver_gold_dbt_dag.py                           1           0  0.10s           2025-11-13T03:11:00
================================================================================
[2025-11-13T03:11:30.691+0000] {manager.py:879} INFO - 
================================================================================
DAG File Processing Stats

File Path                                           PID    Runtime      # DAGs    # Errors  Last Runtime    Last Run
--------------------------------------------------  -----  ---------  --------  ----------  --------------  -------------------
/opt/airflow/dags/erp_to_minio_bronze_dag.py                                 1           0  0.20s           2025-11-13T03:11:01
/opt/airflow/dags/transform_silver_gold_dbt_dag.py                           1           0  0.10s           2025-11-13T03:11:30
================================================================================
[2025-11-13T03:12:01.017+0000] {manager.py:879} INFO - 
================================================================================
DAG File Processing Stats

File Path                                           PID    Runtime      # DAGs    # Errors  Last Runtime    Last Run
--------------------------------------------------  -----  ---------  --------  ----------  --------------  -------------------
/opt/airflow/dags/erp_to_minio_bronze_dag.py                                 1           0  0.20s           2025-11-13T03:11:31
/opt/airflow/dags/transform_silver_gold_dbt_dag.py                           1           0  0.10s           2025-11-13T03:12:01
================================================================================
[2025-11-13T03:12:31.316+0000] {manager.py:879} INFO - 
================================================================================
DAG File Processing Stats

File Path                                           PID    Runtime      # DAGs    # Errors  Last Runtime    Last Run
--------------------------------------------------  -----  ---------  --------  ----------  --------------  -------------------
/opt/airflow/dags/erp_to_minio_bronze_dag.py                                 1           0  0.20s           2025-11-13T03:12:02
/opt/airflow/dags/transform_silver_gold_dbt_dag.py                           1           0  0.10s           2025-11-13T03:12:31
================================================================================
[2025-11-13T03:13:01.629+0000] {manager.py:879} INFO - 
================================================================================
DAG File Processing Stats

File Path                                           PID    Runtime      # DAGs    # Errors  Last Runtime    Last Run
--------------------------------------------------  -----  ---------  --------  ----------  --------------  -------------------
/opt/airflow/dags/erp_to_minio_bronze_dag.py                                 1           0  0.20s           2025-11-13T03:12:32
/opt/airflow/dags/transform_silver_gold_dbt_dag.py                           1           0  0.10s           2025-11-13T03:13:01
================================================================================
[2025-11-13T03:13:31.929+0000] {manager.py:879} INFO - 
================================================================================
DAG File Processing Stats

File Path                                           PID    Runtime      # DAGs    # Errors  Last Runtime    Last Run
--------------------------------------------------  -----  ---------  --------  ----------  --------------  -------------------
/opt/airflow/dags/erp_to_minio_bronze_dag.py                                 1           0  0.20s           2025-11-13T03:13:02
/opt/airflow/dags/transform_silver_gold_dbt_dag.py                           1           0  0.10s           2025-11-13T03:13:31
================================================================================
[2025-11-13T03:14:02.337+0000] {manager.py:879} INFO - 
================================================================================
DAG File Processing Stats

File Path                                           PID    Runtime      # DAGs    # Errors  Last Runtime    Last Run
--------------------------------------------------  -----  ---------  --------  ----------  --------------  -------------------
/opt/airflow/dags/erp_to_minio_bronze_dag.py                                 1           0  0.20s           2025-11-13T03:13:32
/opt/airflow/dags/transform_silver_gold_dbt_dag.py                           1           0  0.20s           2025-11-13T03:14:02
================================================================================
[2025-11-13T03:14:32.621+0000] {manager.py:879} INFO - 
================================================================================
DAG File Processing Stats

File Path                                           PID    Runtime      # DAGs    # Errors  Last Runtime    Last Run
--------------------------------------------------  -----  ---------  --------  ----------  --------------  -------------------
/opt/airflow/dags/erp_to_minio_bronze_dag.py                                 1           0  0.20s           2025-11-13T03:14:03
/opt/airflow/dags/transform_silver_gold_dbt_dag.py                           1           0  0.11s           2025-11-13T03:14:32
================================================================================
[2025-11-13T03:15:01.802+0000] {manager.py:738} INFO - Searching for files in /opt/airflow/dags
[2025-11-13T03:15:01.856+0000] {manager.py:741} INFO - There are 2 files in /opt/airflow/dags
[2025-11-13T03:15:03.019+0000] {manager.py:879} INFO - 
================================================================================
DAG File Processing Stats

File Path                                           PID    Runtime      # DAGs    # Errors  Last Runtime    Last Run
--------------------------------------------------  -----  ---------  --------  ----------  --------------  -------------------
/opt/airflow/dags/erp_to_minio_bronze_dag.py                                 1           0  0.20s           2025-11-13T03:14:33
/opt/airflow/dags/transform_silver_gold_dbt_dag.py                           1           0  0.20s           2025-11-13T03:15:03
================================================================================
[2025-11-13T03:15:33.310+0000] {manager.py:879} INFO - 
================================================================================
DAG File Processing Stats

File Path                                           PID    Runtime      # DAGs    # Errors  Last Runtime    Last Run
--------------------------------------------------  -----  ---------  --------  ----------  --------------  -------------------
/opt/airflow/dags/erp_to_minio_bronze_dag.py                                 1           0  0.20s           2025-11-13T03:15:03
/opt/airflow/dags/transform_silver_gold_dbt_dag.py                           1           0  0.10s           2025-11-13T03:15:33
================================================================================
[2025-11-13T03:16:03.590+0000] {manager.py:879} INFO - 
================================================================================
DAG File Processing Stats

File Path                                           PID    Runtime      # DAGs    # Errors  Last Runtime    Last Run
--------------------------------------------------  -----  ---------  --------  ----------  --------------  -------------------
/opt/airflow/dags/erp_to_minio_bronze_dag.py                                 1           0  0.20s           2025-11-13T03:15:34
/opt/airflow/dags/transform_silver_gold_dbt_dag.py                           1           0  0.10s           2025-11-13T03:16:03
================================================================================
[2025-11-13T03:16:33.888+0000] {manager.py:879} INFO - 
================================================================================
DAG File Processing Stats

File Path                                           PID    Runtime      # DAGs    # Errors  Last Runtime    Last Run
--------------------------------------------------  -----  ---------  --------  ----------  --------------  -------------------
/opt/airflow/dags/erp_to_minio_bronze_dag.py                                 1           0  0.20s           2025-11-13T03:16:04
/opt/airflow/dags/transform_silver_gold_dbt_dag.py                           1           0  0.10s           2025-11-13T03:16:33
================================================================================
[2025-11-13T03:17:04.155+0000] {manager.py:879} INFO - 
================================================================================
DAG File Processing Stats

File Path                                           PID    Runtime      # DAGs    # Errors  Last Runtime    Last Run
--------------------------------------------------  -----  ---------  --------  ----------  --------------  -------------------
/opt/airflow/dags/erp_to_minio_bronze_dag.py                                 1           0  0.20s           2025-11-13T03:16:34
/opt/airflow/dags/transform_silver_gold_dbt_dag.py                           1           0  0.10s           2025-11-13T03:17:04
================================================================================
[2025-11-13T03:17:34.455+0000] {manager.py:879} INFO - 
================================================================================
DAG File Processing Stats

File Path                                           PID    Runtime      # DAGs    # Errors  Last Runtime    Last Run
--------------------------------------------------  -----  ---------  --------  ----------  --------------  -------------------
/opt/airflow/dags/erp_to_minio_bronze_dag.py                                 1           0  0.20s           2025-11-13T03:17:04
/opt/airflow/dags/transform_silver_gold_dbt_dag.py                           1           0  0.10s           2025-11-13T03:17:34
================================================================================
[2025-11-13T03:18:04.857+0000] {manager.py:879} INFO - 
================================================================================
DAG File Processing Stats

File Path                                           PID    Runtime      # DAGs    # Errors  Last Runtime    Last Run
--------------------------------------------------  -----  ---------  --------  ----------  --------------  -------------------
/opt/airflow/dags/erp_to_minio_bronze_dag.py                                 1           0  0.20s           2025-11-13T03:17:35
/opt/airflow/dags/transform_silver_gold_dbt_dag.py                           1           0  0.20s           2025-11-13T03:18:04
================================================================================
[2025-11-13T03:18:35.152+0000] {manager.py:879} INFO - 
================================================================================
DAG File Processing Stats

File Path                                           PID    Runtime      # DAGs    # Errors  Last Runtime    Last Run
--------------------------------------------------  -----  ---------  --------  ----------  --------------  -------------------
/opt/airflow/dags/erp_to_minio_bronze_dag.py                                 1           0  0.20s           2025-11-13T03:18:05
/opt/airflow/dags/transform_silver_gold_dbt_dag.py                           1           0  0.10s           2025-11-13T03:18:35
================================================================================
[2025-11-13T03:19:05.465+0000] {manager.py:879} INFO - 
================================================================================
DAG File Processing Stats

File Path                                           PID    Runtime      # DAGs    # Errors  Last Runtime    Last Run
--------------------------------------------------  -----  ---------  --------  ----------  --------------  -------------------
/opt/airflow/dags/erp_to_minio_bronze_dag.py                                 1           0  0.20s           2025-11-13T03:18:35
/opt/airflow/dags/transform_silver_gold_dbt_dag.py                           1           0  0.10s           2025-11-13T03:19:05
================================================================================
[2025-11-13T03:19:35.752+0000] {manager.py:879} INFO - 
================================================================================
DAG File Processing Stats

File Path                                           PID    Runtime      # DAGs    # Errors  Last Runtime    Last Run
--------------------------------------------------  -----  ---------  --------  ----------  --------------  -------------------
/opt/airflow/dags/erp_to_minio_bronze_dag.py                                 1           0  0.20s           2025-11-13T03:19:05
/opt/airflow/dags/transform_silver_gold_dbt_dag.py                           1           0  0.10s           2025-11-13T03:19:35
================================================================================
[2025-11-13T03:20:01.936+0000] {manager.py:738} INFO - Searching for files in /opt/airflow/dags
[2025-11-13T03:20:01.971+0000] {manager.py:741} INFO - There are 2 files in /opt/airflow/dags
[2025-11-13T03:20:06.051+0000] {manager.py:879} INFO - 
================================================================================
DAG File Processing Stats

File Path                                           PID    Runtime      # DAGs    # Errors  Last Runtime    Last Run
--------------------------------------------------  -----  ---------  --------  ----------  --------------  -------------------
/opt/airflow/dags/erp_to_minio_bronze_dag.py                                 1           0  0.20s           2025-11-13T03:19:36
/opt/airflow/dags/transform_silver_gold_dbt_dag.py                           1           0  0.10s           2025-11-13T03:20:06
================================================================================
[2025-11-13T03:20:36.458+0000] {manager.py:879} INFO - 
================================================================================
DAG File Processing Stats

File Path                                           PID    Runtime      # DAGs    # Errors  Last Runtime    Last Run
--------------------------------------------------  -----  ---------  --------  ----------  --------------  -------------------
/opt/airflow/dags/erp_to_minio_bronze_dag.py                                 1           0  0.20s           2025-11-13T03:20:06
/opt/airflow/dags/transform_silver_gold_dbt_dag.py                           1           0  0.20s           2025-11-13T03:20:36
================================================================================
[2025-11-13T03:21:06.626+0000] {manager.py:879} INFO - 
================================================================================
DAG File Processing Stats

File Path                                           PID    Runtime      # DAGs    # Errors  Last Runtime    Last Run
--------------------------------------------------  -----  ---------  --------  ----------  --------------  -------------------
/opt/airflow/dags/erp_to_minio_bronze_dag.py                                 1           0  0.20s           2025-11-13T03:20:37
/opt/airflow/dags/transform_silver_gold_dbt_dag.py                           1           0  0.10s           2025-11-13T03:21:06
================================================================================
[2025-11-13T03:21:36.817+0000] {manager.py:879} INFO - 
================================================================================
DAG File Processing Stats

File Path                                           PID    Runtime      # DAGs    # Errors  Last Runtime    Last Run
--------------------------------------------------  -----  ---------  --------  ----------  --------------  -------------------
/opt/airflow/dags/erp_to_minio_bronze_dag.py                                 1           0  0.20s           2025-11-13T03:21:08
/opt/airflow/dags/transform_silver_gold_dbt_dag.py                           1           0  0.11s           2025-11-13T03:21:36
================================================================================
[2025-11-13T03:22:06.983+0000] {manager.py:879} INFO - 
================================================================================
DAG File Processing Stats

File Path                                           PID    Runtime      # DAGs    # Errors  Last Runtime    Last Run
--------------------------------------------------  -----  ---------  --------  ----------  --------------  -------------------
/opt/airflow/dags/erp_to_minio_bronze_dag.py                                 1           0  0.20s           2025-11-13T03:21:40
/opt/airflow/dags/transform_silver_gold_dbt_dag.py                           1           0  0.10s           2025-11-13T03:22:06
================================================================================
[2025-11-13T03:22:37.148+0000] {manager.py:879} INFO - 
================================================================================
DAG File Processing Stats

File Path                                           PID    Runtime      # DAGs    # Errors  Last Runtime    Last Run
--------------------------------------------------  -----  ---------  --------  ----------  --------------  -------------------
/opt/airflow/dags/erp_to_minio_bronze_dag.py                                 1           0  0.20s           2025-11-13T03:22:11
/opt/airflow/dags/transform_silver_gold_dbt_dag.py                           1           0  0.10s           2025-11-13T03:22:37
================================================================================
[2025-11-13T03:23:07.313+0000] {manager.py:879} INFO - 
================================================================================
DAG File Processing Stats

File Path                                           PID    Runtime      # DAGs    # Errors  Last Runtime    Last Run
--------------------------------------------------  -----  ---------  --------  ----------  --------------  -------------------
/opt/airflow/dags/erp_to_minio_bronze_dag.py                                 1           0  0.20s           2025-11-13T03:22:42
/opt/airflow/dags/transform_silver_gold_dbt_dag.py                           1           0  0.10s           2025-11-13T03:23:07
================================================================================
[2025-11-13T03:23:37.588+0000] {manager.py:879} INFO - 
================================================================================
DAG File Processing Stats

File Path                                           PID    Runtime      # DAGs    # Errors  Last Runtime    Last Run
--------------------------------------------------  -----  ---------  --------  ----------  --------------  -------------------
/opt/airflow/dags/erp_to_minio_bronze_dag.py                                 1           0  0.20s           2025-11-13T03:23:12
/opt/airflow/dags/transform_silver_gold_dbt_dag.py                           1           0  0.20s           2025-11-13T03:23:37
================================================================================
[2025-11-13T03:24:07.746+0000] {manager.py:879} INFO - 
================================================================================
DAG File Processing Stats

File Path                                           PID    Runtime      # DAGs    # Errors  Last Runtime    Last Run
--------------------------------------------------  -----  ---------  --------  ----------  --------------  -------------------
/opt/airflow/dags/erp_to_minio_bronze_dag.py                                 1           0  0.20s           2025-11-13T03:23:43
/opt/airflow/dags/transform_silver_gold_dbt_dag.py                           1           0  0.10s           2025-11-13T03:24:07
================================================================================
[2025-11-13T03:24:37.905+0000] {manager.py:879} INFO - 
================================================================================
DAG File Processing Stats

File Path                                           PID    Runtime      # DAGs    # Errors  Last Runtime    Last Run
--------------------------------------------------  -----  ---------  --------  ----------  --------------  -------------------
/opt/airflow/dags/erp_to_minio_bronze_dag.py                                 1           0  0.20s           2025-11-13T03:24:13
/opt/airflow/dags/transform_silver_gold_dbt_dag.py                           1           0  0.10s           2025-11-13T03:24:37
================================================================================
[2025-11-13T03:25:02.146+0000] {manager.py:738} INFO - Searching for files in /opt/airflow/dags
[2025-11-13T03:25:02.187+0000] {manager.py:741} INFO - There are 2 files in /opt/airflow/dags
[2025-11-13T03:25:08.070+0000] {manager.py:879} INFO - 
================================================================================
DAG File Processing Stats

File Path                                           PID    Runtime      # DAGs    # Errors  Last Runtime    Last Run
--------------------------------------------------  -----  ---------  --------  ----------  --------------  -------------------
/opt/airflow/dags/erp_to_minio_bronze_dag.py                                 1           0  0.20s           2025-11-13T03:24:43
/opt/airflow/dags/transform_silver_gold_dbt_dag.py                           1           0  0.10s           2025-11-13T03:25:08
================================================================================
[2025-11-13T03:25:38.235+0000] {manager.py:879} INFO - 
================================================================================
DAG File Processing Stats

File Path                                           PID    Runtime      # DAGs    # Errors  Last Runtime    Last Run
--------------------------------------------------  -----  ---------  --------  ----------  --------------  -------------------
/opt/airflow/dags/erp_to_minio_bronze_dag.py                                 1           0  0.20s           2025-11-13T03:25:14
/opt/airflow/dags/transform_silver_gold_dbt_dag.py                           1           0  0.10s           2025-11-13T03:25:38
================================================================================
[2025-11-13T03:26:08.399+0000] {manager.py:879} INFO - 
================================================================================
DAG File Processing Stats

File Path                                           PID    Runtime      # DAGs    # Errors  Last Runtime    Last Run
--------------------------------------------------  -----  ---------  --------  ----------  --------------  -------------------
/opt/airflow/dags/erp_to_minio_bronze_dag.py                                 1           0  0.20s           2025-11-13T03:25:44
/opt/airflow/dags/transform_silver_gold_dbt_dag.py                           1           0  0.10s           2025-11-13T03:26:08
================================================================================
[2025-11-13T03:26:38.560+0000] {manager.py:879} INFO - 
================================================================================
DAG File Processing Stats

File Path                                           PID    Runtime      # DAGs    # Errors  Last Runtime    Last Run
--------------------------------------------------  -----  ---------  --------  ----------  --------------  -------------------
/opt/airflow/dags/erp_to_minio_bronze_dag.py                                 1           0  0.20s           2025-11-13T03:26:15
/opt/airflow/dags/transform_silver_gold_dbt_dag.py                           1           0  0.10s           2025-11-13T03:26:38
================================================================================
[2025-11-13T03:27:08.730+0000] {manager.py:879} INFO - 
================================================================================
DAG File Processing Stats

File Path                                           PID    Runtime      # DAGs    # Errors  Last Runtime    Last Run
--------------------------------------------------  -----  ---------  --------  ----------  --------------  -------------------
/opt/airflow/dags/erp_to_minio_bronze_dag.py                                 1           0  0.20s           2025-11-13T03:26:45
/opt/airflow/dags/transform_silver_gold_dbt_dag.py                           1           0  0.10s           2025-11-13T03:27:08
================================================================================
[2025-11-13T03:27:38.893+0000] {manager.py:879} INFO - 
================================================================================
DAG File Processing Stats

File Path                                           PID    Runtime      # DAGs    # Errors  Last Runtime    Last Run
--------------------------------------------------  -----  ---------  --------  ----------  --------------  -------------------
/opt/airflow/dags/erp_to_minio_bronze_dag.py                                 1           0  0.20s           2025-11-13T03:27:15
/opt/airflow/dags/transform_silver_gold_dbt_dag.py                           1           0  0.10s           2025-11-13T03:27:38
================================================================================
[2025-11-13T03:28:09.059+0000] {manager.py:879} INFO - 
================================================================================
DAG File Processing Stats

File Path                                           PID    Runtime      # DAGs    # Errors  Last Runtime    Last Run
--------------------------------------------------  -----  ---------  --------  ----------  --------------  -------------------
/opt/airflow/dags/erp_to_minio_bronze_dag.py                                 1           0  0.20s           2025-11-13T03:27:46
/opt/airflow/dags/transform_silver_gold_dbt_dag.py                           1           0  0.10s           2025-11-13T03:28:09
================================================================================
[2025-11-13T03:28:39.223+0000] {manager.py:879} INFO - 
================================================================================
DAG File Processing Stats

File Path                                           PID    Runtime      # DAGs    # Errors  Last Runtime    Last Run
--------------------------------------------------  -----  ---------  --------  ----------  --------------  -------------------
/opt/airflow/dags/erp_to_minio_bronze_dag.py                                 1           0  0.20s           2025-11-13T03:28:16
/opt/airflow/dags/transform_silver_gold_dbt_dag.py                           1           0  0.10s           2025-11-13T03:28:39
================================================================================
[2025-11-13T03:29:09.390+0000] {manager.py:879} INFO - 
================================================================================
DAG File Processing Stats

File Path                                           PID    Runtime      # DAGs    # Errors  Last Runtime    Last Run
--------------------------------------------------  -----  ---------  --------  ----------  --------------  -------------------
/opt/airflow/dags/erp_to_minio_bronze_dag.py                                 1           0  0.20s           2025-11-13T03:28:47
/opt/airflow/dags/transform_silver_gold_dbt_dag.py                           1           0  0.10s           2025-11-13T03:29:09
================================================================================
[2025-11-13T03:29:39.554+0000] {manager.py:879} INFO - 
================================================================================
DAG File Processing Stats

File Path                                           PID    Runtime      # DAGs    # Errors  Last Runtime    Last Run
--------------------------------------------------  -----  ---------  --------  ----------  --------------  -------------------
/opt/airflow/dags/erp_to_minio_bronze_dag.py                                 1           0  0.20s           2025-11-13T03:29:17
/opt/airflow/dags/transform_silver_gold_dbt_dag.py                           1           0  0.10s           2025-11-13T03:29:39
================================================================================
[2025-11-13T03:30:02.299+0000] {manager.py:738} INFO - Searching for files in /opt/airflow/dags
[2025-11-13T03:30:02.349+0000] {manager.py:741} INFO - There are 2 files in /opt/airflow/dags
[2025-11-13T03:30:09.720+0000] {manager.py:879} INFO - 
================================================================================
DAG File Processing Stats

File Path                                           PID    Runtime      # DAGs    # Errors  Last Runtime    Last Run
--------------------------------------------------  -----  ---------  --------  ----------  --------------  -------------------
/opt/airflow/dags/erp_to_minio_bronze_dag.py                                 1           0  0.20s           2025-11-13T03:29:47
/opt/airflow/dags/transform_silver_gold_dbt_dag.py                           1           0  0.10s           2025-11-13T03:30:09
================================================================================
[2025-11-13T03:30:39.886+0000] {manager.py:879} INFO - 
================================================================================
DAG File Processing Stats

File Path                                           PID    Runtime      # DAGs    # Errors  Last Runtime    Last Run
--------------------------------------------------  -----  ---------  --------  ----------  --------------  -------------------
/opt/airflow/dags/erp_to_minio_bronze_dag.py                                 1           0  0.21s           2025-11-13T03:30:18
/opt/airflow/dags/transform_silver_gold_dbt_dag.py                           1           0  0.11s           2025-11-13T03:30:39
================================================================================
[2025-11-13T03:31:10.050+0000] {manager.py:879} INFO - 
================================================================================
DAG File Processing Stats

File Path                                           PID    Runtime      # DAGs    # Errors  Last Runtime    Last Run
--------------------------------------------------  -----  ---------  --------  ----------  --------------  -------------------
/opt/airflow/dags/erp_to_minio_bronze_dag.py                                 1           0  0.20s           2025-11-13T03:30:48
/opt/airflow/dags/transform_silver_gold_dbt_dag.py                           1           0  0.10s           2025-11-13T03:31:10
================================================================================
[2025-11-13T03:31:40.215+0000] {manager.py:879} INFO - 
================================================================================
DAG File Processing Stats

File Path                                           PID    Runtime      # DAGs    # Errors  Last Runtime    Last Run
--------------------------------------------------  -----  ---------  --------  ----------  --------------  -------------------
/opt/airflow/dags/erp_to_minio_bronze_dag.py                                 1           0  0.20s           2025-11-13T03:31:19
/opt/airflow/dags/transform_silver_gold_dbt_dag.py                           1           0  0.10s           2025-11-13T03:31:40
================================================================================
[2025-11-13T03:32:10.380+0000] {manager.py:879} INFO - 
================================================================================
DAG File Processing Stats

File Path                                           PID    Runtime      # DAGs    # Errors  Last Runtime    Last Run
--------------------------------------------------  -----  ---------  --------  ----------  --------------  -------------------
/opt/airflow/dags/erp_to_minio_bronze_dag.py                                 1           0  0.20s           2025-11-13T03:31:49
/opt/airflow/dags/transform_silver_gold_dbt_dag.py                           1           0  0.10s           2025-11-13T03:32:10
================================================================================
[2025-11-13T03:32:40.545+0000] {manager.py:879} INFO - 
================================================================================
DAG File Processing Stats

File Path                                           PID    Runtime      # DAGs    # Errors  Last Runtime    Last Run
--------------------------------------------------  -----  ---------  --------  ----------  --------------  -------------------
/opt/airflow/dags/erp_to_minio_bronze_dag.py                                 1           0  0.20s           2025-11-13T03:32:19
/opt/airflow/dags/transform_silver_gold_dbt_dag.py                           1           0  0.10s           2025-11-13T03:32:40
================================================================================
[2025-11-13T03:33:10.706+0000] {manager.py:879} INFO - 
================================================================================
DAG File Processing Stats

File Path                                           PID    Runtime      # DAGs    # Errors  Last Runtime    Last Run
--------------------------------------------------  -----  ---------  --------  ----------  --------------  -------------------
/opt/airflow/dags/erp_to_minio_bronze_dag.py                                 1           0  0.20s           2025-11-13T03:32:50
/opt/airflow/dags/transform_silver_gold_dbt_dag.py                           1           0  0.10s           2025-11-13T03:33:10
================================================================================
[2025-11-13T03:33:40.868+0000] {manager.py:879} INFO - 
================================================================================
DAG File Processing Stats

File Path                                           PID    Runtime      # DAGs    # Errors  Last Runtime    Last Run
--------------------------------------------------  -----  ---------  --------  ----------  --------------  -------------------
/opt/airflow/dags/erp_to_minio_bronze_dag.py                                 1           0  0.20s           2025-11-13T03:33:20
/opt/airflow/dags/transform_silver_gold_dbt_dag.py                           1           0  0.10s           2025-11-13T03:33:40
================================================================================
[2025-11-13T03:34:11.043+0000] {manager.py:879} INFO - 
================================================================================
DAG File Processing Stats

File Path                                           PID    Runtime      # DAGs    # Errors  Last Runtime    Last Run
--------------------------------------------------  -----  ---------  --------  ----------  --------------  -------------------
/opt/airflow/dags/erp_to_minio_bronze_dag.py                                 1           0  0.20s           2025-11-13T03:33:51
/opt/airflow/dags/transform_silver_gold_dbt_dag.py                           1           0  0.10s           2025-11-13T03:34:11
================================================================================
[2025-11-13T03:34:41.211+0000] {manager.py:879} INFO - 
================================================================================
DAG File Processing Stats

File Path                                           PID    Runtime      # DAGs    # Errors  Last Runtime    Last Run
--------------------------------------------------  -----  ---------  --------  ----------  --------------  -------------------
/opt/airflow/dags/erp_to_minio_bronze_dag.py                                 1           0  0.20s           2025-11-13T03:34:21
/opt/airflow/dags/transform_silver_gold_dbt_dag.py                           1           0  0.10s           2025-11-13T03:34:41
================================================================================
[2025-11-13T03:35:02.458+0000] {manager.py:738} INFO - Searching for files in /opt/airflow/dags
[2025-11-13T03:35:02.489+0000] {manager.py:741} INFO - There are 2 files in /opt/airflow/dags
[2025-11-13T03:35:11.374+0000] {manager.py:879} INFO - 
================================================================================
DAG File Processing Stats

File Path                                           PID    Runtime      # DAGs    # Errors  Last Runtime    Last Run
--------------------------------------------------  -----  ---------  --------  ----------  --------------  -------------------
/opt/airflow/dags/erp_to_minio_bronze_dag.py                                 1           0  0.20s           2025-11-13T03:34:51
/opt/airflow/dags/transform_silver_gold_dbt_dag.py                           1           0  0.10s           2025-11-13T03:35:11
================================================================================
[2025-11-13T03:35:41.533+0000] {manager.py:879} INFO - 
================================================================================
DAG File Processing Stats

File Path                                           PID    Runtime      # DAGs    # Errors  Last Runtime    Last Run
--------------------------------------------------  -----  ---------  --------  ----------  --------------  -------------------
/opt/airflow/dags/erp_to_minio_bronze_dag.py                                 1           0  0.20s           2025-11-13T03:35:22
/opt/airflow/dags/transform_silver_gold_dbt_dag.py                           1           0  0.10s           2025-11-13T03:35:41
================================================================================
[2025-11-13T03:36:11.693+0000] {manager.py:879} INFO - 
================================================================================
DAG File Processing Stats

File Path                                           PID    Runtime      # DAGs    # Errors  Last Runtime    Last Run
--------------------------------------------------  -----  ---------  --------  ----------  --------------  -------------------
/opt/airflow/dags/erp_to_minio_bronze_dag.py                                 1           0  0.20s           2025-11-13T03:35:52
/opt/airflow/dags/transform_silver_gold_dbt_dag.py                           1           0  0.10s           2025-11-13T03:36:11
================================================================================
[2025-11-13T03:36:41.855+0000] {manager.py:879} INFO - 
================================================================================
DAG File Processing Stats

File Path                                           PID    Runtime      # DAGs    # Errors  Last Runtime    Last Run
--------------------------------------------------  -----  ---------  --------  ----------  --------------  -------------------
/opt/airflow/dags/erp_to_minio_bronze_dag.py                                 1           0  0.20s           2025-11-13T03:36:22
/opt/airflow/dags/transform_silver_gold_dbt_dag.py                           1           0  0.10s           2025-11-13T03:36:41
================================================================================
[2025-11-13T03:37:12.027+0000] {manager.py:879} INFO - 
================================================================================
DAG File Processing Stats

File Path                                           PID    Runtime      # DAGs    # Errors  Last Runtime    Last Run
--------------------------------------------------  -----  ---------  --------  ----------  --------------  -------------------
/opt/airflow/dags/erp_to_minio_bronze_dag.py                                 1           0  0.20s           2025-11-13T03:36:52
/opt/airflow/dags/transform_silver_gold_dbt_dag.py                           1           0  0.11s           2025-11-13T03:37:12
================================================================================
[2025-11-13T03:37:42.191+0000] {manager.py:879} INFO - 
================================================================================
DAG File Processing Stats

File Path                                           PID    Runtime      # DAGs    # Errors  Last Runtime    Last Run
--------------------------------------------------  -----  ---------  --------  ----------  --------------  -------------------
/opt/airflow/dags/erp_to_minio_bronze_dag.py                                 1           0  0.20s           2025-11-13T03:37:23
/opt/airflow/dags/transform_silver_gold_dbt_dag.py                           1           0  0.11s           2025-11-13T03:37:42
================================================================================
[2025-11-13T03:38:12.459+0000] {manager.py:879} INFO - 
================================================================================
DAG File Processing Stats

File Path                                           PID    Runtime      # DAGs    # Errors  Last Runtime    Last Run
--------------------------------------------------  -----  ---------  --------  ----------  --------------  -------------------
/opt/airflow/dags/erp_to_minio_bronze_dag.py                                 1           0  0.20s           2025-11-13T03:37:53
/opt/airflow/dags/transform_silver_gold_dbt_dag.py                           1           0  0.20s           2025-11-13T03:38:12
================================================================================
[2025-11-13T03:38:42.630+0000] {manager.py:879} INFO - 
================================================================================
DAG File Processing Stats

File Path                                           PID    Runtime      # DAGs    # Errors  Last Runtime    Last Run
--------------------------------------------------  -----  ---------  --------  ----------  --------------  -------------------
/opt/airflow/dags/erp_to_minio_bronze_dag.py                                 1           0  0.20s           2025-11-13T03:38:23
/opt/airflow/dags/transform_silver_gold_dbt_dag.py                           1           0  0.10s           2025-11-13T03:38:42
================================================================================
[2025-11-13T03:39:12.795+0000] {manager.py:879} INFO - 
================================================================================
DAG File Processing Stats

File Path                                           PID    Runtime      # DAGs    # Errors  Last Runtime    Last Run
--------------------------------------------------  -----  ---------  --------  ----------  --------------  -------------------
/opt/airflow/dags/erp_to_minio_bronze_dag.py                                 1           0  0.20s           2025-11-13T03:38:54
/opt/airflow/dags/transform_silver_gold_dbt_dag.py                           1           0  0.10s           2025-11-13T03:39:12
================================================================================
[2025-11-13T03:39:42.960+0000] {manager.py:879} INFO - 
================================================================================
DAG File Processing Stats

File Path                                           PID    Runtime      # DAGs    # Errors  Last Runtime    Last Run
--------------------------------------------------  -----  ---------  --------  ----------  --------------  -------------------
/opt/airflow/dags/erp_to_minio_bronze_dag.py                                 1           0  0.20s           2025-11-13T03:39:24
/opt/airflow/dags/transform_silver_gold_dbt_dag.py                           1           0  0.10s           2025-11-13T03:39:42
================================================================================
[2025-11-13T03:40:02.595+0000] {manager.py:738} INFO - Searching for files in /opt/airflow/dags
[2025-11-13T03:40:02.637+0000] {manager.py:741} INFO - There are 2 files in /opt/airflow/dags
[2025-11-13T03:40:13.226+0000] {manager.py:879} INFO - 
================================================================================
DAG File Processing Stats

File Path                                           PID    Runtime      # DAGs    # Errors  Last Runtime    Last Run
--------------------------------------------------  -----  ---------  --------  ----------  --------------  -------------------
/opt/airflow/dags/erp_to_minio_bronze_dag.py                                 1           0  0.20s           2025-11-13T03:39:54
/opt/airflow/dags/transform_silver_gold_dbt_dag.py                           1           0  0.20s           2025-11-13T03:40:13
================================================================================
[2025-11-13T03:40:43.390+0000] {manager.py:879} INFO - 
================================================================================
DAG File Processing Stats

File Path                                           PID    Runtime      # DAGs    # Errors  Last Runtime    Last Run
--------------------------------------------------  -----  ---------  --------  ----------  --------------  -------------------
/opt/airflow/dags/erp_to_minio_bronze_dag.py                                 1           0  0.20s           2025-11-13T03:40:24
/opt/airflow/dags/transform_silver_gold_dbt_dag.py                           1           0  0.10s           2025-11-13T03:40:43
================================================================================
[2025-11-13T03:41:13.554+0000] {manager.py:879} INFO - 
================================================================================
DAG File Processing Stats

File Path                                           PID    Runtime      # DAGs    # Errors  Last Runtime    Last Run
--------------------------------------------------  -----  ---------  --------  ----------  --------------  -------------------
/opt/airflow/dags/erp_to_minio_bronze_dag.py                                 1           0  0.20s           2025-11-13T03:40:55
/opt/airflow/dags/transform_silver_gold_dbt_dag.py                           1           0  0.10s           2025-11-13T03:41:13
================================================================================
[2025-11-13T03:41:43.713+0000] {manager.py:879} INFO - 
================================================================================
DAG File Processing Stats

File Path                                           PID    Runtime      # DAGs    # Errors  Last Runtime    Last Run
--------------------------------------------------  -----  ---------  --------  ----------  --------------  -------------------
/opt/airflow/dags/erp_to_minio_bronze_dag.py                                 1           0  0.20s           2025-11-13T03:41:25
/opt/airflow/dags/transform_silver_gold_dbt_dag.py                           1           0  0.10s           2025-11-13T03:41:43
================================================================================
[2025-11-13T03:42:13.974+0000] {manager.py:879} INFO - 
================================================================================
DAG File Processing Stats

File Path                                           PID    Runtime      # DAGs    # Errors  Last Runtime    Last Run
--------------------------------------------------  -----  ---------  --------  ----------  --------------  -------------------
/opt/airflow/dags/erp_to_minio_bronze_dag.py                                 1           0  0.20s           2025-11-13T03:41:55
/opt/airflow/dags/transform_silver_gold_dbt_dag.py                           1           0  0.20s           2025-11-13T03:42:13
================================================================================
[2025-11-13T03:42:44.134+0000] {manager.py:879} INFO - 
================================================================================
DAG File Processing Stats

File Path                                           PID    Runtime      # DAGs    # Errors  Last Runtime    Last Run
--------------------------------------------------  -----  ---------  --------  ----------  --------------  -------------------
/opt/airflow/dags/erp_to_minio_bronze_dag.py                                 1           0  0.20s           2025-11-13T03:42:26
/opt/airflow/dags/transform_silver_gold_dbt_dag.py                           1           0  0.10s           2025-11-13T03:42:44
================================================================================
[2025-11-13T03:43:14.300+0000] {manager.py:879} INFO - 
================================================================================
DAG File Processing Stats

File Path                                           PID    Runtime      # DAGs    # Errors  Last Runtime    Last Run
--------------------------------------------------  -----  ---------  --------  ----------  --------------  -------------------
/opt/airflow/dags/erp_to_minio_bronze_dag.py                                 1           0  0.20s           2025-11-13T03:42:56
/opt/airflow/dags/transform_silver_gold_dbt_dag.py                           1           0  0.10s           2025-11-13T03:43:14
================================================================================
[2025-11-13T03:43:44.463+0000] {manager.py:879} INFO - 
================================================================================
DAG File Processing Stats

File Path                                           PID    Runtime      # DAGs    # Errors  Last Runtime    Last Run
--------------------------------------------------  -----  ---------  --------  ----------  --------------  -------------------
/opt/airflow/dags/erp_to_minio_bronze_dag.py                                 1           0  0.20s           2025-11-13T03:43:26
/opt/airflow/dags/transform_silver_gold_dbt_dag.py                           1           0  0.10s           2025-11-13T03:43:44
================================================================================
[2025-11-13T03:44:14.625+0000] {manager.py:879} INFO - 
================================================================================
DAG File Processing Stats

File Path                                           PID    Runtime      # DAGs    # Errors  Last Runtime    Last Run
--------------------------------------------------  -----  ---------  --------  ----------  --------------  -------------------
/opt/airflow/dags/erp_to_minio_bronze_dag.py                                 1           0  0.20s           2025-11-13T03:43:56
/opt/airflow/dags/transform_silver_gold_dbt_dag.py                           1           0  0.10s           2025-11-13T03:44:14
================================================================================
[2025-11-13T03:44:44.783+0000] {manager.py:879} INFO - 
================================================================================
DAG File Processing Stats

File Path                                           PID    Runtime      # DAGs    # Errors  Last Runtime    Last Run
--------------------------------------------------  -----  ---------  --------  ----------  --------------  -------------------
/opt/airflow/dags/erp_to_minio_bronze_dag.py                                 1           0  0.21s           2025-11-13T03:44:27
/opt/airflow/dags/transform_silver_gold_dbt_dag.py                           1           0  0.10s           2025-11-13T03:44:44
================================================================================
[2025-11-13T03:45:02.749+0000] {manager.py:738} INFO - Searching for files in /opt/airflow/dags
[2025-11-13T03:45:02.800+0000] {manager.py:741} INFO - There are 2 files in /opt/airflow/dags
[2025-11-13T03:45:14.944+0000] {manager.py:879} INFO - 
================================================================================
DAG File Processing Stats

File Path                                           PID    Runtime      # DAGs    # Errors  Last Runtime    Last Run
--------------------------------------------------  -----  ---------  --------  ----------  --------------  -------------------
/opt/airflow/dags/erp_to_minio_bronze_dag.py                                 1           0  0.20s           2025-11-13T03:44:57
/opt/airflow/dags/transform_silver_gold_dbt_dag.py                           1           0  0.10s           2025-11-13T03:45:14
================================================================================
[2025-11-13T03:45:45.082+0000] {manager.py:879} INFO - 
================================================================================
DAG File Processing Stats

File Path                                           PID    Runtime      # DAGs    # Errors  Last Runtime    Last Run
--------------------------------------------------  -----  ---------  --------  ----------  --------------  -------------------
/opt/airflow/dags/erp_to_minio_bronze_dag.py                                 1           0  0.20s           2025-11-13T03:45:27
/opt/airflow/dags/transform_silver_gold_dbt_dag.py                           1           0  0.10s           2025-11-13T03:45:45
================================================================================
[2025-11-13T03:46:15.251+0000] {manager.py:879} INFO - 
================================================================================
DAG File Processing Stats

File Path                                           PID    Runtime      # DAGs    # Errors  Last Runtime    Last Run
--------------------------------------------------  -----  ---------  --------  ----------  --------------  -------------------
/opt/airflow/dags/erp_to_minio_bronze_dag.py                                 1           0  0.20s           2025-11-13T03:45:58
/opt/airflow/dags/transform_silver_gold_dbt_dag.py                           1           0  0.10s           2025-11-13T03:46:15
================================================================================
[2025-11-13T03:46:45.421+0000] {manager.py:879} INFO - 
================================================================================
DAG File Processing Stats

File Path                                           PID    Runtime      # DAGs    # Errors  Last Runtime    Last Run
--------------------------------------------------  -----  ---------  --------  ----------  --------------  -------------------
/opt/airflow/dags/erp_to_minio_bronze_dag.py                                 1           0  0.20s           2025-11-13T03:46:28
/opt/airflow/dags/transform_silver_gold_dbt_dag.py                           1           0  0.10s           2025-11-13T03:46:45
================================================================================
[2025-11-13T03:47:15.585+0000] {manager.py:879} INFO - 
================================================================================
DAG File Processing Stats

File Path                                           PID    Runtime      # DAGs    # Errors  Last Runtime    Last Run
--------------------------------------------------  -----  ---------  --------  ----------  --------------  -------------------
/opt/airflow/dags/erp_to_minio_bronze_dag.py                                 1           0  0.20s           2025-11-13T03:46:58
/opt/airflow/dags/transform_silver_gold_dbt_dag.py                           1           0  0.10s           2025-11-13T03:47:15
================================================================================
[2025-11-13T03:47:45.753+0000] {manager.py:879} INFO - 
================================================================================
DAG File Processing Stats

File Path                                           PID    Runtime      # DAGs    # Errors  Last Runtime    Last Run
--------------------------------------------------  -----  ---------  --------  ----------  --------------  -------------------
/opt/airflow/dags/erp_to_minio_bronze_dag.py                                 1           0  0.20s           2025-11-13T03:47:28
/opt/airflow/dags/transform_silver_gold_dbt_dag.py                           1           0  0.10s           2025-11-13T03:47:45
================================================================================
[2025-11-13T03:48:15.916+0000] {manager.py:879} INFO - 
================================================================================
DAG File Processing Stats

File Path                                           PID    Runtime      # DAGs    # Errors  Last Runtime    Last Run
--------------------------------------------------  -----  ---------  --------  ----------  --------------  -------------------
/opt/airflow/dags/erp_to_minio_bronze_dag.py                                 1           0  0.20s           2025-11-13T03:47:59
/opt/airflow/dags/transform_silver_gold_dbt_dag.py                           1           0  0.10s           2025-11-13T03:48:15
================================================================================
[2025-11-13T03:48:46.091+0000] {manager.py:879} INFO - 
================================================================================
DAG File Processing Stats

File Path                                           PID    Runtime      # DAGs    # Errors  Last Runtime    Last Run
--------------------------------------------------  -----  ---------  --------  ----------  --------------  -------------------
/opt/airflow/dags/erp_to_minio_bronze_dag.py                                 1           0  0.20s           2025-11-13T03:48:29
/opt/airflow/dags/transform_silver_gold_dbt_dag.py                           1           0  0.11s           2025-11-13T03:48:46
================================================================================
[2025-11-13T03:49:16.246+0000] {manager.py:879} INFO - 
================================================================================
DAG File Processing Stats

File Path                                           PID    Runtime      # DAGs    # Errors  Last Runtime    Last Run
--------------------------------------------------  -----  ---------  --------  ----------  --------------  -------------------
/opt/airflow/dags/erp_to_minio_bronze_dag.py                                 1           0  0.20s           2025-11-13T03:48:59
/opt/airflow/dags/transform_silver_gold_dbt_dag.py                           1           0  0.10s           2025-11-13T03:49:16
================================================================================
[2025-11-13T03:49:46.409+0000] {manager.py:879} INFO - 
================================================================================
DAG File Processing Stats

File Path                                           PID    Runtime      # DAGs    # Errors  Last Runtime    Last Run
--------------------------------------------------  -----  ---------  --------  ----------  --------------  -------------------
/opt/airflow/dags/erp_to_minio_bronze_dag.py                                 1           0  0.20s           2025-11-13T03:49:30
/opt/airflow/dags/transform_silver_gold_dbt_dag.py                           1           0  0.10s           2025-11-13T03:49:46
================================================================================
[2025-11-13T03:50:02.918+0000] {manager.py:738} INFO - Searching for files in /opt/airflow/dags
[2025-11-13T03:50:02.971+0000] {manager.py:741} INFO - There are 2 files in /opt/airflow/dags
[2025-11-13T03:50:16.578+0000] {manager.py:879} INFO - 
================================================================================
DAG File Processing Stats

File Path                                           PID    Runtime      # DAGs    # Errors  Last Runtime    Last Run
--------------------------------------------------  -----  ---------  --------  ----------  --------------  -------------------
/opt/airflow/dags/erp_to_minio_bronze_dag.py                                 1           0  0.20s           2025-11-13T03:50:00
/opt/airflow/dags/transform_silver_gold_dbt_dag.py                           1           0  0.10s           2025-11-13T03:50:16
================================================================================
[2025-11-13T03:50:46.737+0000] {manager.py:879} INFO - 
================================================================================
DAG File Processing Stats

File Path                                           PID    Runtime      # DAGs    # Errors  Last Runtime    Last Run
--------------------------------------------------  -----  ---------  --------  ----------  --------------  -------------------
/opt/airflow/dags/erp_to_minio_bronze_dag.py                                 1           0  0.20s           2025-11-13T03:50:30
/opt/airflow/dags/transform_silver_gold_dbt_dag.py                           1           0  0.10s           2025-11-13T03:50:46
================================================================================
[2025-11-13T03:51:16.902+0000] {manager.py:879} INFO - 
================================================================================
DAG File Processing Stats

File Path                                           PID    Runtime      # DAGs    # Errors  Last Runtime    Last Run
--------------------------------------------------  -----  ---------  --------  ----------  --------------  -------------------
/opt/airflow/dags/erp_to_minio_bronze_dag.py                                 1           0  0.20s           2025-11-13T03:51:01
/opt/airflow/dags/transform_silver_gold_dbt_dag.py                           1           0  0.10s           2025-11-13T03:51:16
================================================================================
[2025-11-13T03:51:47.068+0000] {manager.py:879} INFO - 
================================================================================
DAG File Processing Stats

File Path                                           PID    Runtime      # DAGs    # Errors  Last Runtime    Last Run
--------------------------------------------------  -----  ---------  --------  ----------  --------------  -------------------
/opt/airflow/dags/erp_to_minio_bronze_dag.py                                 1           0  0.20s           2025-11-13T03:51:31
/opt/airflow/dags/transform_silver_gold_dbt_dag.py                           1           0  0.10s           2025-11-13T03:51:47
================================================================================
[2025-11-13T03:52:17.228+0000] {manager.py:879} INFO - 
================================================================================
DAG File Processing Stats

File Path                                           PID    Runtime      # DAGs    # Errors  Last Runtime    Last Run
--------------------------------------------------  -----  ---------  --------  ----------  --------------  -------------------
/opt/airflow/dags/erp_to_minio_bronze_dag.py                                 1           0  0.20s           2025-11-13T03:52:01
/opt/airflow/dags/transform_silver_gold_dbt_dag.py                           1           0  0.10s           2025-11-13T03:52:17
================================================================================
[2025-11-13T03:52:47.393+0000] {manager.py:879} INFO - 
================================================================================
DAG File Processing Stats

File Path                                           PID    Runtime      # DAGs    # Errors  Last Runtime    Last Run
--------------------------------------------------  -----  ---------  --------  ----------  --------------  -------------------
/opt/airflow/dags/erp_to_minio_bronze_dag.py                                 1           0  0.20s           2025-11-13T03:52:31
/opt/airflow/dags/transform_silver_gold_dbt_dag.py                           1           0  0.10s           2025-11-13T03:52:47
================================================================================
[2025-11-13T03:53:17.555+0000] {manager.py:879} INFO - 
================================================================================
DAG File Processing Stats

File Path                                           PID    Runtime      # DAGs    # Errors  Last Runtime    Last Run
--------------------------------------------------  -----  ---------  --------  ----------  --------------  -------------------
/opt/airflow/dags/erp_to_minio_bronze_dag.py                                 1           0  0.20s           2025-11-13T03:53:02
/opt/airflow/dags/transform_silver_gold_dbt_dag.py                           1           0  0.10s           2025-11-13T03:53:17
================================================================================
[2025-11-13T03:53:47.691+0000] {manager.py:879} INFO - 
================================================================================
DAG File Processing Stats

File Path                                           PID    Runtime      # DAGs    # Errors  Last Runtime    Last Run
--------------------------------------------------  -----  ---------  --------  ----------  --------------  -------------------
/opt/airflow/dags/erp_to_minio_bronze_dag.py                                 1           0  0.20s           2025-11-13T03:53:32
/opt/airflow/dags/transform_silver_gold_dbt_dag.py                           1           0  0.10s           2025-11-13T03:53:47
================================================================================
[2025-11-13T03:54:17.935+0000] {manager.py:879} INFO - 
================================================================================
DAG File Processing Stats

File Path                                           PID    Runtime      # DAGs    # Errors  Last Runtime    Last Run
--------------------------------------------------  -----  ---------  --------  ----------  --------------  -------------------
/opt/airflow/dags/erp_to_minio_bronze_dag.py                                 1           0  0.20s           2025-11-13T03:54:02
/opt/airflow/dags/transform_silver_gold_dbt_dag.py                           1           0  0.10s           2025-11-13T03:54:17
================================================================================
[2025-11-13T03:54:48.221+0000] {manager.py:879} INFO - 
================================================================================
DAG File Processing Stats

File Path                                           PID    Runtime      # DAGs    # Errors  Last Runtime    Last Run
--------------------------------------------------  -----  ---------  --------  ----------  --------------  -------------------
/opt/airflow/dags/erp_to_minio_bronze_dag.py                                 1           0  0.20s           2025-11-13T03:54:33
/opt/airflow/dags/transform_silver_gold_dbt_dag.py                           1           0  0.10s           2025-11-13T03:54:48
================================================================================
[2025-11-13T03:55:03.088+0000] {manager.py:738} INFO - Searching for files in /opt/airflow/dags
[2025-11-13T03:55:03.134+0000] {manager.py:741} INFO - There are 2 files in /opt/airflow/dags
[2025-11-13T03:55:18.393+0000] {manager.py:879} INFO - 
================================================================================
DAG File Processing Stats

File Path                                           PID    Runtime      # DAGs    # Errors  Last Runtime    Last Run
--------------------------------------------------  -----  ---------  --------  ----------  --------------  -------------------
/opt/airflow/dags/erp_to_minio_bronze_dag.py                                 1           0  0.11s           2025-11-13T03:55:03
/opt/airflow/dags/transform_silver_gold_dbt_dag.py                           1           0  0.10s           2025-11-13T03:55:18
================================================================================
[2025-11-13T03:55:48.697+0000] {manager.py:879} INFO - 
================================================================================
DAG File Processing Stats

File Path                                           PID    Runtime      # DAGs    # Errors  Last Runtime    Last Run
--------------------------------------------------  -----  ---------  --------  ----------  --------------  -------------------
/opt/airflow/dags/erp_to_minio_bronze_dag.py                                 1           0  0.20s           2025-11-13T03:55:33
/opt/airflow/dags/transform_silver_gold_dbt_dag.py                           1           0  0.10s           2025-11-13T03:55:48
================================================================================
[2025-11-13T03:56:18.981+0000] {manager.py:879} INFO - 
================================================================================
DAG File Processing Stats

File Path                                           PID    Runtime      # DAGs    # Errors  Last Runtime    Last Run
--------------------------------------------------  -----  ---------  --------  ----------  --------------  -------------------
/opt/airflow/dags/erp_to_minio_bronze_dag.py                                 1           0  0.20s           2025-11-13T03:56:03
/opt/airflow/dags/transform_silver_gold_dbt_dag.py                           1           0  0.10s           2025-11-13T03:56:18
================================================================================
[2025-11-13T03:56:49.272+0000] {manager.py:879} INFO - 
================================================================================
DAG File Processing Stats

File Path                                           PID    Runtime      # DAGs    # Errors  Last Runtime    Last Run
--------------------------------------------------  -----  ---------  --------  ----------  --------------  -------------------
/opt/airflow/dags/erp_to_minio_bronze_dag.py                                 1           0  0.20s           2025-11-13T03:56:34
/opt/airflow/dags/transform_silver_gold_dbt_dag.py                           1           0  0.10s           2025-11-13T03:56:49
================================================================================
[2025-11-13T03:57:19.569+0000] {manager.py:879} INFO - 
================================================================================
DAG File Processing Stats

File Path                                           PID    Runtime      # DAGs    # Errors  Last Runtime    Last Run
--------------------------------------------------  -----  ---------  --------  ----------  --------------  -------------------
/opt/airflow/dags/erp_to_minio_bronze_dag.py                                 1           0  0.20s           2025-11-13T03:57:04
/opt/airflow/dags/transform_silver_gold_dbt_dag.py                           1           0  0.10s           2025-11-13T03:57:19
================================================================================
[2025-11-13T03:57:49.858+0000] {manager.py:879} INFO - 
================================================================================
DAG File Processing Stats

File Path                                           PID    Runtime      # DAGs    # Errors  Last Runtime    Last Run
--------------------------------------------------  -----  ---------  --------  ----------  --------------  -------------------
/opt/airflow/dags/erp_to_minio_bronze_dag.py                                 1           0  0.20s           2025-11-13T03:57:34
/opt/airflow/dags/transform_silver_gold_dbt_dag.py                           1           0  0.10s           2025-11-13T03:57:49
================================================================================
[2025-11-13T03:58:20.162+0000] {manager.py:879} INFO - 
================================================================================
DAG File Processing Stats

File Path                                           PID    Runtime      # DAGs    # Errors  Last Runtime    Last Run
--------------------------------------------------  -----  ---------  --------  ----------  --------------  -------------------
/opt/airflow/dags/erp_to_minio_bronze_dag.py                                 1           0  0.20s           2025-11-13T03:58:05
/opt/airflow/dags/transform_silver_gold_dbt_dag.py                           1           0  0.10s           2025-11-13T03:58:20
================================================================================
[2025-11-13T03:58:50.457+0000] {manager.py:879} INFO - 
================================================================================
DAG File Processing Stats

File Path                                           PID    Runtime      # DAGs    # Errors  Last Runtime    Last Run
--------------------------------------------------  -----  ---------  --------  ----------  --------------  -------------------
/opt/airflow/dags/erp_to_minio_bronze_dag.py                                 1           0  0.20s           2025-11-13T03:58:35
/opt/airflow/dags/transform_silver_gold_dbt_dag.py                           1           0  0.10s           2025-11-13T03:58:50
================================================================================
[2025-11-13T03:59:20.752+0000] {manager.py:879} INFO - 
================================================================================
DAG File Processing Stats

File Path                                           PID    Runtime      # DAGs    # Errors  Last Runtime    Last Run
--------------------------------------------------  -----  ---------  --------  ----------  --------------  -------------------
/opt/airflow/dags/erp_to_minio_bronze_dag.py                                 1           0  0.20s           2025-11-13T03:59:05
/opt/airflow/dags/transform_silver_gold_dbt_dag.py                           1           0  0.10s           2025-11-13T03:59:20
================================================================================
[2025-11-13T03:59:51.037+0000] {manager.py:879} INFO - 
================================================================================
DAG File Processing Stats

File Path                                           PID    Runtime      # DAGs    # Errors  Last Runtime    Last Run
--------------------------------------------------  -----  ---------  --------  ----------  --------------  -------------------
/opt/airflow/dags/erp_to_minio_bronze_dag.py                                 1           0  0.20s           2025-11-13T03:59:35
/opt/airflow/dags/transform_silver_gold_dbt_dag.py                           1           0  0.10s           2025-11-13T03:59:51
================================================================================
[2025-11-13T04:00:03.142+0000] {manager.py:738} INFO - Searching for files in /opt/airflow/dags
[2025-11-13T04:00:03.191+0000] {manager.py:741} INFO - There are 2 files in /opt/airflow/dags
[2025-11-13T04:00:21.335+0000] {manager.py:879} INFO - 
================================================================================
DAG File Processing Stats

File Path                                           PID    Runtime      # DAGs    # Errors  Last Runtime    Last Run
--------------------------------------------------  -----  ---------  --------  ----------  --------------  -------------------
/opt/airflow/dags/erp_to_minio_bronze_dag.py                                 1           0  0.20s           2025-11-13T04:00:06
/opt/airflow/dags/transform_silver_gold_dbt_dag.py                           1           0  0.10s           2025-11-13T04:00:21
================================================================================
[2025-11-13T04:00:51.635+0000] {manager.py:879} INFO - 
================================================================================
DAG File Processing Stats

File Path                                           PID    Runtime      # DAGs    # Errors  Last Runtime    Last Run
--------------------------------------------------  -----  ---------  --------  ----------  --------------  -------------------
/opt/airflow/dags/erp_to_minio_bronze_dag.py                                 1           0  0.20s           2025-11-13T04:00:36
/opt/airflow/dags/transform_silver_gold_dbt_dag.py                           1           0  0.10s           2025-11-13T04:00:51
================================================================================
[2025-11-13T04:01:21.927+0000] {manager.py:879} INFO - 
================================================================================
DAG File Processing Stats

File Path                                           PID    Runtime      # DAGs    # Errors  Last Runtime    Last Run
--------------------------------------------------  -----  ---------  --------  ----------  --------------  -------------------
/opt/airflow/dags/erp_to_minio_bronze_dag.py                                 1           0  0.20s           2025-11-13T04:01:06
/opt/airflow/dags/transform_silver_gold_dbt_dag.py                           1           0  0.11s           2025-11-13T04:01:21
================================================================================
[2025-11-13T04:01:52.210+0000] {manager.py:879} INFO - 
================================================================================
DAG File Processing Stats

File Path                                           PID    Runtime      # DAGs    # Errors  Last Runtime    Last Run
--------------------------------------------------  -----  ---------  --------  ----------  --------------  -------------------
/opt/airflow/dags/erp_to_minio_bronze_dag.py                                 1           0  0.20s           2025-11-13T04:01:37
/opt/airflow/dags/transform_silver_gold_dbt_dag.py                           1           0  0.10s           2025-11-13T04:01:52
================================================================================
[2025-11-13T04:02:22.503+0000] {manager.py:879} INFO - 
================================================================================
DAG File Processing Stats

File Path                                           PID    Runtime      # DAGs    # Errors  Last Runtime    Last Run
--------------------------------------------------  -----  ---------  --------  ----------  --------------  -------------------
/opt/airflow/dags/erp_to_minio_bronze_dag.py                                 1           0  0.20s           2025-11-13T04:02:07
/opt/airflow/dags/transform_silver_gold_dbt_dag.py                           1           0  0.10s           2025-11-13T04:02:22
================================================================================
[2025-11-13T04:02:52.781+0000] {manager.py:879} INFO - 
================================================================================
DAG File Processing Stats

File Path                                           PID    Runtime      # DAGs    # Errors  Last Runtime    Last Run
--------------------------------------------------  -----  ---------  --------  ----------  --------------  -------------------
/opt/airflow/dags/erp_to_minio_bronze_dag.py                                 1           0  0.20s           2025-11-13T04:02:37
/opt/airflow/dags/transform_silver_gold_dbt_dag.py                           1           0  0.10s           2025-11-13T04:02:52
================================================================================
[2025-11-13T04:03:23.073+0000] {manager.py:879} INFO - 
================================================================================
DAG File Processing Stats

File Path                                           PID    Runtime      # DAGs    # Errors  Last Runtime    Last Run
--------------------------------------------------  -----  ---------  --------  ----------  --------------  -------------------
/opt/airflow/dags/erp_to_minio_bronze_dag.py                                 1           0  0.20s           2025-11-13T04:03:07
/opt/airflow/dags/transform_silver_gold_dbt_dag.py                           1           0  0.10s           2025-11-13T04:03:23
================================================================================
[2025-11-13T04:03:53.371+0000] {manager.py:879} INFO - 
================================================================================
DAG File Processing Stats

File Path                                           PID    Runtime      # DAGs    # Errors  Last Runtime    Last Run
--------------------------------------------------  -----  ---------  --------  ----------  --------------  -------------------
/opt/airflow/dags/erp_to_minio_bronze_dag.py                                 1           0  0.20s           2025-11-13T04:03:38
/opt/airflow/dags/transform_silver_gold_dbt_dag.py                           1           0  0.10s           2025-11-13T04:03:53
================================================================================
[2025-11-13T04:04:23.683+0000] {manager.py:879} INFO - 
================================================================================
DAG File Processing Stats

File Path                                           PID    Runtime      # DAGs    # Errors  Last Runtime    Last Run
--------------------------------------------------  -----  ---------  --------  ----------  --------------  -------------------
/opt/airflow/dags/erp_to_minio_bronze_dag.py                                 1           0  0.20s           2025-11-13T04:04:08
/opt/airflow/dags/transform_silver_gold_dbt_dag.py                           1           0  0.10s           2025-11-13T04:04:23
================================================================================
[2025-11-13T04:04:53.975+0000] {manager.py:879} INFO - 
================================================================================
DAG File Processing Stats

File Path                                           PID    Runtime      # DAGs    # Errors  Last Runtime    Last Run
--------------------------------------------------  -----  ---------  --------  ----------  --------------  -------------------
/opt/airflow/dags/erp_to_minio_bronze_dag.py                                 1           0  0.20s           2025-11-13T04:04:38
/opt/airflow/dags/transform_silver_gold_dbt_dag.py                           1           0  0.10s           2025-11-13T04:04:53
================================================================================
[2025-11-13T04:05:03.243+0000] {manager.py:738} INFO - Searching for files in /opt/airflow/dags
[2025-11-13T04:05:03.287+0000] {manager.py:741} INFO - There are 2 files in /opt/airflow/dags
[2025-11-13T04:05:24.262+0000] {manager.py:879} INFO - 
================================================================================
DAG File Processing Stats

File Path                                           PID    Runtime      # DAGs    # Errors  Last Runtime    Last Run
--------------------------------------------------  -----  ---------  --------  ----------  --------------  -------------------
/opt/airflow/dags/erp_to_minio_bronze_dag.py                                 1           0  0.20s           2025-11-13T04:05:09
/opt/airflow/dags/transform_silver_gold_dbt_dag.py                           1           0  0.10s           2025-11-13T04:05:24
================================================================================
[2025-11-13T04:05:54.558+0000] {manager.py:879} INFO - 
================================================================================
DAG File Processing Stats

File Path                                           PID    Runtime      # DAGs    # Errors  Last Runtime    Last Run
--------------------------------------------------  -----  ---------  --------  ----------  --------------  -------------------
/opt/airflow/dags/erp_to_minio_bronze_dag.py                                 1           0  0.20s           2025-11-13T04:05:39
/opt/airflow/dags/transform_silver_gold_dbt_dag.py                           1           0  0.10s           2025-11-13T04:05:54
================================================================================
[2025-11-13T04:06:24.850+0000] {manager.py:879} INFO - 
================================================================================
DAG File Processing Stats

File Path                                           PID    Runtime      # DAGs    # Errors  Last Runtime    Last Run
--------------------------------------------------  -----  ---------  --------  ----------  --------------  -------------------
/opt/airflow/dags/erp_to_minio_bronze_dag.py                                 1           0  0.20s           2025-11-13T04:06:09
/opt/airflow/dags/transform_silver_gold_dbt_dag.py                           1           0  0.10s           2025-11-13T04:06:24
================================================================================
[2025-11-13T04:06:55.138+0000] {manager.py:879} INFO - 
================================================================================
DAG File Processing Stats

File Path                                           PID    Runtime      # DAGs    # Errors  Last Runtime    Last Run
--------------------------------------------------  -----  ---------  --------  ----------  --------------  -------------------
/opt/airflow/dags/erp_to_minio_bronze_dag.py                                 1           0  0.20s           2025-11-13T04:06:39
/opt/airflow/dags/transform_silver_gold_dbt_dag.py                           1           0  0.10s           2025-11-13T04:06:55
================================================================================
[2025-11-13T04:07:25.423+0000] {manager.py:879} INFO - 
================================================================================
DAG File Processing Stats

File Path                                           PID    Runtime      # DAGs    # Errors  Last Runtime    Last Run
--------------------------------------------------  -----  ---------  --------  ----------  --------------  -------------------
/opt/airflow/dags/erp_to_minio_bronze_dag.py                                 1           0  0.20s           2025-11-13T04:07:10
/opt/airflow/dags/transform_silver_gold_dbt_dag.py                           1           0  0.10s           2025-11-13T04:07:25
================================================================================
[2025-11-13T04:07:55.708+0000] {manager.py:879} INFO - 
================================================================================
DAG File Processing Stats

File Path                                           PID    Runtime      # DAGs    # Errors  Last Runtime    Last Run
--------------------------------------------------  -----  ---------  --------  ----------  --------------  -------------------
/opt/airflow/dags/erp_to_minio_bronze_dag.py                                 1           0  0.20s           2025-11-13T04:07:40
/opt/airflow/dags/transform_silver_gold_dbt_dag.py                           1           0  0.10s           2025-11-13T04:07:55
================================================================================
[2025-11-13T04:08:26.000+0000] {manager.py:879} INFO - 
================================================================================
DAG File Processing Stats

File Path                                           PID    Runtime      # DAGs    # Errors  Last Runtime    Last Run
--------------------------------------------------  -----  ---------  --------  ----------  --------------  -------------------
/opt/airflow/dags/erp_to_minio_bronze_dag.py                                 1           0  0.21s           2025-11-13T04:08:10
/opt/airflow/dags/transform_silver_gold_dbt_dag.py                           1           0  0.10s           2025-11-13T04:08:26
================================================================================
[2025-11-13T04:08:56.291+0000] {manager.py:879} INFO - 
================================================================================
DAG File Processing Stats

File Path                                           PID    Runtime      # DAGs    # Errors  Last Runtime    Last Run
--------------------------------------------------  -----  ---------  --------  ----------  --------------  -------------------
/opt/airflow/dags/erp_to_minio_bronze_dag.py                                 1           0  0.21s           2025-11-13T04:08:41
/opt/airflow/dags/transform_silver_gold_dbt_dag.py                           1           0  0.10s           2025-11-13T04:08:56
================================================================================
[2025-11-13T04:09:26.584+0000] {manager.py:879} INFO - 
================================================================================
DAG File Processing Stats

File Path                                           PID    Runtime      # DAGs    # Errors  Last Runtime    Last Run
--------------------------------------------------  -----  ---------  --------  ----------  --------------  -------------------
/opt/airflow/dags/erp_to_minio_bronze_dag.py                                 1           0  0.20s           2025-11-13T04:09:11
/opt/airflow/dags/transform_silver_gold_dbt_dag.py                           1           0  0.10s           2025-11-13T04:09:26
================================================================================
[2025-11-13T04:09:56.880+0000] {manager.py:879} INFO - 
================================================================================
DAG File Processing Stats

File Path                                           PID    Runtime      # DAGs    # Errors  Last Runtime    Last Run
--------------------------------------------------  -----  ---------  --------  ----------  --------------  -------------------
/opt/airflow/dags/erp_to_minio_bronze_dag.py                                 1           0  0.20s           2025-11-13T04:09:41
/opt/airflow/dags/transform_silver_gold_dbt_dag.py                           1           0  0.11s           2025-11-13T04:09:56
================================================================================
[2025-11-13T04:10:03.563+0000] {manager.py:738} INFO - Searching for files in /opt/airflow/dags
[2025-11-13T04:10:03.609+0000] {manager.py:741} INFO - There are 2 files in /opt/airflow/dags
[2025-11-13T04:10:27.167+0000] {manager.py:879} INFO - 
================================================================================
DAG File Processing Stats

File Path                                           PID    Runtime      # DAGs    # Errors  Last Runtime    Last Run
--------------------------------------------------  -----  ---------  --------  ----------  --------------  -------------------
/opt/airflow/dags/erp_to_minio_bronze_dag.py                                 1           0  0.20s           2025-11-13T04:10:12
/opt/airflow/dags/transform_silver_gold_dbt_dag.py                           1           0  0.10s           2025-11-13T04:10:27
================================================================================
[2025-11-13T04:10:57.460+0000] {manager.py:879} INFO - 
================================================================================
DAG File Processing Stats

File Path                                           PID    Runtime      # DAGs    # Errors  Last Runtime    Last Run
--------------------------------------------------  -----  ---------  --------  ----------  --------------  -------------------
/opt/airflow/dags/erp_to_minio_bronze_dag.py                                 1           0  0.20s           2025-11-13T04:10:42
/opt/airflow/dags/transform_silver_gold_dbt_dag.py                           1           0  0.10s           2025-11-13T04:10:57
================================================================================
[2025-11-13T04:11:27.747+0000] {manager.py:879} INFO - 
================================================================================
DAG File Processing Stats

File Path                                           PID    Runtime      # DAGs    # Errors  Last Runtime    Last Run
--------------------------------------------------  -----  ---------  --------  ----------  --------------  -------------------
/opt/airflow/dags/erp_to_minio_bronze_dag.py                                 1           0  0.20s           2025-11-13T04:11:12
/opt/airflow/dags/transform_silver_gold_dbt_dag.py                           1           0  0.10s           2025-11-13T04:11:27
================================================================================
[2025-11-13T04:11:58.042+0000] {manager.py:879} INFO - 
================================================================================
DAG File Processing Stats

File Path                                           PID    Runtime      # DAGs    # Errors  Last Runtime    Last Run
--------------------------------------------------  -----  ---------  --------  ----------  --------------  -------------------
/opt/airflow/dags/erp_to_minio_bronze_dag.py                                 1           0  0.20s           2025-11-13T04:11:42
/opt/airflow/dags/transform_silver_gold_dbt_dag.py                           1           0  0.10s           2025-11-13T04:11:58
================================================================================
[2025-11-13T04:12:28.331+0000] {manager.py:879} INFO - 
================================================================================
DAG File Processing Stats

File Path                                           PID    Runtime      # DAGs    # Errors  Last Runtime    Last Run
--------------------------------------------------  -----  ---------  --------  ----------  --------------  -------------------
/opt/airflow/dags/erp_to_minio_bronze_dag.py                                 1           0  0.20s           2025-11-13T04:12:13
/opt/airflow/dags/transform_silver_gold_dbt_dag.py                           1           0  0.10s           2025-11-13T04:12:28
================================================================================
[2025-11-13T04:12:58.620+0000] {manager.py:879} INFO - 
================================================================================
DAG File Processing Stats

File Path                                           PID    Runtime      # DAGs    # Errors  Last Runtime    Last Run
--------------------------------------------------  -----  ---------  --------  ----------  --------------  -------------------
/opt/airflow/dags/erp_to_minio_bronze_dag.py                                 1           0  0.20s           2025-11-13T04:12:43
/opt/airflow/dags/transform_silver_gold_dbt_dag.py                           1           0  0.10s           2025-11-13T04:12:58
================================================================================
[2025-11-13T04:13:28.908+0000] {manager.py:879} INFO - 
================================================================================
DAG File Processing Stats

File Path                                           PID    Runtime      # DAGs    # Errors  Last Runtime    Last Run
--------------------------------------------------  -----  ---------  --------  ----------  --------------  -------------------
/opt/airflow/dags/erp_to_minio_bronze_dag.py                                 1           0  0.20s           2025-11-13T04:13:13
/opt/airflow/dags/transform_silver_gold_dbt_dag.py                           1           0  0.10s           2025-11-13T04:13:28
================================================================================
[2025-11-13T04:13:59.201+0000] {manager.py:879} INFO - 
================================================================================
DAG File Processing Stats

File Path                                           PID    Runtime      # DAGs    # Errors  Last Runtime    Last Run
--------------------------------------------------  -----  ---------  --------  ----------  --------------  -------------------
/opt/airflow/dags/erp_to_minio_bronze_dag.py                                 1           0  0.20s           2025-11-13T04:13:44
/opt/airflow/dags/transform_silver_gold_dbt_dag.py                           1           0  0.10s           2025-11-13T04:13:59
================================================================================
[2025-11-13T04:14:29.495+0000] {manager.py:879} INFO - 
================================================================================
DAG File Processing Stats

File Path                                           PID    Runtime      # DAGs    # Errors  Last Runtime    Last Run
--------------------------------------------------  -----  ---------  --------  ----------  --------------  -------------------
/opt/airflow/dags/erp_to_minio_bronze_dag.py                                 1           0  0.20s           2025-11-13T04:14:14
/opt/airflow/dags/transform_silver_gold_dbt_dag.py                           1           0  0.11s           2025-11-13T04:14:29
================================================================================
[2025-11-13T04:14:59.889+0000] {manager.py:879} INFO - 
================================================================================
DAG File Processing Stats

File Path                                           PID    Runtime      # DAGs    # Errors  Last Runtime    Last Run
--------------------------------------------------  -----  ---------  --------  ----------  --------------  -------------------
/opt/airflow/dags/erp_to_minio_bronze_dag.py                                 1           0  0.20s           2025-11-13T04:14:44
/opt/airflow/dags/transform_silver_gold_dbt_dag.py                           1           0  0.20s           2025-11-13T04:14:59
================================================================================
[2025-11-13T04:15:03.722+0000] {manager.py:738} INFO - Searching for files in /opt/airflow/dags
[2025-11-13T04:15:03.773+0000] {manager.py:741} INFO - There are 2 files in /opt/airflow/dags
[2025-11-13T04:15:30.065+0000] {manager.py:879} INFO - 
================================================================================
DAG File Processing Stats

File Path                                           PID    Runtime      # DAGs    # Errors  Last Runtime    Last Run
--------------------------------------------------  -----  ---------  --------  ----------  --------------  -------------------
/opt/airflow/dags/erp_to_minio_bronze_dag.py                                 1           0  0.20s           2025-11-13T04:15:14
/opt/airflow/dags/transform_silver_gold_dbt_dag.py                           1           0  0.10s           2025-11-13T04:15:30
================================================================================
[2025-11-13T04:16:00.467+0000] {manager.py:879} INFO - 
================================================================================
DAG File Processing Stats

File Path                                           PID    Runtime      # DAGs    # Errors  Last Runtime    Last Run
--------------------------------------------------  -----  ---------  --------  ----------  --------------  -------------------
/opt/airflow/dags/erp_to_minio_bronze_dag.py                                 1           0  0.20s           2025-11-13T04:15:45
/opt/airflow/dags/transform_silver_gold_dbt_dag.py                           1           0  0.20s           2025-11-13T04:16:00
================================================================================
[2025-11-13T04:16:30.659+0000] {manager.py:879} INFO - 
================================================================================
DAG File Processing Stats

File Path                                           PID    Runtime      # DAGs    # Errors  Last Runtime    Last Run
--------------------------------------------------  -----  ---------  --------  ----------  --------------  -------------------
/opt/airflow/dags/erp_to_minio_bronze_dag.py                                 1           0  0.20s           2025-11-13T04:16:15
/opt/airflow/dags/transform_silver_gold_dbt_dag.py                           1           0  0.10s           2025-11-13T04:16:30
================================================================================
[2025-11-13T04:17:00.947+0000] {manager.py:879} INFO - 
================================================================================
DAG File Processing Stats

File Path                                           PID    Runtime      # DAGs    # Errors  Last Runtime    Last Run
--------------------------------------------------  -----  ---------  --------  ----------  --------------  -------------------
/opt/airflow/dags/erp_to_minio_bronze_dag.py                                 1           0  0.20s           2025-11-13T04:16:45
/opt/airflow/dags/transform_silver_gold_dbt_dag.py                           1           0  0.10s           2025-11-13T04:17:00
================================================================================
[2025-11-13T04:17:31.229+0000] {manager.py:879} INFO - 
================================================================================
DAG File Processing Stats

File Path                                           PID    Runtime      # DAGs    # Errors  Last Runtime    Last Run
--------------------------------------------------  -----  ---------  --------  ----------  --------------  -------------------
/opt/airflow/dags/erp_to_minio_bronze_dag.py                                 1           0  0.20s           2025-11-13T04:17:16
/opt/airflow/dags/transform_silver_gold_dbt_dag.py                           1           0  0.10s           2025-11-13T04:17:31
================================================================================
[2025-11-13T04:18:01.516+0000] {manager.py:879} INFO - 
================================================================================
DAG File Processing Stats

File Path                                           PID    Runtime      # DAGs    # Errors  Last Runtime    Last Run
--------------------------------------------------  -----  ---------  --------  ----------  --------------  -------------------
/opt/airflow/dags/erp_to_minio_bronze_dag.py                                 1           0  0.20s           2025-11-13T04:17:46
/opt/airflow/dags/transform_silver_gold_dbt_dag.py                           1           0  0.10s           2025-11-13T04:18:01
================================================================================
[2025-11-13T04:18:31.802+0000] {manager.py:879} INFO - 
================================================================================
DAG File Processing Stats

File Path                                           PID    Runtime      # DAGs    # Errors  Last Runtime    Last Run
--------------------------------------------------  -----  ---------  --------  ----------  --------------  -------------------
/opt/airflow/dags/erp_to_minio_bronze_dag.py                                 1           0  0.20s           2025-11-13T04:18:16
/opt/airflow/dags/transform_silver_gold_dbt_dag.py                           1           0  0.10s           2025-11-13T04:18:31
================================================================================
[2025-11-13T04:19:02.201+0000] {manager.py:879} INFO - 
================================================================================
DAG File Processing Stats

File Path                                           PID    Runtime      # DAGs    # Errors  Last Runtime    Last Run
--------------------------------------------------  -----  ---------  --------  ----------  --------------  -------------------
/opt/airflow/dags/erp_to_minio_bronze_dag.py                                 1           0  0.20s           2025-11-13T04:18:46
/opt/airflow/dags/transform_silver_gold_dbt_dag.py                           1           0  0.20s           2025-11-13T04:19:02
================================================================================
[2025-11-13T04:19:32.386+0000] {manager.py:879} INFO - 
================================================================================
DAG File Processing Stats

File Path                                           PID    Runtime      # DAGs    # Errors  Last Runtime    Last Run
--------------------------------------------------  -----  ---------  --------  ----------  --------------  -------------------
/opt/airflow/dags/erp_to_minio_bronze_dag.py                                 1           0  0.20s           2025-11-13T04:19:17
/opt/airflow/dags/transform_silver_gold_dbt_dag.py                           1           0  0.10s           2025-11-13T04:19:32
================================================================================
[2025-11-13T04:20:02.693+0000] {manager.py:879} INFO - 
================================================================================
DAG File Processing Stats

File Path                                           PID    Runtime      # DAGs    # Errors  Last Runtime    Last Run
--------------------------------------------------  -----  ---------  --------  ----------  --------------  -------------------
/opt/airflow/dags/erp_to_minio_bronze_dag.py                                 1           0  0.20s           2025-11-13T04:19:47
/opt/airflow/dags/transform_silver_gold_dbt_dag.py                           1           0  0.10s           2025-11-13T04:20:02
================================================================================
[2025-11-13T04:20:03.722+0000] {manager.py:738} INFO - Searching for files in /opt/airflow/dags
[2025-11-13T04:20:03.780+0000] {manager.py:741} INFO - There are 2 files in /opt/airflow/dags
[2025-11-13T04:20:32.896+0000] {manager.py:879} INFO - 
================================================================================
DAG File Processing Stats

File Path                                           PID    Runtime      # DAGs    # Errors  Last Runtime    Last Run
--------------------------------------------------  -----  ---------  --------  ----------  --------------  -------------------
/opt/airflow/dags/erp_to_minio_bronze_dag.py                                 1           0  0.10s           2025-11-13T04:20:17
/opt/airflow/dags/transform_silver_gold_dbt_dag.py                           1           0  0.10s           2025-11-13T04:20:32
================================================================================
[2025-11-13T04:21:03.187+0000] {manager.py:879} INFO - 
================================================================================
DAG File Processing Stats

File Path                                           PID    Runtime      # DAGs    # Errors  Last Runtime    Last Run
--------------------------------------------------  -----  ---------  --------  ----------  --------------  -------------------
/opt/airflow/dags/erp_to_minio_bronze_dag.py                                 1           0  0.20s           2025-11-13T04:20:48
/opt/airflow/dags/transform_silver_gold_dbt_dag.py                           1           0  0.10s           2025-11-13T04:21:03
================================================================================
[2025-11-13T04:21:33.471+0000] {manager.py:879} INFO - 
================================================================================
DAG File Processing Stats

File Path                                           PID    Runtime      # DAGs    # Errors  Last Runtime    Last Run
--------------------------------------------------  -----  ---------  --------  ----------  --------------  -------------------
/opt/airflow/dags/erp_to_minio_bronze_dag.py                                 1           0  0.20s           2025-11-13T04:21:18
/opt/airflow/dags/transform_silver_gold_dbt_dag.py                           1           0  0.10s           2025-11-13T04:21:33
================================================================================
[2025-11-13T04:22:03.761+0000] {manager.py:879} INFO - 
================================================================================
DAG File Processing Stats

File Path                                           PID    Runtime      # DAGs    # Errors  Last Runtime    Last Run
--------------------------------------------------  -----  ---------  --------  ----------  --------------  -------------------
/opt/airflow/dags/erp_to_minio_bronze_dag.py                                 1           0  0.20s           2025-11-13T04:21:48
/opt/airflow/dags/transform_silver_gold_dbt_dag.py                           1           0  0.10s           2025-11-13T04:22:03
================================================================================
[2025-11-13T04:22:34.070+0000] {manager.py:879} INFO - 
================================================================================
DAG File Processing Stats

File Path                                           PID    Runtime      # DAGs    # Errors  Last Runtime    Last Run
--------------------------------------------------  -----  ---------  --------  ----------  --------------  -------------------
/opt/airflow/dags/erp_to_minio_bronze_dag.py                                 1           0  0.21s           2025-11-13T04:22:18
/opt/airflow/dags/transform_silver_gold_dbt_dag.py                           1           0  0.10s           2025-11-13T04:22:34
================================================================================
[2025-11-13T04:23:04.369+0000] {manager.py:879} INFO - 
================================================================================
DAG File Processing Stats

File Path                                           PID    Runtime      # DAGs    # Errors  Last Runtime    Last Run
--------------------------------------------------  -----  ---------  --------  ----------  --------------  -------------------
/opt/airflow/dags/erp_to_minio_bronze_dag.py                                 1           0  0.20s           2025-11-13T04:22:49
/opt/airflow/dags/transform_silver_gold_dbt_dag.py                           1           0  0.10s           2025-11-13T04:23:04
================================================================================
[2025-11-13T04:23:34.655+0000] {manager.py:879} INFO - 
================================================================================
DAG File Processing Stats

File Path                                           PID    Runtime      # DAGs    # Errors  Last Runtime    Last Run
--------------------------------------------------  -----  ---------  --------  ----------  --------------  -------------------
/opt/airflow/dags/erp_to_minio_bronze_dag.py                                 1           0  0.20s           2025-11-13T04:23:19
/opt/airflow/dags/transform_silver_gold_dbt_dag.py                           1           0  0.10s           2025-11-13T04:23:34
================================================================================
[2025-11-13T04:24:04.973+0000] {manager.py:879} INFO - 
================================================================================
DAG File Processing Stats

File Path                                           PID    Runtime      # DAGs    # Errors  Last Runtime    Last Run
--------------------------------------------------  -----  ---------  --------  ----------  --------------  -------------------
/opt/airflow/dags/erp_to_minio_bronze_dag.py                                 1           0  0.20s           2025-11-13T04:23:49
/opt/airflow/dags/transform_silver_gold_dbt_dag.py                           1           0  0.10s           2025-11-13T04:24:04
================================================================================
[2025-11-13T04:24:35.256+0000] {manager.py:879} INFO - 
================================================================================
DAG File Processing Stats

File Path                                           PID    Runtime      # DAGs    # Errors  Last Runtime    Last Run
--------------------------------------------------  -----  ---------  --------  ----------  --------------  -------------------
/opt/airflow/dags/erp_to_minio_bronze_dag.py                                 1           0  0.20s           2025-11-13T04:24:20
/opt/airflow/dags/transform_silver_gold_dbt_dag.py                           1           0  0.10s           2025-11-13T04:24:35
================================================================================
[2025-11-13T04:25:03.997+0000] {manager.py:738} INFO - Searching for files in /opt/airflow/dags
[2025-11-13T04:25:04.039+0000] {manager.py:741} INFO - There are 2 files in /opt/airflow/dags
[2025-11-13T04:25:05.543+0000] {manager.py:879} INFO - 
================================================================================
DAG File Processing Stats

File Path                                           PID    Runtime      # DAGs    # Errors  Last Runtime    Last Run
--------------------------------------------------  -----  ---------  --------  ----------  --------------  -------------------
/opt/airflow/dags/erp_to_minio_bronze_dag.py                                 1           0  0.20s           2025-11-13T04:24:50
/opt/airflow/dags/transform_silver_gold_dbt_dag.py                           1           0  0.10s           2025-11-13T04:25:05
================================================================================
[2025-11-13T04:25:35.830+0000] {manager.py:879} INFO - 
================================================================================
DAG File Processing Stats

File Path                                           PID    Runtime      # DAGs    # Errors  Last Runtime    Last Run
--------------------------------------------------  -----  ---------  --------  ----------  --------------  -------------------
/opt/airflow/dags/erp_to_minio_bronze_dag.py                                 1           0  0.20s           2025-11-13T04:25:20
/opt/airflow/dags/transform_silver_gold_dbt_dag.py                           1           0  0.10s           2025-11-13T04:25:35
================================================================================
[2025-11-13T04:26:06.116+0000] {manager.py:879} INFO - 
================================================================================
DAG File Processing Stats

File Path                                           PID    Runtime      # DAGs    # Errors  Last Runtime    Last Run
--------------------------------------------------  -----  ---------  --------  ----------  --------------  -------------------
/opt/airflow/dags/erp_to_minio_bronze_dag.py                                 1           0  0.20s           2025-11-13T04:25:50
/opt/airflow/dags/transform_silver_gold_dbt_dag.py                           1           0  0.10s           2025-11-13T04:26:06
================================================================================
[2025-11-13T04:26:36.400+0000] {manager.py:879} INFO - 
================================================================================
DAG File Processing Stats

File Path                                           PID    Runtime      # DAGs    # Errors  Last Runtime    Last Run
--------------------------------------------------  -----  ---------  --------  ----------  --------------  -------------------
/opt/airflow/dags/erp_to_minio_bronze_dag.py                                 1           0  0.20s           2025-11-13T04:26:21
/opt/airflow/dags/transform_silver_gold_dbt_dag.py                           1           0  0.10s           2025-11-13T04:26:36
================================================================================
[2025-11-13T04:27:06.682+0000] {manager.py:879} INFO - 
================================================================================
DAG File Processing Stats

File Path                                           PID    Runtime      # DAGs    # Errors  Last Runtime    Last Run
--------------------------------------------------  -----  ---------  --------  ----------  --------------  -------------------
/opt/airflow/dags/erp_to_minio_bronze_dag.py                                 1           0  0.20s           2025-11-13T04:26:51
/opt/airflow/dags/transform_silver_gold_dbt_dag.py                           1           0  0.10s           2025-11-13T04:27:06
================================================================================
[2025-11-13T04:27:36.969+0000] {manager.py:879} INFO - 
================================================================================
DAG File Processing Stats

File Path                                           PID    Runtime      # DAGs    # Errors  Last Runtime    Last Run
--------------------------------------------------  -----  ---------  --------  ----------  --------------  -------------------
/opt/airflow/dags/erp_to_minio_bronze_dag.py                                 1           0  0.20s           2025-11-13T04:27:21
/opt/airflow/dags/transform_silver_gold_dbt_dag.py                           1           0  0.10s           2025-11-13T04:27:36
================================================================================
[2025-11-13T04:28:07.280+0000] {manager.py:879} INFO - 
================================================================================
DAG File Processing Stats

File Path                                           PID    Runtime      # DAGs    # Errors  Last Runtime    Last Run
--------------------------------------------------  -----  ---------  --------  ----------  --------------  -------------------
/opt/airflow/dags/erp_to_minio_bronze_dag.py                                 1           0  0.21s           2025-11-13T04:27:52
/opt/airflow/dags/transform_silver_gold_dbt_dag.py                           1           0  0.10s           2025-11-13T04:28:07
================================================================================
[2025-11-13T04:28:37.593+0000] {manager.py:879} INFO - 
================================================================================
DAG File Processing Stats

File Path                                           PID    Runtime      # DAGs    # Errors  Last Runtime    Last Run
--------------------------------------------------  -----  ---------  --------  ----------  --------------  -------------------
/opt/airflow/dags/erp_to_minio_bronze_dag.py                                 1           0  0.20s           2025-11-13T04:28:22
/opt/airflow/dags/transform_silver_gold_dbt_dag.py                           1           0  0.10s           2025-11-13T04:28:37
================================================================================
[2025-11-13T04:29:08.007+0000] {manager.py:879} INFO - 
================================================================================
DAG File Processing Stats

File Path                                           PID    Runtime      # DAGs    # Errors  Last Runtime    Last Run
--------------------------------------------------  -----  ---------  --------  ----------  --------------  -------------------
/opt/airflow/dags/erp_to_minio_bronze_dag.py                                 1           0  0.20s           2025-11-13T04:28:52
/opt/airflow/dags/transform_silver_gold_dbt_dag.py                           1           0  0.21s           2025-11-13T04:29:08
================================================================================
[2025-11-13T04:29:38.188+0000] {manager.py:879} INFO - 
================================================================================
DAG File Processing Stats

File Path                                           PID    Runtime      # DAGs    # Errors  Last Runtime    Last Run
--------------------------------------------------  -----  ---------  --------  ----------  --------------  -------------------
/opt/airflow/dags/erp_to_minio_bronze_dag.py                                 1           0  0.20s           2025-11-13T04:29:23
/opt/airflow/dags/transform_silver_gold_dbt_dag.py                           1           0  0.11s           2025-11-13T04:29:38
================================================================================
[2025-11-13T04:30:04.157+0000] {manager.py:738} INFO - Searching for files in /opt/airflow/dags
[2025-11-13T04:30:04.215+0000] {manager.py:741} INFO - There are 2 files in /opt/airflow/dags
[2025-11-13T04:30:08.438+0000] {manager.py:879} INFO - 
================================================================================
DAG File Processing Stats

File Path                                           PID    Runtime      # DAGs    # Errors  Last Runtime    Last Run
--------------------------------------------------  -----  ---------  --------  ----------  --------------  -------------------
/opt/airflow/dags/erp_to_minio_bronze_dag.py                                 1           0  0.20s           2025-11-13T04:29:53
/opt/airflow/dags/transform_silver_gold_dbt_dag.py                           1           0  0.11s           2025-11-13T04:30:08
================================================================================
[2025-11-13T04:30:38.779+0000] {manager.py:879} INFO - 
================================================================================
DAG File Processing Stats

File Path                                           PID    Runtime      # DAGs    # Errors  Last Runtime    Last Run
--------------------------------------------------  -----  ---------  --------  ----------  --------------  -------------------
/opt/airflow/dags/erp_to_minio_bronze_dag.py                                 1           0  0.20s           2025-11-13T04:30:23
/opt/airflow/dags/transform_silver_gold_dbt_dag.py                           1           0  0.10s           2025-11-13T04:30:38
================================================================================
[2025-11-13T04:31:09.086+0000] {manager.py:879} INFO - 
================================================================================
DAG File Processing Stats

File Path                                           PID    Runtime      # DAGs    # Errors  Last Runtime    Last Run
--------------------------------------------------  -----  ---------  --------  ----------  --------------  -------------------
/opt/airflow/dags/erp_to_minio_bronze_dag.py                                 1           0  0.20s           2025-11-13T04:30:53
/opt/airflow/dags/transform_silver_gold_dbt_dag.py                           1           0  0.10s           2025-11-13T04:31:09
================================================================================
[2025-11-13T04:31:39.409+0000] {manager.py:879} INFO - 
================================================================================
DAG File Processing Stats

File Path                                           PID    Runtime      # DAGs    # Errors  Last Runtime    Last Run
--------------------------------------------------  -----  ---------  --------  ----------  --------------  -------------------
/opt/airflow/dags/erp_to_minio_bronze_dag.py                                 1           0  0.20s           2025-11-13T04:31:24
/opt/airflow/dags/transform_silver_gold_dbt_dag.py                           1           0  0.11s           2025-11-13T04:31:39
================================================================================
[2025-11-13T04:32:09.708+0000] {manager.py:879} INFO - 
================================================================================
DAG File Processing Stats

File Path                                           PID    Runtime      # DAGs    # Errors  Last Runtime    Last Run
--------------------------------------------------  -----  ---------  --------  ----------  --------------  -------------------
/opt/airflow/dags/erp_to_minio_bronze_dag.py                                 1           0  0.20s           2025-11-13T04:31:54
/opt/airflow/dags/transform_silver_gold_dbt_dag.py                           1           0  0.10s           2025-11-13T04:32:09
================================================================================
[2025-11-13T04:32:40.021+0000] {manager.py:879} INFO - 
================================================================================
DAG File Processing Stats

File Path                                           PID    Runtime      # DAGs    # Errors  Last Runtime    Last Run
--------------------------------------------------  -----  ---------  --------  ----------  --------------  -------------------
/opt/airflow/dags/erp_to_minio_bronze_dag.py                                 1           0  0.20s           2025-11-13T04:32:24
/opt/airflow/dags/transform_silver_gold_dbt_dag.py                           1           0  0.10s           2025-11-13T04:32:40
================================================================================
[2025-11-13T04:33:10.466+0000] {manager.py:879} INFO - 
================================================================================
DAG File Processing Stats

File Path                                           PID    Runtime      # DAGs    # Errors  Last Runtime    Last Run
--------------------------------------------------  -----  ---------  --------  ----------  --------------  -------------------
/opt/airflow/dags/erp_to_minio_bronze_dag.py                                 1           0  0.20s           2025-11-13T04:32:55
/opt/airflow/dags/transform_silver_gold_dbt_dag.py                           1           0  0.20s           2025-11-13T04:33:10
================================================================================
[2025-11-13T04:33:40.682+0000] {manager.py:879} INFO - 
================================================================================
DAG File Processing Stats

File Path                                           PID    Runtime      # DAGs    # Errors  Last Runtime    Last Run
--------------------------------------------------  -----  ---------  --------  ----------  --------------  -------------------
/opt/airflow/dags/erp_to_minio_bronze_dag.py                                 1           0  0.20s           2025-11-13T04:33:25
/opt/airflow/dags/transform_silver_gold_dbt_dag.py                           1           0  0.10s           2025-11-13T04:33:40
================================================================================
[2025-11-13T04:34:11.112+0000] {manager.py:879} INFO - 
================================================================================
DAG File Processing Stats

File Path                                           PID    Runtime      # DAGs    # Errors  Last Runtime    Last Run
--------------------------------------------------  -----  ---------  --------  ----------  --------------  -------------------
/opt/airflow/dags/erp_to_minio_bronze_dag.py                                 1           0  0.20s           2025-11-13T04:33:55
/opt/airflow/dags/transform_silver_gold_dbt_dag.py                           1           0  0.20s           2025-11-13T04:34:11
================================================================================
[2025-11-13T04:34:41.301+0000] {manager.py:879} INFO - 
================================================================================
DAG File Processing Stats

File Path                                           PID    Runtime      # DAGs    # Errors  Last Runtime    Last Run
--------------------------------------------------  -----  ---------  --------  ----------  --------------  -------------------
/opt/airflow/dags/erp_to_minio_bronze_dag.py                                 1           0  0.20s           2025-11-13T04:34:26
/opt/airflow/dags/transform_silver_gold_dbt_dag.py                           1           0  0.10s           2025-11-13T04:34:41
================================================================================
[2025-11-13T04:35:04.352+0000] {manager.py:738} INFO - Searching for files in /opt/airflow/dags
[2025-11-13T04:35:04.411+0000] {manager.py:741} INFO - There are 2 files in /opt/airflow/dags
[2025-11-13T04:35:11.628+0000] {manager.py:879} INFO - 
================================================================================
DAG File Processing Stats

File Path                                           PID    Runtime      # DAGs    # Errors  Last Runtime    Last Run
--------------------------------------------------  -----  ---------  --------  ----------  --------------  -------------------
/opt/airflow/dags/erp_to_minio_bronze_dag.py                                 1           0  0.20s           2025-11-13T04:34:56
/opt/airflow/dags/transform_silver_gold_dbt_dag.py                           1           0  0.10s           2025-11-13T04:35:11
================================================================================
[2025-11-13T04:35:41.916+0000] {manager.py:879} INFO - 
================================================================================
DAG File Processing Stats

File Path                                           PID    Runtime      # DAGs    # Errors  Last Runtime    Last Run
--------------------------------------------------  -----  ---------  --------  ----------  --------------  -------------------
/opt/airflow/dags/erp_to_minio_bronze_dag.py                                 1           0  0.20s           2025-11-13T04:35:26
/opt/airflow/dags/transform_silver_gold_dbt_dag.py                           1           0  0.10s           2025-11-13T04:35:41
================================================================================
[2025-11-13T04:36:12.222+0000] {manager.py:879} INFO - 
================================================================================
DAG File Processing Stats

File Path                                           PID    Runtime      # DAGs    # Errors  Last Runtime    Last Run
--------------------------------------------------  -----  ---------  --------  ----------  --------------  -------------------
/opt/airflow/dags/erp_to_minio_bronze_dag.py                                 1           0  0.20s           2025-11-13T04:35:57
/opt/airflow/dags/transform_silver_gold_dbt_dag.py                           1           0  0.10s           2025-11-13T04:36:12
================================================================================
[2025-11-13T04:36:42.513+0000] {manager.py:879} INFO - 
================================================================================
DAG File Processing Stats

File Path                                           PID    Runtime      # DAGs    # Errors  Last Runtime    Last Run
--------------------------------------------------  -----  ---------  --------  ----------  --------------  -------------------
/opt/airflow/dags/erp_to_minio_bronze_dag.py                                 1           0  0.20s           2025-11-13T04:36:27
/opt/airflow/dags/transform_silver_gold_dbt_dag.py                           1           0  0.10s           2025-11-13T04:36:42
================================================================================
[2025-11-13T04:37:12.797+0000] {manager.py:879} INFO - 
================================================================================
DAG File Processing Stats

File Path                                           PID    Runtime      # DAGs    # Errors  Last Runtime    Last Run
--------------------------------------------------  -----  ---------  --------  ----------  --------------  -------------------
/opt/airflow/dags/erp_to_minio_bronze_dag.py                                 1           0  0.20s           2025-11-13T04:36:57
/opt/airflow/dags/transform_silver_gold_dbt_dag.py                           1           0  0.10s           2025-11-13T04:37:12
================================================================================
[2025-11-13T04:37:43.082+0000] {manager.py:879} INFO - 
================================================================================
DAG File Processing Stats

File Path                                           PID    Runtime      # DAGs    # Errors  Last Runtime    Last Run
--------------------------------------------------  -----  ---------  --------  ----------  --------------  -------------------
/opt/airflow/dags/erp_to_minio_bronze_dag.py                                 1           0  0.20s           2025-11-13T04:37:27
/opt/airflow/dags/transform_silver_gold_dbt_dag.py                           1           0  0.10s           2025-11-13T04:37:43
================================================================================
[2025-11-13T04:38:13.373+0000] {manager.py:879} INFO - 
================================================================================
DAG File Processing Stats

File Path                                           PID    Runtime      # DAGs    # Errors  Last Runtime    Last Run
--------------------------------------------------  -----  ---------  --------  ----------  --------------  -------------------
/opt/airflow/dags/erp_to_minio_bronze_dag.py                                 1           0  0.20s           2025-11-13T04:37:58
/opt/airflow/dags/transform_silver_gold_dbt_dag.py                           1           0  0.10s           2025-11-13T04:38:13
================================================================================
[2025-11-13T04:38:43.666+0000] {manager.py:879} INFO - 
================================================================================
DAG File Processing Stats

File Path                                           PID    Runtime      # DAGs    # Errors  Last Runtime    Last Run
--------------------------------------------------  -----  ---------  --------  ----------  --------------  -------------------
/opt/airflow/dags/erp_to_minio_bronze_dag.py                                 1           0  0.20s           2025-11-13T04:38:28
/opt/airflow/dags/transform_silver_gold_dbt_dag.py                           1           0  0.10s           2025-11-13T04:38:43
================================================================================
[2025-11-13T04:39:13.961+0000] {manager.py:879} INFO - 
================================================================================
DAG File Processing Stats

File Path                                           PID    Runtime      # DAGs    # Errors  Last Runtime    Last Run
--------------------------------------------------  -----  ---------  --------  ----------  --------------  -------------------
/opt/airflow/dags/erp_to_minio_bronze_dag.py                                 1           0  0.20s           2025-11-13T04:38:58
/opt/airflow/dags/transform_silver_gold_dbt_dag.py                           1           0  0.10s           2025-11-13T04:39:13
================================================================================
[2025-11-13T04:39:44.251+0000] {manager.py:879} INFO - 
================================================================================
DAG File Processing Stats

File Path                                           PID    Runtime      # DAGs    # Errors  Last Runtime    Last Run
--------------------------------------------------  -----  ---------  --------  ----------  --------------  -------------------
/opt/airflow/dags/erp_to_minio_bronze_dag.py                                 1           0  0.20s           2025-11-13T04:39:29
/opt/airflow/dags/transform_silver_gold_dbt_dag.py                           1           0  0.10s           2025-11-13T04:39:44
================================================================================
[2025-11-13T04:40:04.420+0000] {manager.py:738} INFO - Searching for files in /opt/airflow/dags
[2025-11-13T04:40:04.465+0000] {manager.py:741} INFO - There are 2 files in /opt/airflow/dags
[2025-11-13T04:40:14.539+0000] {manager.py:879} INFO - 
================================================================================
DAG File Processing Stats

File Path                                           PID    Runtime      # DAGs    # Errors  Last Runtime    Last Run
--------------------------------------------------  -----  ---------  --------  ----------  --------------  -------------------
/opt/airflow/dags/erp_to_minio_bronze_dag.py                                 1           0  0.20s           2025-11-13T04:39:59
/opt/airflow/dags/transform_silver_gold_dbt_dag.py                           1           0  0.10s           2025-11-13T04:40:14
================================================================================
[2025-11-13T04:40:44.817+0000] {manager.py:879} INFO - 
================================================================================
DAG File Processing Stats

File Path                                           PID    Runtime      # DAGs    # Errors  Last Runtime    Last Run
--------------------------------------------------  -----  ---------  --------  ----------  --------------  -------------------
/opt/airflow/dags/erp_to_minio_bronze_dag.py                                 1           0  0.20s           2025-11-13T04:40:29
/opt/airflow/dags/transform_silver_gold_dbt_dag.py                           1           0  0.10s           2025-11-13T04:40:44
================================================================================
[2025-11-13T04:41:15.103+0000] {manager.py:879} INFO - 
================================================================================
DAG File Processing Stats

File Path                                           PID    Runtime      # DAGs    # Errors  Last Runtime    Last Run
--------------------------------------------------  -----  ---------  --------  ----------  --------------  -------------------
/opt/airflow/dags/erp_to_minio_bronze_dag.py                                 1           0  0.20s           2025-11-13T04:40:59
/opt/airflow/dags/transform_silver_gold_dbt_dag.py                           1           0  0.10s           2025-11-13T04:41:15
================================================================================
[2025-11-13T04:41:45.396+0000] {manager.py:879} INFO - 
================================================================================
DAG File Processing Stats

File Path                                           PID    Runtime      # DAGs    # Errors  Last Runtime    Last Run
--------------------------------------------------  -----  ---------  --------  ----------  --------------  -------------------
/opt/airflow/dags/erp_to_minio_bronze_dag.py                                 1           0  0.20s           2025-11-13T04:41:30
/opt/airflow/dags/transform_silver_gold_dbt_dag.py                           1           0  0.10s           2025-11-13T04:41:45
================================================================================
[2025-11-13T04:42:15.693+0000] {manager.py:879} INFO - 
================================================================================
DAG File Processing Stats

File Path                                           PID    Runtime      # DAGs    # Errors  Last Runtime    Last Run
--------------------------------------------------  -----  ---------  --------  ----------  --------------  -------------------
/opt/airflow/dags/erp_to_minio_bronze_dag.py                                 1           0  0.20s           2025-11-13T04:42:00
/opt/airflow/dags/transform_silver_gold_dbt_dag.py                           1           0  0.11s           2025-11-13T04:42:15
================================================================================
[2025-11-13T04:42:45.994+0000] {manager.py:879} INFO - 
================================================================================
DAG File Processing Stats

File Path                                           PID    Runtime      # DAGs    # Errors  Last Runtime    Last Run
--------------------------------------------------  -----  ---------  --------  ----------  --------------  -------------------
/opt/airflow/dags/erp_to_minio_bronze_dag.py                                 1           0  0.20s           2025-11-13T04:42:30
/opt/airflow/dags/transform_silver_gold_dbt_dag.py                           1           0  0.10s           2025-11-13T04:42:45
================================================================================
[2025-11-13T04:43:16.281+0000] {manager.py:879} INFO - 
================================================================================
DAG File Processing Stats

File Path                                           PID    Runtime      # DAGs    # Errors  Last Runtime    Last Run
--------------------------------------------------  -----  ---------  --------  ----------  --------------  -------------------
/opt/airflow/dags/erp_to_minio_bronze_dag.py                                 1           0  0.21s           2025-11-13T04:43:01
/opt/airflow/dags/transform_silver_gold_dbt_dag.py                           1           0  0.10s           2025-11-13T04:43:16
================================================================================
[2025-11-13T04:43:46.576+0000] {manager.py:879} INFO - 
================================================================================
DAG File Processing Stats

File Path                                           PID    Runtime      # DAGs    # Errors  Last Runtime    Last Run
--------------------------------------------------  -----  ---------  --------  ----------  --------------  -------------------
/opt/airflow/dags/erp_to_minio_bronze_dag.py                                 1           0  0.20s           2025-11-13T04:43:31
/opt/airflow/dags/transform_silver_gold_dbt_dag.py                           1           0  0.10s           2025-11-13T04:43:46
================================================================================
[2025-11-13T04:44:16.871+0000] {manager.py:879} INFO - 
================================================================================
DAG File Processing Stats

File Path                                           PID    Runtime      # DAGs    # Errors  Last Runtime    Last Run
--------------------------------------------------  -----  ---------  --------  ----------  --------------  -------------------
/opt/airflow/dags/erp_to_minio_bronze_dag.py                                 1           0  0.20s           2025-11-13T04:44:01
/opt/airflow/dags/transform_silver_gold_dbt_dag.py                           1           0  0.10s           2025-11-13T04:44:16
================================================================================
[2025-11-13T04:44:47.172+0000] {manager.py:879} INFO - 
================================================================================
DAG File Processing Stats

File Path                                           PID    Runtime      # DAGs    # Errors  Last Runtime    Last Run
--------------------------------------------------  -----  ---------  --------  ----------  --------------  -------------------
/opt/airflow/dags/erp_to_minio_bronze_dag.py                                 1           0  0.20s           2025-11-13T04:44:32
/opt/airflow/dags/transform_silver_gold_dbt_dag.py                           1           0  0.10s           2025-11-13T04:44:47
================================================================================
[2025-11-13T04:45:04.628+0000] {manager.py:738} INFO - Searching for files in /opt/airflow/dags
[2025-11-13T04:45:04.670+0000] {manager.py:741} INFO - There are 2 files in /opt/airflow/dags
[2025-11-13T04:45:17.469+0000] {manager.py:879} INFO - 
================================================================================
DAG File Processing Stats

File Path                                           PID    Runtime      # DAGs    # Errors  Last Runtime    Last Run
--------------------------------------------------  -----  ---------  --------  ----------  --------------  -------------------
/opt/airflow/dags/erp_to_minio_bronze_dag.py                                 1           0  0.20s           2025-11-13T04:45:02
/opt/airflow/dags/transform_silver_gold_dbt_dag.py                           1           0  0.10s           2025-11-13T04:45:17
================================================================================
[2025-11-13T04:45:47.754+0000] {manager.py:879} INFO - 
================================================================================
DAG File Processing Stats

File Path                                           PID    Runtime      # DAGs    # Errors  Last Runtime    Last Run
--------------------------------------------------  -----  ---------  --------  ----------  --------------  -------------------
/opt/airflow/dags/erp_to_minio_bronze_dag.py                                 1           0  0.20s           2025-11-13T04:45:32
/opt/airflow/dags/transform_silver_gold_dbt_dag.py                           1           0  0.10s           2025-11-13T04:45:47
================================================================================
[2025-11-13T04:46:18.038+0000] {manager.py:879} INFO - 
================================================================================
DAG File Processing Stats

File Path                                           PID    Runtime      # DAGs    # Errors  Last Runtime    Last Run
--------------------------------------------------  -----  ---------  --------  ----------  --------------  -------------------
/opt/airflow/dags/erp_to_minio_bronze_dag.py                                 1           0  0.20s           2025-11-13T04:46:02
/opt/airflow/dags/transform_silver_gold_dbt_dag.py                           1           0  0.10s           2025-11-13T04:46:18
================================================================================
[2025-11-13T04:46:48.335+0000] {manager.py:879} INFO - 
================================================================================
DAG File Processing Stats

File Path                                           PID    Runtime      # DAGs    # Errors  Last Runtime    Last Run
--------------------------------------------------  -----  ---------  --------  ----------  --------------  -------------------
/opt/airflow/dags/erp_to_minio_bronze_dag.py                                 1           0  0.20s           2025-11-13T04:46:33
/opt/airflow/dags/transform_silver_gold_dbt_dag.py                           1           0  0.10s           2025-11-13T04:46:48
================================================================================
[2025-11-13T04:47:18.632+0000] {manager.py:879} INFO - 
================================================================================
DAG File Processing Stats

File Path                                           PID    Runtime      # DAGs    # Errors  Last Runtime    Last Run
--------------------------------------------------  -----  ---------  --------  ----------  --------------  -------------------
/opt/airflow/dags/erp_to_minio_bronze_dag.py                                 1           0  0.20s           2025-11-13T04:47:03
/opt/airflow/dags/transform_silver_gold_dbt_dag.py                           1           0  0.10s           2025-11-13T04:47:18
================================================================================
[2025-11-13T04:47:48.917+0000] {manager.py:879} INFO - 
================================================================================
DAG File Processing Stats

File Path                                           PID    Runtime      # DAGs    # Errors  Last Runtime    Last Run
--------------------------------------------------  -----  ---------  --------  ----------  --------------  -------------------
/opt/airflow/dags/erp_to_minio_bronze_dag.py                                 1           0  0.20s           2025-11-13T04:47:33
/opt/airflow/dags/transform_silver_gold_dbt_dag.py                           1           0  0.10s           2025-11-13T04:47:48
================================================================================
[2025-11-13T04:48:19.211+0000] {manager.py:879} INFO - 
================================================================================
DAG File Processing Stats

File Path                                           PID    Runtime      # DAGs    # Errors  Last Runtime    Last Run
--------------------------------------------------  -----  ---------  --------  ----------  --------------  -------------------
/opt/airflow/dags/erp_to_minio_bronze_dag.py                                 1           0  0.20s           2025-11-13T04:48:04
/opt/airflow/dags/transform_silver_gold_dbt_dag.py                           1           0  0.10s           2025-11-13T04:48:19
================================================================================
[2025-11-13T04:48:49.513+0000] {manager.py:879} INFO - 
================================================================================
DAG File Processing Stats

File Path                                           PID    Runtime      # DAGs    # Errors  Last Runtime    Last Run
--------------------------------------------------  -----  ---------  --------  ----------  --------------  -------------------
/opt/airflow/dags/erp_to_minio_bronze_dag.py                                 1           0  0.20s           2025-11-13T04:48:34
/opt/airflow/dags/transform_silver_gold_dbt_dag.py                           1           0  0.10s           2025-11-13T04:48:49
================================================================================
[2025-11-13T04:49:19.800+0000] {manager.py:879} INFO - 
================================================================================
DAG File Processing Stats

File Path                                           PID    Runtime      # DAGs    # Errors  Last Runtime    Last Run
--------------------------------------------------  -----  ---------  --------  ----------  --------------  -------------------
/opt/airflow/dags/erp_to_minio_bronze_dag.py                                 1           0  0.20s           2025-11-13T04:49:04
/opt/airflow/dags/transform_silver_gold_dbt_dag.py                           1           0  0.10s           2025-11-13T04:49:19
================================================================================
[2025-11-13T04:49:50.078+0000] {manager.py:879} INFO - 
================================================================================
DAG File Processing Stats

File Path                                           PID    Runtime      # DAGs    # Errors  Last Runtime    Last Run
--------------------------------------------------  -----  ---------  --------  ----------  --------------  -------------------
/opt/airflow/dags/erp_to_minio_bronze_dag.py                                 1           0  0.20s           2025-11-13T04:49:34
/opt/airflow/dags/transform_silver_gold_dbt_dag.py                           1           0  0.10s           2025-11-13T04:49:50
================================================================================
[2025-11-13T04:50:04.782+0000] {manager.py:738} INFO - Searching for files in /opt/airflow/dags
[2025-11-13T04:50:04.828+0000] {manager.py:741} INFO - There are 2 files in /opt/airflow/dags
[2025-11-13T04:50:20.373+0000] {manager.py:879} INFO - 
================================================================================
DAG File Processing Stats

File Path                                           PID    Runtime      # DAGs    # Errors  Last Runtime    Last Run
--------------------------------------------------  -----  ---------  --------  ----------  --------------  -------------------
/opt/airflow/dags/erp_to_minio_bronze_dag.py                                 1           0  0.20s           2025-11-13T04:50:05
/opt/airflow/dags/transform_silver_gold_dbt_dag.py                           1           0  0.10s           2025-11-13T04:50:20
================================================================================
[2025-11-13T04:50:50.675+0000] {manager.py:879} INFO - 
================================================================================
DAG File Processing Stats

File Path                                           PID    Runtime      # DAGs    # Errors  Last Runtime    Last Run
--------------------------------------------------  -----  ---------  --------  ----------  --------------  -------------------
/opt/airflow/dags/erp_to_minio_bronze_dag.py                                 1           0  0.20s           2025-11-13T04:50:35
/opt/airflow/dags/transform_silver_gold_dbt_dag.py                           1           0  0.10s           2025-11-13T04:50:50
================================================================================
[2025-11-13T04:51:20.963+0000] {manager.py:879} INFO - 
================================================================================
DAG File Processing Stats

File Path                                           PID    Runtime      # DAGs    # Errors  Last Runtime    Last Run
--------------------------------------------------  -----  ---------  --------  ----------  --------------  -------------------
/opt/airflow/dags/erp_to_minio_bronze_dag.py                                 1           0  0.20s           2025-11-13T04:51:05
/opt/airflow/dags/transform_silver_gold_dbt_dag.py                           1           0  0.10s           2025-11-13T04:51:20
================================================================================
[2025-11-13T04:51:51.252+0000] {manager.py:879} INFO - 
================================================================================
DAG File Processing Stats

File Path                                           PID    Runtime      # DAGs    # Errors  Last Runtime    Last Run
--------------------------------------------------  -----  ---------  --------  ----------  --------------  -------------------
/opt/airflow/dags/erp_to_minio_bronze_dag.py                                 1           0  0.20s           2025-11-13T04:51:36
/opt/airflow/dags/transform_silver_gold_dbt_dag.py                           1           0  0.10s           2025-11-13T04:51:51
================================================================================
[2025-11-13T04:52:21.531+0000] {manager.py:879} INFO - 
================================================================================
DAG File Processing Stats

File Path                                           PID    Runtime      # DAGs    # Errors  Last Runtime    Last Run
--------------------------------------------------  -----  ---------  --------  ----------  --------------  -------------------
/opt/airflow/dags/erp_to_minio_bronze_dag.py                                 1           0  0.20s           2025-11-13T04:52:06
/opt/airflow/dags/transform_silver_gold_dbt_dag.py                           1           0  0.10s           2025-11-13T04:52:21
================================================================================
[2025-11-13T04:52:51.818+0000] {manager.py:879} INFO - 
================================================================================
DAG File Processing Stats

File Path                                           PID    Runtime      # DAGs    # Errors  Last Runtime    Last Run
--------------------------------------------------  -----  ---------  --------  ----------  --------------  -------------------
/opt/airflow/dags/erp_to_minio_bronze_dag.py                                 1           0  0.20s           2025-11-13T04:52:36
/opt/airflow/dags/transform_silver_gold_dbt_dag.py                           1           0  0.10s           2025-11-13T04:52:51
================================================================================
[2025-11-13T04:53:22.107+0000] {manager.py:879} INFO - 
================================================================================
DAG File Processing Stats

File Path                                           PID    Runtime      # DAGs    # Errors  Last Runtime    Last Run
--------------------------------------------------  -----  ---------  --------  ----------  --------------  -------------------
/opt/airflow/dags/erp_to_minio_bronze_dag.py                                 1           0  0.20s           2025-11-13T04:53:06
/opt/airflow/dags/transform_silver_gold_dbt_dag.py                           1           0  0.10s           2025-11-13T04:53:22
================================================================================
[2025-11-13T04:53:52.388+0000] {manager.py:879} INFO - 
================================================================================
DAG File Processing Stats

File Path                                           PID    Runtime      # DAGs    # Errors  Last Runtime    Last Run
--------------------------------------------------  -----  ---------  --------  ----------  --------------  -------------------
/opt/airflow/dags/erp_to_minio_bronze_dag.py                                 1           0  0.20s           2025-11-13T04:53:37
/opt/airflow/dags/transform_silver_gold_dbt_dag.py                           1           0  0.10s           2025-11-13T04:53:52
================================================================================
[2025-11-13T04:54:22.682+0000] {manager.py:879} INFO - 
================================================================================
DAG File Processing Stats

File Path                                           PID    Runtime      # DAGs    # Errors  Last Runtime    Last Run
--------------------------------------------------  -----  ---------  --------  ----------  --------------  -------------------
/opt/airflow/dags/erp_to_minio_bronze_dag.py                                 1           0  0.20s           2025-11-13T04:54:07
/opt/airflow/dags/transform_silver_gold_dbt_dag.py                           1           0  0.10s           2025-11-13T04:54:22
================================================================================
[2025-11-13T04:54:52.966+0000] {manager.py:879} INFO - 
================================================================================
DAG File Processing Stats

File Path                                           PID    Runtime      # DAGs    # Errors  Last Runtime    Last Run
--------------------------------------------------  -----  ---------  --------  ----------  --------------  -------------------
/opt/airflow/dags/erp_to_minio_bronze_dag.py                                 1           0  0.20s           2025-11-13T04:54:37
/opt/airflow/dags/transform_silver_gold_dbt_dag.py                           1           0  0.10s           2025-11-13T04:54:52
================================================================================
[2025-11-13T04:55:04.935+0000] {manager.py:738} INFO - Searching for files in /opt/airflow/dags
[2025-11-13T04:55:04.978+0000] {manager.py:741} INFO - There are 2 files in /opt/airflow/dags
[2025-11-13T04:55:23.261+0000] {manager.py:879} INFO - 
================================================================================
DAG File Processing Stats

File Path                                           PID    Runtime      # DAGs    # Errors  Last Runtime    Last Run
--------------------------------------------------  -----  ---------  --------  ----------  --------------  -------------------
/opt/airflow/dags/erp_to_minio_bronze_dag.py                                 1           0  0.20s           2025-11-13T04:55:08
/opt/airflow/dags/transform_silver_gold_dbt_dag.py                           1           0  0.10s           2025-11-13T04:55:23
================================================================================
[2025-11-13T04:55:53.558+0000] {manager.py:879} INFO - 
================================================================================
DAG File Processing Stats

File Path                                           PID    Runtime      # DAGs    # Errors  Last Runtime    Last Run
--------------------------------------------------  -----  ---------  --------  ----------  --------------  -------------------
/opt/airflow/dags/erp_to_minio_bronze_dag.py                                 1           0  0.20s           2025-11-13T04:55:38
/opt/airflow/dags/transform_silver_gold_dbt_dag.py                           1           0  0.10s           2025-11-13T04:55:53
================================================================================
[2025-11-13T04:56:23.845+0000] {manager.py:879} INFO - 
================================================================================
DAG File Processing Stats

File Path                                           PID    Runtime      # DAGs    # Errors  Last Runtime    Last Run
--------------------------------------------------  -----  ---------  --------  ----------  --------------  -------------------
/opt/airflow/dags/erp_to_minio_bronze_dag.py                                 1           0  0.20s           2025-11-13T04:56:08
/opt/airflow/dags/transform_silver_gold_dbt_dag.py                           1           0  0.10s           2025-11-13T04:56:23
================================================================================
[2025-11-13T04:56:54.136+0000] {manager.py:879} INFO - 
================================================================================
DAG File Processing Stats

File Path                                           PID    Runtime      # DAGs    # Errors  Last Runtime    Last Run
--------------------------------------------------  -----  ---------  --------  ----------  --------------  -------------------
/opt/airflow/dags/erp_to_minio_bronze_dag.py                                 1           0  0.20s           2025-11-13T04:56:38
/opt/airflow/dags/transform_silver_gold_dbt_dag.py                           1           0  0.10s           2025-11-13T04:56:54
================================================================================
[2025-11-13T04:57:24.417+0000] {manager.py:879} INFO - 
================================================================================
DAG File Processing Stats

File Path                                           PID    Runtime      # DAGs    # Errors  Last Runtime    Last Run
--------------------------------------------------  -----  ---------  --------  ----------  --------------  -------------------
/opt/airflow/dags/erp_to_minio_bronze_dag.py                                 1           0  0.20s           2025-11-13T04:57:09
/opt/airflow/dags/transform_silver_gold_dbt_dag.py                           1           0  0.10s           2025-11-13T04:57:24
================================================================================
[2025-11-13T04:57:54.721+0000] {manager.py:879} INFO - 
================================================================================
DAG File Processing Stats

File Path                                           PID    Runtime      # DAGs    # Errors  Last Runtime    Last Run
--------------------------------------------------  -----  ---------  --------  ----------  --------------  -------------------
/opt/airflow/dags/erp_to_minio_bronze_dag.py                                 1           0  0.20s           2025-11-13T04:57:39
/opt/airflow/dags/transform_silver_gold_dbt_dag.py                           1           0  0.10s           2025-11-13T04:57:54
================================================================================
[2025-11-13T04:58:25.016+0000] {manager.py:879} INFO - 
================================================================================
DAG File Processing Stats

File Path                                           PID    Runtime      # DAGs    # Errors  Last Runtime    Last Run
--------------------------------------------------  -----  ---------  --------  ----------  --------------  -------------------
/opt/airflow/dags/erp_to_minio_bronze_dag.py                                 1           0  0.20s           2025-11-13T04:58:09
/opt/airflow/dags/transform_silver_gold_dbt_dag.py                           1           0  0.10s           2025-11-13T04:58:25
================================================================================
[2025-11-13T04:58:58.355+0000] {manager.py:879} INFO - 
================================================================================
DAG File Processing Stats

File Path                                           PID    Runtime      # DAGs    # Errors  Last Runtime    Last Run
--------------------------------------------------  -----  ---------  --------  ----------  --------------  -------------------
/opt/airflow/dags/erp_to_minio_bronze_dag.py                                 1           0  0.20s           2025-11-13T04:58:40
/opt/airflow/dags/transform_silver_gold_dbt_dag.py                           1           0  0.10s           2025-11-13T04:58:58
================================================================================
[2025-11-13T04:59:29.411+0000] {manager.py:879} INFO - 
================================================================================
DAG File Processing Stats

File Path                                           PID    Runtime      # DAGs    # Errors  Last Runtime    Last Run
--------------------------------------------------  -----  ---------  --------  ----------  --------------  -------------------
/opt/airflow/dags/erp_to_minio_bronze_dag.py                                 1           0  0.20s           2025-11-13T04:59:11
/opt/airflow/dags/transform_silver_gold_dbt_dag.py                           1           0  0.10s           2025-11-13T04:59:29
================================================================================
[2025-11-13T05:00:00.486+0000] {manager.py:879} INFO - 
================================================================================
DAG File Processing Stats

File Path                                           PID    Runtime      # DAGs    # Errors  Last Runtime    Last Run
--------------------------------------------------  -----  ---------  --------  ----------  --------------  -------------------
/opt/airflow/dags/erp_to_minio_bronze_dag.py                                 1           0  0.20s           2025-11-13T04:59:42
/opt/airflow/dags/transform_silver_gold_dbt_dag.py                           1           0  0.20s           2025-11-13T05:00:00
================================================================================
[2025-11-13T05:00:05.515+0000] {manager.py:738} INFO - Searching for files in /opt/airflow/dags
[2025-11-13T05:00:05.583+0000] {manager.py:741} INFO - There are 2 files in /opt/airflow/dags
[2025-11-13T05:00:30.865+0000] {manager.py:879} INFO - 
================================================================================
DAG File Processing Stats

File Path                                           PID    Runtime      # DAGs    # Errors  Last Runtime    Last Run
--------------------------------------------------  -----  ---------  --------  ----------  --------------  -------------------
/opt/airflow/dags/erp_to_minio_bronze_dag.py                                 1           0  0.20s           2025-11-13T05:00:12
/opt/airflow/dags/transform_silver_gold_dbt_dag.py                           1           0  0.10s           2025-11-13T05:00:30
================================================================================
[2025-11-13T05:01:01.149+0000] {manager.py:879} INFO - 
================================================================================
DAG File Processing Stats

File Path                                           PID    Runtime      # DAGs    # Errors  Last Runtime    Last Run
--------------------------------------------------  -----  ---------  --------  ----------  --------------  -------------------
/opt/airflow/dags/erp_to_minio_bronze_dag.py                                 1           0  0.20s           2025-11-13T05:00:43
/opt/airflow/dags/transform_silver_gold_dbt_dag.py                           1           0  0.10s           2025-11-13T05:01:01
================================================================================
[2025-11-13T05:01:31.431+0000] {manager.py:879} INFO - 
================================================================================
DAG File Processing Stats

File Path                                           PID    Runtime      # DAGs    # Errors  Last Runtime    Last Run
--------------------------------------------------  -----  ---------  --------  ----------  --------------  -------------------
/opt/airflow/dags/erp_to_minio_bronze_dag.py                                 1           0  0.20s           2025-11-13T05:01:13
/opt/airflow/dags/transform_silver_gold_dbt_dag.py                           1           0  0.10s           2025-11-13T05:01:31
================================================================================
[2025-11-13T05:02:01.709+0000] {manager.py:879} INFO - 
================================================================================
DAG File Processing Stats

File Path                                           PID    Runtime      # DAGs    # Errors  Last Runtime    Last Run
--------------------------------------------------  -----  ---------  --------  ----------  --------------  -------------------
/opt/airflow/dags/erp_to_minio_bronze_dag.py                                 1           0  0.20s           2025-11-13T05:01:43
/opt/airflow/dags/transform_silver_gold_dbt_dag.py                           1           0  0.10s           2025-11-13T05:02:01
================================================================================
[2025-11-13T05:02:31.994+0000] {manager.py:879} INFO - 
================================================================================
DAG File Processing Stats

File Path                                           PID    Runtime      # DAGs    # Errors  Last Runtime    Last Run
--------------------------------------------------  -----  ---------  --------  ----------  --------------  -------------------
/opt/airflow/dags/erp_to_minio_bronze_dag.py                                 1           0  0.20s           2025-11-13T05:02:13
/opt/airflow/dags/transform_silver_gold_dbt_dag.py                           1           0  0.10s           2025-11-13T05:02:31
================================================================================
[2025-11-13T05:03:02.278+0000] {manager.py:879} INFO - 
================================================================================
DAG File Processing Stats

File Path                                           PID    Runtime      # DAGs    # Errors  Last Runtime    Last Run
--------------------------------------------------  -----  ---------  --------  ----------  --------------  -------------------
/opt/airflow/dags/erp_to_minio_bronze_dag.py                                 1           0  0.20s           2025-11-13T05:02:44
/opt/airflow/dags/transform_silver_gold_dbt_dag.py                           1           0  0.10s           2025-11-13T05:03:02
================================================================================
[2025-11-13T05:03:32.570+0000] {manager.py:879} INFO - 
================================================================================
DAG File Processing Stats

File Path                                           PID    Runtime      # DAGs    # Errors  Last Runtime    Last Run
--------------------------------------------------  -----  ---------  --------  ----------  --------------  -------------------
/opt/airflow/dags/erp_to_minio_bronze_dag.py                                 1           0  0.20s           2025-11-13T05:03:14
/opt/airflow/dags/transform_silver_gold_dbt_dag.py                           1           0  0.10s           2025-11-13T05:03:32
================================================================================
[2025-11-13T05:04:02.862+0000] {manager.py:879} INFO - 
================================================================================
DAG File Processing Stats

File Path                                           PID    Runtime      # DAGs    # Errors  Last Runtime    Last Run
--------------------------------------------------  -----  ---------  --------  ----------  --------------  -------------------
/opt/airflow/dags/erp_to_minio_bronze_dag.py                                 1           0  0.20s           2025-11-13T05:03:44
/opt/airflow/dags/transform_silver_gold_dbt_dag.py                           1           0  0.10s           2025-11-13T05:04:02
================================================================================
[2025-11-13T05:04:33.249+0000] {manager.py:879} INFO - 
================================================================================
DAG File Processing Stats

File Path                                           PID    Runtime      # DAGs    # Errors  Last Runtime    Last Run
--------------------------------------------------  -----  ---------  --------  ----------  --------------  -------------------
/opt/airflow/dags/erp_to_minio_bronze_dag.py                                 1           0  0.20s           2025-11-13T05:04:15
/opt/airflow/dags/transform_silver_gold_dbt_dag.py                           1           0  0.20s           2025-11-13T05:04:33
================================================================================
[2025-11-13T05:05:03.515+0000] {manager.py:879} INFO - 
================================================================================
DAG File Processing Stats

File Path                                           PID    Runtime      # DAGs    # Errors  Last Runtime    Last Run
--------------------------------------------------  -----  ---------  --------  ----------  --------------  -------------------
/opt/airflow/dags/erp_to_minio_bronze_dag.py                                 1           0  0.20s           2025-11-13T05:04:45
/opt/airflow/dags/transform_silver_gold_dbt_dag.py                           1           0  0.10s           2025-11-13T05:05:03
================================================================================
[2025-11-13T05:05:06.502+0000] {manager.py:738} INFO - Searching for files in /opt/airflow/dags
[2025-11-13T05:05:06.560+0000] {manager.py:741} INFO - There are 2 files in /opt/airflow/dags
