[2025-11-13T01:04:16.394+0000] {processor.py:161} INFO - Started process (PID=118) to work on /opt/airflow/dags/erp_to_minio_bronze_dag.py
[2025-11-13T01:04:16.396+0000] {processor.py:830} INFO - Processing file /opt/airflow/dags/erp_to_minio_bronze_dag.py for tasks to queue
[2025-11-13T01:04:16.397+0000] {logging_mixin.py:188} INFO - [2025-11-13T01:04:16.396+0000] {dagbag.py:538} INFO - Filling up the DagBag from /opt/airflow/dags/erp_to_minio_bronze_dag.py
[2025-11-13T01:04:16.461+0000] {processor.py:840} INFO - DAG(s) 'erp_to_minio_bronze' retrieved from /opt/airflow/dags/erp_to_minio_bronze_dag.py
[2025-11-13T01:04:16.468+0000] {logging_mixin.py:188} INFO - [2025-11-13T01:04:16.468+0000] {dag.py:3036} INFO - Sync 1 DAGs
[2025-11-13T01:04:16.480+0000] {logging_mixin.py:188} INFO - [2025-11-13T01:04:16.480+0000] {dag.py:3823} INFO - Setting next_dagrun for erp_to_minio_bronze to 2025-11-12 18:00:00+00:00, run_after=2025-11-13 00:00:00+00:00
[2025-11-13T01:04:16.495+0000] {processor.py:183} INFO - Processing /opt/airflow/dags/erp_to_minio_bronze_dag.py took 0.104 seconds
[2025-11-13T01:04:47.508+0000] {processor.py:161} INFO - Started process (PID=126) to work on /opt/airflow/dags/erp_to_minio_bronze_dag.py
[2025-11-13T01:04:47.509+0000] {processor.py:830} INFO - Processing file /opt/airflow/dags/erp_to_minio_bronze_dag.py for tasks to queue
[2025-11-13T01:04:47.510+0000] {logging_mixin.py:188} INFO - [2025-11-13T01:04:47.510+0000] {dagbag.py:538} INFO - Filling up the DagBag from /opt/airflow/dags/erp_to_minio_bronze_dag.py
[2025-11-13T01:04:47.574+0000] {processor.py:840} INFO - DAG(s) 'erp_to_minio_bronze' retrieved from /opt/airflow/dags/erp_to_minio_bronze_dag.py
[2025-11-13T01:04:47.625+0000] {logging_mixin.py:188} INFO - [2025-11-13T01:04:47.625+0000] {dag.py:3036} INFO - Sync 1 DAGs
[2025-11-13T01:04:47.635+0000] {logging_mixin.py:188} INFO - [2025-11-13T01:04:47.635+0000] {dag.py:3823} INFO - Setting next_dagrun for erp_to_minio_bronze to 2025-11-12 18:00:00+00:00, run_after=2025-11-13 00:00:00+00:00
[2025-11-13T01:04:47.658+0000] {processor.py:183} INFO - Processing /opt/airflow/dags/erp_to_minio_bronze_dag.py took 0.152 seconds
[2025-11-13T01:05:18.723+0000] {processor.py:161} INFO - Started process (PID=128) to work on /opt/airflow/dags/erp_to_minio_bronze_dag.py
[2025-11-13T01:05:18.724+0000] {processor.py:830} INFO - Processing file /opt/airflow/dags/erp_to_minio_bronze_dag.py for tasks to queue
[2025-11-13T01:05:18.725+0000] {logging_mixin.py:188} INFO - [2025-11-13T01:05:18.725+0000] {dagbag.py:538} INFO - Filling up the DagBag from /opt/airflow/dags/erp_to_minio_bronze_dag.py
[2025-11-13T01:05:18.786+0000] {processor.py:840} INFO - DAG(s) 'erp_to_minio_bronze' retrieved from /opt/airflow/dags/erp_to_minio_bronze_dag.py
[2025-11-13T01:05:18.799+0000] {logging_mixin.py:188} INFO - [2025-11-13T01:05:18.799+0000] {dag.py:3036} INFO - Sync 1 DAGs
[2025-11-13T01:05:18.809+0000] {logging_mixin.py:188} INFO - [2025-11-13T01:05:18.809+0000] {dag.py:3823} INFO - Setting next_dagrun for erp_to_minio_bronze to 2025-11-12 18:00:00+00:00, run_after=2025-11-13 00:00:00+00:00
[2025-11-13T01:05:18.829+0000] {processor.py:183} INFO - Processing /opt/airflow/dags/erp_to_minio_bronze_dag.py took 0.108 seconds
[2025-11-13T01:05:49.918+0000] {processor.py:161} INFO - Started process (PID=130) to work on /opt/airflow/dags/erp_to_minio_bronze_dag.py
[2025-11-13T01:05:49.919+0000] {processor.py:830} INFO - Processing file /opt/airflow/dags/erp_to_minio_bronze_dag.py for tasks to queue
[2025-11-13T01:05:49.920+0000] {logging_mixin.py:188} INFO - [2025-11-13T01:05:49.920+0000] {dagbag.py:538} INFO - Filling up the DagBag from /opt/airflow/dags/erp_to_minio_bronze_dag.py
[2025-11-13T01:05:49.973+0000] {processor.py:840} INFO - DAG(s) 'erp_to_minio_bronze' retrieved from /opt/airflow/dags/erp_to_minio_bronze_dag.py
[2025-11-13T01:05:49.986+0000] {logging_mixin.py:188} INFO - [2025-11-13T01:05:49.986+0000] {dag.py:3036} INFO - Sync 1 DAGs
[2025-11-13T01:05:49.998+0000] {logging_mixin.py:188} INFO - [2025-11-13T01:05:49.998+0000] {dag.py:3823} INFO - Setting next_dagrun for erp_to_minio_bronze to 2025-11-12 18:00:00+00:00, run_after=2025-11-13 00:00:00+00:00
[2025-11-13T01:05:50.013+0000] {processor.py:183} INFO - Processing /opt/airflow/dags/erp_to_minio_bronze_dag.py took 0.097 seconds
[2025-11-13T01:06:21.125+0000] {processor.py:161} INFO - Started process (PID=132) to work on /opt/airflow/dags/erp_to_minio_bronze_dag.py
[2025-11-13T01:06:21.126+0000] {processor.py:830} INFO - Processing file /opt/airflow/dags/erp_to_minio_bronze_dag.py for tasks to queue
[2025-11-13T01:06:21.127+0000] {logging_mixin.py:188} INFO - [2025-11-13T01:06:21.127+0000] {dagbag.py:538} INFO - Filling up the DagBag from /opt/airflow/dags/erp_to_minio_bronze_dag.py
[2025-11-13T01:06:21.186+0000] {processor.py:840} INFO - DAG(s) 'erp_to_minio_bronze' retrieved from /opt/airflow/dags/erp_to_minio_bronze_dag.py
[2025-11-13T01:06:21.201+0000] {logging_mixin.py:188} INFO - [2025-11-13T01:06:21.201+0000] {dag.py:3036} INFO - Sync 1 DAGs
[2025-11-13T01:06:21.214+0000] {logging_mixin.py:188} INFO - [2025-11-13T01:06:21.214+0000] {dag.py:3823} INFO - Setting next_dagrun for erp_to_minio_bronze to 2025-11-12 18:00:00+00:00, run_after=2025-11-13 00:00:00+00:00
[2025-11-13T01:06:21.228+0000] {processor.py:183} INFO - Processing /opt/airflow/dags/erp_to_minio_bronze_dag.py took 0.105 seconds
[2025-11-13T01:06:51.416+0000] {processor.py:161} INFO - Started process (PID=134) to work on /opt/airflow/dags/erp_to_minio_bronze_dag.py
[2025-11-13T01:06:51.417+0000] {processor.py:830} INFO - Processing file /opt/airflow/dags/erp_to_minio_bronze_dag.py for tasks to queue
[2025-11-13T01:06:51.418+0000] {logging_mixin.py:188} INFO - [2025-11-13T01:06:51.418+0000] {dagbag.py:538} INFO - Filling up the DagBag from /opt/airflow/dags/erp_to_minio_bronze_dag.py
[2025-11-13T01:06:51.485+0000] {processor.py:840} INFO - DAG(s) 'erp_to_minio_bronze' retrieved from /opt/airflow/dags/erp_to_minio_bronze_dag.py
[2025-11-13T01:06:51.501+0000] {logging_mixin.py:188} INFO - [2025-11-13T01:06:51.500+0000] {dag.py:3036} INFO - Sync 1 DAGs
[2025-11-13T01:06:51.513+0000] {logging_mixin.py:188} INFO - [2025-11-13T01:06:51.513+0000] {dag.py:3823} INFO - Setting next_dagrun for erp_to_minio_bronze to 2025-11-12 18:00:00+00:00, run_after=2025-11-13 00:00:00+00:00
[2025-11-13T01:06:51.529+0000] {processor.py:183} INFO - Processing /opt/airflow/dags/erp_to_minio_bronze_dag.py took 0.114 seconds
[2025-11-13T01:07:21.715+0000] {processor.py:161} INFO - Started process (PID=136) to work on /opt/airflow/dags/erp_to_minio_bronze_dag.py
[2025-11-13T01:07:21.716+0000] {processor.py:830} INFO - Processing file /opt/airflow/dags/erp_to_minio_bronze_dag.py for tasks to queue
[2025-11-13T01:07:21.717+0000] {logging_mixin.py:188} INFO - [2025-11-13T01:07:21.716+0000] {dagbag.py:538} INFO - Filling up the DagBag from /opt/airflow/dags/erp_to_minio_bronze_dag.py
[2025-11-13T01:07:21.776+0000] {processor.py:840} INFO - DAG(s) 'erp_to_minio_bronze' retrieved from /opt/airflow/dags/erp_to_minio_bronze_dag.py
[2025-11-13T01:07:21.787+0000] {logging_mixin.py:188} INFO - [2025-11-13T01:07:21.787+0000] {dag.py:3036} INFO - Sync 1 DAGs
[2025-11-13T01:07:21.797+0000] {logging_mixin.py:188} INFO - [2025-11-13T01:07:21.797+0000] {dag.py:3823} INFO - Setting next_dagrun for erp_to_minio_bronze to 2025-11-12 18:00:00+00:00, run_after=2025-11-13 00:00:00+00:00
[2025-11-13T01:07:21.829+0000] {processor.py:183} INFO - Processing /opt/airflow/dags/erp_to_minio_bronze_dag.py took 0.116 seconds
[2025-11-13T01:07:52.029+0000] {processor.py:161} INFO - Started process (PID=138) to work on /opt/airflow/dags/erp_to_minio_bronze_dag.py
[2025-11-13T01:07:52.031+0000] {processor.py:830} INFO - Processing file /opt/airflow/dags/erp_to_minio_bronze_dag.py for tasks to queue
[2025-11-13T01:07:52.032+0000] {logging_mixin.py:188} INFO - [2025-11-13T01:07:52.031+0000] {dagbag.py:538} INFO - Filling up the DagBag from /opt/airflow/dags/erp_to_minio_bronze_dag.py
[2025-11-13T01:07:52.096+0000] {processor.py:840} INFO - DAG(s) 'erp_to_minio_bronze' retrieved from /opt/airflow/dags/erp_to_minio_bronze_dag.py
[2025-11-13T01:07:52.108+0000] {logging_mixin.py:188} INFO - [2025-11-13T01:07:52.108+0000] {dag.py:3036} INFO - Sync 1 DAGs
[2025-11-13T01:07:52.119+0000] {logging_mixin.py:188} INFO - [2025-11-13T01:07:52.118+0000] {dag.py:3823} INFO - Setting next_dagrun for erp_to_minio_bronze to 2025-11-12 18:00:00+00:00, run_after=2025-11-13 00:00:00+00:00
[2025-11-13T01:07:52.137+0000] {processor.py:183} INFO - Processing /opt/airflow/dags/erp_to_minio_bronze_dag.py took 0.110 seconds
[2025-11-13T01:08:22.332+0000] {processor.py:161} INFO - Started process (PID=140) to work on /opt/airflow/dags/erp_to_minio_bronze_dag.py
[2025-11-13T01:08:22.333+0000] {processor.py:830} INFO - Processing file /opt/airflow/dags/erp_to_minio_bronze_dag.py for tasks to queue
[2025-11-13T01:08:22.334+0000] {logging_mixin.py:188} INFO - [2025-11-13T01:08:22.334+0000] {dagbag.py:538} INFO - Filling up the DagBag from /opt/airflow/dags/erp_to_minio_bronze_dag.py
[2025-11-13T01:08:22.392+0000] {processor.py:840} INFO - DAG(s) 'erp_to_minio_bronze' retrieved from /opt/airflow/dags/erp_to_minio_bronze_dag.py
[2025-11-13T01:08:22.404+0000] {logging_mixin.py:188} INFO - [2025-11-13T01:08:22.404+0000] {dag.py:3036} INFO - Sync 1 DAGs
[2025-11-13T01:08:22.415+0000] {logging_mixin.py:188} INFO - [2025-11-13T01:08:22.415+0000] {dag.py:3823} INFO - Setting next_dagrun for erp_to_minio_bronze to 2025-11-12 18:00:00+00:00, run_after=2025-11-13 00:00:00+00:00
[2025-11-13T01:08:22.431+0000] {processor.py:183} INFO - Processing /opt/airflow/dags/erp_to_minio_bronze_dag.py took 0.101 seconds
[2025-11-13T01:08:52.621+0000] {processor.py:161} INFO - Started process (PID=142) to work on /opt/airflow/dags/erp_to_minio_bronze_dag.py
[2025-11-13T01:08:52.622+0000] {processor.py:830} INFO - Processing file /opt/airflow/dags/erp_to_minio_bronze_dag.py for tasks to queue
[2025-11-13T01:08:52.624+0000] {logging_mixin.py:188} INFO - [2025-11-13T01:08:52.623+0000] {dagbag.py:538} INFO - Filling up the DagBag from /opt/airflow/dags/erp_to_minio_bronze_dag.py
[2025-11-13T01:08:52.678+0000] {processor.py:840} INFO - DAG(s) 'erp_to_minio_bronze' retrieved from /opt/airflow/dags/erp_to_minio_bronze_dag.py
[2025-11-13T01:08:52.691+0000] {logging_mixin.py:188} INFO - [2025-11-13T01:08:52.691+0000] {dag.py:3036} INFO - Sync 1 DAGs
[2025-11-13T01:08:52.703+0000] {logging_mixin.py:188} INFO - [2025-11-13T01:08:52.703+0000] {dag.py:3823} INFO - Setting next_dagrun for erp_to_minio_bronze to 2025-11-12 18:00:00+00:00, run_after=2025-11-13 00:00:00+00:00
[2025-11-13T01:08:52.722+0000] {processor.py:183} INFO - Processing /opt/airflow/dags/erp_to_minio_bronze_dag.py took 0.103 seconds
[2025-11-13T01:09:22.923+0000] {processor.py:161} INFO - Started process (PID=144) to work on /opt/airflow/dags/erp_to_minio_bronze_dag.py
[2025-11-13T01:09:22.924+0000] {processor.py:830} INFO - Processing file /opt/airflow/dags/erp_to_minio_bronze_dag.py for tasks to queue
[2025-11-13T01:09:22.925+0000] {logging_mixin.py:188} INFO - [2025-11-13T01:09:22.925+0000] {dagbag.py:538} INFO - Filling up the DagBag from /opt/airflow/dags/erp_to_minio_bronze_dag.py
[2025-11-13T01:09:22.990+0000] {processor.py:840} INFO - DAG(s) 'erp_to_minio_bronze' retrieved from /opt/airflow/dags/erp_to_minio_bronze_dag.py
[2025-11-13T01:09:23.003+0000] {logging_mixin.py:188} INFO - [2025-11-13T01:09:23.003+0000] {dag.py:3036} INFO - Sync 1 DAGs
[2025-11-13T01:09:23.018+0000] {logging_mixin.py:188} INFO - [2025-11-13T01:09:23.018+0000] {dag.py:3823} INFO - Setting next_dagrun for erp_to_minio_bronze to 2025-11-12 18:00:00+00:00, run_after=2025-11-13 00:00:00+00:00
[2025-11-13T01:09:23.035+0000] {processor.py:183} INFO - Processing /opt/airflow/dags/erp_to_minio_bronze_dag.py took 0.114 seconds
[2025-11-13T01:09:53.211+0000] {processor.py:161} INFO - Started process (PID=146) to work on /opt/airflow/dags/erp_to_minio_bronze_dag.py
[2025-11-13T01:09:53.212+0000] {processor.py:830} INFO - Processing file /opt/airflow/dags/erp_to_minio_bronze_dag.py for tasks to queue
[2025-11-13T01:09:53.213+0000] {logging_mixin.py:188} INFO - [2025-11-13T01:09:53.213+0000] {dagbag.py:538} INFO - Filling up the DagBag from /opt/airflow/dags/erp_to_minio_bronze_dag.py
[2025-11-13T01:09:53.270+0000] {processor.py:840} INFO - DAG(s) 'erp_to_minio_bronze' retrieved from /opt/airflow/dags/erp_to_minio_bronze_dag.py
[2025-11-13T01:09:53.282+0000] {logging_mixin.py:188} INFO - [2025-11-13T01:09:53.282+0000] {dag.py:3036} INFO - Sync 1 DAGs
[2025-11-13T01:09:53.293+0000] {logging_mixin.py:188} INFO - [2025-11-13T01:09:53.293+0000] {dag.py:3823} INFO - Setting next_dagrun for erp_to_minio_bronze to 2025-11-12 18:00:00+00:00, run_after=2025-11-13 00:00:00+00:00
[2025-11-13T01:09:53.311+0000] {processor.py:183} INFO - Processing /opt/airflow/dags/erp_to_minio_bronze_dag.py took 0.102 seconds
[2025-11-13T01:10:23.500+0000] {processor.py:161} INFO - Started process (PID=148) to work on /opt/airflow/dags/erp_to_minio_bronze_dag.py
[2025-11-13T01:10:23.501+0000] {processor.py:830} INFO - Processing file /opt/airflow/dags/erp_to_minio_bronze_dag.py for tasks to queue
[2025-11-13T01:10:23.502+0000] {logging_mixin.py:188} INFO - [2025-11-13T01:10:23.502+0000] {dagbag.py:538} INFO - Filling up the DagBag from /opt/airflow/dags/erp_to_minio_bronze_dag.py
[2025-11-13T01:10:23.557+0000] {processor.py:840} INFO - DAG(s) 'erp_to_minio_bronze' retrieved from /opt/airflow/dags/erp_to_minio_bronze_dag.py
[2025-11-13T01:10:23.569+0000] {logging_mixin.py:188} INFO - [2025-11-13T01:10:23.569+0000] {dag.py:3036} INFO - Sync 1 DAGs
[2025-11-13T01:10:23.580+0000] {logging_mixin.py:188} INFO - [2025-11-13T01:10:23.580+0000] {dag.py:3823} INFO - Setting next_dagrun for erp_to_minio_bronze to 2025-11-12 18:00:00+00:00, run_after=2025-11-13 00:00:00+00:00
[2025-11-13T01:10:23.599+0000] {processor.py:183} INFO - Processing /opt/airflow/dags/erp_to_minio_bronze_dag.py took 0.101 seconds
[2025-11-13T01:10:53.811+0000] {processor.py:161} INFO - Started process (PID=150) to work on /opt/airflow/dags/erp_to_minio_bronze_dag.py
[2025-11-13T01:10:53.812+0000] {processor.py:830} INFO - Processing file /opt/airflow/dags/erp_to_minio_bronze_dag.py for tasks to queue
[2025-11-13T01:10:53.813+0000] {logging_mixin.py:188} INFO - [2025-11-13T01:10:53.813+0000] {dagbag.py:538} INFO - Filling up the DagBag from /opt/airflow/dags/erp_to_minio_bronze_dag.py
[2025-11-13T01:10:53.869+0000] {processor.py:840} INFO - DAG(s) 'erp_to_minio_bronze' retrieved from /opt/airflow/dags/erp_to_minio_bronze_dag.py
[2025-11-13T01:10:53.891+0000] {logging_mixin.py:188} INFO - [2025-11-13T01:10:53.890+0000] {dag.py:3036} INFO - Sync 1 DAGs
[2025-11-13T01:10:53.904+0000] {logging_mixin.py:188} INFO - [2025-11-13T01:10:53.904+0000] {dag.py:3823} INFO - Setting next_dagrun for erp_to_minio_bronze to 2025-11-12 18:00:00+00:00, run_after=2025-11-13 00:00:00+00:00
[2025-11-13T01:10:53.922+0000] {processor.py:183} INFO - Processing /opt/airflow/dags/erp_to_minio_bronze_dag.py took 0.113 seconds
[2025-11-13T01:11:24.091+0000] {processor.py:161} INFO - Started process (PID=152) to work on /opt/airflow/dags/erp_to_minio_bronze_dag.py
[2025-11-13T01:11:24.092+0000] {processor.py:830} INFO - Processing file /opt/airflow/dags/erp_to_minio_bronze_dag.py for tasks to queue
[2025-11-13T01:11:24.093+0000] {logging_mixin.py:188} INFO - [2025-11-13T01:11:24.093+0000] {dagbag.py:538} INFO - Filling up the DagBag from /opt/airflow/dags/erp_to_minio_bronze_dag.py
[2025-11-13T01:11:24.147+0000] {processor.py:840} INFO - DAG(s) 'erp_to_minio_bronze' retrieved from /opt/airflow/dags/erp_to_minio_bronze_dag.py
[2025-11-13T01:11:24.158+0000] {logging_mixin.py:188} INFO - [2025-11-13T01:11:24.158+0000] {dag.py:3036} INFO - Sync 1 DAGs
[2025-11-13T01:11:24.170+0000] {logging_mixin.py:188} INFO - [2025-11-13T01:11:24.169+0000] {dag.py:3823} INFO - Setting next_dagrun for erp_to_minio_bronze to 2025-11-12 18:00:00+00:00, run_after=2025-11-13 00:00:00+00:00
[2025-11-13T01:11:24.186+0000] {processor.py:183} INFO - Processing /opt/airflow/dags/erp_to_minio_bronze_dag.py took 0.098 seconds
[2025-11-13T01:11:54.384+0000] {processor.py:161} INFO - Started process (PID=154) to work on /opt/airflow/dags/erp_to_minio_bronze_dag.py
[2025-11-13T01:11:54.385+0000] {processor.py:830} INFO - Processing file /opt/airflow/dags/erp_to_minio_bronze_dag.py for tasks to queue
[2025-11-13T01:11:54.386+0000] {logging_mixin.py:188} INFO - [2025-11-13T01:11:54.385+0000] {dagbag.py:538} INFO - Filling up the DagBag from /opt/airflow/dags/erp_to_minio_bronze_dag.py
[2025-11-13T01:11:54.441+0000] {processor.py:840} INFO - DAG(s) 'erp_to_minio_bronze' retrieved from /opt/airflow/dags/erp_to_minio_bronze_dag.py
[2025-11-13T01:11:54.455+0000] {logging_mixin.py:188} INFO - [2025-11-13T01:11:54.455+0000] {dag.py:3036} INFO - Sync 1 DAGs
[2025-11-13T01:11:54.467+0000] {logging_mixin.py:188} INFO - [2025-11-13T01:11:54.467+0000] {dag.py:3823} INFO - Setting next_dagrun for erp_to_minio_bronze to 2025-11-12 18:00:00+00:00, run_after=2025-11-13 00:00:00+00:00
[2025-11-13T01:11:54.483+0000] {processor.py:183} INFO - Processing /opt/airflow/dags/erp_to_minio_bronze_dag.py took 0.101 seconds
[2025-11-13T01:12:24.684+0000] {processor.py:161} INFO - Started process (PID=156) to work on /opt/airflow/dags/erp_to_minio_bronze_dag.py
[2025-11-13T01:12:24.685+0000] {processor.py:830} INFO - Processing file /opt/airflow/dags/erp_to_minio_bronze_dag.py for tasks to queue
[2025-11-13T01:12:24.686+0000] {logging_mixin.py:188} INFO - [2025-11-13T01:12:24.686+0000] {dagbag.py:538} INFO - Filling up the DagBag from /opt/airflow/dags/erp_to_minio_bronze_dag.py
[2025-11-13T01:12:24.743+0000] {processor.py:840} INFO - DAG(s) 'erp_to_minio_bronze' retrieved from /opt/airflow/dags/erp_to_minio_bronze_dag.py
[2025-11-13T01:12:24.756+0000] {logging_mixin.py:188} INFO - [2025-11-13T01:12:24.756+0000] {dag.py:3036} INFO - Sync 1 DAGs
[2025-11-13T01:12:24.767+0000] {logging_mixin.py:188} INFO - [2025-11-13T01:12:24.767+0000] {dag.py:3823} INFO - Setting next_dagrun for erp_to_minio_bronze to 2025-11-12 18:00:00+00:00, run_after=2025-11-13 00:00:00+00:00
[2025-11-13T01:12:24.784+0000] {processor.py:183} INFO - Processing /opt/airflow/dags/erp_to_minio_bronze_dag.py took 0.101 seconds
[2025-11-13T01:12:54.970+0000] {processor.py:161} INFO - Started process (PID=158) to work on /opt/airflow/dags/erp_to_minio_bronze_dag.py
[2025-11-13T01:12:54.971+0000] {processor.py:830} INFO - Processing file /opt/airflow/dags/erp_to_minio_bronze_dag.py for tasks to queue
[2025-11-13T01:12:54.972+0000] {logging_mixin.py:188} INFO - [2025-11-13T01:12:54.972+0000] {dagbag.py:538} INFO - Filling up the DagBag from /opt/airflow/dags/erp_to_minio_bronze_dag.py
[2025-11-13T01:12:55.023+0000] {processor.py:840} INFO - DAG(s) 'erp_to_minio_bronze' retrieved from /opt/airflow/dags/erp_to_minio_bronze_dag.py
[2025-11-13T01:12:55.036+0000] {logging_mixin.py:188} INFO - [2025-11-13T01:12:55.036+0000] {dag.py:3036} INFO - Sync 1 DAGs
[2025-11-13T01:12:55.046+0000] {logging_mixin.py:188} INFO - [2025-11-13T01:12:55.046+0000] {dag.py:3823} INFO - Setting next_dagrun for erp_to_minio_bronze to 2025-11-12 18:00:00+00:00, run_after=2025-11-13 00:00:00+00:00
[2025-11-13T01:12:55.063+0000] {processor.py:183} INFO - Processing /opt/airflow/dags/erp_to_minio_bronze_dag.py took 0.096 seconds
[2025-11-13T01:13:25.266+0000] {processor.py:161} INFO - Started process (PID=160) to work on /opt/airflow/dags/erp_to_minio_bronze_dag.py
[2025-11-13T01:13:25.267+0000] {processor.py:830} INFO - Processing file /opt/airflow/dags/erp_to_minio_bronze_dag.py for tasks to queue
[2025-11-13T01:13:25.268+0000] {logging_mixin.py:188} INFO - [2025-11-13T01:13:25.268+0000] {dagbag.py:538} INFO - Filling up the DagBag from /opt/airflow/dags/erp_to_minio_bronze_dag.py
[2025-11-13T01:13:25.327+0000] {processor.py:840} INFO - DAG(s) 'erp_to_minio_bronze' retrieved from /opt/airflow/dags/erp_to_minio_bronze_dag.py
[2025-11-13T01:13:25.341+0000] {logging_mixin.py:188} INFO - [2025-11-13T01:13:25.341+0000] {dag.py:3036} INFO - Sync 1 DAGs
[2025-11-13T01:13:25.352+0000] {logging_mixin.py:188} INFO - [2025-11-13T01:13:25.352+0000] {dag.py:3823} INFO - Setting next_dagrun for erp_to_minio_bronze to 2025-11-12 18:00:00+00:00, run_after=2025-11-13 00:00:00+00:00
[2025-11-13T01:13:25.366+0000] {processor.py:183} INFO - Processing /opt/airflow/dags/erp_to_minio_bronze_dag.py took 0.101 seconds
[2025-11-13T01:13:55.547+0000] {processor.py:161} INFO - Started process (PID=162) to work on /opt/airflow/dags/erp_to_minio_bronze_dag.py
[2025-11-13T01:13:55.548+0000] {processor.py:830} INFO - Processing file /opt/airflow/dags/erp_to_minio_bronze_dag.py for tasks to queue
[2025-11-13T01:13:55.549+0000] {logging_mixin.py:188} INFO - [2025-11-13T01:13:55.549+0000] {dagbag.py:538} INFO - Filling up the DagBag from /opt/airflow/dags/erp_to_minio_bronze_dag.py
[2025-11-13T01:13:55.610+0000] {processor.py:840} INFO - DAG(s) 'erp_to_minio_bronze' retrieved from /opt/airflow/dags/erp_to_minio_bronze_dag.py
[2025-11-13T01:13:55.623+0000] {logging_mixin.py:188} INFO - [2025-11-13T01:13:55.623+0000] {dag.py:3036} INFO - Sync 1 DAGs
[2025-11-13T01:13:55.635+0000] {logging_mixin.py:188} INFO - [2025-11-13T01:13:55.635+0000] {dag.py:3823} INFO - Setting next_dagrun for erp_to_minio_bronze to 2025-11-12 18:00:00+00:00, run_after=2025-11-13 00:00:00+00:00
[2025-11-13T01:13:55.649+0000] {processor.py:183} INFO - Processing /opt/airflow/dags/erp_to_minio_bronze_dag.py took 0.104 seconds
[2025-11-13T01:14:25.844+0000] {processor.py:161} INFO - Started process (PID=164) to work on /opt/airflow/dags/erp_to_minio_bronze_dag.py
[2025-11-13T01:14:25.845+0000] {processor.py:830} INFO - Processing file /opt/airflow/dags/erp_to_minio_bronze_dag.py for tasks to queue
[2025-11-13T01:14:25.847+0000] {logging_mixin.py:188} INFO - [2025-11-13T01:14:25.846+0000] {dagbag.py:538} INFO - Filling up the DagBag from /opt/airflow/dags/erp_to_minio_bronze_dag.py
[2025-11-13T01:14:25.952+0000] {processor.py:840} INFO - DAG(s) 'erp_to_minio_bronze' retrieved from /opt/airflow/dags/erp_to_minio_bronze_dag.py
[2025-11-13T01:14:25.969+0000] {logging_mixin.py:188} INFO - [2025-11-13T01:14:25.969+0000] {dag.py:3036} INFO - Sync 1 DAGs
[2025-11-13T01:14:25.981+0000] {logging_mixin.py:188} INFO - [2025-11-13T01:14:25.981+0000] {dag.py:3823} INFO - Setting next_dagrun for erp_to_minio_bronze to 2025-11-12 18:00:00+00:00, run_after=2025-11-13 00:00:00+00:00
[2025-11-13T01:14:25.997+0000] {processor.py:183} INFO - Processing /opt/airflow/dags/erp_to_minio_bronze_dag.py took 0.155 seconds
[2025-11-13T01:14:56.132+0000] {processor.py:161} INFO - Started process (PID=166) to work on /opt/airflow/dags/erp_to_minio_bronze_dag.py
[2025-11-13T01:14:56.133+0000] {processor.py:830} INFO - Processing file /opt/airflow/dags/erp_to_minio_bronze_dag.py for tasks to queue
[2025-11-13T01:14:56.134+0000] {logging_mixin.py:188} INFO - [2025-11-13T01:14:56.134+0000] {dagbag.py:538} INFO - Filling up the DagBag from /opt/airflow/dags/erp_to_minio_bronze_dag.py
[2025-11-13T01:14:56.192+0000] {processor.py:840} INFO - DAG(s) 'erp_to_minio_bronze' retrieved from /opt/airflow/dags/erp_to_minio_bronze_dag.py
[2025-11-13T01:14:56.204+0000] {logging_mixin.py:188} INFO - [2025-11-13T01:14:56.204+0000] {dag.py:3036} INFO - Sync 1 DAGs
[2025-11-13T01:14:56.215+0000] {logging_mixin.py:188} INFO - [2025-11-13T01:14:56.215+0000] {dag.py:3823} INFO - Setting next_dagrun for erp_to_minio_bronze to 2025-11-12 18:00:00+00:00, run_after=2025-11-13 00:00:00+00:00
[2025-11-13T01:14:56.230+0000] {processor.py:183} INFO - Processing /opt/airflow/dags/erp_to_minio_bronze_dag.py took 0.100 seconds
[2025-11-13T01:15:26.416+0000] {processor.py:161} INFO - Started process (PID=168) to work on /opt/airflow/dags/erp_to_minio_bronze_dag.py
[2025-11-13T01:15:26.417+0000] {processor.py:830} INFO - Processing file /opt/airflow/dags/erp_to_minio_bronze_dag.py for tasks to queue
[2025-11-13T01:15:26.418+0000] {logging_mixin.py:188} INFO - [2025-11-13T01:15:26.418+0000] {dagbag.py:538} INFO - Filling up the DagBag from /opt/airflow/dags/erp_to_minio_bronze_dag.py
[2025-11-13T01:15:26.471+0000] {processor.py:840} INFO - DAG(s) 'erp_to_minio_bronze' retrieved from /opt/airflow/dags/erp_to_minio_bronze_dag.py
[2025-11-13T01:15:26.481+0000] {logging_mixin.py:188} INFO - [2025-11-13T01:15:26.481+0000] {dag.py:3036} INFO - Sync 1 DAGs
[2025-11-13T01:15:26.493+0000] {logging_mixin.py:188} INFO - [2025-11-13T01:15:26.493+0000] {dag.py:3823} INFO - Setting next_dagrun for erp_to_minio_bronze to 2025-11-12 18:00:00+00:00, run_after=2025-11-13 00:00:00+00:00
[2025-11-13T01:15:26.509+0000] {processor.py:183} INFO - Processing /opt/airflow/dags/erp_to_minio_bronze_dag.py took 0.095 seconds
[2025-11-13T01:15:56.705+0000] {processor.py:161} INFO - Started process (PID=170) to work on /opt/airflow/dags/erp_to_minio_bronze_dag.py
[2025-11-13T01:15:56.706+0000] {processor.py:830} INFO - Processing file /opt/airflow/dags/erp_to_minio_bronze_dag.py for tasks to queue
[2025-11-13T01:15:56.708+0000] {logging_mixin.py:188} INFO - [2025-11-13T01:15:56.707+0000] {dagbag.py:538} INFO - Filling up the DagBag from /opt/airflow/dags/erp_to_minio_bronze_dag.py
[2025-11-13T01:15:56.767+0000] {processor.py:840} INFO - DAG(s) 'erp_to_minio_bronze' retrieved from /opt/airflow/dags/erp_to_minio_bronze_dag.py
[2025-11-13T01:15:56.782+0000] {logging_mixin.py:188} INFO - [2025-11-13T01:15:56.782+0000] {dag.py:3036} INFO - Sync 1 DAGs
[2025-11-13T01:15:56.792+0000] {logging_mixin.py:188} INFO - [2025-11-13T01:15:56.792+0000] {dag.py:3823} INFO - Setting next_dagrun for erp_to_minio_bronze to 2025-11-12 18:00:00+00:00, run_after=2025-11-13 00:00:00+00:00
[2025-11-13T01:15:56.808+0000] {processor.py:183} INFO - Processing /opt/airflow/dags/erp_to_minio_bronze_dag.py took 0.105 seconds
[2025-11-13T01:16:26.990+0000] {processor.py:161} INFO - Started process (PID=172) to work on /opt/airflow/dags/erp_to_minio_bronze_dag.py
[2025-11-13T01:16:26.991+0000] {processor.py:830} INFO - Processing file /opt/airflow/dags/erp_to_minio_bronze_dag.py for tasks to queue
[2025-11-13T01:16:26.993+0000] {logging_mixin.py:188} INFO - [2025-11-13T01:16:26.992+0000] {dagbag.py:538} INFO - Filling up the DagBag from /opt/airflow/dags/erp_to_minio_bronze_dag.py
[2025-11-13T01:16:27.042+0000] {processor.py:840} INFO - DAG(s) 'erp_to_minio_bronze' retrieved from /opt/airflow/dags/erp_to_minio_bronze_dag.py
[2025-11-13T01:16:27.054+0000] {logging_mixin.py:188} INFO - [2025-11-13T01:16:27.054+0000] {dag.py:3036} INFO - Sync 1 DAGs
[2025-11-13T01:16:27.063+0000] {logging_mixin.py:188} INFO - [2025-11-13T01:16:27.063+0000] {dag.py:3823} INFO - Setting next_dagrun for erp_to_minio_bronze to 2025-11-12 18:00:00+00:00, run_after=2025-11-13 00:00:00+00:00
[2025-11-13T01:16:27.079+0000] {processor.py:183} INFO - Processing /opt/airflow/dags/erp_to_minio_bronze_dag.py took 0.092 seconds
[2025-11-13T01:16:57.233+0000] {processor.py:161} INFO - Started process (PID=176) to work on /opt/airflow/dags/erp_to_minio_bronze_dag.py
[2025-11-13T01:16:57.234+0000] {processor.py:830} INFO - Processing file /opt/airflow/dags/erp_to_minio_bronze_dag.py for tasks to queue
[2025-11-13T01:16:57.235+0000] {logging_mixin.py:188} INFO - [2025-11-13T01:16:57.235+0000] {dagbag.py:538} INFO - Filling up the DagBag from /opt/airflow/dags/erp_to_minio_bronze_dag.py
[2025-11-13T01:16:57.299+0000] {processor.py:840} INFO - DAG(s) 'erp_to_minio_bronze' retrieved from /opt/airflow/dags/erp_to_minio_bronze_dag.py
[2025-11-13T01:16:57.312+0000] {logging_mixin.py:188} INFO - [2025-11-13T01:16:57.312+0000] {dag.py:3036} INFO - Sync 1 DAGs
[2025-11-13T01:16:57.323+0000] {logging_mixin.py:188} INFO - [2025-11-13T01:16:57.323+0000] {dag.py:3823} INFO - Setting next_dagrun for erp_to_minio_bronze to 2025-11-12 18:00:00+00:00, run_after=2025-11-13 00:00:00+00:00
[2025-11-13T01:16:57.338+0000] {processor.py:183} INFO - Processing /opt/airflow/dags/erp_to_minio_bronze_dag.py took 0.107 seconds
[2025-11-13T01:17:27.487+0000] {processor.py:161} INFO - Started process (PID=178) to work on /opt/airflow/dags/erp_to_minio_bronze_dag.py
[2025-11-13T01:17:27.488+0000] {processor.py:830} INFO - Processing file /opt/airflow/dags/erp_to_minio_bronze_dag.py for tasks to queue
[2025-11-13T01:17:27.489+0000] {logging_mixin.py:188} INFO - [2025-11-13T01:17:27.489+0000] {dagbag.py:538} INFO - Filling up the DagBag from /opt/airflow/dags/erp_to_minio_bronze_dag.py
[2025-11-13T01:17:27.562+0000] {processor.py:840} INFO - DAG(s) 'erp_to_minio_bronze' retrieved from /opt/airflow/dags/erp_to_minio_bronze_dag.py
[2025-11-13T01:17:27.579+0000] {logging_mixin.py:188} INFO - [2025-11-13T01:17:27.578+0000] {dag.py:3036} INFO - Sync 1 DAGs
[2025-11-13T01:17:27.593+0000] {logging_mixin.py:188} INFO - [2025-11-13T01:17:27.593+0000] {dag.py:3823} INFO - Setting next_dagrun for erp_to_minio_bronze to 2025-11-12 18:00:00+00:00, run_after=2025-11-13 00:00:00+00:00
[2025-11-13T01:17:27.612+0000] {processor.py:183} INFO - Processing /opt/airflow/dags/erp_to_minio_bronze_dag.py took 0.127 seconds
[2025-11-13T01:17:58.516+0000] {processor.py:161} INFO - Started process (PID=180) to work on /opt/airflow/dags/erp_to_minio_bronze_dag.py
[2025-11-13T01:17:58.517+0000] {processor.py:830} INFO - Processing file /opt/airflow/dags/erp_to_minio_bronze_dag.py for tasks to queue
[2025-11-13T01:17:58.518+0000] {logging_mixin.py:188} INFO - [2025-11-13T01:17:58.518+0000] {dagbag.py:538} INFO - Filling up the DagBag from /opt/airflow/dags/erp_to_minio_bronze_dag.py
[2025-11-13T01:17:58.584+0000] {processor.py:840} INFO - DAG(s) 'erp_to_minio_bronze' retrieved from /opt/airflow/dags/erp_to_minio_bronze_dag.py
[2025-11-13T01:17:58.598+0000] {logging_mixin.py:188} INFO - [2025-11-13T01:17:58.598+0000] {dag.py:3036} INFO - Sync 1 DAGs
[2025-11-13T01:17:58.610+0000] {logging_mixin.py:188} INFO - [2025-11-13T01:17:58.610+0000] {dag.py:3823} INFO - Setting next_dagrun for erp_to_minio_bronze to 2025-11-12 18:00:00+00:00, run_after=2025-11-13 00:00:00+00:00
[2025-11-13T01:17:58.624+0000] {processor.py:183} INFO - Processing /opt/airflow/dags/erp_to_minio_bronze_dag.py took 0.111 seconds
[2025-11-13T01:18:28.829+0000] {processor.py:161} INFO - Started process (PID=182) to work on /opt/airflow/dags/erp_to_minio_bronze_dag.py
[2025-11-13T01:18:28.830+0000] {processor.py:830} INFO - Processing file /opt/airflow/dags/erp_to_minio_bronze_dag.py for tasks to queue
[2025-11-13T01:18:28.831+0000] {logging_mixin.py:188} INFO - [2025-11-13T01:18:28.831+0000] {dagbag.py:538} INFO - Filling up the DagBag from /opt/airflow/dags/erp_to_minio_bronze_dag.py
[2025-11-13T01:18:28.905+0000] {processor.py:840} INFO - DAG(s) 'erp_to_minio_bronze' retrieved from /opt/airflow/dags/erp_to_minio_bronze_dag.py
[2025-11-13T01:18:28.919+0000] {logging_mixin.py:188} INFO - [2025-11-13T01:18:28.919+0000] {dag.py:3036} INFO - Sync 1 DAGs
[2025-11-13T01:18:28.930+0000] {logging_mixin.py:188} INFO - [2025-11-13T01:18:28.930+0000] {dag.py:3823} INFO - Setting next_dagrun for erp_to_minio_bronze to 2025-11-12 18:00:00+00:00, run_after=2025-11-13 00:00:00+00:00
[2025-11-13T01:18:28.946+0000] {processor.py:183} INFO - Processing /opt/airflow/dags/erp_to_minio_bronze_dag.py took 0.120 seconds
[2025-11-13T01:18:59.115+0000] {processor.py:161} INFO - Started process (PID=184) to work on /opt/airflow/dags/erp_to_minio_bronze_dag.py
[2025-11-13T01:18:59.116+0000] {processor.py:830} INFO - Processing file /opt/airflow/dags/erp_to_minio_bronze_dag.py for tasks to queue
[2025-11-13T01:18:59.117+0000] {logging_mixin.py:188} INFO - [2025-11-13T01:18:59.117+0000] {dagbag.py:538} INFO - Filling up the DagBag from /opt/airflow/dags/erp_to_minio_bronze_dag.py
[2025-11-13T01:18:59.183+0000] {processor.py:840} INFO - DAG(s) 'erp_to_minio_bronze' retrieved from /opt/airflow/dags/erp_to_minio_bronze_dag.py
[2025-11-13T01:18:59.196+0000] {logging_mixin.py:188} INFO - [2025-11-13T01:18:59.196+0000] {dag.py:3036} INFO - Sync 1 DAGs
[2025-11-13T01:18:59.209+0000] {logging_mixin.py:188} INFO - [2025-11-13T01:18:59.209+0000] {dag.py:3823} INFO - Setting next_dagrun for erp_to_minio_bronze to 2025-11-12 18:00:00+00:00, run_after=2025-11-13 00:00:00+00:00
[2025-11-13T01:18:59.222+0000] {processor.py:183} INFO - Processing /opt/airflow/dags/erp_to_minio_bronze_dag.py took 0.109 seconds
[2025-11-13T01:19:29.402+0000] {processor.py:161} INFO - Started process (PID=186) to work on /opt/airflow/dags/erp_to_minio_bronze_dag.py
[2025-11-13T01:19:29.404+0000] {processor.py:830} INFO - Processing file /opt/airflow/dags/erp_to_minio_bronze_dag.py for tasks to queue
[2025-11-13T01:19:29.405+0000] {logging_mixin.py:188} INFO - [2025-11-13T01:19:29.405+0000] {dagbag.py:538} INFO - Filling up the DagBag from /opt/airflow/dags/erp_to_minio_bronze_dag.py
[2025-11-13T01:19:29.471+0000] {processor.py:840} INFO - DAG(s) 'erp_to_minio_bronze' retrieved from /opt/airflow/dags/erp_to_minio_bronze_dag.py
[2025-11-13T01:19:29.485+0000] {logging_mixin.py:188} INFO - [2025-11-13T01:19:29.485+0000] {dag.py:3036} INFO - Sync 1 DAGs
[2025-11-13T01:19:29.496+0000] {logging_mixin.py:188} INFO - [2025-11-13T01:19:29.496+0000] {dag.py:3823} INFO - Setting next_dagrun for erp_to_minio_bronze to 2025-11-12 18:00:00+00:00, run_after=2025-11-13 00:00:00+00:00
[2025-11-13T01:19:29.512+0000] {processor.py:183} INFO - Processing /opt/airflow/dags/erp_to_minio_bronze_dag.py took 0.111 seconds
[2025-11-13T01:19:59.683+0000] {processor.py:161} INFO - Started process (PID=188) to work on /opt/airflow/dags/erp_to_minio_bronze_dag.py
[2025-11-13T01:19:59.684+0000] {processor.py:830} INFO - Processing file /opt/airflow/dags/erp_to_minio_bronze_dag.py for tasks to queue
[2025-11-13T01:19:59.685+0000] {logging_mixin.py:188} INFO - [2025-11-13T01:19:59.685+0000] {dagbag.py:538} INFO - Filling up the DagBag from /opt/airflow/dags/erp_to_minio_bronze_dag.py
[2025-11-13T01:19:59.742+0000] {processor.py:840} INFO - DAG(s) 'erp_to_minio_bronze' retrieved from /opt/airflow/dags/erp_to_minio_bronze_dag.py
[2025-11-13T01:19:59.756+0000] {logging_mixin.py:188} INFO - [2025-11-13T01:19:59.756+0000] {dag.py:3036} INFO - Sync 1 DAGs
[2025-11-13T01:19:59.767+0000] {logging_mixin.py:188} INFO - [2025-11-13T01:19:59.767+0000] {dag.py:3823} INFO - Setting next_dagrun for erp_to_minio_bronze to 2025-11-12 18:00:00+00:00, run_after=2025-11-13 00:00:00+00:00
[2025-11-13T01:19:59.781+0000] {processor.py:183} INFO - Processing /opt/airflow/dags/erp_to_minio_bronze_dag.py took 0.100 seconds
[2025-11-13T01:20:29.986+0000] {processor.py:161} INFO - Started process (PID=190) to work on /opt/airflow/dags/erp_to_minio_bronze_dag.py
[2025-11-13T01:20:29.987+0000] {processor.py:830} INFO - Processing file /opt/airflow/dags/erp_to_minio_bronze_dag.py for tasks to queue
[2025-11-13T01:20:29.988+0000] {logging_mixin.py:188} INFO - [2025-11-13T01:20:29.988+0000] {dagbag.py:538} INFO - Filling up the DagBag from /opt/airflow/dags/erp_to_minio_bronze_dag.py
[2025-11-13T01:20:30.051+0000] {processor.py:840} INFO - DAG(s) 'erp_to_minio_bronze' retrieved from /opt/airflow/dags/erp_to_minio_bronze_dag.py
[2025-11-13T01:20:30.064+0000] {logging_mixin.py:188} INFO - [2025-11-13T01:20:30.064+0000] {dag.py:3036} INFO - Sync 1 DAGs
[2025-11-13T01:20:30.075+0000] {logging_mixin.py:188} INFO - [2025-11-13T01:20:30.075+0000] {dag.py:3823} INFO - Setting next_dagrun for erp_to_minio_bronze to 2025-11-12 18:00:00+00:00, run_after=2025-11-13 00:00:00+00:00
[2025-11-13T01:20:30.090+0000] {processor.py:183} INFO - Processing /opt/airflow/dags/erp_to_minio_bronze_dag.py took 0.107 seconds
[2025-11-13T01:21:00.275+0000] {processor.py:161} INFO - Started process (PID=192) to work on /opt/airflow/dags/erp_to_minio_bronze_dag.py
[2025-11-13T01:21:00.276+0000] {processor.py:830} INFO - Processing file /opt/airflow/dags/erp_to_minio_bronze_dag.py for tasks to queue
[2025-11-13T01:21:00.277+0000] {logging_mixin.py:188} INFO - [2025-11-13T01:21:00.277+0000] {dagbag.py:538} INFO - Filling up the DagBag from /opt/airflow/dags/erp_to_minio_bronze_dag.py
[2025-11-13T01:21:00.342+0000] {processor.py:840} INFO - DAG(s) 'erp_to_minio_bronze' retrieved from /opt/airflow/dags/erp_to_minio_bronze_dag.py
[2025-11-13T01:21:00.356+0000] {logging_mixin.py:188} INFO - [2025-11-13T01:21:00.355+0000] {dag.py:3036} INFO - Sync 1 DAGs
[2025-11-13T01:21:00.366+0000] {logging_mixin.py:188} INFO - [2025-11-13T01:21:00.366+0000] {dag.py:3823} INFO - Setting next_dagrun for erp_to_minio_bronze to 2025-11-12 18:00:00+00:00, run_after=2025-11-13 00:00:00+00:00
[2025-11-13T01:21:00.384+0000] {processor.py:183} INFO - Processing /opt/airflow/dags/erp_to_minio_bronze_dag.py took 0.112 seconds
[2025-11-13T01:21:30.568+0000] {processor.py:161} INFO - Started process (PID=194) to work on /opt/airflow/dags/erp_to_minio_bronze_dag.py
[2025-11-13T01:21:30.569+0000] {processor.py:830} INFO - Processing file /opt/airflow/dags/erp_to_minio_bronze_dag.py for tasks to queue
[2025-11-13T01:21:30.570+0000] {logging_mixin.py:188} INFO - [2025-11-13T01:21:30.570+0000] {dagbag.py:538} INFO - Filling up the DagBag from /opt/airflow/dags/erp_to_minio_bronze_dag.py
[2025-11-13T01:21:30.632+0000] {processor.py:840} INFO - DAG(s) 'erp_to_minio_bronze' retrieved from /opt/airflow/dags/erp_to_minio_bronze_dag.py
[2025-11-13T01:21:30.645+0000] {logging_mixin.py:188} INFO - [2025-11-13T01:21:30.645+0000] {dag.py:3036} INFO - Sync 1 DAGs
[2025-11-13T01:21:30.655+0000] {logging_mixin.py:188} INFO - [2025-11-13T01:21:30.655+0000] {dag.py:3823} INFO - Setting next_dagrun for erp_to_minio_bronze to 2025-11-12 18:00:00+00:00, run_after=2025-11-13 00:00:00+00:00
[2025-11-13T01:21:30.671+0000] {processor.py:183} INFO - Processing /opt/airflow/dags/erp_to_minio_bronze_dag.py took 0.105 seconds
[2025-11-13T01:22:00.850+0000] {processor.py:161} INFO - Started process (PID=196) to work on /opt/airflow/dags/erp_to_minio_bronze_dag.py
[2025-11-13T01:22:00.851+0000] {processor.py:830} INFO - Processing file /opt/airflow/dags/erp_to_minio_bronze_dag.py for tasks to queue
[2025-11-13T01:22:00.852+0000] {logging_mixin.py:188} INFO - [2025-11-13T01:22:00.852+0000] {dagbag.py:538} INFO - Filling up the DagBag from /opt/airflow/dags/erp_to_minio_bronze_dag.py
[2025-11-13T01:22:00.920+0000] {processor.py:840} INFO - DAG(s) 'erp_to_minio_bronze' retrieved from /opt/airflow/dags/erp_to_minio_bronze_dag.py
[2025-11-13T01:22:00.933+0000] {logging_mixin.py:188} INFO - [2025-11-13T01:22:00.933+0000] {dag.py:3036} INFO - Sync 1 DAGs
[2025-11-13T01:22:00.944+0000] {logging_mixin.py:188} INFO - [2025-11-13T01:22:00.944+0000] {dag.py:3823} INFO - Setting next_dagrun for erp_to_minio_bronze to 2025-11-12 18:00:00+00:00, run_after=2025-11-13 00:00:00+00:00
[2025-11-13T01:22:00.961+0000] {processor.py:183} INFO - Processing /opt/airflow/dags/erp_to_minio_bronze_dag.py took 0.112 seconds
[2025-11-13T01:22:31.133+0000] {processor.py:161} INFO - Started process (PID=198) to work on /opt/airflow/dags/erp_to_minio_bronze_dag.py
[2025-11-13T01:22:31.135+0000] {processor.py:830} INFO - Processing file /opt/airflow/dags/erp_to_minio_bronze_dag.py for tasks to queue
[2025-11-13T01:22:31.135+0000] {logging_mixin.py:188} INFO - [2025-11-13T01:22:31.135+0000] {dagbag.py:538} INFO - Filling up the DagBag from /opt/airflow/dags/erp_to_minio_bronze_dag.py
[2025-11-13T01:22:31.188+0000] {processor.py:840} INFO - DAG(s) 'erp_to_minio_bronze' retrieved from /opt/airflow/dags/erp_to_minio_bronze_dag.py
[2025-11-13T01:22:31.200+0000] {logging_mixin.py:188} INFO - [2025-11-13T01:22:31.200+0000] {dag.py:3036} INFO - Sync 1 DAGs
[2025-11-13T01:22:31.212+0000] {logging_mixin.py:188} INFO - [2025-11-13T01:22:31.212+0000] {dag.py:3823} INFO - Setting next_dagrun for erp_to_minio_bronze to 2025-11-12 18:00:00+00:00, run_after=2025-11-13 00:00:00+00:00
[2025-11-13T01:22:31.229+0000] {processor.py:183} INFO - Processing /opt/airflow/dags/erp_to_minio_bronze_dag.py took 0.098 seconds
[2025-11-13T01:23:01.428+0000] {processor.py:161} INFO - Started process (PID=200) to work on /opt/airflow/dags/erp_to_minio_bronze_dag.py
[2025-11-13T01:23:01.429+0000] {processor.py:830} INFO - Processing file /opt/airflow/dags/erp_to_minio_bronze_dag.py for tasks to queue
[2025-11-13T01:23:01.431+0000] {logging_mixin.py:188} INFO - [2025-11-13T01:23:01.430+0000] {dagbag.py:538} INFO - Filling up the DagBag from /opt/airflow/dags/erp_to_minio_bronze_dag.py
[2025-11-13T01:23:01.492+0000] {processor.py:840} INFO - DAG(s) 'erp_to_minio_bronze' retrieved from /opt/airflow/dags/erp_to_minio_bronze_dag.py
[2025-11-13T01:23:01.506+0000] {logging_mixin.py:188} INFO - [2025-11-13T01:23:01.505+0000] {dag.py:3036} INFO - Sync 1 DAGs
[2025-11-13T01:23:01.517+0000] {logging_mixin.py:188} INFO - [2025-11-13T01:23:01.517+0000] {dag.py:3823} INFO - Setting next_dagrun for erp_to_minio_bronze to 2025-11-12 18:00:00+00:00, run_after=2025-11-13 00:00:00+00:00
[2025-11-13T01:23:01.532+0000] {processor.py:183} INFO - Processing /opt/airflow/dags/erp_to_minio_bronze_dag.py took 0.106 seconds
[2025-11-13T01:23:31.721+0000] {processor.py:161} INFO - Started process (PID=202) to work on /opt/airflow/dags/erp_to_minio_bronze_dag.py
[2025-11-13T01:23:31.722+0000] {processor.py:830} INFO - Processing file /opt/airflow/dags/erp_to_minio_bronze_dag.py for tasks to queue
[2025-11-13T01:23:31.723+0000] {logging_mixin.py:188} INFO - [2025-11-13T01:23:31.723+0000] {dagbag.py:538} INFO - Filling up the DagBag from /opt/airflow/dags/erp_to_minio_bronze_dag.py
[2025-11-13T01:23:31.789+0000] {processor.py:840} INFO - DAG(s) 'erp_to_minio_bronze' retrieved from /opt/airflow/dags/erp_to_minio_bronze_dag.py
[2025-11-13T01:23:31.804+0000] {logging_mixin.py:188} INFO - [2025-11-13T01:23:31.804+0000] {dag.py:3036} INFO - Sync 1 DAGs
[2025-11-13T01:23:31.815+0000] {logging_mixin.py:188} INFO - [2025-11-13T01:23:31.815+0000] {dag.py:3823} INFO - Setting next_dagrun for erp_to_minio_bronze to 2025-11-12 18:00:00+00:00, run_after=2025-11-13 00:00:00+00:00
[2025-11-13T01:23:31.833+0000] {processor.py:183} INFO - Processing /opt/airflow/dags/erp_to_minio_bronze_dag.py took 0.113 seconds
[2025-11-13T01:24:02.852+0000] {processor.py:161} INFO - Started process (PID=374) to work on /opt/airflow/dags/erp_to_minio_bronze_dag.py
[2025-11-13T01:24:02.853+0000] {processor.py:830} INFO - Processing file /opt/airflow/dags/erp_to_minio_bronze_dag.py for tasks to queue
[2025-11-13T01:24:02.854+0000] {logging_mixin.py:188} INFO - [2025-11-13T01:24:02.854+0000] {dagbag.py:538} INFO - Filling up the DagBag from /opt/airflow/dags/erp_to_minio_bronze_dag.py
[2025-11-13T01:24:02.912+0000] {processor.py:840} INFO - DAG(s) 'erp_to_minio_bronze' retrieved from /opt/airflow/dags/erp_to_minio_bronze_dag.py
[2025-11-13T01:24:02.924+0000] {logging_mixin.py:188} INFO - [2025-11-13T01:24:02.924+0000] {dag.py:3036} INFO - Sync 1 DAGs
[2025-11-13T01:24:02.934+0000] {logging_mixin.py:188} INFO - [2025-11-13T01:24:02.934+0000] {dag.py:3823} INFO - Setting next_dagrun for erp_to_minio_bronze to 2025-11-13 00:00:00+00:00, run_after=2025-11-13 06:00:00+00:00
[2025-11-13T01:24:02.949+0000] {processor.py:183} INFO - Processing /opt/airflow/dags/erp_to_minio_bronze_dag.py took 0.099 seconds
[2025-11-13T01:24:33.287+0000] {processor.py:161} INFO - Started process (PID=410) to work on /opt/airflow/dags/erp_to_minio_bronze_dag.py
[2025-11-13T01:24:33.289+0000] {processor.py:830} INFO - Processing file /opt/airflow/dags/erp_to_minio_bronze_dag.py for tasks to queue
[2025-11-13T01:24:33.290+0000] {logging_mixin.py:188} INFO - [2025-11-13T01:24:33.290+0000] {dagbag.py:538} INFO - Filling up the DagBag from /opt/airflow/dags/erp_to_minio_bronze_dag.py
[2025-11-13T01:24:33.393+0000] {processor.py:840} INFO - DAG(s) 'erp_to_minio_bronze' retrieved from /opt/airflow/dags/erp_to_minio_bronze_dag.py
[2025-11-13T01:24:33.407+0000] {logging_mixin.py:188} INFO - [2025-11-13T01:24:33.407+0000] {dag.py:3036} INFO - Sync 1 DAGs
[2025-11-13T01:24:33.418+0000] {logging_mixin.py:188} INFO - [2025-11-13T01:24:33.418+0000] {dag.py:3823} INFO - Setting next_dagrun for erp_to_minio_bronze to 2025-11-13 00:00:00+00:00, run_after=2025-11-13 06:00:00+00:00
[2025-11-13T01:24:33.431+0000] {processor.py:183} INFO - Processing /opt/airflow/dags/erp_to_minio_bronze_dag.py took 0.146 seconds
[2025-11-13T01:25:03.544+0000] {processor.py:161} INFO - Started process (PID=412) to work on /opt/airflow/dags/erp_to_minio_bronze_dag.py
[2025-11-13T01:25:03.545+0000] {processor.py:830} INFO - Processing file /opt/airflow/dags/erp_to_minio_bronze_dag.py for tasks to queue
[2025-11-13T01:25:03.546+0000] {logging_mixin.py:188} INFO - [2025-11-13T01:25:03.546+0000] {dagbag.py:538} INFO - Filling up the DagBag from /opt/airflow/dags/erp_to_minio_bronze_dag.py
[2025-11-13T01:25:03.608+0000] {processor.py:840} INFO - DAG(s) 'erp_to_minio_bronze' retrieved from /opt/airflow/dags/erp_to_minio_bronze_dag.py
[2025-11-13T01:25:03.619+0000] {logging_mixin.py:188} INFO - [2025-11-13T01:25:03.619+0000] {dag.py:3036} INFO - Sync 1 DAGs
[2025-11-13T01:25:03.628+0000] {logging_mixin.py:188} INFO - [2025-11-13T01:25:03.628+0000] {dag.py:3823} INFO - Setting next_dagrun for erp_to_minio_bronze to 2025-11-13 00:00:00+00:00, run_after=2025-11-13 06:00:00+00:00
[2025-11-13T01:25:03.644+0000] {processor.py:183} INFO - Processing /opt/airflow/dags/erp_to_minio_bronze_dag.py took 0.102 seconds
[2025-11-13T01:25:33.798+0000] {processor.py:161} INFO - Started process (PID=414) to work on /opt/airflow/dags/erp_to_minio_bronze_dag.py
[2025-11-13T01:25:33.799+0000] {processor.py:830} INFO - Processing file /opt/airflow/dags/erp_to_minio_bronze_dag.py for tasks to queue
[2025-11-13T01:25:33.800+0000] {logging_mixin.py:188} INFO - [2025-11-13T01:25:33.800+0000] {dagbag.py:538} INFO - Filling up the DagBag from /opt/airflow/dags/erp_to_minio_bronze_dag.py
[2025-11-13T01:25:33.853+0000] {processor.py:840} INFO - DAG(s) 'erp_to_minio_bronze' retrieved from /opt/airflow/dags/erp_to_minio_bronze_dag.py
[2025-11-13T01:25:33.865+0000] {logging_mixin.py:188} INFO - [2025-11-13T01:25:33.865+0000] {dag.py:3036} INFO - Sync 1 DAGs
[2025-11-13T01:25:33.877+0000] {logging_mixin.py:188} INFO - [2025-11-13T01:25:33.877+0000] {dag.py:3823} INFO - Setting next_dagrun for erp_to_minio_bronze to 2025-11-13 00:00:00+00:00, run_after=2025-11-13 06:00:00+00:00
[2025-11-13T01:25:33.891+0000] {processor.py:183} INFO - Processing /opt/airflow/dags/erp_to_minio_bronze_dag.py took 0.095 seconds
[2025-11-13T01:26:04.063+0000] {processor.py:161} INFO - Started process (PID=416) to work on /opt/airflow/dags/erp_to_minio_bronze_dag.py
[2025-11-13T01:26:04.064+0000] {processor.py:830} INFO - Processing file /opt/airflow/dags/erp_to_minio_bronze_dag.py for tasks to queue
[2025-11-13T01:26:04.065+0000] {logging_mixin.py:188} INFO - [2025-11-13T01:26:04.065+0000] {dagbag.py:538} INFO - Filling up the DagBag from /opt/airflow/dags/erp_to_minio_bronze_dag.py
[2025-11-13T01:26:04.124+0000] {processor.py:840} INFO - DAG(s) 'erp_to_minio_bronze' retrieved from /opt/airflow/dags/erp_to_minio_bronze_dag.py
[2025-11-13T01:26:04.135+0000] {logging_mixin.py:188} INFO - [2025-11-13T01:26:04.135+0000] {dag.py:3036} INFO - Sync 1 DAGs
[2025-11-13T01:26:04.147+0000] {logging_mixin.py:188} INFO - [2025-11-13T01:26:04.147+0000] {dag.py:3823} INFO - Setting next_dagrun for erp_to_minio_bronze to 2025-11-13 00:00:00+00:00, run_after=2025-11-13 06:00:00+00:00
[2025-11-13T01:26:04.165+0000] {processor.py:183} INFO - Processing /opt/airflow/dags/erp_to_minio_bronze_dag.py took 0.104 seconds
[2025-11-13T01:26:34.323+0000] {processor.py:161} INFO - Started process (PID=418) to work on /opt/airflow/dags/erp_to_minio_bronze_dag.py
[2025-11-13T01:26:34.324+0000] {processor.py:830} INFO - Processing file /opt/airflow/dags/erp_to_minio_bronze_dag.py for tasks to queue
[2025-11-13T01:26:34.325+0000] {logging_mixin.py:188} INFO - [2025-11-13T01:26:34.325+0000] {dagbag.py:538} INFO - Filling up the DagBag from /opt/airflow/dags/erp_to_minio_bronze_dag.py
[2025-11-13T01:26:34.381+0000] {processor.py:840} INFO - DAG(s) 'erp_to_minio_bronze' retrieved from /opt/airflow/dags/erp_to_minio_bronze_dag.py
[2025-11-13T01:26:34.394+0000] {logging_mixin.py:188} INFO - [2025-11-13T01:26:34.394+0000] {dag.py:3036} INFO - Sync 1 DAGs
[2025-11-13T01:26:34.405+0000] {logging_mixin.py:188} INFO - [2025-11-13T01:26:34.405+0000] {dag.py:3823} INFO - Setting next_dagrun for erp_to_minio_bronze to 2025-11-13 00:00:00+00:00, run_after=2025-11-13 06:00:00+00:00
[2025-11-13T01:26:34.419+0000] {processor.py:183} INFO - Processing /opt/airflow/dags/erp_to_minio_bronze_dag.py took 0.098 seconds
[2025-11-13T01:27:04.577+0000] {processor.py:161} INFO - Started process (PID=420) to work on /opt/airflow/dags/erp_to_minio_bronze_dag.py
[2025-11-13T01:27:04.579+0000] {processor.py:830} INFO - Processing file /opt/airflow/dags/erp_to_minio_bronze_dag.py for tasks to queue
[2025-11-13T01:27:04.580+0000] {logging_mixin.py:188} INFO - [2025-11-13T01:27:04.579+0000] {dagbag.py:538} INFO - Filling up the DagBag from /opt/airflow/dags/erp_to_minio_bronze_dag.py
[2025-11-13T01:27:04.632+0000] {processor.py:840} INFO - DAG(s) 'erp_to_minio_bronze' retrieved from /opt/airflow/dags/erp_to_minio_bronze_dag.py
[2025-11-13T01:27:04.645+0000] {logging_mixin.py:188} INFO - [2025-11-13T01:27:04.644+0000] {dag.py:3036} INFO - Sync 1 DAGs
[2025-11-13T01:27:04.655+0000] {logging_mixin.py:188} INFO - [2025-11-13T01:27:04.655+0000] {dag.py:3823} INFO - Setting next_dagrun for erp_to_minio_bronze to 2025-11-13 00:00:00+00:00, run_after=2025-11-13 06:00:00+00:00
[2025-11-13T01:27:04.676+0000] {processor.py:183} INFO - Processing /opt/airflow/dags/erp_to_minio_bronze_dag.py took 0.100 seconds
[2025-11-13T01:27:34.845+0000] {processor.py:161} INFO - Started process (PID=441) to work on /opt/airflow/dags/erp_to_minio_bronze_dag.py
[2025-11-13T01:27:34.846+0000] {processor.py:830} INFO - Processing file /opt/airflow/dags/erp_to_minio_bronze_dag.py for tasks to queue
[2025-11-13T01:27:34.847+0000] {logging_mixin.py:188} INFO - [2025-11-13T01:27:34.847+0000] {dagbag.py:538} INFO - Filling up the DagBag from /opt/airflow/dags/erp_to_minio_bronze_dag.py
[2025-11-13T01:27:34.906+0000] {processor.py:840} INFO - DAG(s) 'erp_to_minio_bronze' retrieved from /opt/airflow/dags/erp_to_minio_bronze_dag.py
[2025-11-13T01:27:34.917+0000] {logging_mixin.py:188} INFO - [2025-11-13T01:27:34.917+0000] {dag.py:3036} INFO - Sync 1 DAGs
[2025-11-13T01:27:34.928+0000] {logging_mixin.py:188} INFO - [2025-11-13T01:27:34.928+0000] {dag.py:3823} INFO - Setting next_dagrun for erp_to_minio_bronze to 2025-11-13 00:00:00+00:00, run_after=2025-11-13 06:00:00+00:00
[2025-11-13T01:27:34.943+0000] {processor.py:183} INFO - Processing /opt/airflow/dags/erp_to_minio_bronze_dag.py took 0.100 seconds
[2025-11-13T01:28:05.094+0000] {processor.py:161} INFO - Started process (PID=552) to work on /opt/airflow/dags/erp_to_minio_bronze_dag.py
[2025-11-13T01:28:05.096+0000] {processor.py:830} INFO - Processing file /opt/airflow/dags/erp_to_minio_bronze_dag.py for tasks to queue
[2025-11-13T01:28:05.097+0000] {logging_mixin.py:188} INFO - [2025-11-13T01:28:05.097+0000] {dagbag.py:538} INFO - Filling up the DagBag from /opt/airflow/dags/erp_to_minio_bronze_dag.py
[2025-11-13T01:28:05.149+0000] {processor.py:840} INFO - DAG(s) 'erp_to_minio_bronze' retrieved from /opt/airflow/dags/erp_to_minio_bronze_dag.py
[2025-11-13T01:28:05.164+0000] {logging_mixin.py:188} INFO - [2025-11-13T01:28:05.164+0000] {dag.py:3036} INFO - Sync 1 DAGs
[2025-11-13T01:28:05.176+0000] {logging_mixin.py:188} INFO - [2025-11-13T01:28:05.176+0000] {dag.py:3823} INFO - Setting next_dagrun for erp_to_minio_bronze to 2025-11-13 00:00:00+00:00, run_after=2025-11-13 06:00:00+00:00
[2025-11-13T01:28:05.194+0000] {processor.py:183} INFO - Processing /opt/airflow/dags/erp_to_minio_bronze_dag.py took 0.102 seconds
[2025-11-13T01:28:35.367+0000] {processor.py:161} INFO - Started process (PID=554) to work on /opt/airflow/dags/erp_to_minio_bronze_dag.py
[2025-11-13T01:28:35.368+0000] {processor.py:830} INFO - Processing file /opt/airflow/dags/erp_to_minio_bronze_dag.py for tasks to queue
[2025-11-13T01:28:35.369+0000] {logging_mixin.py:188} INFO - [2025-11-13T01:28:35.369+0000] {dagbag.py:538} INFO - Filling up the DagBag from /opt/airflow/dags/erp_to_minio_bronze_dag.py
[2025-11-13T01:28:35.434+0000] {processor.py:840} INFO - DAG(s) 'erp_to_minio_bronze' retrieved from /opt/airflow/dags/erp_to_minio_bronze_dag.py
[2025-11-13T01:28:35.446+0000] {logging_mixin.py:188} INFO - [2025-11-13T01:28:35.446+0000] {dag.py:3036} INFO - Sync 1 DAGs
[2025-11-13T01:28:35.457+0000] {logging_mixin.py:188} INFO - [2025-11-13T01:28:35.457+0000] {dag.py:3823} INFO - Setting next_dagrun for erp_to_minio_bronze to 2025-11-13 00:00:00+00:00, run_after=2025-11-13 06:00:00+00:00
[2025-11-13T01:28:35.472+0000] {processor.py:183} INFO - Processing /opt/airflow/dags/erp_to_minio_bronze_dag.py took 0.107 seconds
[2025-11-13T01:29:05.600+0000] {processor.py:161} INFO - Started process (PID=562) to work on /opt/airflow/dags/erp_to_minio_bronze_dag.py
[2025-11-13T01:29:05.601+0000] {processor.py:830} INFO - Processing file /opt/airflow/dags/erp_to_minio_bronze_dag.py for tasks to queue
[2025-11-13T01:29:05.603+0000] {logging_mixin.py:188} INFO - [2025-11-13T01:29:05.602+0000] {dagbag.py:538} INFO - Filling up the DagBag from /opt/airflow/dags/erp_to_minio_bronze_dag.py
[2025-11-13T01:29:05.701+0000] {processor.py:840} INFO - DAG(s) 'erp_to_minio_bronze' retrieved from /opt/airflow/dags/erp_to_minio_bronze_dag.py
[2025-11-13T01:29:05.717+0000] {logging_mixin.py:188} INFO - [2025-11-13T01:29:05.717+0000] {dag.py:3036} INFO - Sync 1 DAGs
[2025-11-13T01:29:05.729+0000] {logging_mixin.py:188} INFO - [2025-11-13T01:29:05.728+0000] {dag.py:3823} INFO - Setting next_dagrun for erp_to_minio_bronze to 2025-11-13 00:00:00+00:00, run_after=2025-11-13 06:00:00+00:00
[2025-11-13T01:29:05.744+0000] {processor.py:183} INFO - Processing /opt/airflow/dags/erp_to_minio_bronze_dag.py took 0.146 seconds
[2025-11-13T01:29:35.855+0000] {processor.py:161} INFO - Started process (PID=570) to work on /opt/airflow/dags/erp_to_minio_bronze_dag.py
[2025-11-13T01:29:35.856+0000] {processor.py:830} INFO - Processing file /opt/airflow/dags/erp_to_minio_bronze_dag.py for tasks to queue
[2025-11-13T01:29:35.857+0000] {logging_mixin.py:188} INFO - [2025-11-13T01:29:35.857+0000] {dagbag.py:538} INFO - Filling up the DagBag from /opt/airflow/dags/erp_to_minio_bronze_dag.py
[2025-11-13T01:29:35.911+0000] {processor.py:840} INFO - DAG(s) 'erp_to_minio_bronze' retrieved from /opt/airflow/dags/erp_to_minio_bronze_dag.py
[2025-11-13T01:29:35.923+0000] {logging_mixin.py:188} INFO - [2025-11-13T01:29:35.922+0000] {dag.py:3036} INFO - Sync 1 DAGs
[2025-11-13T01:29:35.934+0000] {logging_mixin.py:188} INFO - [2025-11-13T01:29:35.934+0000] {dag.py:3823} INFO - Setting next_dagrun for erp_to_minio_bronze to 2025-11-13 00:00:00+00:00, run_after=2025-11-13 06:00:00+00:00
[2025-11-13T01:29:35.951+0000] {processor.py:183} INFO - Processing /opt/airflow/dags/erp_to_minio_bronze_dag.py took 0.098 seconds
[2025-11-13T01:30:06.121+0000] {processor.py:161} INFO - Started process (PID=579) to work on /opt/airflow/dags/erp_to_minio_bronze_dag.py
[2025-11-13T01:30:06.123+0000] {processor.py:830} INFO - Processing file /opt/airflow/dags/erp_to_minio_bronze_dag.py for tasks to queue
[2025-11-13T01:30:06.124+0000] {logging_mixin.py:188} INFO - [2025-11-13T01:30:06.124+0000] {dagbag.py:538} INFO - Filling up the DagBag from /opt/airflow/dags/erp_to_minio_bronze_dag.py
[2025-11-13T01:30:06.183+0000] {processor.py:840} INFO - DAG(s) 'erp_to_minio_bronze' retrieved from /opt/airflow/dags/erp_to_minio_bronze_dag.py
[2025-11-13T01:30:06.195+0000] {logging_mixin.py:188} INFO - [2025-11-13T01:30:06.195+0000] {dag.py:3036} INFO - Sync 1 DAGs
[2025-11-13T01:30:06.205+0000] {logging_mixin.py:188} INFO - [2025-11-13T01:30:06.204+0000] {dag.py:3823} INFO - Setting next_dagrun for erp_to_minio_bronze to 2025-11-13 00:00:00+00:00, run_after=2025-11-13 06:00:00+00:00
[2025-11-13T01:30:06.223+0000] {processor.py:183} INFO - Processing /opt/airflow/dags/erp_to_minio_bronze_dag.py took 0.104 seconds
[2025-11-13T01:30:36.381+0000] {processor.py:161} INFO - Started process (PID=587) to work on /opt/airflow/dags/erp_to_minio_bronze_dag.py
[2025-11-13T01:30:36.382+0000] {processor.py:830} INFO - Processing file /opt/airflow/dags/erp_to_minio_bronze_dag.py for tasks to queue
[2025-11-13T01:30:36.383+0000] {logging_mixin.py:188} INFO - [2025-11-13T01:30:36.382+0000] {dagbag.py:538} INFO - Filling up the DagBag from /opt/airflow/dags/erp_to_minio_bronze_dag.py
[2025-11-13T01:30:36.435+0000] {processor.py:840} INFO - DAG(s) 'erp_to_minio_bronze' retrieved from /opt/airflow/dags/erp_to_minio_bronze_dag.py
[2025-11-13T01:30:36.447+0000] {logging_mixin.py:188} INFO - [2025-11-13T01:30:36.447+0000] {dag.py:3036} INFO - Sync 1 DAGs
[2025-11-13T01:30:36.457+0000] {logging_mixin.py:188} INFO - [2025-11-13T01:30:36.457+0000] {dag.py:3823} INFO - Setting next_dagrun for erp_to_minio_bronze to 2025-11-13 00:00:00+00:00, run_after=2025-11-13 06:00:00+00:00
[2025-11-13T01:30:36.473+0000] {processor.py:183} INFO - Processing /opt/airflow/dags/erp_to_minio_bronze_dag.py took 0.095 seconds
[2025-11-13T01:31:06.644+0000] {processor.py:161} INFO - Started process (PID=626) to work on /opt/airflow/dags/erp_to_minio_bronze_dag.py
[2025-11-13T01:31:06.645+0000] {processor.py:830} INFO - Processing file /opt/airflow/dags/erp_to_minio_bronze_dag.py for tasks to queue
[2025-11-13T01:31:06.646+0000] {logging_mixin.py:188} INFO - [2025-11-13T01:31:06.646+0000] {dagbag.py:538} INFO - Filling up the DagBag from /opt/airflow/dags/erp_to_minio_bronze_dag.py
[2025-11-13T01:31:06.703+0000] {processor.py:840} INFO - DAG(s) 'erp_to_minio_bronze' retrieved from /opt/airflow/dags/erp_to_minio_bronze_dag.py
[2025-11-13T01:31:06.714+0000] {logging_mixin.py:188} INFO - [2025-11-13T01:31:06.714+0000] {dag.py:3036} INFO - Sync 1 DAGs
[2025-11-13T01:31:06.725+0000] {logging_mixin.py:188} INFO - [2025-11-13T01:31:06.724+0000] {dag.py:3823} INFO - Setting next_dagrun for erp_to_minio_bronze to 2025-11-13 00:00:00+00:00, run_after=2025-11-13 06:00:00+00:00
[2025-11-13T01:31:06.741+0000] {processor.py:183} INFO - Processing /opt/airflow/dags/erp_to_minio_bronze_dag.py took 0.102 seconds
[2025-11-13T01:31:36.898+0000] {processor.py:161} INFO - Started process (PID=634) to work on /opt/airflow/dags/erp_to_minio_bronze_dag.py
[2025-11-13T01:31:36.899+0000] {processor.py:830} INFO - Processing file /opt/airflow/dags/erp_to_minio_bronze_dag.py for tasks to queue
[2025-11-13T01:31:36.901+0000] {logging_mixin.py:188} INFO - [2025-11-13T01:31:36.900+0000] {dagbag.py:538} INFO - Filling up the DagBag from /opt/airflow/dags/erp_to_minio_bronze_dag.py
[2025-11-13T01:31:36.956+0000] {processor.py:840} INFO - DAG(s) 'erp_to_minio_bronze' retrieved from /opt/airflow/dags/erp_to_minio_bronze_dag.py
[2025-11-13T01:31:36.969+0000] {logging_mixin.py:188} INFO - [2025-11-13T01:31:36.969+0000] {dag.py:3036} INFO - Sync 1 DAGs
[2025-11-13T01:31:36.979+0000] {logging_mixin.py:188} INFO - [2025-11-13T01:31:36.979+0000] {dag.py:3823} INFO - Setting next_dagrun for erp_to_minio_bronze to 2025-11-13 00:00:00+00:00, run_after=2025-11-13 06:00:00+00:00
[2025-11-13T01:31:36.993+0000] {processor.py:183} INFO - Processing /opt/airflow/dags/erp_to_minio_bronze_dag.py took 0.098 seconds
[2025-11-13T01:32:07.162+0000] {processor.py:161} INFO - Started process (PID=648) to work on /opt/airflow/dags/erp_to_minio_bronze_dag.py
[2025-11-13T01:32:07.163+0000] {processor.py:830} INFO - Processing file /opt/airflow/dags/erp_to_minio_bronze_dag.py for tasks to queue
[2025-11-13T01:32:07.164+0000] {logging_mixin.py:188} INFO - [2025-11-13T01:32:07.164+0000] {dagbag.py:538} INFO - Filling up the DagBag from /opt/airflow/dags/erp_to_minio_bronze_dag.py
[2025-11-13T01:32:07.222+0000] {processor.py:840} INFO - DAG(s) 'erp_to_minio_bronze' retrieved from /opt/airflow/dags/erp_to_minio_bronze_dag.py
[2025-11-13T01:32:07.234+0000] {logging_mixin.py:188} INFO - [2025-11-13T01:32:07.234+0000] {dag.py:3036} INFO - Sync 1 DAGs
[2025-11-13T01:32:07.244+0000] {logging_mixin.py:188} INFO - [2025-11-13T01:32:07.244+0000] {dag.py:3823} INFO - Setting next_dagrun for erp_to_minio_bronze to 2025-11-13 00:00:00+00:00, run_after=2025-11-13 06:00:00+00:00
[2025-11-13T01:32:07.260+0000] {processor.py:183} INFO - Processing /opt/airflow/dags/erp_to_minio_bronze_dag.py took 0.100 seconds
[2025-11-13T01:32:38.416+0000] {processor.py:161} INFO - Started process (PID=689) to work on /opt/airflow/dags/erp_to_minio_bronze_dag.py
[2025-11-13T01:32:38.418+0000] {processor.py:830} INFO - Processing file /opt/airflow/dags/erp_to_minio_bronze_dag.py for tasks to queue
[2025-11-13T01:32:38.419+0000] {logging_mixin.py:188} INFO - [2025-11-13T01:32:38.419+0000] {dagbag.py:538} INFO - Filling up the DagBag from /opt/airflow/dags/erp_to_minio_bronze_dag.py
[2025-11-13T01:32:38.476+0000] {processor.py:840} INFO - DAG(s) 'erp_to_minio_bronze' retrieved from /opt/airflow/dags/erp_to_minio_bronze_dag.py
[2025-11-13T01:32:38.489+0000] {logging_mixin.py:188} INFO - [2025-11-13T01:32:38.489+0000] {dag.py:3036} INFO - Sync 1 DAGs
[2025-11-13T01:32:38.500+0000] {logging_mixin.py:188} INFO - [2025-11-13T01:32:38.500+0000] {dag.py:3823} INFO - Setting next_dagrun for erp_to_minio_bronze to 2025-11-13 00:00:00+00:00, run_after=2025-11-13 06:00:00+00:00
[2025-11-13T01:32:38.515+0000] {processor.py:183} INFO - Processing /opt/airflow/dags/erp_to_minio_bronze_dag.py took 0.101 seconds
[2025-11-13T01:33:08.822+0000] {processor.py:161} INFO - Started process (PID=872) to work on /opt/airflow/dags/erp_to_minio_bronze_dag.py
[2025-11-13T01:33:08.823+0000] {processor.py:830} INFO - Processing file /opt/airflow/dags/erp_to_minio_bronze_dag.py for tasks to queue
[2025-11-13T01:33:08.824+0000] {logging_mixin.py:188} INFO - [2025-11-13T01:33:08.824+0000] {dagbag.py:538} INFO - Filling up the DagBag from /opt/airflow/dags/erp_to_minio_bronze_dag.py
[2025-11-13T01:33:08.885+0000] {processor.py:840} INFO - DAG(s) 'erp_to_minio_bronze' retrieved from /opt/airflow/dags/erp_to_minio_bronze_dag.py
[2025-11-13T01:33:08.898+0000] {logging_mixin.py:188} INFO - [2025-11-13T01:33:08.898+0000] {dag.py:3036} INFO - Sync 1 DAGs
[2025-11-13T01:33:08.909+0000] {logging_mixin.py:188} INFO - [2025-11-13T01:33:08.909+0000] {dag.py:3823} INFO - Setting next_dagrun for erp_to_minio_bronze to 2025-11-13 00:00:00+00:00, run_after=2025-11-13 06:00:00+00:00
[2025-11-13T01:33:08.923+0000] {processor.py:183} INFO - Processing /opt/airflow/dags/erp_to_minio_bronze_dag.py took 0.103 seconds
[2025-11-13T01:33:39.997+0000] {processor.py:161} INFO - Started process (PID=886) to work on /opt/airflow/dags/erp_to_minio_bronze_dag.py
[2025-11-13T01:33:39.998+0000] {processor.py:830} INFO - Processing file /opt/airflow/dags/erp_to_minio_bronze_dag.py for tasks to queue
[2025-11-13T01:33:39.999+0000] {logging_mixin.py:188} INFO - [2025-11-13T01:33:39.999+0000] {dagbag.py:538} INFO - Filling up the DagBag from /opt/airflow/dags/erp_to_minio_bronze_dag.py
[2025-11-13T01:33:40.052+0000] {processor.py:840} INFO - DAG(s) 'erp_to_minio_bronze' retrieved from /opt/airflow/dags/erp_to_minio_bronze_dag.py
[2025-11-13T01:33:40.063+0000] {logging_mixin.py:188} INFO - [2025-11-13T01:33:40.063+0000] {dag.py:3036} INFO - Sync 1 DAGs
[2025-11-13T01:33:40.074+0000] {logging_mixin.py:188} INFO - [2025-11-13T01:33:40.074+0000] {dag.py:3823} INFO - Setting next_dagrun for erp_to_minio_bronze to 2025-11-13 00:00:00+00:00, run_after=2025-11-13 06:00:00+00:00
[2025-11-13T01:33:40.091+0000] {processor.py:183} INFO - Processing /opt/airflow/dags/erp_to_minio_bronze_dag.py took 0.096 seconds
[2025-11-13T01:34:11.129+0000] {processor.py:161} INFO - Started process (PID=1553) to work on /opt/airflow/dags/erp_to_minio_bronze_dag.py
[2025-11-13T01:34:11.130+0000] {processor.py:830} INFO - Processing file /opt/airflow/dags/erp_to_minio_bronze_dag.py for tasks to queue
[2025-11-13T01:34:11.131+0000] {logging_mixin.py:188} INFO - [2025-11-13T01:34:11.131+0000] {dagbag.py:538} INFO - Filling up the DagBag from /opt/airflow/dags/erp_to_minio_bronze_dag.py
[2025-11-13T01:34:11.183+0000] {processor.py:840} INFO - DAG(s) 'erp_to_minio_bronze' retrieved from /opt/airflow/dags/erp_to_minio_bronze_dag.py
[2025-11-13T01:34:11.194+0000] {logging_mixin.py:188} INFO - [2025-11-13T01:34:11.194+0000] {dag.py:3036} INFO - Sync 1 DAGs
[2025-11-13T01:34:11.204+0000] {logging_mixin.py:188} INFO - [2025-11-13T01:34:11.204+0000] {dag.py:3823} INFO - Setting next_dagrun for erp_to_minio_bronze to 2025-11-13 00:00:00+00:00, run_after=2025-11-13 06:00:00+00:00
[2025-11-13T01:34:11.219+0000] {processor.py:183} INFO - Processing /opt/airflow/dags/erp_to_minio_bronze_dag.py took 0.092 seconds
[2025-11-13T01:34:42.319+0000] {processor.py:161} INFO - Started process (PID=1555) to work on /opt/airflow/dags/erp_to_minio_bronze_dag.py
[2025-11-13T01:34:42.320+0000] {processor.py:830} INFO - Processing file /opt/airflow/dags/erp_to_minio_bronze_dag.py for tasks to queue
[2025-11-13T01:34:42.321+0000] {logging_mixin.py:188} INFO - [2025-11-13T01:34:42.321+0000] {dagbag.py:538} INFO - Filling up the DagBag from /opt/airflow/dags/erp_to_minio_bronze_dag.py
[2025-11-13T01:34:42.379+0000] {processor.py:840} INFO - DAG(s) 'erp_to_minio_bronze' retrieved from /opt/airflow/dags/erp_to_minio_bronze_dag.py
[2025-11-13T01:34:42.394+0000] {logging_mixin.py:188} INFO - [2025-11-13T01:34:42.393+0000] {dag.py:3036} INFO - Sync 1 DAGs
[2025-11-13T01:34:42.405+0000] {logging_mixin.py:188} INFO - [2025-11-13T01:34:42.405+0000] {dag.py:3823} INFO - Setting next_dagrun for erp_to_minio_bronze to 2025-11-13 00:00:00+00:00, run_after=2025-11-13 06:00:00+00:00
[2025-11-13T01:34:42.418+0000] {processor.py:183} INFO - Processing /opt/airflow/dags/erp_to_minio_bronze_dag.py took 0.102 seconds
[2025-11-13T01:34:56.041+0000] {processor.py:161} INFO - Started process (PID=162) to work on /opt/airflow/dags/erp_to_minio_bronze_dag.py
[2025-11-13T01:34:56.042+0000] {processor.py:830} INFO - Processing file /opt/airflow/dags/erp_to_minio_bronze_dag.py for tasks to queue
[2025-11-13T01:34:56.043+0000] {logging_mixin.py:188} INFO - [2025-11-13T01:34:56.043+0000] {dagbag.py:538} INFO - Filling up the DagBag from /opt/airflow/dags/erp_to_minio_bronze_dag.py
[2025-11-13T01:34:56.099+0000] {processor.py:840} INFO - DAG(s) 'erp_to_minio_bronze' retrieved from /opt/airflow/dags/erp_to_minio_bronze_dag.py
[2025-11-13T01:34:56.104+0000] {logging_mixin.py:188} INFO - [2025-11-13T01:34:56.104+0000] {dag.py:3036} INFO - Sync 1 DAGs
[2025-11-13T01:34:56.115+0000] {logging_mixin.py:188} INFO - [2025-11-13T01:34:56.114+0000] {dag.py:3823} INFO - Setting next_dagrun for erp_to_minio_bronze to 2025-11-13 00:00:00+00:00, run_after=2025-11-13 06:00:00+00:00
[2025-11-13T01:34:56.127+0000] {processor.py:183} INFO - Processing /opt/airflow/dags/erp_to_minio_bronze_dag.py took 0.088 seconds
[2025-11-13T01:35:26.583+0000] {processor.py:161} INFO - Started process (PID=767) to work on /opt/airflow/dags/erp_to_minio_bronze_dag.py
[2025-11-13T01:35:26.584+0000] {processor.py:830} INFO - Processing file /opt/airflow/dags/erp_to_minio_bronze_dag.py for tasks to queue
[2025-11-13T01:35:26.585+0000] {logging_mixin.py:188} INFO - [2025-11-13T01:35:26.585+0000] {dagbag.py:538} INFO - Filling up the DagBag from /opt/airflow/dags/erp_to_minio_bronze_dag.py
[2025-11-13T01:35:26.646+0000] {processor.py:840} INFO - DAG(s) 'erp_to_minio_bronze' retrieved from /opt/airflow/dags/erp_to_minio_bronze_dag.py
[2025-11-13T01:35:26.694+0000] {logging_mixin.py:188} INFO - [2025-11-13T01:35:26.694+0000] {dag.py:3036} INFO - Sync 1 DAGs
[2025-11-13T01:35:26.703+0000] {logging_mixin.py:188} INFO - [2025-11-13T01:35:26.703+0000] {dag.py:3823} INFO - Setting next_dagrun for erp_to_minio_bronze to 2025-11-13 00:00:00+00:00, run_after=2025-11-13 06:00:00+00:00
[2025-11-13T01:35:26.720+0000] {processor.py:183} INFO - Processing /opt/airflow/dags/erp_to_minio_bronze_dag.py took 0.139 seconds
[2025-11-13T01:35:56.886+0000] {processor.py:161} INFO - Started process (PID=769) to work on /opt/airflow/dags/erp_to_minio_bronze_dag.py
[2025-11-13T01:35:56.887+0000] {processor.py:830} INFO - Processing file /opt/airflow/dags/erp_to_minio_bronze_dag.py for tasks to queue
[2025-11-13T01:35:56.888+0000] {logging_mixin.py:188} INFO - [2025-11-13T01:35:56.887+0000] {dagbag.py:538} INFO - Filling up the DagBag from /opt/airflow/dags/erp_to_minio_bronze_dag.py
[2025-11-13T01:35:56.980+0000] {processor.py:840} INFO - DAG(s) 'erp_to_minio_bronze' retrieved from /opt/airflow/dags/erp_to_minio_bronze_dag.py
[2025-11-13T01:35:56.994+0000] {logging_mixin.py:188} INFO - [2025-11-13T01:35:56.994+0000] {dag.py:3036} INFO - Sync 1 DAGs
[2025-11-13T01:35:57.005+0000] {logging_mixin.py:188} INFO - [2025-11-13T01:35:57.005+0000] {dag.py:3823} INFO - Setting next_dagrun for erp_to_minio_bronze to 2025-11-13 00:00:00+00:00, run_after=2025-11-13 06:00:00+00:00
[2025-11-13T01:35:57.021+0000] {processor.py:183} INFO - Processing /opt/airflow/dags/erp_to_minio_bronze_dag.py took 0.138 seconds
[2025-11-13T01:36:27.168+0000] {processor.py:161} INFO - Started process (PID=771) to work on /opt/airflow/dags/erp_to_minio_bronze_dag.py
[2025-11-13T01:36:27.169+0000] {processor.py:830} INFO - Processing file /opt/airflow/dags/erp_to_minio_bronze_dag.py for tasks to queue
[2025-11-13T01:36:27.170+0000] {logging_mixin.py:188} INFO - [2025-11-13T01:36:27.170+0000] {dagbag.py:538} INFO - Filling up the DagBag from /opt/airflow/dags/erp_to_minio_bronze_dag.py
[2025-11-13T01:36:27.227+0000] {processor.py:840} INFO - DAG(s) 'erp_to_minio_bronze' retrieved from /opt/airflow/dags/erp_to_minio_bronze_dag.py
[2025-11-13T01:36:27.241+0000] {logging_mixin.py:188} INFO - [2025-11-13T01:36:27.241+0000] {dag.py:3036} INFO - Sync 1 DAGs
[2025-11-13T01:36:27.253+0000] {logging_mixin.py:188} INFO - [2025-11-13T01:36:27.253+0000] {dag.py:3823} INFO - Setting next_dagrun for erp_to_minio_bronze to 2025-11-13 00:00:00+00:00, run_after=2025-11-13 06:00:00+00:00
[2025-11-13T01:36:27.267+0000] {processor.py:183} INFO - Processing /opt/airflow/dags/erp_to_minio_bronze_dag.py took 0.102 seconds
[2025-11-13T01:36:58.377+0000] {processor.py:161} INFO - Started process (PID=1438) to work on /opt/airflow/dags/erp_to_minio_bronze_dag.py
[2025-11-13T01:36:58.378+0000] {processor.py:830} INFO - Processing file /opt/airflow/dags/erp_to_minio_bronze_dag.py for tasks to queue
[2025-11-13T01:36:58.379+0000] {logging_mixin.py:188} INFO - [2025-11-13T01:36:58.378+0000] {dagbag.py:538} INFO - Filling up the DagBag from /opt/airflow/dags/erp_to_minio_bronze_dag.py
[2025-11-13T01:36:58.432+0000] {processor.py:840} INFO - DAG(s) 'erp_to_minio_bronze' retrieved from /opt/airflow/dags/erp_to_minio_bronze_dag.py
[2025-11-13T01:36:58.444+0000] {logging_mixin.py:188} INFO - [2025-11-13T01:36:58.443+0000] {dag.py:3036} INFO - Sync 1 DAGs
[2025-11-13T01:36:58.455+0000] {logging_mixin.py:188} INFO - [2025-11-13T01:36:58.455+0000] {dag.py:3823} INFO - Setting next_dagrun for erp_to_minio_bronze to 2025-11-13 00:00:00+00:00, run_after=2025-11-13 06:00:00+00:00
[2025-11-13T01:36:58.470+0000] {processor.py:183} INFO - Processing /opt/airflow/dags/erp_to_minio_bronze_dag.py took 0.096 seconds
[2025-11-13T01:37:29.073+0000] {processor.py:161} INFO - Started process (PID=1975) to work on /opt/airflow/dags/erp_to_minio_bronze_dag.py
[2025-11-13T01:37:29.074+0000] {processor.py:830} INFO - Processing file /opt/airflow/dags/erp_to_minio_bronze_dag.py for tasks to queue
[2025-11-13T01:37:29.075+0000] {logging_mixin.py:188} INFO - [2025-11-13T01:37:29.075+0000] {dagbag.py:538} INFO - Filling up the DagBag from /opt/airflow/dags/erp_to_minio_bronze_dag.py
[2025-11-13T01:37:29.136+0000] {processor.py:840} INFO - DAG(s) 'erp_to_minio_bronze' retrieved from /opt/airflow/dags/erp_to_minio_bronze_dag.py
[2025-11-13T01:37:29.152+0000] {logging_mixin.py:188} INFO - [2025-11-13T01:37:29.152+0000] {dag.py:3036} INFO - Sync 1 DAGs
[2025-11-13T01:37:29.166+0000] {logging_mixin.py:188} INFO - [2025-11-13T01:37:29.166+0000] {dag.py:3823} INFO - Setting next_dagrun for erp_to_minio_bronze to 2025-11-13 00:00:00+00:00, run_after=2025-11-13 06:00:00+00:00
[2025-11-13T01:37:29.182+0000] {processor.py:183} INFO - Processing /opt/airflow/dags/erp_to_minio_bronze_dag.py took 0.111 seconds
[2025-11-13T01:37:59.345+0000] {processor.py:161} INFO - Started process (PID=1983) to work on /opt/airflow/dags/erp_to_minio_bronze_dag.py
[2025-11-13T01:37:59.346+0000] {processor.py:830} INFO - Processing file /opt/airflow/dags/erp_to_minio_bronze_dag.py for tasks to queue
[2025-11-13T01:37:59.347+0000] {logging_mixin.py:188} INFO - [2025-11-13T01:37:59.346+0000] {dagbag.py:538} INFO - Filling up the DagBag from /opt/airflow/dags/erp_to_minio_bronze_dag.py
[2025-11-13T01:37:59.404+0000] {processor.py:840} INFO - DAG(s) 'erp_to_minio_bronze' retrieved from /opt/airflow/dags/erp_to_minio_bronze_dag.py
[2025-11-13T01:37:59.416+0000] {logging_mixin.py:188} INFO - [2025-11-13T01:37:59.416+0000] {dag.py:3036} INFO - Sync 1 DAGs
[2025-11-13T01:37:59.426+0000] {logging_mixin.py:188} INFO - [2025-11-13T01:37:59.426+0000] {dag.py:3823} INFO - Setting next_dagrun for erp_to_minio_bronze to 2025-11-13 00:00:00+00:00, run_after=2025-11-13 06:00:00+00:00
[2025-11-13T01:37:59.441+0000] {processor.py:183} INFO - Processing /opt/airflow/dags/erp_to_minio_bronze_dag.py took 0.098 seconds
[2025-11-13T01:38:29.605+0000] {processor.py:161} INFO - Started process (PID=1985) to work on /opt/airflow/dags/erp_to_minio_bronze_dag.py
[2025-11-13T01:38:29.606+0000] {processor.py:830} INFO - Processing file /opt/airflow/dags/erp_to_minio_bronze_dag.py for tasks to queue
[2025-11-13T01:38:29.607+0000] {logging_mixin.py:188} INFO - [2025-11-13T01:38:29.606+0000] {dagbag.py:538} INFO - Filling up the DagBag from /opt/airflow/dags/erp_to_minio_bronze_dag.py
[2025-11-13T01:38:29.663+0000] {processor.py:840} INFO - DAG(s) 'erp_to_minio_bronze' retrieved from /opt/airflow/dags/erp_to_minio_bronze_dag.py
[2025-11-13T01:38:29.677+0000] {logging_mixin.py:188} INFO - [2025-11-13T01:38:29.677+0000] {dag.py:3036} INFO - Sync 1 DAGs
[2025-11-13T01:38:29.688+0000] {logging_mixin.py:188} INFO - [2025-11-13T01:38:29.688+0000] {dag.py:3823} INFO - Setting next_dagrun for erp_to_minio_bronze to 2025-11-13 00:00:00+00:00, run_after=2025-11-13 06:00:00+00:00
[2025-11-13T01:38:29.702+0000] {processor.py:183} INFO - Processing /opt/airflow/dags/erp_to_minio_bronze_dag.py took 0.099 seconds
[2025-11-13T01:38:59.866+0000] {processor.py:161} INFO - Started process (PID=2623) to work on /opt/airflow/dags/erp_to_minio_bronze_dag.py
[2025-11-13T01:38:59.867+0000] {processor.py:830} INFO - Processing file /opt/airflow/dags/erp_to_minio_bronze_dag.py for tasks to queue
[2025-11-13T01:38:59.869+0000] {logging_mixin.py:188} INFO - [2025-11-13T01:38:59.868+0000] {dagbag.py:538} INFO - Filling up the DagBag from /opt/airflow/dags/erp_to_minio_bronze_dag.py
[2025-11-13T01:38:59.926+0000] {processor.py:840} INFO - DAG(s) 'erp_to_minio_bronze' retrieved from /opt/airflow/dags/erp_to_minio_bronze_dag.py
[2025-11-13T01:38:59.939+0000] {logging_mixin.py:188} INFO - [2025-11-13T01:38:59.938+0000] {dag.py:3036} INFO - Sync 1 DAGs
[2025-11-13T01:38:59.950+0000] {logging_mixin.py:188} INFO - [2025-11-13T01:38:59.950+0000] {dag.py:3823} INFO - Setting next_dagrun for erp_to_minio_bronze to 2025-11-13 00:00:00+00:00, run_after=2025-11-13 06:00:00+00:00
[2025-11-13T01:38:59.964+0000] {processor.py:183} INFO - Processing /opt/airflow/dags/erp_to_minio_bronze_dag.py took 0.100 seconds
[2025-11-13T01:39:30.133+0000] {processor.py:161} INFO - Started process (PID=2625) to work on /opt/airflow/dags/erp_to_minio_bronze_dag.py
[2025-11-13T01:39:30.134+0000] {processor.py:830} INFO - Processing file /opt/airflow/dags/erp_to_minio_bronze_dag.py for tasks to queue
[2025-11-13T01:39:30.135+0000] {logging_mixin.py:188} INFO - [2025-11-13T01:39:30.135+0000] {dagbag.py:538} INFO - Filling up the DagBag from /opt/airflow/dags/erp_to_minio_bronze_dag.py
[2025-11-13T01:39:30.194+0000] {processor.py:840} INFO - DAG(s) 'erp_to_minio_bronze' retrieved from /opt/airflow/dags/erp_to_minio_bronze_dag.py
[2025-11-13T01:39:30.206+0000] {logging_mixin.py:188} INFO - [2025-11-13T01:39:30.206+0000] {dag.py:3036} INFO - Sync 1 DAGs
[2025-11-13T01:39:30.219+0000] {logging_mixin.py:188} INFO - [2025-11-13T01:39:30.218+0000] {dag.py:3823} INFO - Setting next_dagrun for erp_to_minio_bronze to 2025-11-13 00:00:00+00:00, run_after=2025-11-13 06:00:00+00:00
[2025-11-13T01:39:30.233+0000] {processor.py:183} INFO - Processing /opt/airflow/dags/erp_to_minio_bronze_dag.py took 0.103 seconds
[2025-11-13T01:40:00.395+0000] {processor.py:161} INFO - Started process (PID=2627) to work on /opt/airflow/dags/erp_to_minio_bronze_dag.py
[2025-11-13T01:40:00.396+0000] {processor.py:830} INFO - Processing file /opt/airflow/dags/erp_to_minio_bronze_dag.py for tasks to queue
[2025-11-13T01:40:00.397+0000] {logging_mixin.py:188} INFO - [2025-11-13T01:40:00.396+0000] {dagbag.py:538} INFO - Filling up the DagBag from /opt/airflow/dags/erp_to_minio_bronze_dag.py
[2025-11-13T01:40:00.455+0000] {processor.py:840} INFO - DAG(s) 'erp_to_minio_bronze' retrieved from /opt/airflow/dags/erp_to_minio_bronze_dag.py
[2025-11-13T01:40:00.467+0000] {logging_mixin.py:188} INFO - [2025-11-13T01:40:00.467+0000] {dag.py:3036} INFO - Sync 1 DAGs
[2025-11-13T01:40:00.480+0000] {logging_mixin.py:188} INFO - [2025-11-13T01:40:00.480+0000] {dag.py:3823} INFO - Setting next_dagrun for erp_to_minio_bronze to 2025-11-13 00:00:00+00:00, run_after=2025-11-13 06:00:00+00:00
[2025-11-13T01:40:00.497+0000] {processor.py:183} INFO - Processing /opt/airflow/dags/erp_to_minio_bronze_dag.py took 0.104 seconds
[2025-11-13T01:40:30.650+0000] {processor.py:161} INFO - Started process (PID=2629) to work on /opt/airflow/dags/erp_to_minio_bronze_dag.py
[2025-11-13T01:40:30.651+0000] {processor.py:830} INFO - Processing file /opt/airflow/dags/erp_to_minio_bronze_dag.py for tasks to queue
[2025-11-13T01:40:30.652+0000] {logging_mixin.py:188} INFO - [2025-11-13T01:40:30.651+0000] {dagbag.py:538} INFO - Filling up the DagBag from /opt/airflow/dags/erp_to_minio_bronze_dag.py
[2025-11-13T01:40:30.711+0000] {processor.py:840} INFO - DAG(s) 'erp_to_minio_bronze' retrieved from /opt/airflow/dags/erp_to_minio_bronze_dag.py
[2025-11-13T01:40:30.724+0000] {logging_mixin.py:188} INFO - [2025-11-13T01:40:30.724+0000] {dag.py:3036} INFO - Sync 1 DAGs
[2025-11-13T01:40:30.735+0000] {logging_mixin.py:188} INFO - [2025-11-13T01:40:30.735+0000] {dag.py:3823} INFO - Setting next_dagrun for erp_to_minio_bronze to 2025-11-13 00:00:00+00:00, run_after=2025-11-13 06:00:00+00:00
[2025-11-13T01:40:30.749+0000] {processor.py:183} INFO - Processing /opt/airflow/dags/erp_to_minio_bronze_dag.py took 0.101 seconds
[2025-11-13T01:41:00.914+0000] {processor.py:161} INFO - Started process (PID=3199) to work on /opt/airflow/dags/erp_to_minio_bronze_dag.py
[2025-11-13T01:41:00.915+0000] {processor.py:830} INFO - Processing file /opt/airflow/dags/erp_to_minio_bronze_dag.py for tasks to queue
[2025-11-13T01:41:00.916+0000] {logging_mixin.py:188} INFO - [2025-11-13T01:41:00.916+0000] {dagbag.py:538} INFO - Filling up the DagBag from /opt/airflow/dags/erp_to_minio_bronze_dag.py
[2025-11-13T01:41:00.968+0000] {processor.py:840} INFO - DAG(s) 'erp_to_minio_bronze' retrieved from /opt/airflow/dags/erp_to_minio_bronze_dag.py
[2025-11-13T01:41:00.979+0000] {logging_mixin.py:188} INFO - [2025-11-13T01:41:00.979+0000] {dag.py:3036} INFO - Sync 1 DAGs
[2025-11-13T01:41:00.991+0000] {logging_mixin.py:188} INFO - [2025-11-13T01:41:00.990+0000] {dag.py:3823} INFO - Setting next_dagrun for erp_to_minio_bronze to 2025-11-13 00:00:00+00:00, run_after=2025-11-13 06:00:00+00:00
[2025-11-13T01:41:01.005+0000] {processor.py:183} INFO - Processing /opt/airflow/dags/erp_to_minio_bronze_dag.py took 0.093 seconds
[2025-11-13T01:41:31.182+0000] {processor.py:161} INFO - Started process (PID=3201) to work on /opt/airflow/dags/erp_to_minio_bronze_dag.py
[2025-11-13T01:41:31.183+0000] {processor.py:830} INFO - Processing file /opt/airflow/dags/erp_to_minio_bronze_dag.py for tasks to queue
[2025-11-13T01:41:31.184+0000] {logging_mixin.py:188} INFO - [2025-11-13T01:41:31.183+0000] {dagbag.py:538} INFO - Filling up the DagBag from /opt/airflow/dags/erp_to_minio_bronze_dag.py
[2025-11-13T01:41:31.237+0000] {processor.py:840} INFO - DAG(s) 'erp_to_minio_bronze' retrieved from /opt/airflow/dags/erp_to_minio_bronze_dag.py
[2025-11-13T01:41:31.250+0000] {logging_mixin.py:188} INFO - [2025-11-13T01:41:31.249+0000] {dag.py:3036} INFO - Sync 1 DAGs
[2025-11-13T01:41:31.261+0000] {logging_mixin.py:188} INFO - [2025-11-13T01:41:31.260+0000] {dag.py:3823} INFO - Setting next_dagrun for erp_to_minio_bronze to 2025-11-13 00:00:00+00:00, run_after=2025-11-13 06:00:00+00:00
[2025-11-13T01:41:31.276+0000] {processor.py:183} INFO - Processing /opt/airflow/dags/erp_to_minio_bronze_dag.py took 0.096 seconds
[2025-11-13T01:42:01.452+0000] {processor.py:161} INFO - Started process (PID=3271) to work on /opt/airflow/dags/erp_to_minio_bronze_dag.py
[2025-11-13T01:42:01.453+0000] {processor.py:830} INFO - Processing file /opt/airflow/dags/erp_to_minio_bronze_dag.py for tasks to queue
[2025-11-13T01:42:01.454+0000] {logging_mixin.py:188} INFO - [2025-11-13T01:42:01.453+0000] {dagbag.py:538} INFO - Filling up the DagBag from /opt/airflow/dags/erp_to_minio_bronze_dag.py
[2025-11-13T01:42:01.507+0000] {processor.py:840} INFO - DAG(s) 'erp_to_minio_bronze' retrieved from /opt/airflow/dags/erp_to_minio_bronze_dag.py
[2025-11-13T01:42:01.518+0000] {logging_mixin.py:188} INFO - [2025-11-13T01:42:01.518+0000] {dag.py:3036} INFO - Sync 1 DAGs
[2025-11-13T01:42:01.529+0000] {logging_mixin.py:188} INFO - [2025-11-13T01:42:01.529+0000] {dag.py:3823} INFO - Setting next_dagrun for erp_to_minio_bronze to 2025-11-13 00:00:00+00:00, run_after=2025-11-13 06:00:00+00:00
[2025-11-13T01:42:01.546+0000] {processor.py:183} INFO - Processing /opt/airflow/dags/erp_to_minio_bronze_dag.py took 0.096 seconds
[2025-11-13T01:42:31.723+0000] {processor.py:161} INFO - Started process (PID=3273) to work on /opt/airflow/dags/erp_to_minio_bronze_dag.py
[2025-11-13T01:42:31.724+0000] {processor.py:830} INFO - Processing file /opt/airflow/dags/erp_to_minio_bronze_dag.py for tasks to queue
[2025-11-13T01:42:31.725+0000] {logging_mixin.py:188} INFO - [2025-11-13T01:42:31.725+0000] {dagbag.py:538} INFO - Filling up the DagBag from /opt/airflow/dags/erp_to_minio_bronze_dag.py
[2025-11-13T01:42:31.784+0000] {processor.py:840} INFO - DAG(s) 'erp_to_minio_bronze' retrieved from /opt/airflow/dags/erp_to_minio_bronze_dag.py
[2025-11-13T01:42:31.797+0000] {logging_mixin.py:188} INFO - [2025-11-13T01:42:31.796+0000] {dag.py:3036} INFO - Sync 1 DAGs
[2025-11-13T01:42:31.808+0000] {logging_mixin.py:188} INFO - [2025-11-13T01:42:31.808+0000] {dag.py:3823} INFO - Setting next_dagrun for erp_to_minio_bronze to 2025-11-13 00:00:00+00:00, run_after=2025-11-13 06:00:00+00:00
[2025-11-13T01:42:31.825+0000] {processor.py:183} INFO - Processing /opt/airflow/dags/erp_to_minio_bronze_dag.py took 0.104 seconds
[2025-11-13T01:43:01.971+0000] {processor.py:161} INFO - Started process (PID=3275) to work on /opt/airflow/dags/erp_to_minio_bronze_dag.py
[2025-11-13T01:43:01.972+0000] {processor.py:830} INFO - Processing file /opt/airflow/dags/erp_to_minio_bronze_dag.py for tasks to queue
[2025-11-13T01:43:01.973+0000] {logging_mixin.py:188} INFO - [2025-11-13T01:43:01.973+0000] {dagbag.py:538} INFO - Filling up the DagBag from /opt/airflow/dags/erp_to_minio_bronze_dag.py
[2025-11-13T01:43:02.026+0000] {processor.py:840} INFO - DAG(s) 'erp_to_minio_bronze' retrieved from /opt/airflow/dags/erp_to_minio_bronze_dag.py
[2025-11-13T01:43:02.041+0000] {logging_mixin.py:188} INFO - [2025-11-13T01:43:02.041+0000] {dag.py:3036} INFO - Sync 1 DAGs
[2025-11-13T01:43:02.052+0000] {logging_mixin.py:188} INFO - [2025-11-13T01:43:02.052+0000] {dag.py:3823} INFO - Setting next_dagrun for erp_to_minio_bronze to 2025-11-13 00:00:00+00:00, run_after=2025-11-13 06:00:00+00:00
[2025-11-13T01:43:02.068+0000] {processor.py:183} INFO - Processing /opt/airflow/dags/erp_to_minio_bronze_dag.py took 0.099 seconds
[2025-11-13T01:43:32.251+0000] {processor.py:161} INFO - Started process (PID=3277) to work on /opt/airflow/dags/erp_to_minio_bronze_dag.py
[2025-11-13T01:43:32.252+0000] {processor.py:830} INFO - Processing file /opt/airflow/dags/erp_to_minio_bronze_dag.py for tasks to queue
[2025-11-13T01:43:32.253+0000] {logging_mixin.py:188} INFO - [2025-11-13T01:43:32.253+0000] {dagbag.py:538} INFO - Filling up the DagBag from /opt/airflow/dags/erp_to_minio_bronze_dag.py
[2025-11-13T01:43:32.353+0000] {processor.py:840} INFO - DAG(s) 'erp_to_minio_bronze' retrieved from /opt/airflow/dags/erp_to_minio_bronze_dag.py
[2025-11-13T01:43:32.367+0000] {logging_mixin.py:188} INFO - [2025-11-13T01:43:32.367+0000] {dag.py:3036} INFO - Sync 1 DAGs
[2025-11-13T01:43:32.380+0000] {logging_mixin.py:188} INFO - [2025-11-13T01:43:32.379+0000] {dag.py:3823} INFO - Setting next_dagrun for erp_to_minio_bronze to 2025-11-13 00:00:00+00:00, run_after=2025-11-13 06:00:00+00:00
[2025-11-13T01:43:32.394+0000] {processor.py:183} INFO - Processing /opt/airflow/dags/erp_to_minio_bronze_dag.py took 0.146 seconds
[2025-11-13T01:44:02.516+0000] {processor.py:161} INFO - Started process (PID=3850) to work on /opt/airflow/dags/erp_to_minio_bronze_dag.py
[2025-11-13T01:44:02.518+0000] {processor.py:830} INFO - Processing file /opt/airflow/dags/erp_to_minio_bronze_dag.py for tasks to queue
[2025-11-13T01:44:02.519+0000] {logging_mixin.py:188} INFO - [2025-11-13T01:44:02.518+0000] {dagbag.py:538} INFO - Filling up the DagBag from /opt/airflow/dags/erp_to_minio_bronze_dag.py
[2025-11-13T01:44:02.576+0000] {processor.py:840} INFO - DAG(s) 'erp_to_minio_bronze' retrieved from /opt/airflow/dags/erp_to_minio_bronze_dag.py
[2025-11-13T01:44:02.588+0000] {logging_mixin.py:188} INFO - [2025-11-13T01:44:02.588+0000] {dag.py:3036} INFO - Sync 1 DAGs
[2025-11-13T01:44:02.599+0000] {logging_mixin.py:188} INFO - [2025-11-13T01:44:02.599+0000] {dag.py:3823} INFO - Setting next_dagrun for erp_to_minio_bronze to 2025-11-13 00:00:00+00:00, run_after=2025-11-13 06:00:00+00:00
[2025-11-13T01:44:02.614+0000] {processor.py:183} INFO - Processing /opt/airflow/dags/erp_to_minio_bronze_dag.py took 0.099 seconds
[2025-11-13T01:44:32.778+0000] {processor.py:161} INFO - Started process (PID=3852) to work on /opt/airflow/dags/erp_to_minio_bronze_dag.py
[2025-11-13T01:44:32.779+0000] {processor.py:830} INFO - Processing file /opt/airflow/dags/erp_to_minio_bronze_dag.py for tasks to queue
[2025-11-13T01:44:32.780+0000] {logging_mixin.py:188} INFO - [2025-11-13T01:44:32.780+0000] {dagbag.py:538} INFO - Filling up the DagBag from /opt/airflow/dags/erp_to_minio_bronze_dag.py
[2025-11-13T01:44:32.841+0000] {processor.py:840} INFO - DAG(s) 'erp_to_minio_bronze' retrieved from /opt/airflow/dags/erp_to_minio_bronze_dag.py
[2025-11-13T01:44:32.854+0000] {logging_mixin.py:188} INFO - [2025-11-13T01:44:32.854+0000] {dag.py:3036} INFO - Sync 1 DAGs
[2025-11-13T01:44:32.865+0000] {logging_mixin.py:188} INFO - [2025-11-13T01:44:32.865+0000] {dag.py:3823} INFO - Setting next_dagrun for erp_to_minio_bronze to 2025-11-13 00:00:00+00:00, run_after=2025-11-13 06:00:00+00:00
[2025-11-13T01:44:32.879+0000] {processor.py:183} INFO - Processing /opt/airflow/dags/erp_to_minio_bronze_dag.py took 0.103 seconds
[2025-11-13T01:45:03.016+0000] {processor.py:161} INFO - Started process (PID=4455) to work on /opt/airflow/dags/erp_to_minio_bronze_dag.py
[2025-11-13T01:45:03.017+0000] {processor.py:830} INFO - Processing file /opt/airflow/dags/erp_to_minio_bronze_dag.py for tasks to queue
[2025-11-13T01:45:03.018+0000] {logging_mixin.py:188} INFO - [2025-11-13T01:45:03.018+0000] {dagbag.py:538} INFO - Filling up the DagBag from /opt/airflow/dags/erp_to_minio_bronze_dag.py
[2025-11-13T01:45:03.109+0000] {processor.py:840} INFO - DAG(s) 'erp_to_minio_bronze' retrieved from /opt/airflow/dags/erp_to_minio_bronze_dag.py
[2025-11-13T01:45:03.121+0000] {logging_mixin.py:188} INFO - [2025-11-13T01:45:03.121+0000] {dag.py:3036} INFO - Sync 1 DAGs
[2025-11-13T01:45:03.131+0000] {logging_mixin.py:188} INFO - [2025-11-13T01:45:03.131+0000] {dag.py:3823} INFO - Setting next_dagrun for erp_to_minio_bronze to 2025-11-13 00:00:00+00:00, run_after=2025-11-13 06:00:00+00:00
[2025-11-13T01:45:03.145+0000] {processor.py:183} INFO - Processing /opt/airflow/dags/erp_to_minio_bronze_dag.py took 0.131 seconds
[2025-11-13T01:45:33.404+0000] {processor.py:161} INFO - Started process (PID=4457) to work on /opt/airflow/dags/erp_to_minio_bronze_dag.py
[2025-11-13T01:45:33.405+0000] {processor.py:830} INFO - Processing file /opt/airflow/dags/erp_to_minio_bronze_dag.py for tasks to queue
[2025-11-13T01:45:33.406+0000] {logging_mixin.py:188} INFO - [2025-11-13T01:45:33.406+0000] {dagbag.py:538} INFO - Filling up the DagBag from /opt/airflow/dags/erp_to_minio_bronze_dag.py
[2025-11-13T01:45:33.461+0000] {processor.py:840} INFO - DAG(s) 'erp_to_minio_bronze' retrieved from /opt/airflow/dags/erp_to_minio_bronze_dag.py
[2025-11-13T01:45:33.472+0000] {logging_mixin.py:188} INFO - [2025-11-13T01:45:33.472+0000] {dag.py:3036} INFO - Sync 1 DAGs
[2025-11-13T01:45:33.481+0000] {logging_mixin.py:188} INFO - [2025-11-13T01:45:33.481+0000] {dag.py:3823} INFO - Setting next_dagrun for erp_to_minio_bronze to 2025-11-13 00:00:00+00:00, run_after=2025-11-13 06:00:00+00:00
[2025-11-13T01:45:33.495+0000] {processor.py:183} INFO - Processing /opt/airflow/dags/erp_to_minio_bronze_dag.py took 0.093 seconds
[2025-11-13T01:46:03.775+0000] {processor.py:161} INFO - Started process (PID=4459) to work on /opt/airflow/dags/erp_to_minio_bronze_dag.py
[2025-11-13T01:46:03.776+0000] {processor.py:830} INFO - Processing file /opt/airflow/dags/erp_to_minio_bronze_dag.py for tasks to queue
[2025-11-13T01:46:03.777+0000] {logging_mixin.py:188} INFO - [2025-11-13T01:46:03.777+0000] {dagbag.py:538} INFO - Filling up the DagBag from /opt/airflow/dags/erp_to_minio_bronze_dag.py
[2025-11-13T01:46:03.861+0000] {processor.py:840} INFO - DAG(s) 'erp_to_minio_bronze' retrieved from /opt/airflow/dags/erp_to_minio_bronze_dag.py
[2025-11-13T01:46:03.872+0000] {logging_mixin.py:188} INFO - [2025-11-13T01:46:03.872+0000] {dag.py:3036} INFO - Sync 1 DAGs
[2025-11-13T01:46:03.882+0000] {logging_mixin.py:188} INFO - [2025-11-13T01:46:03.882+0000] {dag.py:3823} INFO - Setting next_dagrun for erp_to_minio_bronze to 2025-11-13 00:00:00+00:00, run_after=2025-11-13 06:00:00+00:00
[2025-11-13T01:46:03.896+0000] {processor.py:183} INFO - Processing /opt/airflow/dags/erp_to_minio_bronze_dag.py took 0.123 seconds
[2025-11-13T01:46:34.172+0000] {processor.py:161} INFO - Started process (PID=4461) to work on /opt/airflow/dags/erp_to_minio_bronze_dag.py
[2025-11-13T01:46:34.173+0000] {processor.py:830} INFO - Processing file /opt/airflow/dags/erp_to_minio_bronze_dag.py for tasks to queue
[2025-11-13T01:46:34.174+0000] {logging_mixin.py:188} INFO - [2025-11-13T01:46:34.174+0000] {dagbag.py:538} INFO - Filling up the DagBag from /opt/airflow/dags/erp_to_minio_bronze_dag.py
[2025-11-13T01:46:34.236+0000] {processor.py:840} INFO - DAG(s) 'erp_to_minio_bronze' retrieved from /opt/airflow/dags/erp_to_minio_bronze_dag.py
[2025-11-13T01:46:34.247+0000] {logging_mixin.py:188} INFO - [2025-11-13T01:46:34.247+0000] {dag.py:3036} INFO - Sync 1 DAGs
[2025-11-13T01:46:34.257+0000] {logging_mixin.py:188} INFO - [2025-11-13T01:46:34.257+0000] {dag.py:3823} INFO - Setting next_dagrun for erp_to_minio_bronze to 2025-11-13 00:00:00+00:00, run_after=2025-11-13 06:00:00+00:00
[2025-11-13T01:46:34.271+0000] {processor.py:183} INFO - Processing /opt/airflow/dags/erp_to_minio_bronze_dag.py took 0.101 seconds
[2025-11-13T01:47:04.564+0000] {processor.py:161} INFO - Started process (PID=4463) to work on /opt/airflow/dags/erp_to_minio_bronze_dag.py
[2025-11-13T01:47:04.565+0000] {processor.py:830} INFO - Processing file /opt/airflow/dags/erp_to_minio_bronze_dag.py for tasks to queue
[2025-11-13T01:47:04.567+0000] {logging_mixin.py:188} INFO - [2025-11-13T01:47:04.566+0000] {dagbag.py:538} INFO - Filling up the DagBag from /opt/airflow/dags/erp_to_minio_bronze_dag.py
[2025-11-13T01:47:04.624+0000] {processor.py:840} INFO - DAG(s) 'erp_to_minio_bronze' retrieved from /opt/airflow/dags/erp_to_minio_bronze_dag.py
[2025-11-13T01:47:04.635+0000] {logging_mixin.py:188} INFO - [2025-11-13T01:47:04.635+0000] {dag.py:3036} INFO - Sync 1 DAGs
[2025-11-13T01:47:04.646+0000] {logging_mixin.py:188} INFO - [2025-11-13T01:47:04.646+0000] {dag.py:3823} INFO - Setting next_dagrun for erp_to_minio_bronze to 2025-11-13 00:00:00+00:00, run_after=2025-11-13 06:00:00+00:00
[2025-11-13T01:47:04.660+0000] {processor.py:183} INFO - Processing /opt/airflow/dags/erp_to_minio_bronze_dag.py took 0.098 seconds
[2025-11-13T01:47:34.946+0000] {processor.py:161} INFO - Started process (PID=4471) to work on /opt/airflow/dags/erp_to_minio_bronze_dag.py
[2025-11-13T01:47:34.947+0000] {processor.py:830} INFO - Processing file /opt/airflow/dags/erp_to_minio_bronze_dag.py for tasks to queue
[2025-11-13T01:47:34.948+0000] {logging_mixin.py:188} INFO - [2025-11-13T01:47:34.948+0000] {dagbag.py:538} INFO - Filling up the DagBag from /opt/airflow/dags/erp_to_minio_bronze_dag.py
[2025-11-13T01:47:35.004+0000] {processor.py:840} INFO - DAG(s) 'erp_to_minio_bronze' retrieved from /opt/airflow/dags/erp_to_minio_bronze_dag.py
[2025-11-13T01:47:35.018+0000] {logging_mixin.py:188} INFO - [2025-11-13T01:47:35.018+0000] {dag.py:3036} INFO - Sync 1 DAGs
[2025-11-13T01:47:35.030+0000] {logging_mixin.py:188} INFO - [2025-11-13T01:47:35.030+0000] {dag.py:3823} INFO - Setting next_dagrun for erp_to_minio_bronze to 2025-11-13 00:00:00+00:00, run_after=2025-11-13 06:00:00+00:00
[2025-11-13T01:47:35.049+0000] {processor.py:183} INFO - Processing /opt/airflow/dags/erp_to_minio_bronze_dag.py took 0.105 seconds
[2025-11-13T01:48:05.356+0000] {processor.py:161} INFO - Started process (PID=4473) to work on /opt/airflow/dags/erp_to_minio_bronze_dag.py
[2025-11-13T01:48:05.357+0000] {processor.py:830} INFO - Processing file /opt/airflow/dags/erp_to_minio_bronze_dag.py for tasks to queue
[2025-11-13T01:48:05.358+0000] {logging_mixin.py:188} INFO - [2025-11-13T01:48:05.358+0000] {dagbag.py:538} INFO - Filling up the DagBag from /opt/airflow/dags/erp_to_minio_bronze_dag.py
[2025-11-13T01:48:05.422+0000] {processor.py:840} INFO - DAG(s) 'erp_to_minio_bronze' retrieved from /opt/airflow/dags/erp_to_minio_bronze_dag.py
[2025-11-13T01:48:05.435+0000] {logging_mixin.py:188} INFO - [2025-11-13T01:48:05.435+0000] {dag.py:3036} INFO - Sync 1 DAGs
[2025-11-13T01:48:05.446+0000] {logging_mixin.py:188} INFO - [2025-11-13T01:48:05.446+0000] {dag.py:3823} INFO - Setting next_dagrun for erp_to_minio_bronze to 2025-11-13 00:00:00+00:00, run_after=2025-11-13 06:00:00+00:00
[2025-11-13T01:48:05.460+0000] {processor.py:183} INFO - Processing /opt/airflow/dags/erp_to_minio_bronze_dag.py took 0.107 seconds
[2025-11-13T01:48:35.724+0000] {processor.py:161} INFO - Started process (PID=4475) to work on /opt/airflow/dags/erp_to_minio_bronze_dag.py
[2025-11-13T01:48:35.725+0000] {processor.py:830} INFO - Processing file /opt/airflow/dags/erp_to_minio_bronze_dag.py for tasks to queue
[2025-11-13T01:48:35.726+0000] {logging_mixin.py:188} INFO - [2025-11-13T01:48:35.725+0000] {dagbag.py:538} INFO - Filling up the DagBag from /opt/airflow/dags/erp_to_minio_bronze_dag.py
[2025-11-13T01:48:35.780+0000] {processor.py:840} INFO - DAG(s) 'erp_to_minio_bronze' retrieved from /opt/airflow/dags/erp_to_minio_bronze_dag.py
[2025-11-13T01:48:35.793+0000] {logging_mixin.py:188} INFO - [2025-11-13T01:48:35.793+0000] {dag.py:3036} INFO - Sync 1 DAGs
[2025-11-13T01:48:35.804+0000] {logging_mixin.py:188} INFO - [2025-11-13T01:48:35.804+0000] {dag.py:3823} INFO - Setting next_dagrun for erp_to_minio_bronze to 2025-11-13 00:00:00+00:00, run_after=2025-11-13 06:00:00+00:00
[2025-11-13T01:48:35.818+0000] {processor.py:183} INFO - Processing /opt/airflow/dags/erp_to_minio_bronze_dag.py took 0.097 seconds
[2025-11-13T01:49:06.121+0000] {processor.py:161} INFO - Started process (PID=4477) to work on /opt/airflow/dags/erp_to_minio_bronze_dag.py
[2025-11-13T01:49:06.122+0000] {processor.py:830} INFO - Processing file /opt/airflow/dags/erp_to_minio_bronze_dag.py for tasks to queue
[2025-11-13T01:49:06.123+0000] {logging_mixin.py:188} INFO - [2025-11-13T01:49:06.122+0000] {dagbag.py:538} INFO - Filling up the DagBag from /opt/airflow/dags/erp_to_minio_bronze_dag.py
[2025-11-13T01:49:06.185+0000] {processor.py:840} INFO - DAG(s) 'erp_to_minio_bronze' retrieved from /opt/airflow/dags/erp_to_minio_bronze_dag.py
[2025-11-13T01:49:06.199+0000] {logging_mixin.py:188} INFO - [2025-11-13T01:49:06.199+0000] {dag.py:3036} INFO - Sync 1 DAGs
[2025-11-13T01:49:06.211+0000] {logging_mixin.py:188} INFO - [2025-11-13T01:49:06.211+0000] {dag.py:3823} INFO - Setting next_dagrun for erp_to_minio_bronze to 2025-11-13 00:00:00+00:00, run_after=2025-11-13 06:00:00+00:00
[2025-11-13T01:49:06.228+0000] {processor.py:183} INFO - Processing /opt/airflow/dags/erp_to_minio_bronze_dag.py took 0.110 seconds
[2025-11-13T01:49:36.506+0000] {processor.py:161} INFO - Started process (PID=5052) to work on /opt/airflow/dags/erp_to_minio_bronze_dag.py
[2025-11-13T01:49:36.508+0000] {processor.py:830} INFO - Processing file /opt/airflow/dags/erp_to_minio_bronze_dag.py for tasks to queue
[2025-11-13T01:49:36.509+0000] {logging_mixin.py:188} INFO - [2025-11-13T01:49:36.509+0000] {dagbag.py:538} INFO - Filling up the DagBag from /opt/airflow/dags/erp_to_minio_bronze_dag.py
[2025-11-13T01:49:36.566+0000] {processor.py:840} INFO - DAG(s) 'erp_to_minio_bronze' retrieved from /opt/airflow/dags/erp_to_minio_bronze_dag.py
[2025-11-13T01:49:36.579+0000] {logging_mixin.py:188} INFO - [2025-11-13T01:49:36.579+0000] {dag.py:3036} INFO - Sync 1 DAGs
[2025-11-13T01:49:36.590+0000] {logging_mixin.py:188} INFO - [2025-11-13T01:49:36.590+0000] {dag.py:3823} INFO - Setting next_dagrun for erp_to_minio_bronze to 2025-11-13 00:00:00+00:00, run_after=2025-11-13 06:00:00+00:00
[2025-11-13T01:49:36.609+0000] {processor.py:183} INFO - Processing /opt/airflow/dags/erp_to_minio_bronze_dag.py took 0.105 seconds
[2025-11-13T01:50:06.873+0000] {processor.py:161} INFO - Started process (PID=5628) to work on /opt/airflow/dags/erp_to_minio_bronze_dag.py
[2025-11-13T01:50:06.874+0000] {processor.py:830} INFO - Processing file /opt/airflow/dags/erp_to_minio_bronze_dag.py for tasks to queue
[2025-11-13T01:50:06.875+0000] {logging_mixin.py:188} INFO - [2025-11-13T01:50:06.875+0000] {dagbag.py:538} INFO - Filling up the DagBag from /opt/airflow/dags/erp_to_minio_bronze_dag.py
[2025-11-13T01:50:06.923+0000] {processor.py:840} INFO - DAG(s) 'erp_to_minio_bronze' retrieved from /opt/airflow/dags/erp_to_minio_bronze_dag.py
[2025-11-13T01:50:06.935+0000] {logging_mixin.py:188} INFO - [2025-11-13T01:50:06.935+0000] {dag.py:3036} INFO - Sync 1 DAGs
[2025-11-13T01:50:06.948+0000] {logging_mixin.py:188} INFO - [2025-11-13T01:50:06.948+0000] {dag.py:3823} INFO - Setting next_dagrun for erp_to_minio_bronze to 2025-11-13 00:00:00+00:00, run_after=2025-11-13 06:00:00+00:00
[2025-11-13T01:50:06.962+0000] {processor.py:183} INFO - Processing /opt/airflow/dags/erp_to_minio_bronze_dag.py took 0.090 seconds
[2025-11-13T01:50:38.326+0000] {processor.py:161} INFO - Started process (PID=6904) to work on /opt/airflow/dags/erp_to_minio_bronze_dag.py
[2025-11-13T01:50:38.327+0000] {processor.py:830} INFO - Processing file /opt/airflow/dags/erp_to_minio_bronze_dag.py for tasks to queue
[2025-11-13T01:50:38.329+0000] {logging_mixin.py:188} INFO - [2025-11-13T01:50:38.328+0000] {dagbag.py:538} INFO - Filling up the DagBag from /opt/airflow/dags/erp_to_minio_bronze_dag.py
[2025-11-13T01:50:38.425+0000] {processor.py:840} INFO - DAG(s) 'erp_to_minio_bronze' retrieved from /opt/airflow/dags/erp_to_minio_bronze_dag.py
[2025-11-13T01:50:38.437+0000] {logging_mixin.py:188} INFO - [2025-11-13T01:50:38.437+0000] {dag.py:3036} INFO - Sync 1 DAGs
[2025-11-13T01:50:38.449+0000] {logging_mixin.py:188} INFO - [2025-11-13T01:50:38.449+0000] {dag.py:3823} INFO - Setting next_dagrun for erp_to_minio_bronze to 2025-11-13 00:00:00+00:00, run_after=2025-11-13 06:00:00+00:00
[2025-11-13T01:50:38.462+0000] {processor.py:183} INFO - Processing /opt/airflow/dags/erp_to_minio_bronze_dag.py took 0.138 seconds
[2025-11-13T01:51:09.467+0000] {processor.py:161} INFO - Started process (PID=6912) to work on /opt/airflow/dags/erp_to_minio_bronze_dag.py
[2025-11-13T01:51:09.468+0000] {processor.py:830} INFO - Processing file /opt/airflow/dags/erp_to_minio_bronze_dag.py for tasks to queue
[2025-11-13T01:51:09.469+0000] {logging_mixin.py:188} INFO - [2025-11-13T01:51:09.469+0000] {dagbag.py:538} INFO - Filling up the DagBag from /opt/airflow/dags/erp_to_minio_bronze_dag.py
[2025-11-13T01:51:09.525+0000] {processor.py:840} INFO - DAG(s) 'erp_to_minio_bronze' retrieved from /opt/airflow/dags/erp_to_minio_bronze_dag.py
[2025-11-13T01:51:09.537+0000] {logging_mixin.py:188} INFO - [2025-11-13T01:51:09.537+0000] {dag.py:3036} INFO - Sync 1 DAGs
[2025-11-13T01:51:09.548+0000] {logging_mixin.py:188} INFO - [2025-11-13T01:51:09.548+0000] {dag.py:3823} INFO - Setting next_dagrun for erp_to_minio_bronze to 2025-11-13 00:00:00+00:00, run_after=2025-11-13 06:00:00+00:00
[2025-11-13T01:51:09.562+0000] {processor.py:183} INFO - Processing /opt/airflow/dags/erp_to_minio_bronze_dag.py took 0.097 seconds
[2025-11-13T01:51:39.725+0000] {processor.py:161} INFO - Started process (PID=6914) to work on /opt/airflow/dags/erp_to_minio_bronze_dag.py
[2025-11-13T01:51:39.726+0000] {processor.py:830} INFO - Processing file /opt/airflow/dags/erp_to_minio_bronze_dag.py for tasks to queue
[2025-11-13T01:51:39.727+0000] {logging_mixin.py:188} INFO - [2025-11-13T01:51:39.727+0000] {dagbag.py:538} INFO - Filling up the DagBag from /opt/airflow/dags/erp_to_minio_bronze_dag.py
[2025-11-13T01:51:39.823+0000] {processor.py:840} INFO - DAG(s) 'erp_to_minio_bronze' retrieved from /opt/airflow/dags/erp_to_minio_bronze_dag.py
[2025-11-13T01:51:39.836+0000] {logging_mixin.py:188} INFO - [2025-11-13T01:51:39.836+0000] {dag.py:3036} INFO - Sync 1 DAGs
[2025-11-13T01:51:39.846+0000] {logging_mixin.py:188} INFO - [2025-11-13T01:51:39.846+0000] {dag.py:3823} INFO - Setting next_dagrun for erp_to_minio_bronze to 2025-11-13 00:00:00+00:00, run_after=2025-11-13 06:00:00+00:00
[2025-11-13T01:51:39.860+0000] {processor.py:183} INFO - Processing /opt/airflow/dags/erp_to_minio_bronze_dag.py took 0.138 seconds
[2025-11-13T01:52:09.958+0000] {processor.py:161} INFO - Started process (PID=6916) to work on /opt/airflow/dags/erp_to_minio_bronze_dag.py
[2025-11-13T01:52:09.959+0000] {processor.py:830} INFO - Processing file /opt/airflow/dags/erp_to_minio_bronze_dag.py for tasks to queue
[2025-11-13T01:52:09.960+0000] {logging_mixin.py:188} INFO - [2025-11-13T01:52:09.960+0000] {dagbag.py:538} INFO - Filling up the DagBag from /opt/airflow/dags/erp_to_minio_bronze_dag.py
[2025-11-13T01:52:10.018+0000] {processor.py:840} INFO - DAG(s) 'erp_to_minio_bronze' retrieved from /opt/airflow/dags/erp_to_minio_bronze_dag.py
[2025-11-13T01:52:10.032+0000] {logging_mixin.py:188} INFO - [2025-11-13T01:52:10.032+0000] {dag.py:3036} INFO - Sync 1 DAGs
[2025-11-13T01:52:10.044+0000] {logging_mixin.py:188} INFO - [2025-11-13T01:52:10.044+0000] {dag.py:3823} INFO - Setting next_dagrun for erp_to_minio_bronze to 2025-11-13 00:00:00+00:00, run_after=2025-11-13 06:00:00+00:00
[2025-11-13T01:52:10.059+0000] {processor.py:183} INFO - Processing /opt/airflow/dags/erp_to_minio_bronze_dag.py took 0.104 seconds
[2025-11-13T01:52:40.220+0000] {processor.py:161} INFO - Started process (PID=6918) to work on /opt/airflow/dags/erp_to_minio_bronze_dag.py
[2025-11-13T01:52:40.221+0000] {processor.py:830} INFO - Processing file /opt/airflow/dags/erp_to_minio_bronze_dag.py for tasks to queue
[2025-11-13T01:52:40.222+0000] {logging_mixin.py:188} INFO - [2025-11-13T01:52:40.222+0000] {dagbag.py:538} INFO - Filling up the DagBag from /opt/airflow/dags/erp_to_minio_bronze_dag.py
[2025-11-13T01:52:40.271+0000] {processor.py:840} INFO - DAG(s) 'erp_to_minio_bronze' retrieved from /opt/airflow/dags/erp_to_minio_bronze_dag.py
[2025-11-13T01:52:40.282+0000] {logging_mixin.py:188} INFO - [2025-11-13T01:52:40.282+0000] {dag.py:3036} INFO - Sync 1 DAGs
[2025-11-13T01:52:40.292+0000] {logging_mixin.py:188} INFO - [2025-11-13T01:52:40.292+0000] {dag.py:3823} INFO - Setting next_dagrun for erp_to_minio_bronze to 2025-11-13 00:00:00+00:00, run_after=2025-11-13 06:00:00+00:00
[2025-11-13T01:52:40.306+0000] {processor.py:183} INFO - Processing /opt/airflow/dags/erp_to_minio_bronze_dag.py took 0.088 seconds
[2025-11-13T01:53:10.477+0000] {processor.py:161} INFO - Started process (PID=6932) to work on /opt/airflow/dags/erp_to_minio_bronze_dag.py
[2025-11-13T01:53:10.478+0000] {processor.py:830} INFO - Processing file /opt/airflow/dags/erp_to_minio_bronze_dag.py for tasks to queue
[2025-11-13T01:53:10.479+0000] {logging_mixin.py:188} INFO - [2025-11-13T01:53:10.479+0000] {dagbag.py:538} INFO - Filling up the DagBag from /opt/airflow/dags/erp_to_minio_bronze_dag.py
[2025-11-13T01:53:10.534+0000] {processor.py:840} INFO - DAG(s) 'erp_to_minio_bronze' retrieved from /opt/airflow/dags/erp_to_minio_bronze_dag.py
[2025-11-13T01:53:10.545+0000] {logging_mixin.py:188} INFO - [2025-11-13T01:53:10.545+0000] {dag.py:3036} INFO - Sync 1 DAGs
[2025-11-13T01:53:10.555+0000] {logging_mixin.py:188} INFO - [2025-11-13T01:53:10.555+0000] {dag.py:3823} INFO - Setting next_dagrun for erp_to_minio_bronze to 2025-11-13 00:00:00+00:00, run_after=2025-11-13 06:00:00+00:00
[2025-11-13T01:53:10.571+0000] {processor.py:183} INFO - Processing /opt/airflow/dags/erp_to_minio_bronze_dag.py took 0.097 seconds
[2025-11-13T01:53:40.731+0000] {processor.py:161} INFO - Started process (PID=6934) to work on /opt/airflow/dags/erp_to_minio_bronze_dag.py
[2025-11-13T01:53:40.732+0000] {processor.py:830} INFO - Processing file /opt/airflow/dags/erp_to_minio_bronze_dag.py for tasks to queue
[2025-11-13T01:53:40.733+0000] {logging_mixin.py:188} INFO - [2025-11-13T01:53:40.732+0000] {dagbag.py:538} INFO - Filling up the DagBag from /opt/airflow/dags/erp_to_minio_bronze_dag.py
[2025-11-13T01:53:40.786+0000] {processor.py:840} INFO - DAG(s) 'erp_to_minio_bronze' retrieved from /opt/airflow/dags/erp_to_minio_bronze_dag.py
[2025-11-13T01:53:40.798+0000] {logging_mixin.py:188} INFO - [2025-11-13T01:53:40.798+0000] {dag.py:3036} INFO - Sync 1 DAGs
[2025-11-13T01:53:40.812+0000] {logging_mixin.py:188} INFO - [2025-11-13T01:53:40.812+0000] {dag.py:3823} INFO - Setting next_dagrun for erp_to_minio_bronze to 2025-11-13 00:00:00+00:00, run_after=2025-11-13 06:00:00+00:00
[2025-11-13T01:53:40.829+0000] {processor.py:183} INFO - Processing /opt/airflow/dags/erp_to_minio_bronze_dag.py took 0.101 seconds
[2025-11-13T01:54:10.998+0000] {processor.py:161} INFO - Started process (PID=6936) to work on /opt/airflow/dags/erp_to_minio_bronze_dag.py
[2025-11-13T01:54:11.000+0000] {processor.py:830} INFO - Processing file /opt/airflow/dags/erp_to_minio_bronze_dag.py for tasks to queue
[2025-11-13T01:54:11.001+0000] {logging_mixin.py:188} INFO - [2025-11-13T01:54:11.001+0000] {dagbag.py:538} INFO - Filling up the DagBag from /opt/airflow/dags/erp_to_minio_bronze_dag.py
[2025-11-13T01:54:11.055+0000] {processor.py:840} INFO - DAG(s) 'erp_to_minio_bronze' retrieved from /opt/airflow/dags/erp_to_minio_bronze_dag.py
[2025-11-13T01:54:11.068+0000] {logging_mixin.py:188} INFO - [2025-11-13T01:54:11.068+0000] {dag.py:3036} INFO - Sync 1 DAGs
[2025-11-13T01:54:11.080+0000] {logging_mixin.py:188} INFO - [2025-11-13T01:54:11.080+0000] {dag.py:3823} INFO - Setting next_dagrun for erp_to_minio_bronze to 2025-11-13 00:00:00+00:00, run_after=2025-11-13 06:00:00+00:00
[2025-11-13T01:54:11.098+0000] {processor.py:183} INFO - Processing /opt/airflow/dags/erp_to_minio_bronze_dag.py took 0.101 seconds
[2025-11-13T01:54:41.249+0000] {processor.py:161} INFO - Started process (PID=6938) to work on /opt/airflow/dags/erp_to_minio_bronze_dag.py
[2025-11-13T01:54:41.250+0000] {processor.py:830} INFO - Processing file /opt/airflow/dags/erp_to_minio_bronze_dag.py for tasks to queue
[2025-11-13T01:54:41.251+0000] {logging_mixin.py:188} INFO - [2025-11-13T01:54:41.251+0000] {dagbag.py:538} INFO - Filling up the DagBag from /opt/airflow/dags/erp_to_minio_bronze_dag.py
[2025-11-13T01:54:41.309+0000] {processor.py:840} INFO - DAG(s) 'erp_to_minio_bronze' retrieved from /opt/airflow/dags/erp_to_minio_bronze_dag.py
[2025-11-13T01:54:41.322+0000] {logging_mixin.py:188} INFO - [2025-11-13T01:54:41.322+0000] {dag.py:3036} INFO - Sync 1 DAGs
[2025-11-13T01:54:41.336+0000] {logging_mixin.py:188} INFO - [2025-11-13T01:54:41.336+0000] {dag.py:3823} INFO - Setting next_dagrun for erp_to_minio_bronze to 2025-11-13 00:00:00+00:00, run_after=2025-11-13 06:00:00+00:00
[2025-11-13T01:54:41.352+0000] {processor.py:183} INFO - Processing /opt/airflow/dags/erp_to_minio_bronze_dag.py took 0.105 seconds
[2025-11-13T01:55:11.521+0000] {processor.py:161} INFO - Started process (PID=6946) to work on /opt/airflow/dags/erp_to_minio_bronze_dag.py
[2025-11-13T01:55:11.522+0000] {processor.py:830} INFO - Processing file /opt/airflow/dags/erp_to_minio_bronze_dag.py for tasks to queue
[2025-11-13T01:55:11.523+0000] {logging_mixin.py:188} INFO - [2025-11-13T01:55:11.523+0000] {dagbag.py:538} INFO - Filling up the DagBag from /opt/airflow/dags/erp_to_minio_bronze_dag.py
[2025-11-13T01:55:11.578+0000] {processor.py:840} INFO - DAG(s) 'erp_to_minio_bronze' retrieved from /opt/airflow/dags/erp_to_minio_bronze_dag.py
[2025-11-13T01:55:11.590+0000] {logging_mixin.py:188} INFO - [2025-11-13T01:55:11.590+0000] {dag.py:3036} INFO - Sync 1 DAGs
[2025-11-13T01:55:11.600+0000] {logging_mixin.py:188} INFO - [2025-11-13T01:55:11.600+0000] {dag.py:3823} INFO - Setting next_dagrun for erp_to_minio_bronze to 2025-11-13 00:00:00+00:00, run_after=2025-11-13 06:00:00+00:00
[2025-11-13T01:55:11.616+0000] {processor.py:183} INFO - Processing /opt/airflow/dags/erp_to_minio_bronze_dag.py took 0.097 seconds
[2025-11-13T01:55:41.779+0000] {processor.py:161} INFO - Started process (PID=8123) to work on /opt/airflow/dags/erp_to_minio_bronze_dag.py
[2025-11-13T01:55:41.780+0000] {processor.py:830} INFO - Processing file /opt/airflow/dags/erp_to_minio_bronze_dag.py for tasks to queue
[2025-11-13T01:55:41.781+0000] {logging_mixin.py:188} INFO - [2025-11-13T01:55:41.781+0000] {dagbag.py:538} INFO - Filling up the DagBag from /opt/airflow/dags/erp_to_minio_bronze_dag.py
[2025-11-13T01:55:41.844+0000] {processor.py:840} INFO - DAG(s) 'erp_to_minio_bronze' retrieved from /opt/airflow/dags/erp_to_minio_bronze_dag.py
[2025-11-13T01:55:41.858+0000] {logging_mixin.py:188} INFO - [2025-11-13T01:55:41.858+0000] {dag.py:3036} INFO - Sync 1 DAGs
[2025-11-13T01:55:41.869+0000] {logging_mixin.py:188} INFO - [2025-11-13T01:55:41.869+0000] {dag.py:3823} INFO - Setting next_dagrun for erp_to_minio_bronze to 2025-11-13 00:00:00+00:00, run_after=2025-11-13 06:00:00+00:00
[2025-11-13T01:55:41.886+0000] {processor.py:183} INFO - Processing /opt/airflow/dags/erp_to_minio_bronze_dag.py took 0.110 seconds
[2025-11-13T01:56:12.865+0000] {processor.py:161} INFO - Started process (PID=9394) to work on /opt/airflow/dags/erp_to_minio_bronze_dag.py
[2025-11-13T01:56:12.866+0000] {processor.py:830} INFO - Processing file /opt/airflow/dags/erp_to_minio_bronze_dag.py for tasks to queue
[2025-11-13T01:56:12.867+0000] {logging_mixin.py:188} INFO - [2025-11-13T01:56:12.867+0000] {dagbag.py:538} INFO - Filling up the DagBag from /opt/airflow/dags/erp_to_minio_bronze_dag.py
[2025-11-13T01:56:12.936+0000] {processor.py:840} INFO - DAG(s) 'erp_to_minio_bronze' retrieved from /opt/airflow/dags/erp_to_minio_bronze_dag.py
[2025-11-13T01:56:12.951+0000] {logging_mixin.py:188} INFO - [2025-11-13T01:56:12.951+0000] {dag.py:3036} INFO - Sync 1 DAGs
[2025-11-13T01:56:12.964+0000] {logging_mixin.py:188} INFO - [2025-11-13T01:56:12.964+0000] {dag.py:3823} INFO - Setting next_dagrun for erp_to_minio_bronze to 2025-11-13 00:00:00+00:00, run_after=2025-11-13 06:00:00+00:00
[2025-11-13T01:56:12.981+0000] {processor.py:183} INFO - Processing /opt/airflow/dags/erp_to_minio_bronze_dag.py took 0.118 seconds
[2025-11-13T01:56:43.842+0000] {processor.py:161} INFO - Started process (PID=9408) to work on /opt/airflow/dags/erp_to_minio_bronze_dag.py
[2025-11-13T01:56:43.843+0000] {processor.py:830} INFO - Processing file /opt/airflow/dags/erp_to_minio_bronze_dag.py for tasks to queue
[2025-11-13T01:56:43.844+0000] {logging_mixin.py:188} INFO - [2025-11-13T01:56:43.844+0000] {dagbag.py:538} INFO - Filling up the DagBag from /opt/airflow/dags/erp_to_minio_bronze_dag.py
[2025-11-13T01:56:43.902+0000] {processor.py:840} INFO - DAG(s) 'erp_to_minio_bronze' retrieved from /opt/airflow/dags/erp_to_minio_bronze_dag.py
[2025-11-13T01:56:43.914+0000] {logging_mixin.py:188} INFO - [2025-11-13T01:56:43.914+0000] {dag.py:3036} INFO - Sync 1 DAGs
[2025-11-13T01:56:43.925+0000] {logging_mixin.py:188} INFO - [2025-11-13T01:56:43.925+0000] {dag.py:3823} INFO - Setting next_dagrun for erp_to_minio_bronze to 2025-11-13 00:00:00+00:00, run_after=2025-11-13 06:00:00+00:00
[2025-11-13T01:56:43.941+0000] {processor.py:183} INFO - Processing /opt/airflow/dags/erp_to_minio_bronze_dag.py took 0.100 seconds
[2025-11-13T01:57:14.121+0000] {processor.py:161} INFO - Started process (PID=9416) to work on /opt/airflow/dags/erp_to_minio_bronze_dag.py
[2025-11-13T01:57:14.122+0000] {processor.py:830} INFO - Processing file /opt/airflow/dags/erp_to_minio_bronze_dag.py for tasks to queue
[2025-11-13T01:57:14.123+0000] {logging_mixin.py:188} INFO - [2025-11-13T01:57:14.122+0000] {dagbag.py:538} INFO - Filling up the DagBag from /opt/airflow/dags/erp_to_minio_bronze_dag.py
[2025-11-13T01:57:14.176+0000] {processor.py:840} INFO - DAG(s) 'erp_to_minio_bronze' retrieved from /opt/airflow/dags/erp_to_minio_bronze_dag.py
[2025-11-13T01:57:14.190+0000] {logging_mixin.py:188} INFO - [2025-11-13T01:57:14.189+0000] {dag.py:3036} INFO - Sync 1 DAGs
[2025-11-13T01:57:14.200+0000] {logging_mixin.py:188} INFO - [2025-11-13T01:57:14.200+0000] {dag.py:3823} INFO - Setting next_dagrun for erp_to_minio_bronze to 2025-11-13 00:00:00+00:00, run_after=2025-11-13 06:00:00+00:00
[2025-11-13T01:57:14.214+0000] {processor.py:183} INFO - Processing /opt/airflow/dags/erp_to_minio_bronze_dag.py took 0.096 seconds
[2025-11-13T01:57:44.387+0000] {processor.py:161} INFO - Started process (PID=9418) to work on /opt/airflow/dags/erp_to_minio_bronze_dag.py
[2025-11-13T01:57:44.388+0000] {processor.py:830} INFO - Processing file /opt/airflow/dags/erp_to_minio_bronze_dag.py for tasks to queue
[2025-11-13T01:57:44.389+0000] {logging_mixin.py:188} INFO - [2025-11-13T01:57:44.389+0000] {dagbag.py:538} INFO - Filling up the DagBag from /opt/airflow/dags/erp_to_minio_bronze_dag.py
[2025-11-13T01:57:44.447+0000] {processor.py:840} INFO - DAG(s) 'erp_to_minio_bronze' retrieved from /opt/airflow/dags/erp_to_minio_bronze_dag.py
[2025-11-13T01:57:44.458+0000] {logging_mixin.py:188} INFO - [2025-11-13T01:57:44.458+0000] {dag.py:3036} INFO - Sync 1 DAGs
[2025-11-13T01:57:44.469+0000] {logging_mixin.py:188} INFO - [2025-11-13T01:57:44.469+0000] {dag.py:3823} INFO - Setting next_dagrun for erp_to_minio_bronze to 2025-11-13 00:00:00+00:00, run_after=2025-11-13 06:00:00+00:00
[2025-11-13T01:57:44.485+0000] {processor.py:183} INFO - Processing /opt/airflow/dags/erp_to_minio_bronze_dag.py took 0.100 seconds
[2025-11-13T01:58:14.662+0000] {processor.py:161} INFO - Started process (PID=9426) to work on /opt/airflow/dags/erp_to_minio_bronze_dag.py
[2025-11-13T01:58:14.663+0000] {processor.py:830} INFO - Processing file /opt/airflow/dags/erp_to_minio_bronze_dag.py for tasks to queue
[2025-11-13T01:58:14.664+0000] {logging_mixin.py:188} INFO - [2025-11-13T01:58:14.664+0000] {dagbag.py:538} INFO - Filling up the DagBag from /opt/airflow/dags/erp_to_minio_bronze_dag.py
[2025-11-13T01:58:14.719+0000] {processor.py:840} INFO - DAG(s) 'erp_to_minio_bronze' retrieved from /opt/airflow/dags/erp_to_minio_bronze_dag.py
[2025-11-13T01:58:14.731+0000] {logging_mixin.py:188} INFO - [2025-11-13T01:58:14.730+0000] {dag.py:3036} INFO - Sync 1 DAGs
[2025-11-13T01:58:14.742+0000] {logging_mixin.py:188} INFO - [2025-11-13T01:58:14.742+0000] {dag.py:3823} INFO - Setting next_dagrun for erp_to_minio_bronze to 2025-11-13 00:00:00+00:00, run_after=2025-11-13 06:00:00+00:00
[2025-11-13T01:58:14.757+0000] {processor.py:183} INFO - Processing /opt/airflow/dags/erp_to_minio_bronze_dag.py took 0.097 seconds
[2025-11-13T01:58:44.927+0000] {processor.py:161} INFO - Started process (PID=10183) to work on /opt/airflow/dags/erp_to_minio_bronze_dag.py
[2025-11-13T01:58:44.929+0000] {processor.py:830} INFO - Processing file /opt/airflow/dags/erp_to_minio_bronze_dag.py for tasks to queue
[2025-11-13T01:58:44.930+0000] {logging_mixin.py:188} INFO - [2025-11-13T01:58:44.930+0000] {dagbag.py:538} INFO - Filling up the DagBag from /opt/airflow/dags/erp_to_minio_bronze_dag.py
[2025-11-13T01:58:45.002+0000] {processor.py:840} INFO - DAG(s) 'erp_to_minio_bronze' retrieved from /opt/airflow/dags/erp_to_minio_bronze_dag.py
[2025-11-13T01:58:45.016+0000] {logging_mixin.py:188} INFO - [2025-11-13T01:58:45.016+0000] {dag.py:3036} INFO - Sync 1 DAGs
[2025-11-13T01:58:45.028+0000] {logging_mixin.py:188} INFO - [2025-11-13T01:58:45.028+0000] {dag.py:3823} INFO - Setting next_dagrun for erp_to_minio_bronze to 2025-11-13 00:00:00+00:00, run_after=2025-11-13 06:00:00+00:00
[2025-11-13T01:58:45.044+0000] {processor.py:183} INFO - Processing /opt/airflow/dags/erp_to_minio_bronze_dag.py took 0.120 seconds
[2025-11-13T01:59:15.628+0000] {processor.py:161} INFO - Started process (PID=10677) to work on /opt/airflow/dags/erp_to_minio_bronze_dag.py
[2025-11-13T01:59:15.630+0000] {processor.py:830} INFO - Processing file /opt/airflow/dags/erp_to_minio_bronze_dag.py for tasks to queue
[2025-11-13T01:59:15.631+0000] {logging_mixin.py:188} INFO - [2025-11-13T01:59:15.631+0000] {dagbag.py:538} INFO - Filling up the DagBag from /opt/airflow/dags/erp_to_minio_bronze_dag.py
[2025-11-13T01:59:15.693+0000] {processor.py:840} INFO - DAG(s) 'erp_to_minio_bronze' retrieved from /opt/airflow/dags/erp_to_minio_bronze_dag.py
[2025-11-13T01:59:15.707+0000] {logging_mixin.py:188} INFO - [2025-11-13T01:59:15.707+0000] {dag.py:3036} INFO - Sync 1 DAGs
[2025-11-13T01:59:15.719+0000] {logging_mixin.py:188} INFO - [2025-11-13T01:59:15.719+0000] {dag.py:3823} INFO - Setting next_dagrun for erp_to_minio_bronze to 2025-11-13 00:00:00+00:00, run_after=2025-11-13 06:00:00+00:00
[2025-11-13T01:59:15.735+0000] {processor.py:183} INFO - Processing /opt/airflow/dags/erp_to_minio_bronze_dag.py took 0.110 seconds
[2025-11-13T01:59:46.660+0000] {processor.py:161} INFO - Started process (PID=11882) to work on /opt/airflow/dags/erp_to_minio_bronze_dag.py
[2025-11-13T01:59:46.661+0000] {processor.py:830} INFO - Processing file /opt/airflow/dags/erp_to_minio_bronze_dag.py for tasks to queue
[2025-11-13T01:59:46.662+0000] {logging_mixin.py:188} INFO - [2025-11-13T01:59:46.662+0000] {dagbag.py:538} INFO - Filling up the DagBag from /opt/airflow/dags/erp_to_minio_bronze_dag.py
[2025-11-13T01:59:46.718+0000] {processor.py:840} INFO - DAG(s) 'erp_to_minio_bronze' retrieved from /opt/airflow/dags/erp_to_minio_bronze_dag.py
[2025-11-13T01:59:46.730+0000] {logging_mixin.py:188} INFO - [2025-11-13T01:59:46.730+0000] {dag.py:3036} INFO - Sync 1 DAGs
[2025-11-13T01:59:46.740+0000] {logging_mixin.py:188} INFO - [2025-11-13T01:59:46.740+0000] {dag.py:3823} INFO - Setting next_dagrun for erp_to_minio_bronze to 2025-11-13 00:00:00+00:00, run_after=2025-11-13 06:00:00+00:00
[2025-11-13T01:59:46.756+0000] {processor.py:183} INFO - Processing /opt/airflow/dags/erp_to_minio_bronze_dag.py took 0.098 seconds
[2025-11-13T02:00:17.733+0000] {processor.py:161} INFO - Started process (PID=11890) to work on /opt/airflow/dags/erp_to_minio_bronze_dag.py
[2025-11-13T02:00:17.734+0000] {processor.py:830} INFO - Processing file /opt/airflow/dags/erp_to_minio_bronze_dag.py for tasks to queue
[2025-11-13T02:00:17.735+0000] {logging_mixin.py:188} INFO - [2025-11-13T02:00:17.735+0000] {dagbag.py:538} INFO - Filling up the DagBag from /opt/airflow/dags/erp_to_minio_bronze_dag.py
[2025-11-13T02:00:17.793+0000] {processor.py:840} INFO - DAG(s) 'erp_to_minio_bronze' retrieved from /opt/airflow/dags/erp_to_minio_bronze_dag.py
[2025-11-13T02:00:17.805+0000] {logging_mixin.py:188} INFO - [2025-11-13T02:00:17.805+0000] {dag.py:3036} INFO - Sync 1 DAGs
[2025-11-13T02:00:17.815+0000] {logging_mixin.py:188} INFO - [2025-11-13T02:00:17.815+0000] {dag.py:3823} INFO - Setting next_dagrun for erp_to_minio_bronze to 2025-11-13 00:00:00+00:00, run_after=2025-11-13 06:00:00+00:00
[2025-11-13T02:00:17.830+0000] {processor.py:183} INFO - Processing /opt/airflow/dags/erp_to_minio_bronze_dag.py took 0.099 seconds
[2025-11-13T02:00:48.030+0000] {processor.py:161} INFO - Started process (PID=11892) to work on /opt/airflow/dags/erp_to_minio_bronze_dag.py
[2025-11-13T02:00:48.031+0000] {processor.py:830} INFO - Processing file /opt/airflow/dags/erp_to_minio_bronze_dag.py for tasks to queue
[2025-11-13T02:00:48.032+0000] {logging_mixin.py:188} INFO - [2025-11-13T02:00:48.032+0000] {dagbag.py:538} INFO - Filling up the DagBag from /opt/airflow/dags/erp_to_minio_bronze_dag.py
[2025-11-13T02:00:48.139+0000] {processor.py:840} INFO - DAG(s) 'erp_to_minio_bronze' retrieved from /opt/airflow/dags/erp_to_minio_bronze_dag.py
[2025-11-13T02:00:48.154+0000] {logging_mixin.py:188} INFO - [2025-11-13T02:00:48.154+0000] {dag.py:3036} INFO - Sync 1 DAGs
[2025-11-13T02:00:48.167+0000] {logging_mixin.py:188} INFO - [2025-11-13T02:00:48.166+0000] {dag.py:3823} INFO - Setting next_dagrun for erp_to_minio_bronze to 2025-11-13 00:00:00+00:00, run_after=2025-11-13 06:00:00+00:00
[2025-11-13T02:00:48.180+0000] {processor.py:183} INFO - Processing /opt/airflow/dags/erp_to_minio_bronze_dag.py took 0.153 seconds
[2025-11-13T02:01:18.321+0000] {processor.py:161} INFO - Started process (PID=11894) to work on /opt/airflow/dags/erp_to_minio_bronze_dag.py
[2025-11-13T02:01:18.322+0000] {processor.py:830} INFO - Processing file /opt/airflow/dags/erp_to_minio_bronze_dag.py for tasks to queue
[2025-11-13T02:01:18.323+0000] {logging_mixin.py:188} INFO - [2025-11-13T02:01:18.323+0000] {dagbag.py:538} INFO - Filling up the DagBag from /opt/airflow/dags/erp_to_minio_bronze_dag.py
[2025-11-13T02:01:18.379+0000] {processor.py:840} INFO - DAG(s) 'erp_to_minio_bronze' retrieved from /opt/airflow/dags/erp_to_minio_bronze_dag.py
[2025-11-13T02:01:18.392+0000] {logging_mixin.py:188} INFO - [2025-11-13T02:01:18.392+0000] {dag.py:3036} INFO - Sync 1 DAGs
[2025-11-13T02:01:18.404+0000] {logging_mixin.py:188} INFO - [2025-11-13T02:01:18.403+0000] {dag.py:3823} INFO - Setting next_dagrun for erp_to_minio_bronze to 2025-11-13 00:00:00+00:00, run_after=2025-11-13 06:00:00+00:00
[2025-11-13T02:01:18.420+0000] {processor.py:183} INFO - Processing /opt/airflow/dags/erp_to_minio_bronze_dag.py took 0.102 seconds
[2025-11-13T02:01:48.613+0000] {processor.py:161} INFO - Started process (PID=11896) to work on /opt/airflow/dags/erp_to_minio_bronze_dag.py
[2025-11-13T02:01:48.615+0000] {processor.py:830} INFO - Processing file /opt/airflow/dags/erp_to_minio_bronze_dag.py for tasks to queue
[2025-11-13T02:01:48.616+0000] {logging_mixin.py:188} INFO - [2025-11-13T02:01:48.616+0000] {dagbag.py:538} INFO - Filling up the DagBag from /opt/airflow/dags/erp_to_minio_bronze_dag.py
[2025-11-13T02:01:48.676+0000] {processor.py:840} INFO - DAG(s) 'erp_to_minio_bronze' retrieved from /opt/airflow/dags/erp_to_minio_bronze_dag.py
[2025-11-13T02:01:48.688+0000] {logging_mixin.py:188} INFO - [2025-11-13T02:01:48.688+0000] {dag.py:3036} INFO - Sync 1 DAGs
[2025-11-13T02:01:48.699+0000] {logging_mixin.py:188} INFO - [2025-11-13T02:01:48.699+0000] {dag.py:3823} INFO - Setting next_dagrun for erp_to_minio_bronze to 2025-11-13 00:00:00+00:00, run_after=2025-11-13 06:00:00+00:00
[2025-11-13T02:01:48.715+0000] {processor.py:183} INFO - Processing /opt/airflow/dags/erp_to_minio_bronze_dag.py took 0.104 seconds
[2025-11-13T02:02:18.907+0000] {processor.py:161} INFO - Started process (PID=11898) to work on /opt/airflow/dags/erp_to_minio_bronze_dag.py
[2025-11-13T02:02:18.908+0000] {processor.py:830} INFO - Processing file /opt/airflow/dags/erp_to_minio_bronze_dag.py for tasks to queue
[2025-11-13T02:02:18.910+0000] {logging_mixin.py:188} INFO - [2025-11-13T02:02:18.909+0000] {dagbag.py:538} INFO - Filling up the DagBag from /opt/airflow/dags/erp_to_minio_bronze_dag.py
[2025-11-13T02:02:18.979+0000] {processor.py:840} INFO - DAG(s) 'erp_to_minio_bronze' retrieved from /opt/airflow/dags/erp_to_minio_bronze_dag.py
[2025-11-13T02:02:18.993+0000] {logging_mixin.py:188} INFO - [2025-11-13T02:02:18.993+0000] {dag.py:3036} INFO - Sync 1 DAGs
[2025-11-13T02:02:19.004+0000] {logging_mixin.py:188} INFO - [2025-11-13T02:02:19.004+0000] {dag.py:3823} INFO - Setting next_dagrun for erp_to_minio_bronze to 2025-11-13 00:00:00+00:00, run_after=2025-11-13 06:00:00+00:00
[2025-11-13T02:02:19.021+0000] {processor.py:183} INFO - Processing /opt/airflow/dags/erp_to_minio_bronze_dag.py took 0.115 seconds
[2025-11-13T02:02:49.184+0000] {processor.py:161} INFO - Started process (PID=11900) to work on /opt/airflow/dags/erp_to_minio_bronze_dag.py
[2025-11-13T02:02:49.185+0000] {processor.py:830} INFO - Processing file /opt/airflow/dags/erp_to_minio_bronze_dag.py for tasks to queue
[2025-11-13T02:02:49.186+0000] {logging_mixin.py:188} INFO - [2025-11-13T02:02:49.186+0000] {dagbag.py:538} INFO - Filling up the DagBag from /opt/airflow/dags/erp_to_minio_bronze_dag.py
[2025-11-13T02:02:49.240+0000] {processor.py:840} INFO - DAG(s) 'erp_to_minio_bronze' retrieved from /opt/airflow/dags/erp_to_minio_bronze_dag.py
[2025-11-13T02:02:49.251+0000] {logging_mixin.py:188} INFO - [2025-11-13T02:02:49.251+0000] {dag.py:3036} INFO - Sync 1 DAGs
[2025-11-13T02:02:49.260+0000] {logging_mixin.py:188} INFO - [2025-11-13T02:02:49.260+0000] {dag.py:3823} INFO - Setting next_dagrun for erp_to_minio_bronze to 2025-11-13 00:00:00+00:00, run_after=2025-11-13 06:00:00+00:00
[2025-11-13T02:02:49.275+0000] {processor.py:183} INFO - Processing /opt/airflow/dags/erp_to_minio_bronze_dag.py took 0.093 seconds
[2025-11-13T02:03:19.482+0000] {processor.py:161} INFO - Started process (PID=11902) to work on /opt/airflow/dags/erp_to_minio_bronze_dag.py
[2025-11-13T02:03:19.483+0000] {processor.py:830} INFO - Processing file /opt/airflow/dags/erp_to_minio_bronze_dag.py for tasks to queue
[2025-11-13T02:03:19.484+0000] {logging_mixin.py:188} INFO - [2025-11-13T02:03:19.484+0000] {dagbag.py:538} INFO - Filling up the DagBag from /opt/airflow/dags/erp_to_minio_bronze_dag.py
[2025-11-13T02:03:19.542+0000] {processor.py:840} INFO - DAG(s) 'erp_to_minio_bronze' retrieved from /opt/airflow/dags/erp_to_minio_bronze_dag.py
[2025-11-13T02:03:19.552+0000] {logging_mixin.py:188} INFO - [2025-11-13T02:03:19.552+0000] {dag.py:3036} INFO - Sync 1 DAGs
[2025-11-13T02:03:19.563+0000] {logging_mixin.py:188} INFO - [2025-11-13T02:03:19.563+0000] {dag.py:3823} INFO - Setting next_dagrun for erp_to_minio_bronze to 2025-11-13 00:00:00+00:00, run_after=2025-11-13 06:00:00+00:00
[2025-11-13T02:03:19.580+0000] {processor.py:183} INFO - Processing /opt/airflow/dags/erp_to_minio_bronze_dag.py took 0.099 seconds
[2025-11-13T02:03:49.765+0000] {processor.py:161} INFO - Started process (PID=11904) to work on /opt/airflow/dags/erp_to_minio_bronze_dag.py
[2025-11-13T02:03:49.766+0000] {processor.py:830} INFO - Processing file /opt/airflow/dags/erp_to_minio_bronze_dag.py for tasks to queue
[2025-11-13T02:03:49.767+0000] {logging_mixin.py:188} INFO - [2025-11-13T02:03:49.767+0000] {dagbag.py:538} INFO - Filling up the DagBag from /opt/airflow/dags/erp_to_minio_bronze_dag.py
[2025-11-13T02:03:49.825+0000] {processor.py:840} INFO - DAG(s) 'erp_to_minio_bronze' retrieved from /opt/airflow/dags/erp_to_minio_bronze_dag.py
[2025-11-13T02:03:49.838+0000] {logging_mixin.py:188} INFO - [2025-11-13T02:03:49.838+0000] {dag.py:3036} INFO - Sync 1 DAGs
[2025-11-13T02:03:49.848+0000] {logging_mixin.py:188} INFO - [2025-11-13T02:03:49.847+0000] {dag.py:3823} INFO - Setting next_dagrun for erp_to_minio_bronze to 2025-11-13 00:00:00+00:00, run_after=2025-11-13 06:00:00+00:00
[2025-11-13T02:03:49.863+0000] {processor.py:183} INFO - Processing /opt/airflow/dags/erp_to_minio_bronze_dag.py took 0.100 seconds
[2025-11-13T02:04:20.062+0000] {processor.py:161} INFO - Started process (PID=11906) to work on /opt/airflow/dags/erp_to_minio_bronze_dag.py
[2025-11-13T02:04:20.063+0000] {processor.py:830} INFO - Processing file /opt/airflow/dags/erp_to_minio_bronze_dag.py for tasks to queue
[2025-11-13T02:04:20.064+0000] {logging_mixin.py:188} INFO - [2025-11-13T02:04:20.064+0000] {dagbag.py:538} INFO - Filling up the DagBag from /opt/airflow/dags/erp_to_minio_bronze_dag.py
[2025-11-13T02:04:20.134+0000] {processor.py:840} INFO - DAG(s) 'erp_to_minio_bronze' retrieved from /opt/airflow/dags/erp_to_minio_bronze_dag.py
[2025-11-13T02:04:20.148+0000] {logging_mixin.py:188} INFO - [2025-11-13T02:04:20.148+0000] {dag.py:3036} INFO - Sync 1 DAGs
[2025-11-13T02:04:20.160+0000] {logging_mixin.py:188} INFO - [2025-11-13T02:04:20.160+0000] {dag.py:3823} INFO - Setting next_dagrun for erp_to_minio_bronze to 2025-11-13 00:00:00+00:00, run_after=2025-11-13 06:00:00+00:00
[2025-11-13T02:04:20.174+0000] {processor.py:183} INFO - Processing /opt/airflow/dags/erp_to_minio_bronze_dag.py took 0.115 seconds
[2025-11-13T02:04:50.352+0000] {processor.py:161} INFO - Started process (PID=11908) to work on /opt/airflow/dags/erp_to_minio_bronze_dag.py
[2025-11-13T02:04:50.353+0000] {processor.py:830} INFO - Processing file /opt/airflow/dags/erp_to_minio_bronze_dag.py for tasks to queue
[2025-11-13T02:04:50.354+0000] {logging_mixin.py:188} INFO - [2025-11-13T02:04:50.354+0000] {dagbag.py:538} INFO - Filling up the DagBag from /opt/airflow/dags/erp_to_minio_bronze_dag.py
[2025-11-13T02:04:50.419+0000] {processor.py:840} INFO - DAG(s) 'erp_to_minio_bronze' retrieved from /opt/airflow/dags/erp_to_minio_bronze_dag.py
[2025-11-13T02:04:50.432+0000] {logging_mixin.py:188} INFO - [2025-11-13T02:04:50.432+0000] {dag.py:3036} INFO - Sync 1 DAGs
[2025-11-13T02:04:50.445+0000] {logging_mixin.py:188} INFO - [2025-11-13T02:04:50.445+0000] {dag.py:3823} INFO - Setting next_dagrun for erp_to_minio_bronze to 2025-11-13 00:00:00+00:00, run_after=2025-11-13 06:00:00+00:00
[2025-11-13T02:04:50.462+0000] {processor.py:183} INFO - Processing /opt/airflow/dags/erp_to_minio_bronze_dag.py took 0.112 seconds
[2025-11-13T02:05:20.650+0000] {processor.py:161} INFO - Started process (PID=11910) to work on /opt/airflow/dags/erp_to_minio_bronze_dag.py
[2025-11-13T02:05:20.651+0000] {processor.py:830} INFO - Processing file /opt/airflow/dags/erp_to_minio_bronze_dag.py for tasks to queue
[2025-11-13T02:05:20.652+0000] {logging_mixin.py:188} INFO - [2025-11-13T02:05:20.652+0000] {dagbag.py:538} INFO - Filling up the DagBag from /opt/airflow/dags/erp_to_minio_bronze_dag.py
[2025-11-13T02:05:20.720+0000] {processor.py:840} INFO - DAG(s) 'erp_to_minio_bronze' retrieved from /opt/airflow/dags/erp_to_minio_bronze_dag.py
[2025-11-13T02:05:20.734+0000] {logging_mixin.py:188} INFO - [2025-11-13T02:05:20.734+0000] {dag.py:3036} INFO - Sync 1 DAGs
[2025-11-13T02:05:20.745+0000] {logging_mixin.py:188} INFO - [2025-11-13T02:05:20.745+0000] {dag.py:3823} INFO - Setting next_dagrun for erp_to_minio_bronze to 2025-11-13 00:00:00+00:00, run_after=2025-11-13 06:00:00+00:00
[2025-11-13T02:05:20.763+0000] {processor.py:183} INFO - Processing /opt/airflow/dags/erp_to_minio_bronze_dag.py took 0.115 seconds
[2025-11-13T02:05:50.943+0000] {processor.py:161} INFO - Started process (PID=11912) to work on /opt/airflow/dags/erp_to_minio_bronze_dag.py
[2025-11-13T02:05:50.944+0000] {processor.py:830} INFO - Processing file /opt/airflow/dags/erp_to_minio_bronze_dag.py for tasks to queue
[2025-11-13T02:05:50.946+0000] {logging_mixin.py:188} INFO - [2025-11-13T02:05:50.945+0000] {dagbag.py:538} INFO - Filling up the DagBag from /opt/airflow/dags/erp_to_minio_bronze_dag.py
[2025-11-13T02:05:51.014+0000] {processor.py:840} INFO - DAG(s) 'erp_to_minio_bronze' retrieved from /opt/airflow/dags/erp_to_minio_bronze_dag.py
[2025-11-13T02:05:51.027+0000] {logging_mixin.py:188} INFO - [2025-11-13T02:05:51.026+0000] {dag.py:3036} INFO - Sync 1 DAGs
[2025-11-13T02:05:51.038+0000] {logging_mixin.py:188} INFO - [2025-11-13T02:05:51.038+0000] {dag.py:3823} INFO - Setting next_dagrun for erp_to_minio_bronze to 2025-11-13 00:00:00+00:00, run_after=2025-11-13 06:00:00+00:00
[2025-11-13T02:05:51.054+0000] {processor.py:183} INFO - Processing /opt/airflow/dags/erp_to_minio_bronze_dag.py took 0.113 seconds
[2025-11-13T02:06:21.242+0000] {processor.py:161} INFO - Started process (PID=11914) to work on /opt/airflow/dags/erp_to_minio_bronze_dag.py
[2025-11-13T02:06:21.243+0000] {processor.py:830} INFO - Processing file /opt/airflow/dags/erp_to_minio_bronze_dag.py for tasks to queue
[2025-11-13T02:06:21.244+0000] {logging_mixin.py:188} INFO - [2025-11-13T02:06:21.244+0000] {dagbag.py:538} INFO - Filling up the DagBag from /opt/airflow/dags/erp_to_minio_bronze_dag.py
[2025-11-13T02:06:21.313+0000] {processor.py:840} INFO - DAG(s) 'erp_to_minio_bronze' retrieved from /opt/airflow/dags/erp_to_minio_bronze_dag.py
[2025-11-13T02:06:21.326+0000] {logging_mixin.py:188} INFO - [2025-11-13T02:06:21.326+0000] {dag.py:3036} INFO - Sync 1 DAGs
[2025-11-13T02:06:21.337+0000] {logging_mixin.py:188} INFO - [2025-11-13T02:06:21.337+0000] {dag.py:3823} INFO - Setting next_dagrun for erp_to_minio_bronze to 2025-11-13 00:00:00+00:00, run_after=2025-11-13 06:00:00+00:00
[2025-11-13T02:06:21.349+0000] {processor.py:183} INFO - Processing /opt/airflow/dags/erp_to_minio_bronze_dag.py took 0.109 seconds
[2025-11-13T02:06:51.527+0000] {processor.py:161} INFO - Started process (PID=11916) to work on /opt/airflow/dags/erp_to_minio_bronze_dag.py
[2025-11-13T02:06:51.528+0000] {processor.py:830} INFO - Processing file /opt/airflow/dags/erp_to_minio_bronze_dag.py for tasks to queue
[2025-11-13T02:06:51.530+0000] {logging_mixin.py:188} INFO - [2025-11-13T02:06:51.529+0000] {dagbag.py:538} INFO - Filling up the DagBag from /opt/airflow/dags/erp_to_minio_bronze_dag.py
[2025-11-13T02:06:51.592+0000] {processor.py:840} INFO - DAG(s) 'erp_to_minio_bronze' retrieved from /opt/airflow/dags/erp_to_minio_bronze_dag.py
[2025-11-13T02:06:51.604+0000] {logging_mixin.py:188} INFO - [2025-11-13T02:06:51.604+0000] {dag.py:3036} INFO - Sync 1 DAGs
[2025-11-13T02:06:51.614+0000] {logging_mixin.py:188} INFO - [2025-11-13T02:06:51.614+0000] {dag.py:3823} INFO - Setting next_dagrun for erp_to_minio_bronze to 2025-11-13 00:00:00+00:00, run_after=2025-11-13 06:00:00+00:00
[2025-11-13T02:06:51.631+0000] {processor.py:183} INFO - Processing /opt/airflow/dags/erp_to_minio_bronze_dag.py took 0.106 seconds
[2025-11-13T02:07:21.820+0000] {processor.py:161} INFO - Started process (PID=11918) to work on /opt/airflow/dags/erp_to_minio_bronze_dag.py
[2025-11-13T02:07:21.821+0000] {processor.py:830} INFO - Processing file /opt/airflow/dags/erp_to_minio_bronze_dag.py for tasks to queue
[2025-11-13T02:07:21.822+0000] {logging_mixin.py:188} INFO - [2025-11-13T02:07:21.822+0000] {dagbag.py:538} INFO - Filling up the DagBag from /opt/airflow/dags/erp_to_minio_bronze_dag.py
[2025-11-13T02:07:21.879+0000] {processor.py:840} INFO - DAG(s) 'erp_to_minio_bronze' retrieved from /opt/airflow/dags/erp_to_minio_bronze_dag.py
[2025-11-13T02:07:21.892+0000] {logging_mixin.py:188} INFO - [2025-11-13T02:07:21.892+0000] {dag.py:3036} INFO - Sync 1 DAGs
[2025-11-13T02:07:21.904+0000] {logging_mixin.py:188} INFO - [2025-11-13T02:07:21.903+0000] {dag.py:3823} INFO - Setting next_dagrun for erp_to_minio_bronze to 2025-11-13 00:00:00+00:00, run_after=2025-11-13 06:00:00+00:00
[2025-11-13T02:07:21.922+0000] {processor.py:183} INFO - Processing /opt/airflow/dags/erp_to_minio_bronze_dag.py took 0.103 seconds
[2025-11-13T02:07:52.096+0000] {processor.py:161} INFO - Started process (PID=11920) to work on /opt/airflow/dags/erp_to_minio_bronze_dag.py
[2025-11-13T02:07:52.097+0000] {processor.py:830} INFO - Processing file /opt/airflow/dags/erp_to_minio_bronze_dag.py for tasks to queue
[2025-11-13T02:07:52.098+0000] {logging_mixin.py:188} INFO - [2025-11-13T02:07:52.098+0000] {dagbag.py:538} INFO - Filling up the DagBag from /opt/airflow/dags/erp_to_minio_bronze_dag.py
[2025-11-13T02:07:52.153+0000] {processor.py:840} INFO - DAG(s) 'erp_to_minio_bronze' retrieved from /opt/airflow/dags/erp_to_minio_bronze_dag.py
[2025-11-13T02:07:52.167+0000] {logging_mixin.py:188} INFO - [2025-11-13T02:07:52.167+0000] {dag.py:3036} INFO - Sync 1 DAGs
[2025-11-13T02:07:52.180+0000] {logging_mixin.py:188} INFO - [2025-11-13T02:07:52.180+0000] {dag.py:3823} INFO - Setting next_dagrun for erp_to_minio_bronze to 2025-11-13 00:00:00+00:00, run_after=2025-11-13 06:00:00+00:00
[2025-11-13T02:07:52.196+0000] {processor.py:183} INFO - Processing /opt/airflow/dags/erp_to_minio_bronze_dag.py took 0.102 seconds
[2025-11-13T02:08:22.396+0000] {processor.py:161} INFO - Started process (PID=11922) to work on /opt/airflow/dags/erp_to_minio_bronze_dag.py
[2025-11-13T02:08:22.397+0000] {processor.py:830} INFO - Processing file /opt/airflow/dags/erp_to_minio_bronze_dag.py for tasks to queue
[2025-11-13T02:08:22.398+0000] {logging_mixin.py:188} INFO - [2025-11-13T02:08:22.398+0000] {dagbag.py:538} INFO - Filling up the DagBag from /opt/airflow/dags/erp_to_minio_bronze_dag.py
[2025-11-13T02:08:22.462+0000] {processor.py:840} INFO - DAG(s) 'erp_to_minio_bronze' retrieved from /opt/airflow/dags/erp_to_minio_bronze_dag.py
[2025-11-13T02:08:22.477+0000] {logging_mixin.py:188} INFO - [2025-11-13T02:08:22.476+0000] {dag.py:3036} INFO - Sync 1 DAGs
[2025-11-13T02:08:22.489+0000] {logging_mixin.py:188} INFO - [2025-11-13T02:08:22.489+0000] {dag.py:3823} INFO - Setting next_dagrun for erp_to_minio_bronze to 2025-11-13 00:00:00+00:00, run_after=2025-11-13 06:00:00+00:00
[2025-11-13T02:08:22.505+0000] {processor.py:183} INFO - Processing /opt/airflow/dags/erp_to_minio_bronze_dag.py took 0.110 seconds
[2025-11-13T02:08:52.690+0000] {processor.py:161} INFO - Started process (PID=11924) to work on /opt/airflow/dags/erp_to_minio_bronze_dag.py
[2025-11-13T02:08:52.692+0000] {processor.py:830} INFO - Processing file /opt/airflow/dags/erp_to_minio_bronze_dag.py for tasks to queue
[2025-11-13T02:08:52.693+0000] {logging_mixin.py:188} INFO - [2025-11-13T02:08:52.692+0000] {dagbag.py:538} INFO - Filling up the DagBag from /opt/airflow/dags/erp_to_minio_bronze_dag.py
[2025-11-13T02:08:52.755+0000] {processor.py:840} INFO - DAG(s) 'erp_to_minio_bronze' retrieved from /opt/airflow/dags/erp_to_minio_bronze_dag.py
[2025-11-13T02:08:52.768+0000] {logging_mixin.py:188} INFO - [2025-11-13T02:08:52.768+0000] {dag.py:3036} INFO - Sync 1 DAGs
[2025-11-13T02:08:52.779+0000] {logging_mixin.py:188} INFO - [2025-11-13T02:08:52.779+0000] {dag.py:3823} INFO - Setting next_dagrun for erp_to_minio_bronze to 2025-11-13 00:00:00+00:00, run_after=2025-11-13 06:00:00+00:00
[2025-11-13T02:08:52.796+0000] {processor.py:183} INFO - Processing /opt/airflow/dags/erp_to_minio_bronze_dag.py took 0.108 seconds
[2025-11-13T02:09:22.981+0000] {processor.py:161} INFO - Started process (PID=11926) to work on /opt/airflow/dags/erp_to_minio_bronze_dag.py
[2025-11-13T02:09:22.982+0000] {processor.py:830} INFO - Processing file /opt/airflow/dags/erp_to_minio_bronze_dag.py for tasks to queue
[2025-11-13T02:09:22.983+0000] {logging_mixin.py:188} INFO - [2025-11-13T02:09:22.983+0000] {dagbag.py:538} INFO - Filling up the DagBag from /opt/airflow/dags/erp_to_minio_bronze_dag.py
[2025-11-13T02:09:23.047+0000] {processor.py:840} INFO - DAG(s) 'erp_to_minio_bronze' retrieved from /opt/airflow/dags/erp_to_minio_bronze_dag.py
[2025-11-13T02:09:23.064+0000] {logging_mixin.py:188} INFO - [2025-11-13T02:09:23.063+0000] {dag.py:3036} INFO - Sync 1 DAGs
[2025-11-13T02:09:23.076+0000] {logging_mixin.py:188} INFO - [2025-11-13T02:09:23.076+0000] {dag.py:3823} INFO - Setting next_dagrun for erp_to_minio_bronze to 2025-11-13 00:00:00+00:00, run_after=2025-11-13 06:00:00+00:00
[2025-11-13T02:09:23.093+0000] {processor.py:183} INFO - Processing /opt/airflow/dags/erp_to_minio_bronze_dag.py took 0.114 seconds
[2025-11-13T02:09:53.268+0000] {processor.py:161} INFO - Started process (PID=11928) to work on /opt/airflow/dags/erp_to_minio_bronze_dag.py
[2025-11-13T02:09:53.270+0000] {processor.py:830} INFO - Processing file /opt/airflow/dags/erp_to_minio_bronze_dag.py for tasks to queue
[2025-11-13T02:09:53.271+0000] {logging_mixin.py:188} INFO - [2025-11-13T02:09:53.271+0000] {dagbag.py:538} INFO - Filling up the DagBag from /opt/airflow/dags/erp_to_minio_bronze_dag.py
[2025-11-13T02:09:53.335+0000] {processor.py:840} INFO - DAG(s) 'erp_to_minio_bronze' retrieved from /opt/airflow/dags/erp_to_minio_bronze_dag.py
[2025-11-13T02:09:53.347+0000] {logging_mixin.py:188} INFO - [2025-11-13T02:09:53.347+0000] {dag.py:3036} INFO - Sync 1 DAGs
[2025-11-13T02:09:53.358+0000] {logging_mixin.py:188} INFO - [2025-11-13T02:09:53.357+0000] {dag.py:3823} INFO - Setting next_dagrun for erp_to_minio_bronze to 2025-11-13 00:00:00+00:00, run_after=2025-11-13 06:00:00+00:00
[2025-11-13T02:09:53.374+0000] {processor.py:183} INFO - Processing /opt/airflow/dags/erp_to_minio_bronze_dag.py took 0.108 seconds
[2025-11-13T02:10:23.562+0000] {processor.py:161} INFO - Started process (PID=11930) to work on /opt/airflow/dags/erp_to_minio_bronze_dag.py
[2025-11-13T02:10:23.563+0000] {processor.py:830} INFO - Processing file /opt/airflow/dags/erp_to_minio_bronze_dag.py for tasks to queue
[2025-11-13T02:10:23.564+0000] {logging_mixin.py:188} INFO - [2025-11-13T02:10:23.564+0000] {dagbag.py:538} INFO - Filling up the DagBag from /opt/airflow/dags/erp_to_minio_bronze_dag.py
[2025-11-13T02:10:23.675+0000] {processor.py:840} INFO - DAG(s) 'erp_to_minio_bronze' retrieved from /opt/airflow/dags/erp_to_minio_bronze_dag.py
[2025-11-13T02:10:23.687+0000] {logging_mixin.py:188} INFO - [2025-11-13T02:10:23.687+0000] {dag.py:3036} INFO - Sync 1 DAGs
[2025-11-13T02:10:23.697+0000] {logging_mixin.py:188} INFO - [2025-11-13T02:10:23.697+0000] {dag.py:3823} INFO - Setting next_dagrun for erp_to_minio_bronze to 2025-11-13 00:00:00+00:00, run_after=2025-11-13 06:00:00+00:00
[2025-11-13T02:10:23.713+0000] {processor.py:183} INFO - Processing /opt/airflow/dags/erp_to_minio_bronze_dag.py took 0.153 seconds
[2025-11-13T02:10:53.856+0000] {processor.py:161} INFO - Started process (PID=11932) to work on /opt/airflow/dags/erp_to_minio_bronze_dag.py
[2025-11-13T02:10:53.857+0000] {processor.py:830} INFO - Processing file /opt/airflow/dags/erp_to_minio_bronze_dag.py for tasks to queue
[2025-11-13T02:10:53.858+0000] {logging_mixin.py:188} INFO - [2025-11-13T02:10:53.858+0000] {dagbag.py:538} INFO - Filling up the DagBag from /opt/airflow/dags/erp_to_minio_bronze_dag.py
[2025-11-13T02:10:53.926+0000] {processor.py:840} INFO - DAG(s) 'erp_to_minio_bronze' retrieved from /opt/airflow/dags/erp_to_minio_bronze_dag.py
[2025-11-13T02:10:53.938+0000] {logging_mixin.py:188} INFO - [2025-11-13T02:10:53.938+0000] {dag.py:3036} INFO - Sync 1 DAGs
[2025-11-13T02:10:53.950+0000] {logging_mixin.py:188} INFO - [2025-11-13T02:10:53.950+0000] {dag.py:3823} INFO - Setting next_dagrun for erp_to_minio_bronze to 2025-11-13 00:00:00+00:00, run_after=2025-11-13 06:00:00+00:00
[2025-11-13T02:10:53.962+0000] {processor.py:183} INFO - Processing /opt/airflow/dags/erp_to_minio_bronze_dag.py took 0.108 seconds
[2025-11-13T02:11:24.143+0000] {processor.py:161} INFO - Started process (PID=11934) to work on /opt/airflow/dags/erp_to_minio_bronze_dag.py
[2025-11-13T02:11:24.145+0000] {processor.py:830} INFO - Processing file /opt/airflow/dags/erp_to_minio_bronze_dag.py for tasks to queue
[2025-11-13T02:11:24.146+0000] {logging_mixin.py:188} INFO - [2025-11-13T02:11:24.145+0000] {dagbag.py:538} INFO - Filling up the DagBag from /opt/airflow/dags/erp_to_minio_bronze_dag.py
[2025-11-13T02:11:24.207+0000] {processor.py:840} INFO - DAG(s) 'erp_to_minio_bronze' retrieved from /opt/airflow/dags/erp_to_minio_bronze_dag.py
[2025-11-13T02:11:24.222+0000] {logging_mixin.py:188} INFO - [2025-11-13T02:11:24.222+0000] {dag.py:3036} INFO - Sync 1 DAGs
[2025-11-13T02:11:24.233+0000] {logging_mixin.py:188} INFO - [2025-11-13T02:11:24.233+0000] {dag.py:3823} INFO - Setting next_dagrun for erp_to_minio_bronze to 2025-11-13 00:00:00+00:00, run_after=2025-11-13 06:00:00+00:00
[2025-11-13T02:11:24.248+0000] {processor.py:183} INFO - Processing /opt/airflow/dags/erp_to_minio_bronze_dag.py took 0.107 seconds
[2025-11-13T02:11:54.443+0000] {processor.py:161} INFO - Started process (PID=11936) to work on /opt/airflow/dags/erp_to_minio_bronze_dag.py
[2025-11-13T02:11:54.444+0000] {processor.py:830} INFO - Processing file /opt/airflow/dags/erp_to_minio_bronze_dag.py for tasks to queue
[2025-11-13T02:11:54.445+0000] {logging_mixin.py:188} INFO - [2025-11-13T02:11:54.445+0000] {dagbag.py:538} INFO - Filling up the DagBag from /opt/airflow/dags/erp_to_minio_bronze_dag.py
[2025-11-13T02:11:54.515+0000] {processor.py:840} INFO - DAG(s) 'erp_to_minio_bronze' retrieved from /opt/airflow/dags/erp_to_minio_bronze_dag.py
[2025-11-13T02:11:54.528+0000] {logging_mixin.py:188} INFO - [2025-11-13T02:11:54.528+0000] {dag.py:3036} INFO - Sync 1 DAGs
[2025-11-13T02:11:54.539+0000] {logging_mixin.py:188} INFO - [2025-11-13T02:11:54.539+0000] {dag.py:3823} INFO - Setting next_dagrun for erp_to_minio_bronze to 2025-11-13 00:00:00+00:00, run_after=2025-11-13 06:00:00+00:00
[2025-11-13T02:11:54.553+0000] {processor.py:183} INFO - Processing /opt/airflow/dags/erp_to_minio_bronze_dag.py took 0.112 seconds
[2025-11-13T02:12:24.723+0000] {processor.py:161} INFO - Started process (PID=11938) to work on /opt/airflow/dags/erp_to_minio_bronze_dag.py
[2025-11-13T02:12:24.724+0000] {processor.py:830} INFO - Processing file /opt/airflow/dags/erp_to_minio_bronze_dag.py for tasks to queue
[2025-11-13T02:12:24.725+0000] {logging_mixin.py:188} INFO - [2025-11-13T02:12:24.725+0000] {dagbag.py:538} INFO - Filling up the DagBag from /opt/airflow/dags/erp_to_minio_bronze_dag.py
[2025-11-13T02:12:24.818+0000] {processor.py:840} INFO - DAG(s) 'erp_to_minio_bronze' retrieved from /opt/airflow/dags/erp_to_minio_bronze_dag.py
[2025-11-13T02:12:24.831+0000] {logging_mixin.py:188} INFO - [2025-11-13T02:12:24.830+0000] {dag.py:3036} INFO - Sync 1 DAGs
[2025-11-13T02:12:24.841+0000] {logging_mixin.py:188} INFO - [2025-11-13T02:12:24.841+0000] {dag.py:3823} INFO - Setting next_dagrun for erp_to_minio_bronze to 2025-11-13 00:00:00+00:00, run_after=2025-11-13 06:00:00+00:00
[2025-11-13T02:12:24.857+0000] {processor.py:183} INFO - Processing /opt/airflow/dags/erp_to_minio_bronze_dag.py took 0.136 seconds
[2025-11-13T02:12:55.322+0000] {processor.py:161} INFO - Started process (PID=13172) to work on /opt/airflow/dags/erp_to_minio_bronze_dag.py
[2025-11-13T02:12:55.323+0000] {processor.py:830} INFO - Processing file /opt/airflow/dags/erp_to_minio_bronze_dag.py for tasks to queue
[2025-11-13T02:12:55.324+0000] {logging_mixin.py:188} INFO - [2025-11-13T02:12:55.324+0000] {dagbag.py:538} INFO - Filling up the DagBag from /opt/airflow/dags/erp_to_minio_bronze_dag.py
[2025-11-13T02:12:55.391+0000] {processor.py:840} INFO - DAG(s) 'erp_to_minio_bronze' retrieved from /opt/airflow/dags/erp_to_minio_bronze_dag.py
[2025-11-13T02:12:55.404+0000] {logging_mixin.py:188} INFO - [2025-11-13T02:12:55.404+0000] {dag.py:3036} INFO - Sync 1 DAGs
[2025-11-13T02:12:55.415+0000] {logging_mixin.py:188} INFO - [2025-11-13T02:12:55.415+0000] {dag.py:3823} INFO - Setting next_dagrun for erp_to_minio_bronze to 2025-11-13 00:00:00+00:00, run_after=2025-11-13 06:00:00+00:00
[2025-11-13T02:12:55.430+0000] {processor.py:183} INFO - Processing /opt/airflow/dags/erp_to_minio_bronze_dag.py took 0.111 seconds
[2025-11-13T02:13:26.499+0000] {processor.py:161} INFO - Started process (PID=13174) to work on /opt/airflow/dags/erp_to_minio_bronze_dag.py
[2025-11-13T02:13:26.500+0000] {processor.py:830} INFO - Processing file /opt/airflow/dags/erp_to_minio_bronze_dag.py for tasks to queue
[2025-11-13T02:13:26.501+0000] {logging_mixin.py:188} INFO - [2025-11-13T02:13:26.501+0000] {dagbag.py:538} INFO - Filling up the DagBag from /opt/airflow/dags/erp_to_minio_bronze_dag.py
[2025-11-13T02:13:26.564+0000] {processor.py:840} INFO - DAG(s) 'erp_to_minio_bronze' retrieved from /opt/airflow/dags/erp_to_minio_bronze_dag.py
[2025-11-13T02:13:26.579+0000] {logging_mixin.py:188} INFO - [2025-11-13T02:13:26.579+0000] {dag.py:3036} INFO - Sync 1 DAGs
[2025-11-13T02:13:26.591+0000] {logging_mixin.py:188} INFO - [2025-11-13T02:13:26.591+0000] {dag.py:3823} INFO - Setting next_dagrun for erp_to_minio_bronze to 2025-11-13 00:00:00+00:00, run_after=2025-11-13 06:00:00+00:00
[2025-11-13T02:13:26.608+0000] {processor.py:183} INFO - Processing /opt/airflow/dags/erp_to_minio_bronze_dag.py took 0.111 seconds
[2025-11-13T02:13:56.896+0000] {processor.py:161} INFO - Started process (PID=13176) to work on /opt/airflow/dags/erp_to_minio_bronze_dag.py
[2025-11-13T02:13:56.897+0000] {processor.py:830} INFO - Processing file /opt/airflow/dags/erp_to_minio_bronze_dag.py for tasks to queue
[2025-11-13T02:13:56.898+0000] {logging_mixin.py:188} INFO - [2025-11-13T02:13:56.898+0000] {dagbag.py:538} INFO - Filling up the DagBag from /opt/airflow/dags/erp_to_minio_bronze_dag.py
[2025-11-13T02:13:56.998+0000] {processor.py:840} INFO - DAG(s) 'erp_to_minio_bronze' retrieved from /opt/airflow/dags/erp_to_minio_bronze_dag.py
[2025-11-13T02:13:57.010+0000] {logging_mixin.py:188} INFO - [2025-11-13T02:13:57.010+0000] {dag.py:3036} INFO - Sync 1 DAGs
[2025-11-13T02:13:57.020+0000] {logging_mixin.py:188} INFO - [2025-11-13T02:13:57.020+0000] {dag.py:3823} INFO - Setting next_dagrun for erp_to_minio_bronze to 2025-11-13 00:00:00+00:00, run_after=2025-11-13 06:00:00+00:00
[2025-11-13T02:13:57.036+0000] {processor.py:183} INFO - Processing /opt/airflow/dags/erp_to_minio_bronze_dag.py took 0.143 seconds
[2025-11-13T02:14:27.182+0000] {processor.py:161} INFO - Started process (PID=13178) to work on /opt/airflow/dags/erp_to_minio_bronze_dag.py
[2025-11-13T02:14:27.184+0000] {processor.py:830} INFO - Processing file /opt/airflow/dags/erp_to_minio_bronze_dag.py for tasks to queue
[2025-11-13T02:14:27.185+0000] {logging_mixin.py:188} INFO - [2025-11-13T02:14:27.185+0000] {dagbag.py:538} INFO - Filling up the DagBag from /opt/airflow/dags/erp_to_minio_bronze_dag.py
[2025-11-13T02:14:27.245+0000] {processor.py:840} INFO - DAG(s) 'erp_to_minio_bronze' retrieved from /opt/airflow/dags/erp_to_minio_bronze_dag.py
[2025-11-13T02:14:27.257+0000] {logging_mixin.py:188} INFO - [2025-11-13T02:14:27.257+0000] {dag.py:3036} INFO - Sync 1 DAGs
[2025-11-13T02:14:27.268+0000] {logging_mixin.py:188} INFO - [2025-11-13T02:14:27.268+0000] {dag.py:3823} INFO - Setting next_dagrun for erp_to_minio_bronze to 2025-11-13 00:00:00+00:00, run_after=2025-11-13 06:00:00+00:00
[2025-11-13T02:14:27.281+0000] {processor.py:183} INFO - Processing /opt/airflow/dags/erp_to_minio_bronze_dag.py took 0.101 seconds
[2025-11-13T02:14:57.467+0000] {processor.py:161} INFO - Started process (PID=13180) to work on /opt/airflow/dags/erp_to_minio_bronze_dag.py
[2025-11-13T02:14:57.468+0000] {processor.py:830} INFO - Processing file /opt/airflow/dags/erp_to_minio_bronze_dag.py for tasks to queue
[2025-11-13T02:14:57.469+0000] {logging_mixin.py:188} INFO - [2025-11-13T02:14:57.469+0000] {dagbag.py:538} INFO - Filling up the DagBag from /opt/airflow/dags/erp_to_minio_bronze_dag.py
[2025-11-13T02:14:57.528+0000] {processor.py:840} INFO - DAG(s) 'erp_to_minio_bronze' retrieved from /opt/airflow/dags/erp_to_minio_bronze_dag.py
[2025-11-13T02:14:57.541+0000] {logging_mixin.py:188} INFO - [2025-11-13T02:14:57.541+0000] {dag.py:3036} INFO - Sync 1 DAGs
[2025-11-13T02:14:57.551+0000] {logging_mixin.py:188} INFO - [2025-11-13T02:14:57.551+0000] {dag.py:3823} INFO - Setting next_dagrun for erp_to_minio_bronze to 2025-11-13 00:00:00+00:00, run_after=2025-11-13 06:00:00+00:00
[2025-11-13T02:14:57.567+0000] {processor.py:183} INFO - Processing /opt/airflow/dags/erp_to_minio_bronze_dag.py took 0.102 seconds
[2025-11-13T02:15:28.686+0000] {processor.py:161} INFO - Started process (PID=13182) to work on /opt/airflow/dags/erp_to_minio_bronze_dag.py
[2025-11-13T02:15:28.687+0000] {processor.py:830} INFO - Processing file /opt/airflow/dags/erp_to_minio_bronze_dag.py for tasks to queue
[2025-11-13T02:15:28.688+0000] {logging_mixin.py:188} INFO - [2025-11-13T02:15:28.688+0000] {dagbag.py:538} INFO - Filling up the DagBag from /opt/airflow/dags/erp_to_minio_bronze_dag.py
[2025-11-13T02:15:28.762+0000] {processor.py:840} INFO - DAG(s) 'erp_to_minio_bronze' retrieved from /opt/airflow/dags/erp_to_minio_bronze_dag.py
[2025-11-13T02:15:28.777+0000] {logging_mixin.py:188} INFO - [2025-11-13T02:15:28.777+0000] {dag.py:3036} INFO - Sync 1 DAGs
[2025-11-13T02:15:28.790+0000] {logging_mixin.py:188} INFO - [2025-11-13T02:15:28.790+0000] {dag.py:3823} INFO - Setting next_dagrun for erp_to_minio_bronze to 2025-11-13 00:00:00+00:00, run_after=2025-11-13 06:00:00+00:00
[2025-11-13T02:15:28.808+0000] {processor.py:183} INFO - Processing /opt/airflow/dags/erp_to_minio_bronze_dag.py took 0.124 seconds
[2025-11-13T02:15:58.965+0000] {processor.py:161} INFO - Started process (PID=13184) to work on /opt/airflow/dags/erp_to_minio_bronze_dag.py
[2025-11-13T02:15:58.966+0000] {processor.py:830} INFO - Processing file /opt/airflow/dags/erp_to_minio_bronze_dag.py for tasks to queue
[2025-11-13T02:15:58.968+0000] {logging_mixin.py:188} INFO - [2025-11-13T02:15:58.967+0000] {dagbag.py:538} INFO - Filling up the DagBag from /opt/airflow/dags/erp_to_minio_bronze_dag.py
[2025-11-13T02:15:59.030+0000] {processor.py:840} INFO - DAG(s) 'erp_to_minio_bronze' retrieved from /opt/airflow/dags/erp_to_minio_bronze_dag.py
[2025-11-13T02:15:59.044+0000] {logging_mixin.py:188} INFO - [2025-11-13T02:15:59.044+0000] {dag.py:3036} INFO - Sync 1 DAGs
[2025-11-13T02:15:59.055+0000] {logging_mixin.py:188} INFO - [2025-11-13T02:15:59.055+0000] {dag.py:3823} INFO - Setting next_dagrun for erp_to_minio_bronze to 2025-11-13 00:00:00+00:00, run_after=2025-11-13 06:00:00+00:00
[2025-11-13T02:15:59.071+0000] {processor.py:183} INFO - Processing /opt/airflow/dags/erp_to_minio_bronze_dag.py took 0.108 seconds
[2025-11-13T02:16:30.590+0000] {processor.py:161} INFO - Started process (PID=14418) to work on /opt/airflow/dags/erp_to_minio_bronze_dag.py
[2025-11-13T02:16:30.591+0000] {processor.py:830} INFO - Processing file /opt/airflow/dags/erp_to_minio_bronze_dag.py for tasks to queue
[2025-11-13T02:16:30.592+0000] {logging_mixin.py:188} INFO - [2025-11-13T02:16:30.592+0000] {dagbag.py:538} INFO - Filling up the DagBag from /opt/airflow/dags/erp_to_minio_bronze_dag.py
[2025-11-13T02:16:30.656+0000] {processor.py:840} INFO - DAG(s) 'erp_to_minio_bronze' retrieved from /opt/airflow/dags/erp_to_minio_bronze_dag.py
[2025-11-13T02:16:30.674+0000] {logging_mixin.py:188} INFO - [2025-11-13T02:16:30.674+0000] {dag.py:3036} INFO - Sync 1 DAGs
[2025-11-13T02:16:30.687+0000] {logging_mixin.py:188} INFO - [2025-11-13T02:16:30.687+0000] {dag.py:3823} INFO - Setting next_dagrun for erp_to_minio_bronze to 2025-11-13 00:00:00+00:00, run_after=2025-11-13 06:00:00+00:00
[2025-11-13T02:16:30.704+0000] {processor.py:183} INFO - Processing /opt/airflow/dags/erp_to_minio_bronze_dag.py took 0.116 seconds
[2025-11-13T02:17:00.857+0000] {processor.py:161} INFO - Started process (PID=14420) to work on /opt/airflow/dags/erp_to_minio_bronze_dag.py
[2025-11-13T02:17:00.858+0000] {processor.py:830} INFO - Processing file /opt/airflow/dags/erp_to_minio_bronze_dag.py for tasks to queue
[2025-11-13T02:17:00.858+0000] {logging_mixin.py:188} INFO - [2025-11-13T02:17:00.858+0000] {dagbag.py:538} INFO - Filling up the DagBag from /opt/airflow/dags/erp_to_minio_bronze_dag.py
[2025-11-13T02:17:00.911+0000] {processor.py:840} INFO - DAG(s) 'erp_to_minio_bronze' retrieved from /opt/airflow/dags/erp_to_minio_bronze_dag.py
[2025-11-13T02:17:00.922+0000] {logging_mixin.py:188} INFO - [2025-11-13T02:17:00.922+0000] {dag.py:3036} INFO - Sync 1 DAGs
[2025-11-13T02:17:00.932+0000] {logging_mixin.py:188} INFO - [2025-11-13T02:17:00.932+0000] {dag.py:3823} INFO - Setting next_dagrun for erp_to_minio_bronze to 2025-11-13 00:00:00+00:00, run_after=2025-11-13 06:00:00+00:00
[2025-11-13T02:17:00.948+0000] {processor.py:183} INFO - Processing /opt/airflow/dags/erp_to_minio_bronze_dag.py took 0.093 seconds
[2025-11-13T02:17:31.363+0000] {processor.py:161} INFO - Started process (PID=14428) to work on /opt/airflow/dags/erp_to_minio_bronze_dag.py
[2025-11-13T02:17:31.364+0000] {processor.py:830} INFO - Processing file /opt/airflow/dags/erp_to_minio_bronze_dag.py for tasks to queue
[2025-11-13T02:17:31.365+0000] {logging_mixin.py:188} INFO - [2025-11-13T02:17:31.365+0000] {dagbag.py:538} INFO - Filling up the DagBag from /opt/airflow/dags/erp_to_minio_bronze_dag.py
[2025-11-13T02:17:31.426+0000] {processor.py:840} INFO - DAG(s) 'erp_to_minio_bronze' retrieved from /opt/airflow/dags/erp_to_minio_bronze_dag.py
[2025-11-13T02:17:31.438+0000] {logging_mixin.py:188} INFO - [2025-11-13T02:17:31.438+0000] {dag.py:3036} INFO - Sync 1 DAGs
[2025-11-13T02:17:31.449+0000] {logging_mixin.py:188} INFO - [2025-11-13T02:17:31.449+0000] {dag.py:3823} INFO - Setting next_dagrun for erp_to_minio_bronze to 2025-11-13 00:00:00+00:00, run_after=2025-11-13 06:00:00+00:00
[2025-11-13T02:17:31.462+0000] {processor.py:183} INFO - Processing /opt/airflow/dags/erp_to_minio_bronze_dag.py took 0.102 seconds
[2025-11-13T02:18:01.745+0000] {processor.py:161} INFO - Started process (PID=14430) to work on /opt/airflow/dags/erp_to_minio_bronze_dag.py
[2025-11-13T02:18:01.746+0000] {processor.py:830} INFO - Processing file /opt/airflow/dags/erp_to_minio_bronze_dag.py for tasks to queue
[2025-11-13T02:18:01.747+0000] {logging_mixin.py:188} INFO - [2025-11-13T02:18:01.747+0000] {dagbag.py:538} INFO - Filling up the DagBag from /opt/airflow/dags/erp_to_minio_bronze_dag.py
[2025-11-13T02:18:01.804+0000] {processor.py:840} INFO - DAG(s) 'erp_to_minio_bronze' retrieved from /opt/airflow/dags/erp_to_minio_bronze_dag.py
[2025-11-13T02:18:01.816+0000] {logging_mixin.py:188} INFO - [2025-11-13T02:18:01.816+0000] {dag.py:3036} INFO - Sync 1 DAGs
[2025-11-13T02:18:01.827+0000] {logging_mixin.py:188} INFO - [2025-11-13T02:18:01.827+0000] {dag.py:3823} INFO - Setting next_dagrun for erp_to_minio_bronze to 2025-11-13 00:00:00+00:00, run_after=2025-11-13 06:00:00+00:00
[2025-11-13T02:18:01.841+0000] {processor.py:183} INFO - Processing /opt/airflow/dags/erp_to_minio_bronze_dag.py took 0.098 seconds
[2025-11-13T02:18:32.255+0000] {processor.py:161} INFO - Started process (PID=14432) to work on /opt/airflow/dags/erp_to_minio_bronze_dag.py
[2025-11-13T02:18:32.256+0000] {processor.py:830} INFO - Processing file /opt/airflow/dags/erp_to_minio_bronze_dag.py for tasks to queue
[2025-11-13T02:18:32.257+0000] {logging_mixin.py:188} INFO - [2025-11-13T02:18:32.257+0000] {dagbag.py:538} INFO - Filling up the DagBag from /opt/airflow/dags/erp_to_minio_bronze_dag.py
[2025-11-13T02:18:32.323+0000] {processor.py:840} INFO - DAG(s) 'erp_to_minio_bronze' retrieved from /opt/airflow/dags/erp_to_minio_bronze_dag.py
[2025-11-13T02:18:32.335+0000] {logging_mixin.py:188} INFO - [2025-11-13T02:18:32.334+0000] {dag.py:3036} INFO - Sync 1 DAGs
[2025-11-13T02:18:32.346+0000] {logging_mixin.py:188} INFO - [2025-11-13T02:18:32.346+0000] {dag.py:3823} INFO - Setting next_dagrun for erp_to_minio_bronze to 2025-11-13 00:00:00+00:00, run_after=2025-11-13 06:00:00+00:00
[2025-11-13T02:18:32.359+0000] {processor.py:183} INFO - Processing /opt/airflow/dags/erp_to_minio_bronze_dag.py took 0.107 seconds
[2025-11-13T02:19:02.644+0000] {processor.py:161} INFO - Started process (PID=14434) to work on /opt/airflow/dags/erp_to_minio_bronze_dag.py
[2025-11-13T02:19:02.646+0000] {processor.py:830} INFO - Processing file /opt/airflow/dags/erp_to_minio_bronze_dag.py for tasks to queue
[2025-11-13T02:19:02.647+0000] {logging_mixin.py:188} INFO - [2025-11-13T02:19:02.646+0000] {dagbag.py:538} INFO - Filling up the DagBag from /opt/airflow/dags/erp_to_minio_bronze_dag.py
[2025-11-13T02:19:02.703+0000] {processor.py:840} INFO - DAG(s) 'erp_to_minio_bronze' retrieved from /opt/airflow/dags/erp_to_minio_bronze_dag.py
[2025-11-13T02:19:02.715+0000] {logging_mixin.py:188} INFO - [2025-11-13T02:19:02.715+0000] {dag.py:3036} INFO - Sync 1 DAGs
[2025-11-13T02:19:02.726+0000] {logging_mixin.py:188} INFO - [2025-11-13T02:19:02.726+0000] {dag.py:3823} INFO - Setting next_dagrun for erp_to_minio_bronze to 2025-11-13 00:00:00+00:00, run_after=2025-11-13 06:00:00+00:00
[2025-11-13T02:19:02.741+0000] {processor.py:183} INFO - Processing /opt/airflow/dags/erp_to_minio_bronze_dag.py took 0.099 seconds
[2025-11-13T02:19:33.153+0000] {processor.py:161} INFO - Started process (PID=14436) to work on /opt/airflow/dags/erp_to_minio_bronze_dag.py
[2025-11-13T02:19:33.154+0000] {processor.py:830} INFO - Processing file /opt/airflow/dags/erp_to_minio_bronze_dag.py for tasks to queue
[2025-11-13T02:19:33.155+0000] {logging_mixin.py:188} INFO - [2025-11-13T02:19:33.155+0000] {dagbag.py:538} INFO - Filling up the DagBag from /opt/airflow/dags/erp_to_minio_bronze_dag.py
[2025-11-13T02:19:33.205+0000] {processor.py:840} INFO - DAG(s) 'erp_to_minio_bronze' retrieved from /opt/airflow/dags/erp_to_minio_bronze_dag.py
[2025-11-13T02:19:33.217+0000] {logging_mixin.py:188} INFO - [2025-11-13T02:19:33.217+0000] {dag.py:3036} INFO - Sync 1 DAGs
[2025-11-13T02:19:33.227+0000] {logging_mixin.py:188} INFO - [2025-11-13T02:19:33.227+0000] {dag.py:3823} INFO - Setting next_dagrun for erp_to_minio_bronze to 2025-11-13 00:00:00+00:00, run_after=2025-11-13 06:00:00+00:00
[2025-11-13T02:19:33.243+0000] {processor.py:183} INFO - Processing /opt/airflow/dags/erp_to_minio_bronze_dag.py took 0.092 seconds
[2025-11-13T02:20:03.665+0000] {processor.py:161} INFO - Started process (PID=14438) to work on /opt/airflow/dags/erp_to_minio_bronze_dag.py
[2025-11-13T02:20:03.666+0000] {processor.py:830} INFO - Processing file /opt/airflow/dags/erp_to_minio_bronze_dag.py for tasks to queue
[2025-11-13T02:20:03.667+0000] {logging_mixin.py:188} INFO - [2025-11-13T02:20:03.667+0000] {dagbag.py:538} INFO - Filling up the DagBag from /opt/airflow/dags/erp_to_minio_bronze_dag.py
[2025-11-13T02:20:03.728+0000] {processor.py:840} INFO - DAG(s) 'erp_to_minio_bronze' retrieved from /opt/airflow/dags/erp_to_minio_bronze_dag.py
[2025-11-13T02:20:03.740+0000] {logging_mixin.py:188} INFO - [2025-11-13T02:20:03.740+0000] {dag.py:3036} INFO - Sync 1 DAGs
[2025-11-13T02:20:03.750+0000] {logging_mixin.py:188} INFO - [2025-11-13T02:20:03.750+0000] {dag.py:3823} INFO - Setting next_dagrun for erp_to_minio_bronze to 2025-11-13 00:00:00+00:00, run_after=2025-11-13 06:00:00+00:00
[2025-11-13T02:20:03.767+0000] {processor.py:183} INFO - Processing /opt/airflow/dags/erp_to_minio_bronze_dag.py took 0.104 seconds
[2025-11-13T02:20:34.061+0000] {processor.py:161} INFO - Started process (PID=14440) to work on /opt/airflow/dags/erp_to_minio_bronze_dag.py
[2025-11-13T02:20:34.062+0000] {processor.py:830} INFO - Processing file /opt/airflow/dags/erp_to_minio_bronze_dag.py for tasks to queue
[2025-11-13T02:20:34.063+0000] {logging_mixin.py:188} INFO - [2025-11-13T02:20:34.063+0000] {dagbag.py:538} INFO - Filling up the DagBag from /opt/airflow/dags/erp_to_minio_bronze_dag.py
[2025-11-13T02:20:34.119+0000] {processor.py:840} INFO - DAG(s) 'erp_to_minio_bronze' retrieved from /opt/airflow/dags/erp_to_minio_bronze_dag.py
[2025-11-13T02:20:34.132+0000] {logging_mixin.py:188} INFO - [2025-11-13T02:20:34.132+0000] {dag.py:3036} INFO - Sync 1 DAGs
[2025-11-13T02:20:34.143+0000] {logging_mixin.py:188} INFO - [2025-11-13T02:20:34.142+0000] {dag.py:3823} INFO - Setting next_dagrun for erp_to_minio_bronze to 2025-11-13 00:00:00+00:00, run_after=2025-11-13 06:00:00+00:00
[2025-11-13T02:20:34.159+0000] {processor.py:183} INFO - Processing /opt/airflow/dags/erp_to_minio_bronze_dag.py took 0.100 seconds
[2025-11-13T02:21:04.345+0000] {processor.py:161} INFO - Started process (PID=14442) to work on /opt/airflow/dags/erp_to_minio_bronze_dag.py
[2025-11-13T02:21:04.346+0000] {processor.py:830} INFO - Processing file /opt/airflow/dags/erp_to_minio_bronze_dag.py for tasks to queue
[2025-11-13T02:21:04.347+0000] {logging_mixin.py:188} INFO - [2025-11-13T02:21:04.347+0000] {dagbag.py:538} INFO - Filling up the DagBag from /opt/airflow/dags/erp_to_minio_bronze_dag.py
[2025-11-13T02:21:04.406+0000] {processor.py:840} INFO - DAG(s) 'erp_to_minio_bronze' retrieved from /opt/airflow/dags/erp_to_minio_bronze_dag.py
[2025-11-13T02:21:04.419+0000] {logging_mixin.py:188} INFO - [2025-11-13T02:21:04.419+0000] {dag.py:3036} INFO - Sync 1 DAGs
[2025-11-13T02:21:04.431+0000] {logging_mixin.py:188} INFO - [2025-11-13T02:21:04.431+0000] {dag.py:3823} INFO - Setting next_dagrun for erp_to_minio_bronze to 2025-11-13 00:00:00+00:00, run_after=2025-11-13 06:00:00+00:00
[2025-11-13T02:21:04.449+0000] {processor.py:183} INFO - Processing /opt/airflow/dags/erp_to_minio_bronze_dag.py took 0.106 seconds
[2025-11-13T02:21:34.856+0000] {processor.py:161} INFO - Started process (PID=14444) to work on /opt/airflow/dags/erp_to_minio_bronze_dag.py
[2025-11-13T02:21:34.857+0000] {processor.py:830} INFO - Processing file /opt/airflow/dags/erp_to_minio_bronze_dag.py for tasks to queue
[2025-11-13T02:21:34.858+0000] {logging_mixin.py:188} INFO - [2025-11-13T02:21:34.858+0000] {dagbag.py:538} INFO - Filling up the DagBag from /opt/airflow/dags/erp_to_minio_bronze_dag.py
[2025-11-13T02:21:34.917+0000] {processor.py:840} INFO - DAG(s) 'erp_to_minio_bronze' retrieved from /opt/airflow/dags/erp_to_minio_bronze_dag.py
[2025-11-13T02:21:34.930+0000] {logging_mixin.py:188} INFO - [2025-11-13T02:21:34.930+0000] {dag.py:3036} INFO - Sync 1 DAGs
[2025-11-13T02:21:34.942+0000] {logging_mixin.py:188} INFO - [2025-11-13T02:21:34.941+0000] {dag.py:3823} INFO - Setting next_dagrun for erp_to_minio_bronze to 2025-11-13 00:00:00+00:00, run_after=2025-11-13 06:00:00+00:00
[2025-11-13T02:21:34.957+0000] {processor.py:183} INFO - Processing /opt/airflow/dags/erp_to_minio_bronze_dag.py took 0.102 seconds
[2025-11-13T02:22:05.234+0000] {processor.py:161} INFO - Started process (PID=14446) to work on /opt/airflow/dags/erp_to_minio_bronze_dag.py
[2025-11-13T02:22:05.235+0000] {processor.py:830} INFO - Processing file /opt/airflow/dags/erp_to_minio_bronze_dag.py for tasks to queue
[2025-11-13T02:22:05.236+0000] {logging_mixin.py:188} INFO - [2025-11-13T02:22:05.235+0000] {dagbag.py:538} INFO - Filling up the DagBag from /opt/airflow/dags/erp_to_minio_bronze_dag.py
[2025-11-13T02:22:05.292+0000] {processor.py:840} INFO - DAG(s) 'erp_to_minio_bronze' retrieved from /opt/airflow/dags/erp_to_minio_bronze_dag.py
[2025-11-13T02:22:05.305+0000] {logging_mixin.py:188} INFO - [2025-11-13T02:22:05.305+0000] {dag.py:3036} INFO - Sync 1 DAGs
[2025-11-13T02:22:05.316+0000] {logging_mixin.py:188} INFO - [2025-11-13T02:22:05.316+0000] {dag.py:3823} INFO - Setting next_dagrun for erp_to_minio_bronze to 2025-11-13 00:00:00+00:00, run_after=2025-11-13 06:00:00+00:00
[2025-11-13T02:22:05.332+0000] {processor.py:183} INFO - Processing /opt/airflow/dags/erp_to_minio_bronze_dag.py took 0.100 seconds
[2025-11-13T02:22:35.856+0000] {processor.py:161} INFO - Started process (PID=14448) to work on /opt/airflow/dags/erp_to_minio_bronze_dag.py
[2025-11-13T02:22:35.857+0000] {processor.py:830} INFO - Processing file /opt/airflow/dags/erp_to_minio_bronze_dag.py for tasks to queue
[2025-11-13T02:22:35.858+0000] {logging_mixin.py:188} INFO - [2025-11-13T02:22:35.858+0000] {dagbag.py:538} INFO - Filling up the DagBag from /opt/airflow/dags/erp_to_minio_bronze_dag.py
[2025-11-13T02:22:35.924+0000] {processor.py:840} INFO - DAG(s) 'erp_to_minio_bronze' retrieved from /opt/airflow/dags/erp_to_minio_bronze_dag.py
[2025-11-13T02:22:35.937+0000] {logging_mixin.py:188} INFO - [2025-11-13T02:22:35.937+0000] {dag.py:3036} INFO - Sync 1 DAGs
[2025-11-13T02:22:35.947+0000] {logging_mixin.py:188} INFO - [2025-11-13T02:22:35.947+0000] {dag.py:3823} INFO - Setting next_dagrun for erp_to_minio_bronze to 2025-11-13 00:00:00+00:00, run_after=2025-11-13 06:00:00+00:00
[2025-11-13T02:22:35.964+0000] {processor.py:183} INFO - Processing /opt/airflow/dags/erp_to_minio_bronze_dag.py took 0.110 seconds
[2025-11-13T02:23:06.142+0000] {processor.py:161} INFO - Started process (PID=14450) to work on /opt/airflow/dags/erp_to_minio_bronze_dag.py
[2025-11-13T02:23:06.143+0000] {processor.py:830} INFO - Processing file /opt/airflow/dags/erp_to_minio_bronze_dag.py for tasks to queue
[2025-11-13T02:23:06.144+0000] {logging_mixin.py:188} INFO - [2025-11-13T02:23:06.144+0000] {dagbag.py:538} INFO - Filling up the DagBag from /opt/airflow/dags/erp_to_minio_bronze_dag.py
[2025-11-13T02:23:06.202+0000] {processor.py:840} INFO - DAG(s) 'erp_to_minio_bronze' retrieved from /opt/airflow/dags/erp_to_minio_bronze_dag.py
[2025-11-13T02:23:06.215+0000] {logging_mixin.py:188} INFO - [2025-11-13T02:23:06.215+0000] {dag.py:3036} INFO - Sync 1 DAGs
[2025-11-13T02:23:06.226+0000] {logging_mixin.py:188} INFO - [2025-11-13T02:23:06.226+0000] {dag.py:3823} INFO - Setting next_dagrun for erp_to_minio_bronze to 2025-11-13 00:00:00+00:00, run_after=2025-11-13 06:00:00+00:00
[2025-11-13T02:23:06.243+0000] {processor.py:183} INFO - Processing /opt/airflow/dags/erp_to_minio_bronze_dag.py took 0.103 seconds
[2025-11-13T02:23:36.432+0000] {processor.py:161} INFO - Started process (PID=14452) to work on /opt/airflow/dags/erp_to_minio_bronze_dag.py
[2025-11-13T02:23:36.433+0000] {processor.py:830} INFO - Processing file /opt/airflow/dags/erp_to_minio_bronze_dag.py for tasks to queue
[2025-11-13T02:23:36.434+0000] {logging_mixin.py:188} INFO - [2025-11-13T02:23:36.434+0000] {dagbag.py:538} INFO - Filling up the DagBag from /opt/airflow/dags/erp_to_minio_bronze_dag.py
[2025-11-13T02:23:36.490+0000] {processor.py:840} INFO - DAG(s) 'erp_to_minio_bronze' retrieved from /opt/airflow/dags/erp_to_minio_bronze_dag.py
[2025-11-13T02:23:36.503+0000] {logging_mixin.py:188} INFO - [2025-11-13T02:23:36.503+0000] {dag.py:3036} INFO - Sync 1 DAGs
[2025-11-13T02:23:36.514+0000] {logging_mixin.py:188} INFO - [2025-11-13T02:23:36.514+0000] {dag.py:3823} INFO - Setting next_dagrun for erp_to_minio_bronze to 2025-11-13 00:00:00+00:00, run_after=2025-11-13 06:00:00+00:00
[2025-11-13T02:23:36.530+0000] {processor.py:183} INFO - Processing /opt/airflow/dags/erp_to_minio_bronze_dag.py took 0.099 seconds
[2025-11-13T02:24:06.721+0000] {processor.py:161} INFO - Started process (PID=14454) to work on /opt/airflow/dags/erp_to_minio_bronze_dag.py
[2025-11-13T02:24:06.723+0000] {processor.py:830} INFO - Processing file /opt/airflow/dags/erp_to_minio_bronze_dag.py for tasks to queue
[2025-11-13T02:24:06.724+0000] {logging_mixin.py:188} INFO - [2025-11-13T02:24:06.723+0000] {dagbag.py:538} INFO - Filling up the DagBag from /opt/airflow/dags/erp_to_minio_bronze_dag.py
[2025-11-13T02:24:06.786+0000] {processor.py:840} INFO - DAG(s) 'erp_to_minio_bronze' retrieved from /opt/airflow/dags/erp_to_minio_bronze_dag.py
[2025-11-13T02:24:06.798+0000] {logging_mixin.py:188} INFO - [2025-11-13T02:24:06.797+0000] {dag.py:3036} INFO - Sync 1 DAGs
[2025-11-13T02:24:06.809+0000] {logging_mixin.py:188} INFO - [2025-11-13T02:24:06.809+0000] {dag.py:3823} INFO - Setting next_dagrun for erp_to_minio_bronze to 2025-11-13 00:00:00+00:00, run_after=2025-11-13 06:00:00+00:00
[2025-11-13T02:24:06.823+0000] {processor.py:183} INFO - Processing /opt/airflow/dags/erp_to_minio_bronze_dag.py took 0.106 seconds
[2025-11-13T02:24:37.000+0000] {processor.py:161} INFO - Started process (PID=14456) to work on /opt/airflow/dags/erp_to_minio_bronze_dag.py
[2025-11-13T02:24:37.001+0000] {processor.py:830} INFO - Processing file /opt/airflow/dags/erp_to_minio_bronze_dag.py for tasks to queue
[2025-11-13T02:24:37.002+0000] {logging_mixin.py:188} INFO - [2025-11-13T02:24:37.002+0000] {dagbag.py:538} INFO - Filling up the DagBag from /opt/airflow/dags/erp_to_minio_bronze_dag.py
[2025-11-13T02:24:37.058+0000] {processor.py:840} INFO - DAG(s) 'erp_to_minio_bronze' retrieved from /opt/airflow/dags/erp_to_minio_bronze_dag.py
[2025-11-13T02:24:37.072+0000] {logging_mixin.py:188} INFO - [2025-11-13T02:24:37.071+0000] {dag.py:3036} INFO - Sync 1 DAGs
[2025-11-13T02:24:37.083+0000] {logging_mixin.py:188} INFO - [2025-11-13T02:24:37.083+0000] {dag.py:3823} INFO - Setting next_dagrun for erp_to_minio_bronze to 2025-11-13 00:00:00+00:00, run_after=2025-11-13 06:00:00+00:00
[2025-11-13T02:24:37.099+0000] {processor.py:183} INFO - Processing /opt/airflow/dags/erp_to_minio_bronze_dag.py took 0.101 seconds
[2025-11-13T02:25:07.290+0000] {processor.py:161} INFO - Started process (PID=14458) to work on /opt/airflow/dags/erp_to_minio_bronze_dag.py
[2025-11-13T02:25:07.291+0000] {processor.py:830} INFO - Processing file /opt/airflow/dags/erp_to_minio_bronze_dag.py for tasks to queue
[2025-11-13T02:25:07.292+0000] {logging_mixin.py:188} INFO - [2025-11-13T02:25:07.292+0000] {dagbag.py:538} INFO - Filling up the DagBag from /opt/airflow/dags/erp_to_minio_bronze_dag.py
[2025-11-13T02:25:07.351+0000] {processor.py:840} INFO - DAG(s) 'erp_to_minio_bronze' retrieved from /opt/airflow/dags/erp_to_minio_bronze_dag.py
[2025-11-13T02:25:07.365+0000] {logging_mixin.py:188} INFO - [2025-11-13T02:25:07.365+0000] {dag.py:3036} INFO - Sync 1 DAGs
[2025-11-13T02:25:07.376+0000] {logging_mixin.py:188} INFO - [2025-11-13T02:25:07.376+0000] {dag.py:3823} INFO - Setting next_dagrun for erp_to_minio_bronze to 2025-11-13 00:00:00+00:00, run_after=2025-11-13 06:00:00+00:00
[2025-11-13T02:25:07.394+0000] {processor.py:183} INFO - Processing /opt/airflow/dags/erp_to_minio_bronze_dag.py took 0.106 seconds
[2025-11-13T02:25:37.578+0000] {processor.py:161} INFO - Started process (PID=14535) to work on /opt/airflow/dags/erp_to_minio_bronze_dag.py
[2025-11-13T02:25:37.579+0000] {processor.py:830} INFO - Processing file /opt/airflow/dags/erp_to_minio_bronze_dag.py for tasks to queue
[2025-11-13T02:25:37.580+0000] {logging_mixin.py:188} INFO - [2025-11-13T02:25:37.580+0000] {dagbag.py:538} INFO - Filling up the DagBag from /opt/airflow/dags/erp_to_minio_bronze_dag.py
[2025-11-13T02:25:37.632+0000] {processor.py:840} INFO - DAG(s) 'erp_to_minio_bronze' retrieved from /opt/airflow/dags/erp_to_minio_bronze_dag.py
[2025-11-13T02:25:37.647+0000] {logging_mixin.py:188} INFO - [2025-11-13T02:25:37.647+0000] {dag.py:3036} INFO - Sync 1 DAGs
[2025-11-13T02:25:37.658+0000] {logging_mixin.py:188} INFO - [2025-11-13T02:25:37.658+0000] {dag.py:3823} INFO - Setting next_dagrun for erp_to_minio_bronze to 2025-11-13 00:00:00+00:00, run_after=2025-11-13 06:00:00+00:00
[2025-11-13T02:25:37.674+0000] {processor.py:183} INFO - Processing /opt/airflow/dags/erp_to_minio_bronze_dag.py took 0.098 seconds
[2025-11-13T02:26:07.867+0000] {processor.py:161} INFO - Started process (PID=14537) to work on /opt/airflow/dags/erp_to_minio_bronze_dag.py
[2025-11-13T02:26:07.869+0000] {processor.py:830} INFO - Processing file /opt/airflow/dags/erp_to_minio_bronze_dag.py for tasks to queue
[2025-11-13T02:26:07.870+0000] {logging_mixin.py:188} INFO - [2025-11-13T02:26:07.869+0000] {dagbag.py:538} INFO - Filling up the DagBag from /opt/airflow/dags/erp_to_minio_bronze_dag.py
[2025-11-13T02:26:07.928+0000] {processor.py:840} INFO - DAG(s) 'erp_to_minio_bronze' retrieved from /opt/airflow/dags/erp_to_minio_bronze_dag.py
[2025-11-13T02:26:07.941+0000] {logging_mixin.py:188} INFO - [2025-11-13T02:26:07.941+0000] {dag.py:3036} INFO - Sync 1 DAGs
[2025-11-13T02:26:07.951+0000] {logging_mixin.py:188} INFO - [2025-11-13T02:26:07.951+0000] {dag.py:3823} INFO - Setting next_dagrun for erp_to_minio_bronze to 2025-11-13 00:00:00+00:00, run_after=2025-11-13 06:00:00+00:00
[2025-11-13T02:26:07.967+0000] {processor.py:183} INFO - Processing /opt/airflow/dags/erp_to_minio_bronze_dag.py took 0.101 seconds
[2025-11-13T02:26:38.172+0000] {processor.py:161} INFO - Started process (PID=14539) to work on /opt/airflow/dags/erp_to_minio_bronze_dag.py
[2025-11-13T02:26:38.173+0000] {processor.py:830} INFO - Processing file /opt/airflow/dags/erp_to_minio_bronze_dag.py for tasks to queue
[2025-11-13T02:26:38.174+0000] {logging_mixin.py:188} INFO - [2025-11-13T02:26:38.174+0000] {dagbag.py:538} INFO - Filling up the DagBag from /opt/airflow/dags/erp_to_minio_bronze_dag.py
[2025-11-13T02:26:38.231+0000] {processor.py:840} INFO - DAG(s) 'erp_to_minio_bronze' retrieved from /opt/airflow/dags/erp_to_minio_bronze_dag.py
[2025-11-13T02:26:38.244+0000] {logging_mixin.py:188} INFO - [2025-11-13T02:26:38.244+0000] {dag.py:3036} INFO - Sync 1 DAGs
[2025-11-13T02:26:38.255+0000] {logging_mixin.py:188} INFO - [2025-11-13T02:26:38.255+0000] {dag.py:3823} INFO - Setting next_dagrun for erp_to_minio_bronze to 2025-11-13 00:00:00+00:00, run_after=2025-11-13 06:00:00+00:00
[2025-11-13T02:26:38.271+0000] {processor.py:183} INFO - Processing /opt/airflow/dags/erp_to_minio_bronze_dag.py took 0.101 seconds
[2025-11-13T02:27:08.465+0000] {processor.py:161} INFO - Started process (PID=14541) to work on /opt/airflow/dags/erp_to_minio_bronze_dag.py
[2025-11-13T02:27:08.467+0000] {processor.py:830} INFO - Processing file /opt/airflow/dags/erp_to_minio_bronze_dag.py for tasks to queue
[2025-11-13T02:27:08.468+0000] {logging_mixin.py:188} INFO - [2025-11-13T02:27:08.468+0000] {dagbag.py:538} INFO - Filling up the DagBag from /opt/airflow/dags/erp_to_minio_bronze_dag.py
[2025-11-13T02:27:08.538+0000] {processor.py:840} INFO - DAG(s) 'erp_to_minio_bronze' retrieved from /opt/airflow/dags/erp_to_minio_bronze_dag.py
[2025-11-13T02:27:08.551+0000] {logging_mixin.py:188} INFO - [2025-11-13T02:27:08.551+0000] {dag.py:3036} INFO - Sync 1 DAGs
[2025-11-13T02:27:08.570+0000] {logging_mixin.py:188} INFO - [2025-11-13T02:27:08.570+0000] {dag.py:3823} INFO - Setting next_dagrun for erp_to_minio_bronze to 2025-11-13 00:00:00+00:00, run_after=2025-11-13 06:00:00+00:00
[2025-11-13T02:27:08.600+0000] {processor.py:183} INFO - Processing /opt/airflow/dags/erp_to_minio_bronze_dag.py took 0.137 seconds
[2025-11-13T02:27:38.753+0000] {processor.py:161} INFO - Started process (PID=14543) to work on /opt/airflow/dags/erp_to_minio_bronze_dag.py
[2025-11-13T02:27:38.754+0000] {processor.py:830} INFO - Processing file /opt/airflow/dags/erp_to_minio_bronze_dag.py for tasks to queue
[2025-11-13T02:27:38.755+0000] {logging_mixin.py:188} INFO - [2025-11-13T02:27:38.754+0000] {dagbag.py:538} INFO - Filling up the DagBag from /opt/airflow/dags/erp_to_minio_bronze_dag.py
[2025-11-13T02:27:38.814+0000] {processor.py:840} INFO - DAG(s) 'erp_to_minio_bronze' retrieved from /opt/airflow/dags/erp_to_minio_bronze_dag.py
[2025-11-13T02:27:38.827+0000] {logging_mixin.py:188} INFO - [2025-11-13T02:27:38.826+0000] {dag.py:3036} INFO - Sync 1 DAGs
[2025-11-13T02:27:38.839+0000] {logging_mixin.py:188} INFO - [2025-11-13T02:27:38.839+0000] {dag.py:3823} INFO - Setting next_dagrun for erp_to_minio_bronze to 2025-11-13 00:00:00+00:00, run_after=2025-11-13 06:00:00+00:00
[2025-11-13T02:27:38.853+0000] {processor.py:183} INFO - Processing /opt/airflow/dags/erp_to_minio_bronze_dag.py took 0.103 seconds
[2025-11-13T02:28:09.035+0000] {processor.py:161} INFO - Started process (PID=14545) to work on /opt/airflow/dags/erp_to_minio_bronze_dag.py
[2025-11-13T02:28:09.037+0000] {processor.py:830} INFO - Processing file /opt/airflow/dags/erp_to_minio_bronze_dag.py for tasks to queue
[2025-11-13T02:28:09.038+0000] {logging_mixin.py:188} INFO - [2025-11-13T02:28:09.037+0000] {dagbag.py:538} INFO - Filling up the DagBag from /opt/airflow/dags/erp_to_minio_bronze_dag.py
[2025-11-13T02:28:09.093+0000] {processor.py:840} INFO - DAG(s) 'erp_to_minio_bronze' retrieved from /opt/airflow/dags/erp_to_minio_bronze_dag.py
[2025-11-13T02:28:09.107+0000] {logging_mixin.py:188} INFO - [2025-11-13T02:28:09.106+0000] {dag.py:3036} INFO - Sync 1 DAGs
[2025-11-13T02:28:09.118+0000] {logging_mixin.py:188} INFO - [2025-11-13T02:28:09.118+0000] {dag.py:3823} INFO - Setting next_dagrun for erp_to_minio_bronze to 2025-11-13 00:00:00+00:00, run_after=2025-11-13 06:00:00+00:00
[2025-11-13T02:28:09.135+0000] {processor.py:183} INFO - Processing /opt/airflow/dags/erp_to_minio_bronze_dag.py took 0.102 seconds
[2025-11-13T02:28:39.326+0000] {processor.py:161} INFO - Started process (PID=14547) to work on /opt/airflow/dags/erp_to_minio_bronze_dag.py
[2025-11-13T02:28:39.328+0000] {processor.py:830} INFO - Processing file /opt/airflow/dags/erp_to_minio_bronze_dag.py for tasks to queue
[2025-11-13T02:28:39.328+0000] {logging_mixin.py:188} INFO - [2025-11-13T02:28:39.328+0000] {dagbag.py:538} INFO - Filling up the DagBag from /opt/airflow/dags/erp_to_minio_bronze_dag.py
[2025-11-13T02:28:39.382+0000] {processor.py:840} INFO - DAG(s) 'erp_to_minio_bronze' retrieved from /opt/airflow/dags/erp_to_minio_bronze_dag.py
[2025-11-13T02:28:39.395+0000] {logging_mixin.py:188} INFO - [2025-11-13T02:28:39.395+0000] {dag.py:3036} INFO - Sync 1 DAGs
[2025-11-13T02:28:39.405+0000] {logging_mixin.py:188} INFO - [2025-11-13T02:28:39.405+0000] {dag.py:3823} INFO - Setting next_dagrun for erp_to_minio_bronze to 2025-11-13 00:00:00+00:00, run_after=2025-11-13 06:00:00+00:00
[2025-11-13T02:28:39.421+0000] {processor.py:183} INFO - Processing /opt/airflow/dags/erp_to_minio_bronze_dag.py took 0.096 seconds
[2025-11-13T02:29:09.611+0000] {processor.py:161} INFO - Started process (PID=14549) to work on /opt/airflow/dags/erp_to_minio_bronze_dag.py
[2025-11-13T02:29:09.612+0000] {processor.py:830} INFO - Processing file /opt/airflow/dags/erp_to_minio_bronze_dag.py for tasks to queue
[2025-11-13T02:29:09.613+0000] {logging_mixin.py:188} INFO - [2025-11-13T02:29:09.613+0000] {dagbag.py:538} INFO - Filling up the DagBag from /opt/airflow/dags/erp_to_minio_bronze_dag.py
[2025-11-13T02:29:09.672+0000] {processor.py:840} INFO - DAG(s) 'erp_to_minio_bronze' retrieved from /opt/airflow/dags/erp_to_minio_bronze_dag.py
[2025-11-13T02:29:09.686+0000] {logging_mixin.py:188} INFO - [2025-11-13T02:29:09.686+0000] {dag.py:3036} INFO - Sync 1 DAGs
[2025-11-13T02:29:09.698+0000] {logging_mixin.py:188} INFO - [2025-11-13T02:29:09.698+0000] {dag.py:3823} INFO - Setting next_dagrun for erp_to_minio_bronze to 2025-11-13 00:00:00+00:00, run_after=2025-11-13 06:00:00+00:00
[2025-11-13T02:29:09.712+0000] {processor.py:183} INFO - Processing /opt/airflow/dags/erp_to_minio_bronze_dag.py took 0.103 seconds
[2025-11-13T02:29:39.899+0000] {processor.py:161} INFO - Started process (PID=14551) to work on /opt/airflow/dags/erp_to_minio_bronze_dag.py
[2025-11-13T02:29:39.900+0000] {processor.py:830} INFO - Processing file /opt/airflow/dags/erp_to_minio_bronze_dag.py for tasks to queue
[2025-11-13T02:29:39.901+0000] {logging_mixin.py:188} INFO - [2025-11-13T02:29:39.901+0000] {dagbag.py:538} INFO - Filling up the DagBag from /opt/airflow/dags/erp_to_minio_bronze_dag.py
[2025-11-13T02:29:39.957+0000] {processor.py:840} INFO - DAG(s) 'erp_to_minio_bronze' retrieved from /opt/airflow/dags/erp_to_minio_bronze_dag.py
[2025-11-13T02:29:39.971+0000] {logging_mixin.py:188} INFO - [2025-11-13T02:29:39.971+0000] {dag.py:3036} INFO - Sync 1 DAGs
[2025-11-13T02:29:39.983+0000] {logging_mixin.py:188} INFO - [2025-11-13T02:29:39.983+0000] {dag.py:3823} INFO - Setting next_dagrun for erp_to_minio_bronze to 2025-11-13 00:00:00+00:00, run_after=2025-11-13 06:00:00+00:00
[2025-11-13T02:29:40.001+0000] {processor.py:183} INFO - Processing /opt/airflow/dags/erp_to_minio_bronze_dag.py took 0.104 seconds
[2025-11-13T02:30:10.185+0000] {processor.py:161} INFO - Started process (PID=14553) to work on /opt/airflow/dags/erp_to_minio_bronze_dag.py
[2025-11-13T02:30:10.186+0000] {processor.py:830} INFO - Processing file /opt/airflow/dags/erp_to_minio_bronze_dag.py for tasks to queue
[2025-11-13T02:30:10.187+0000] {logging_mixin.py:188} INFO - [2025-11-13T02:30:10.187+0000] {dagbag.py:538} INFO - Filling up the DagBag from /opt/airflow/dags/erp_to_minio_bronze_dag.py
[2025-11-13T02:30:10.244+0000] {processor.py:840} INFO - DAG(s) 'erp_to_minio_bronze' retrieved from /opt/airflow/dags/erp_to_minio_bronze_dag.py
[2025-11-13T02:30:10.260+0000] {logging_mixin.py:188} INFO - [2025-11-13T02:30:10.260+0000] {dag.py:3036} INFO - Sync 1 DAGs
[2025-11-13T02:30:10.272+0000] {logging_mixin.py:188} INFO - [2025-11-13T02:30:10.272+0000] {dag.py:3823} INFO - Setting next_dagrun for erp_to_minio_bronze to 2025-11-13 00:00:00+00:00, run_after=2025-11-13 06:00:00+00:00
[2025-11-13T02:30:10.288+0000] {processor.py:183} INFO - Processing /opt/airflow/dags/erp_to_minio_bronze_dag.py took 0.105 seconds
[2025-11-13T02:30:40.475+0000] {processor.py:161} INFO - Started process (PID=14555) to work on /opt/airflow/dags/erp_to_minio_bronze_dag.py
[2025-11-13T02:30:40.476+0000] {processor.py:830} INFO - Processing file /opt/airflow/dags/erp_to_minio_bronze_dag.py for tasks to queue
[2025-11-13T02:30:40.477+0000] {logging_mixin.py:188} INFO - [2025-11-13T02:30:40.477+0000] {dagbag.py:538} INFO - Filling up the DagBag from /opt/airflow/dags/erp_to_minio_bronze_dag.py
[2025-11-13T02:30:40.532+0000] {processor.py:840} INFO - DAG(s) 'erp_to_minio_bronze' retrieved from /opt/airflow/dags/erp_to_minio_bronze_dag.py
[2025-11-13T02:30:40.545+0000] {logging_mixin.py:188} INFO - [2025-11-13T02:30:40.545+0000] {dag.py:3036} INFO - Sync 1 DAGs
[2025-11-13T02:30:40.557+0000] {logging_mixin.py:188} INFO - [2025-11-13T02:30:40.557+0000] {dag.py:3823} INFO - Setting next_dagrun for erp_to_minio_bronze to 2025-11-13 00:00:00+00:00, run_after=2025-11-13 06:00:00+00:00
[2025-11-13T02:30:40.573+0000] {processor.py:183} INFO - Processing /opt/airflow/dags/erp_to_minio_bronze_dag.py took 0.101 seconds
[2025-11-13T02:31:10.761+0000] {processor.py:161} INFO - Started process (PID=14557) to work on /opt/airflow/dags/erp_to_minio_bronze_dag.py
[2025-11-13T02:31:10.762+0000] {processor.py:830} INFO - Processing file /opt/airflow/dags/erp_to_minio_bronze_dag.py for tasks to queue
[2025-11-13T02:31:10.763+0000] {logging_mixin.py:188} INFO - [2025-11-13T02:31:10.763+0000] {dagbag.py:538} INFO - Filling up the DagBag from /opt/airflow/dags/erp_to_minio_bronze_dag.py
[2025-11-13T02:31:10.816+0000] {processor.py:840} INFO - DAG(s) 'erp_to_minio_bronze' retrieved from /opt/airflow/dags/erp_to_minio_bronze_dag.py
[2025-11-13T02:31:10.830+0000] {logging_mixin.py:188} INFO - [2025-11-13T02:31:10.830+0000] {dag.py:3036} INFO - Sync 1 DAGs
[2025-11-13T02:31:10.840+0000] {logging_mixin.py:188} INFO - [2025-11-13T02:31:10.840+0000] {dag.py:3823} INFO - Setting next_dagrun for erp_to_minio_bronze to 2025-11-13 00:00:00+00:00, run_after=2025-11-13 06:00:00+00:00
[2025-11-13T02:31:10.856+0000] {processor.py:183} INFO - Processing /opt/airflow/dags/erp_to_minio_bronze_dag.py took 0.096 seconds
[2025-11-13T02:31:41.056+0000] {processor.py:161} INFO - Started process (PID=14559) to work on /opt/airflow/dags/erp_to_minio_bronze_dag.py
[2025-11-13T02:31:41.058+0000] {processor.py:830} INFO - Processing file /opt/airflow/dags/erp_to_minio_bronze_dag.py for tasks to queue
[2025-11-13T02:31:41.059+0000] {logging_mixin.py:188} INFO - [2025-11-13T02:31:41.059+0000] {dagbag.py:538} INFO - Filling up the DagBag from /opt/airflow/dags/erp_to_minio_bronze_dag.py
[2025-11-13T02:31:41.118+0000] {processor.py:840} INFO - DAG(s) 'erp_to_minio_bronze' retrieved from /opt/airflow/dags/erp_to_minio_bronze_dag.py
[2025-11-13T02:31:41.131+0000] {logging_mixin.py:188} INFO - [2025-11-13T02:31:41.131+0000] {dag.py:3036} INFO - Sync 1 DAGs
[2025-11-13T02:31:41.143+0000] {logging_mixin.py:188} INFO - [2025-11-13T02:31:41.143+0000] {dag.py:3823} INFO - Setting next_dagrun for erp_to_minio_bronze to 2025-11-13 00:00:00+00:00, run_after=2025-11-13 06:00:00+00:00
[2025-11-13T02:31:41.159+0000] {processor.py:183} INFO - Processing /opt/airflow/dags/erp_to_minio_bronze_dag.py took 0.104 seconds
[2025-11-13T02:32:11.354+0000] {processor.py:161} INFO - Started process (PID=14561) to work on /opt/airflow/dags/erp_to_minio_bronze_dag.py
[2025-11-13T02:32:11.356+0000] {processor.py:830} INFO - Processing file /opt/airflow/dags/erp_to_minio_bronze_dag.py for tasks to queue
[2025-11-13T02:32:11.357+0000] {logging_mixin.py:188} INFO - [2025-11-13T02:32:11.357+0000] {dagbag.py:538} INFO - Filling up the DagBag from /opt/airflow/dags/erp_to_minio_bronze_dag.py
[2025-11-13T02:32:11.412+0000] {processor.py:840} INFO - DAG(s) 'erp_to_minio_bronze' retrieved from /opt/airflow/dags/erp_to_minio_bronze_dag.py
[2025-11-13T02:32:11.425+0000] {logging_mixin.py:188} INFO - [2025-11-13T02:32:11.425+0000] {dag.py:3036} INFO - Sync 1 DAGs
[2025-11-13T02:32:11.436+0000] {logging_mixin.py:188} INFO - [2025-11-13T02:32:11.436+0000] {dag.py:3823} INFO - Setting next_dagrun for erp_to_minio_bronze to 2025-11-13 00:00:00+00:00, run_after=2025-11-13 06:00:00+00:00
[2025-11-13T02:32:11.455+0000] {processor.py:183} INFO - Processing /opt/airflow/dags/erp_to_minio_bronze_dag.py took 0.103 seconds
[2025-11-13T02:32:41.625+0000] {processor.py:161} INFO - Started process (PID=14563) to work on /opt/airflow/dags/erp_to_minio_bronze_dag.py
[2025-11-13T02:32:41.626+0000] {processor.py:830} INFO - Processing file /opt/airflow/dags/erp_to_minio_bronze_dag.py for tasks to queue
[2025-11-13T02:32:41.628+0000] {logging_mixin.py:188} INFO - [2025-11-13T02:32:41.627+0000] {dagbag.py:538} INFO - Filling up the DagBag from /opt/airflow/dags/erp_to_minio_bronze_dag.py
[2025-11-13T02:32:41.682+0000] {processor.py:840} INFO - DAG(s) 'erp_to_minio_bronze' retrieved from /opt/airflow/dags/erp_to_minio_bronze_dag.py
[2025-11-13T02:32:41.696+0000] {logging_mixin.py:188} INFO - [2025-11-13T02:32:41.696+0000] {dag.py:3036} INFO - Sync 1 DAGs
[2025-11-13T02:32:41.708+0000] {logging_mixin.py:188} INFO - [2025-11-13T02:32:41.708+0000] {dag.py:3823} INFO - Setting next_dagrun for erp_to_minio_bronze to 2025-11-13 00:00:00+00:00, run_after=2025-11-13 06:00:00+00:00
[2025-11-13T02:32:41.725+0000] {processor.py:183} INFO - Processing /opt/airflow/dags/erp_to_minio_bronze_dag.py took 0.103 seconds
[2025-11-13T02:33:11.906+0000] {processor.py:161} INFO - Started process (PID=14565) to work on /opt/airflow/dags/erp_to_minio_bronze_dag.py
[2025-11-13T02:33:11.907+0000] {processor.py:830} INFO - Processing file /opt/airflow/dags/erp_to_minio_bronze_dag.py for tasks to queue
[2025-11-13T02:33:11.908+0000] {logging_mixin.py:188} INFO - [2025-11-13T02:33:11.908+0000] {dagbag.py:538} INFO - Filling up the DagBag from /opt/airflow/dags/erp_to_minio_bronze_dag.py
[2025-11-13T02:33:11.968+0000] {processor.py:840} INFO - DAG(s) 'erp_to_minio_bronze' retrieved from /opt/airflow/dags/erp_to_minio_bronze_dag.py
[2025-11-13T02:33:11.981+0000] {logging_mixin.py:188} INFO - [2025-11-13T02:33:11.981+0000] {dag.py:3036} INFO - Sync 1 DAGs
[2025-11-13T02:33:11.993+0000] {logging_mixin.py:188} INFO - [2025-11-13T02:33:11.993+0000] {dag.py:3823} INFO - Setting next_dagrun for erp_to_minio_bronze to 2025-11-13 00:00:00+00:00, run_after=2025-11-13 06:00:00+00:00
[2025-11-13T02:33:12.011+0000] {processor.py:183} INFO - Processing /opt/airflow/dags/erp_to_minio_bronze_dag.py took 0.108 seconds
[2025-11-13T02:33:42.177+0000] {processor.py:161} INFO - Started process (PID=14567) to work on /opt/airflow/dags/erp_to_minio_bronze_dag.py
[2025-11-13T02:33:42.178+0000] {processor.py:830} INFO - Processing file /opt/airflow/dags/erp_to_minio_bronze_dag.py for tasks to queue
[2025-11-13T02:33:42.180+0000] {logging_mixin.py:188} INFO - [2025-11-13T02:33:42.179+0000] {dagbag.py:538} INFO - Filling up the DagBag from /opt/airflow/dags/erp_to_minio_bronze_dag.py
[2025-11-13T02:33:42.252+0000] {processor.py:840} INFO - DAG(s) 'erp_to_minio_bronze' retrieved from /opt/airflow/dags/erp_to_minio_bronze_dag.py
[2025-11-13T02:33:42.268+0000] {logging_mixin.py:188} INFO - [2025-11-13T02:33:42.268+0000] {dag.py:3036} INFO - Sync 1 DAGs
[2025-11-13T02:33:42.280+0000] {logging_mixin.py:188} INFO - [2025-11-13T02:33:42.280+0000] {dag.py:3823} INFO - Setting next_dagrun for erp_to_minio_bronze to 2025-11-13 00:00:00+00:00, run_after=2025-11-13 06:00:00+00:00
[2025-11-13T02:33:42.295+0000] {processor.py:183} INFO - Processing /opt/airflow/dags/erp_to_minio_bronze_dag.py took 0.121 seconds
[2025-11-13T02:34:12.434+0000] {processor.py:161} INFO - Started process (PID=14569) to work on /opt/airflow/dags/erp_to_minio_bronze_dag.py
[2025-11-13T02:34:12.435+0000] {processor.py:830} INFO - Processing file /opt/airflow/dags/erp_to_minio_bronze_dag.py for tasks to queue
[2025-11-13T02:34:12.436+0000] {logging_mixin.py:188} INFO - [2025-11-13T02:34:12.436+0000] {dagbag.py:538} INFO - Filling up the DagBag from /opt/airflow/dags/erp_to_minio_bronze_dag.py
[2025-11-13T02:34:12.502+0000] {processor.py:840} INFO - DAG(s) 'erp_to_minio_bronze' retrieved from /opt/airflow/dags/erp_to_minio_bronze_dag.py
[2025-11-13T02:34:12.518+0000] {logging_mixin.py:188} INFO - [2025-11-13T02:34:12.518+0000] {dag.py:3036} INFO - Sync 1 DAGs
[2025-11-13T02:34:12.530+0000] {logging_mixin.py:188} INFO - [2025-11-13T02:34:12.530+0000] {dag.py:3823} INFO - Setting next_dagrun for erp_to_minio_bronze to 2025-11-13 00:00:00+00:00, run_after=2025-11-13 06:00:00+00:00
[2025-11-13T02:34:12.546+0000] {processor.py:183} INFO - Processing /opt/airflow/dags/erp_to_minio_bronze_dag.py took 0.114 seconds
[2025-11-13T02:34:42.695+0000] {processor.py:161} INFO - Started process (PID=14571) to work on /opt/airflow/dags/erp_to_minio_bronze_dag.py
[2025-11-13T02:34:42.696+0000] {processor.py:830} INFO - Processing file /opt/airflow/dags/erp_to_minio_bronze_dag.py for tasks to queue
[2025-11-13T02:34:42.697+0000] {logging_mixin.py:188} INFO - [2025-11-13T02:34:42.697+0000] {dagbag.py:538} INFO - Filling up the DagBag from /opt/airflow/dags/erp_to_minio_bronze_dag.py
[2025-11-13T02:34:42.759+0000] {processor.py:840} INFO - DAG(s) 'erp_to_minio_bronze' retrieved from /opt/airflow/dags/erp_to_minio_bronze_dag.py
[2025-11-13T02:34:42.774+0000] {logging_mixin.py:188} INFO - [2025-11-13T02:34:42.773+0000] {dag.py:3036} INFO - Sync 1 DAGs
[2025-11-13T02:34:42.784+0000] {logging_mixin.py:188} INFO - [2025-11-13T02:34:42.784+0000] {dag.py:3823} INFO - Setting next_dagrun for erp_to_minio_bronze to 2025-11-13 00:00:00+00:00, run_after=2025-11-13 06:00:00+00:00
[2025-11-13T02:34:42.801+0000] {processor.py:183} INFO - Processing /opt/airflow/dags/erp_to_minio_bronze_dag.py took 0.108 seconds
[2025-11-13T02:35:12.963+0000] {processor.py:161} INFO - Started process (PID=14573) to work on /opt/airflow/dags/erp_to_minio_bronze_dag.py
[2025-11-13T02:35:12.964+0000] {processor.py:830} INFO - Processing file /opt/airflow/dags/erp_to_minio_bronze_dag.py for tasks to queue
[2025-11-13T02:35:12.965+0000] {logging_mixin.py:188} INFO - [2025-11-13T02:35:12.965+0000] {dagbag.py:538} INFO - Filling up the DagBag from /opt/airflow/dags/erp_to_minio_bronze_dag.py
[2025-11-13T02:35:13.029+0000] {processor.py:840} INFO - DAG(s) 'erp_to_minio_bronze' retrieved from /opt/airflow/dags/erp_to_minio_bronze_dag.py
[2025-11-13T02:35:13.042+0000] {logging_mixin.py:188} INFO - [2025-11-13T02:35:13.042+0000] {dag.py:3036} INFO - Sync 1 DAGs
[2025-11-13T02:35:13.053+0000] {logging_mixin.py:188} INFO - [2025-11-13T02:35:13.053+0000] {dag.py:3823} INFO - Setting next_dagrun for erp_to_minio_bronze to 2025-11-13 00:00:00+00:00, run_after=2025-11-13 06:00:00+00:00
[2025-11-13T02:35:13.067+0000] {processor.py:183} INFO - Processing /opt/airflow/dags/erp_to_minio_bronze_dag.py took 0.106 seconds
[2025-11-13T02:35:43.209+0000] {processor.py:161} INFO - Started process (PID=14575) to work on /opt/airflow/dags/erp_to_minio_bronze_dag.py
[2025-11-13T02:35:43.210+0000] {processor.py:830} INFO - Processing file /opt/airflow/dags/erp_to_minio_bronze_dag.py for tasks to queue
[2025-11-13T02:35:43.211+0000] {logging_mixin.py:188} INFO - [2025-11-13T02:35:43.211+0000] {dagbag.py:538} INFO - Filling up the DagBag from /opt/airflow/dags/erp_to_minio_bronze_dag.py
[2025-11-13T02:35:43.278+0000] {processor.py:840} INFO - DAG(s) 'erp_to_minio_bronze' retrieved from /opt/airflow/dags/erp_to_minio_bronze_dag.py
[2025-11-13T02:35:43.295+0000] {logging_mixin.py:188} INFO - [2025-11-13T02:35:43.295+0000] {dag.py:3036} INFO - Sync 1 DAGs
[2025-11-13T02:35:43.308+0000] {logging_mixin.py:188} INFO - [2025-11-13T02:35:43.308+0000] {dag.py:3823} INFO - Setting next_dagrun for erp_to_minio_bronze to 2025-11-13 00:00:00+00:00, run_after=2025-11-13 06:00:00+00:00
[2025-11-13T02:35:43.323+0000] {processor.py:183} INFO - Processing /opt/airflow/dags/erp_to_minio_bronze_dag.py took 0.117 seconds
[2025-11-13T02:36:13.463+0000] {processor.py:161} INFO - Started process (PID=14577) to work on /opt/airflow/dags/erp_to_minio_bronze_dag.py
[2025-11-13T02:36:13.465+0000] {processor.py:830} INFO - Processing file /opt/airflow/dags/erp_to_minio_bronze_dag.py for tasks to queue
[2025-11-13T02:36:13.465+0000] {logging_mixin.py:188} INFO - [2025-11-13T02:36:13.465+0000] {dagbag.py:538} INFO - Filling up the DagBag from /opt/airflow/dags/erp_to_minio_bronze_dag.py
[2025-11-13T02:36:13.521+0000] {processor.py:840} INFO - DAG(s) 'erp_to_minio_bronze' retrieved from /opt/airflow/dags/erp_to_minio_bronze_dag.py
[2025-11-13T02:36:13.534+0000] {logging_mixin.py:188} INFO - [2025-11-13T02:36:13.534+0000] {dag.py:3036} INFO - Sync 1 DAGs
[2025-11-13T02:36:13.547+0000] {logging_mixin.py:188} INFO - [2025-11-13T02:36:13.547+0000] {dag.py:3823} INFO - Setting next_dagrun for erp_to_minio_bronze to 2025-11-13 00:00:00+00:00, run_after=2025-11-13 06:00:00+00:00
[2025-11-13T02:36:13.561+0000] {processor.py:183} INFO - Processing /opt/airflow/dags/erp_to_minio_bronze_dag.py took 0.100 seconds
[2025-11-13T02:36:43.725+0000] {processor.py:161} INFO - Started process (PID=14579) to work on /opt/airflow/dags/erp_to_minio_bronze_dag.py
[2025-11-13T02:36:43.726+0000] {processor.py:830} INFO - Processing file /opt/airflow/dags/erp_to_minio_bronze_dag.py for tasks to queue
[2025-11-13T02:36:43.727+0000] {logging_mixin.py:188} INFO - [2025-11-13T02:36:43.727+0000] {dagbag.py:538} INFO - Filling up the DagBag from /opt/airflow/dags/erp_to_minio_bronze_dag.py
[2025-11-13T02:36:43.776+0000] {processor.py:840} INFO - DAG(s) 'erp_to_minio_bronze' retrieved from /opt/airflow/dags/erp_to_minio_bronze_dag.py
[2025-11-13T02:36:43.789+0000] {logging_mixin.py:188} INFO - [2025-11-13T02:36:43.789+0000] {dag.py:3036} INFO - Sync 1 DAGs
[2025-11-13T02:36:43.801+0000] {logging_mixin.py:188} INFO - [2025-11-13T02:36:43.801+0000] {dag.py:3823} INFO - Setting next_dagrun for erp_to_minio_bronze to 2025-11-13 00:00:00+00:00, run_after=2025-11-13 06:00:00+00:00
[2025-11-13T02:36:43.817+0000] {processor.py:183} INFO - Processing /opt/airflow/dags/erp_to_minio_bronze_dag.py took 0.094 seconds
[2025-11-13T02:37:13.993+0000] {processor.py:161} INFO - Started process (PID=14581) to work on /opt/airflow/dags/erp_to_minio_bronze_dag.py
[2025-11-13T02:37:13.995+0000] {processor.py:830} INFO - Processing file /opt/airflow/dags/erp_to_minio_bronze_dag.py for tasks to queue
[2025-11-13T02:37:13.996+0000] {logging_mixin.py:188} INFO - [2025-11-13T02:37:13.995+0000] {dagbag.py:538} INFO - Filling up the DagBag from /opt/airflow/dags/erp_to_minio_bronze_dag.py
[2025-11-13T02:37:14.057+0000] {processor.py:840} INFO - DAG(s) 'erp_to_minio_bronze' retrieved from /opt/airflow/dags/erp_to_minio_bronze_dag.py
[2025-11-13T02:37:14.071+0000] {logging_mixin.py:188} INFO - [2025-11-13T02:37:14.070+0000] {dag.py:3036} INFO - Sync 1 DAGs
[2025-11-13T02:37:14.082+0000] {logging_mixin.py:188} INFO - [2025-11-13T02:37:14.082+0000] {dag.py:3823} INFO - Setting next_dagrun for erp_to_minio_bronze to 2025-11-13 00:00:00+00:00, run_after=2025-11-13 06:00:00+00:00
[2025-11-13T02:37:14.096+0000] {processor.py:183} INFO - Processing /opt/airflow/dags/erp_to_minio_bronze_dag.py took 0.104 seconds
[2025-11-13T02:37:44.259+0000] {processor.py:161} INFO - Started process (PID=14583) to work on /opt/airflow/dags/erp_to_minio_bronze_dag.py
[2025-11-13T02:37:44.260+0000] {processor.py:830} INFO - Processing file /opt/airflow/dags/erp_to_minio_bronze_dag.py for tasks to queue
[2025-11-13T02:37:44.261+0000] {logging_mixin.py:188} INFO - [2025-11-13T02:37:44.261+0000] {dagbag.py:538} INFO - Filling up the DagBag from /opt/airflow/dags/erp_to_minio_bronze_dag.py
[2025-11-13T02:37:44.315+0000] {processor.py:840} INFO - DAG(s) 'erp_to_minio_bronze' retrieved from /opt/airflow/dags/erp_to_minio_bronze_dag.py
[2025-11-13T02:37:44.328+0000] {logging_mixin.py:188} INFO - [2025-11-13T02:37:44.328+0000] {dag.py:3036} INFO - Sync 1 DAGs
[2025-11-13T02:37:44.339+0000] {logging_mixin.py:188} INFO - [2025-11-13T02:37:44.339+0000] {dag.py:3823} INFO - Setting next_dagrun for erp_to_minio_bronze to 2025-11-13 00:00:00+00:00, run_after=2025-11-13 06:00:00+00:00
[2025-11-13T02:37:44.353+0000] {processor.py:183} INFO - Processing /opt/airflow/dags/erp_to_minio_bronze_dag.py took 0.097 seconds
[2025-11-13T02:38:14.514+0000] {processor.py:161} INFO - Started process (PID=14585) to work on /opt/airflow/dags/erp_to_minio_bronze_dag.py
[2025-11-13T02:38:14.515+0000] {processor.py:830} INFO - Processing file /opt/airflow/dags/erp_to_minio_bronze_dag.py for tasks to queue
[2025-11-13T02:38:14.516+0000] {logging_mixin.py:188} INFO - [2025-11-13T02:38:14.516+0000] {dagbag.py:538} INFO - Filling up the DagBag from /opt/airflow/dags/erp_to_minio_bronze_dag.py
[2025-11-13T02:38:14.570+0000] {processor.py:840} INFO - DAG(s) 'erp_to_minio_bronze' retrieved from /opt/airflow/dags/erp_to_minio_bronze_dag.py
[2025-11-13T02:38:14.584+0000] {logging_mixin.py:188} INFO - [2025-11-13T02:38:14.583+0000] {dag.py:3036} INFO - Sync 1 DAGs
[2025-11-13T02:38:14.595+0000] {logging_mixin.py:188} INFO - [2025-11-13T02:38:14.594+0000] {dag.py:3823} INFO - Setting next_dagrun for erp_to_minio_bronze to 2025-11-13 00:00:00+00:00, run_after=2025-11-13 06:00:00+00:00
[2025-11-13T02:38:14.612+0000] {processor.py:183} INFO - Processing /opt/airflow/dags/erp_to_minio_bronze_dag.py took 0.100 seconds
[2025-11-13T02:38:44.781+0000] {processor.py:161} INFO - Started process (PID=14587) to work on /opt/airflow/dags/erp_to_minio_bronze_dag.py
[2025-11-13T02:38:44.782+0000] {processor.py:830} INFO - Processing file /opt/airflow/dags/erp_to_minio_bronze_dag.py for tasks to queue
[2025-11-13T02:38:44.783+0000] {logging_mixin.py:188} INFO - [2025-11-13T02:38:44.783+0000] {dagbag.py:538} INFO - Filling up the DagBag from /opt/airflow/dags/erp_to_minio_bronze_dag.py
[2025-11-13T02:38:44.844+0000] {processor.py:840} INFO - DAG(s) 'erp_to_minio_bronze' retrieved from /opt/airflow/dags/erp_to_minio_bronze_dag.py
[2025-11-13T02:38:44.858+0000] {logging_mixin.py:188} INFO - [2025-11-13T02:38:44.857+0000] {dag.py:3036} INFO - Sync 1 DAGs
[2025-11-13T02:38:44.869+0000] {logging_mixin.py:188} INFO - [2025-11-13T02:38:44.869+0000] {dag.py:3823} INFO - Setting next_dagrun for erp_to_minio_bronze to 2025-11-13 00:00:00+00:00, run_after=2025-11-13 06:00:00+00:00
[2025-11-13T02:38:44.887+0000] {processor.py:183} INFO - Processing /opt/airflow/dags/erp_to_minio_bronze_dag.py took 0.108 seconds
[2025-11-13T02:39:15.028+0000] {processor.py:161} INFO - Started process (PID=14596) to work on /opt/airflow/dags/erp_to_minio_bronze_dag.py
[2025-11-13T02:39:15.029+0000] {processor.py:830} INFO - Processing file /opt/airflow/dags/erp_to_minio_bronze_dag.py for tasks to queue
[2025-11-13T02:39:15.030+0000] {logging_mixin.py:188} INFO - [2025-11-13T02:39:15.030+0000] {dagbag.py:538} INFO - Filling up the DagBag from /opt/airflow/dags/erp_to_minio_bronze_dag.py
[2025-11-13T02:39:15.083+0000] {processor.py:840} INFO - DAG(s) 'erp_to_minio_bronze' retrieved from /opt/airflow/dags/erp_to_minio_bronze_dag.py
[2025-11-13T02:39:15.096+0000] {logging_mixin.py:188} INFO - [2025-11-13T02:39:15.096+0000] {dag.py:3036} INFO - Sync 1 DAGs
[2025-11-13T02:39:15.108+0000] {logging_mixin.py:188} INFO - [2025-11-13T02:39:15.108+0000] {dag.py:3823} INFO - Setting next_dagrun for erp_to_minio_bronze to 2025-11-13 00:00:00+00:00, run_after=2025-11-13 06:00:00+00:00
[2025-11-13T02:39:15.125+0000] {processor.py:183} INFO - Processing /opt/airflow/dags/erp_to_minio_bronze_dag.py took 0.099 seconds
[2025-11-13T02:39:45.288+0000] {processor.py:161} INFO - Started process (PID=14605) to work on /opt/airflow/dags/erp_to_minio_bronze_dag.py
[2025-11-13T02:39:45.290+0000] {processor.py:830} INFO - Processing file /opt/airflow/dags/erp_to_minio_bronze_dag.py for tasks to queue
[2025-11-13T02:39:45.291+0000] {logging_mixin.py:188} INFO - [2025-11-13T02:39:45.291+0000] {dagbag.py:538} INFO - Filling up the DagBag from /opt/airflow/dags/erp_to_minio_bronze_dag.py
[2025-11-13T02:39:45.353+0000] {processor.py:840} INFO - DAG(s) 'erp_to_minio_bronze' retrieved from /opt/airflow/dags/erp_to_minio_bronze_dag.py
[2025-11-13T02:39:45.371+0000] {logging_mixin.py:188} INFO - [2025-11-13T02:39:45.371+0000] {dag.py:3036} INFO - Sync 1 DAGs
[2025-11-13T02:39:45.386+0000] {logging_mixin.py:188} INFO - [2025-11-13T02:39:45.386+0000] {dag.py:3823} INFO - Setting next_dagrun for erp_to_minio_bronze to 2025-11-13 00:00:00+00:00, run_after=2025-11-13 06:00:00+00:00
[2025-11-13T02:39:45.401+0000] {processor.py:183} INFO - Processing /opt/airflow/dags/erp_to_minio_bronze_dag.py took 0.116 seconds
[2025-11-13T02:40:15.549+0000] {processor.py:161} INFO - Started process (PID=14607) to work on /opt/airflow/dags/erp_to_minio_bronze_dag.py
[2025-11-13T02:40:15.550+0000] {processor.py:830} INFO - Processing file /opt/airflow/dags/erp_to_minio_bronze_dag.py for tasks to queue
[2025-11-13T02:40:15.552+0000] {logging_mixin.py:188} INFO - [2025-11-13T02:40:15.551+0000] {dagbag.py:538} INFO - Filling up the DagBag from /opt/airflow/dags/erp_to_minio_bronze_dag.py
[2025-11-13T02:40:15.608+0000] {processor.py:840} INFO - DAG(s) 'erp_to_minio_bronze' retrieved from /opt/airflow/dags/erp_to_minio_bronze_dag.py
[2025-11-13T02:40:15.621+0000] {logging_mixin.py:188} INFO - [2025-11-13T02:40:15.621+0000] {dag.py:3036} INFO - Sync 1 DAGs
[2025-11-13T02:40:15.631+0000] {logging_mixin.py:188} INFO - [2025-11-13T02:40:15.631+0000] {dag.py:3823} INFO - Setting next_dagrun for erp_to_minio_bronze to 2025-11-13 00:00:00+00:00, run_after=2025-11-13 06:00:00+00:00
[2025-11-13T02:40:15.648+0000] {processor.py:183} INFO - Processing /opt/airflow/dags/erp_to_minio_bronze_dag.py took 0.101 seconds
[2025-11-13T02:40:45.776+0000] {processor.py:161} INFO - Started process (PID=14609) to work on /opt/airflow/dags/erp_to_minio_bronze_dag.py
[2025-11-13T02:40:45.776+0000] {processor.py:830} INFO - Processing file /opt/airflow/dags/erp_to_minio_bronze_dag.py for tasks to queue
[2025-11-13T02:40:45.778+0000] {logging_mixin.py:188} INFO - [2025-11-13T02:40:45.777+0000] {dagbag.py:538} INFO - Filling up the DagBag from /opt/airflow/dags/erp_to_minio_bronze_dag.py
[2025-11-13T02:40:45.830+0000] {processor.py:840} INFO - DAG(s) 'erp_to_minio_bronze' retrieved from /opt/airflow/dags/erp_to_minio_bronze_dag.py
[2025-11-13T02:40:45.842+0000] {logging_mixin.py:188} INFO - [2025-11-13T02:40:45.842+0000] {dag.py:3036} INFO - Sync 1 DAGs
[2025-11-13T02:40:45.855+0000] {logging_mixin.py:188} INFO - [2025-11-13T02:40:45.855+0000] {dag.py:3823} INFO - Setting next_dagrun for erp_to_minio_bronze to 2025-11-13 00:00:00+00:00, run_after=2025-11-13 06:00:00+00:00
[2025-11-13T02:40:45.872+0000] {processor.py:183} INFO - Processing /opt/airflow/dags/erp_to_minio_bronze_dag.py took 0.099 seconds
[2025-11-13T02:41:16.047+0000] {processor.py:161} INFO - Started process (PID=14611) to work on /opt/airflow/dags/erp_to_minio_bronze_dag.py
[2025-11-13T02:41:16.048+0000] {processor.py:830} INFO - Processing file /opt/airflow/dags/erp_to_minio_bronze_dag.py for tasks to queue
[2025-11-13T02:41:16.049+0000] {logging_mixin.py:188} INFO - [2025-11-13T02:41:16.049+0000] {dagbag.py:538} INFO - Filling up the DagBag from /opt/airflow/dags/erp_to_minio_bronze_dag.py
[2025-11-13T02:41:16.116+0000] {processor.py:840} INFO - DAG(s) 'erp_to_minio_bronze' retrieved from /opt/airflow/dags/erp_to_minio_bronze_dag.py
[2025-11-13T02:41:16.130+0000] {logging_mixin.py:188} INFO - [2025-11-13T02:41:16.130+0000] {dag.py:3036} INFO - Sync 1 DAGs
[2025-11-13T02:41:16.142+0000] {logging_mixin.py:188} INFO - [2025-11-13T02:41:16.142+0000] {dag.py:3823} INFO - Setting next_dagrun for erp_to_minio_bronze to 2025-11-13 00:00:00+00:00, run_after=2025-11-13 06:00:00+00:00
[2025-11-13T02:41:16.155+0000] {processor.py:183} INFO - Processing /opt/airflow/dags/erp_to_minio_bronze_dag.py took 0.110 seconds
[2025-11-13T02:41:46.302+0000] {processor.py:161} INFO - Started process (PID=14613) to work on /opt/airflow/dags/erp_to_minio_bronze_dag.py
[2025-11-13T02:41:46.303+0000] {processor.py:830} INFO - Processing file /opt/airflow/dags/erp_to_minio_bronze_dag.py for tasks to queue
[2025-11-13T02:41:46.305+0000] {logging_mixin.py:188} INFO - [2025-11-13T02:41:46.304+0000] {dagbag.py:538} INFO - Filling up the DagBag from /opt/airflow/dags/erp_to_minio_bronze_dag.py
[2025-11-13T02:41:46.361+0000] {processor.py:840} INFO - DAG(s) 'erp_to_minio_bronze' retrieved from /opt/airflow/dags/erp_to_minio_bronze_dag.py
[2025-11-13T02:41:46.375+0000] {logging_mixin.py:188} INFO - [2025-11-13T02:41:46.374+0000] {dag.py:3036} INFO - Sync 1 DAGs
[2025-11-13T02:41:46.385+0000] {logging_mixin.py:188} INFO - [2025-11-13T02:41:46.384+0000] {dag.py:3823} INFO - Setting next_dagrun for erp_to_minio_bronze to 2025-11-13 00:00:00+00:00, run_after=2025-11-13 06:00:00+00:00
[2025-11-13T02:41:46.399+0000] {processor.py:183} INFO - Processing /opt/airflow/dags/erp_to_minio_bronze_dag.py took 0.099 seconds
[2025-11-13T02:42:16.577+0000] {processor.py:161} INFO - Started process (PID=14615) to work on /opt/airflow/dags/erp_to_minio_bronze_dag.py
[2025-11-13T02:42:16.579+0000] {processor.py:830} INFO - Processing file /opt/airflow/dags/erp_to_minio_bronze_dag.py for tasks to queue
[2025-11-13T02:42:16.580+0000] {logging_mixin.py:188} INFO - [2025-11-13T02:42:16.579+0000] {dagbag.py:538} INFO - Filling up the DagBag from /opt/airflow/dags/erp_to_minio_bronze_dag.py
[2025-11-13T02:42:16.638+0000] {processor.py:840} INFO - DAG(s) 'erp_to_minio_bronze' retrieved from /opt/airflow/dags/erp_to_minio_bronze_dag.py
[2025-11-13T02:42:16.651+0000] {logging_mixin.py:188} INFO - [2025-11-13T02:42:16.651+0000] {dag.py:3036} INFO - Sync 1 DAGs
[2025-11-13T02:42:16.663+0000] {logging_mixin.py:188} INFO - [2025-11-13T02:42:16.663+0000] {dag.py:3823} INFO - Setting next_dagrun for erp_to_minio_bronze to 2025-11-13 00:00:00+00:00, run_after=2025-11-13 06:00:00+00:00
[2025-11-13T02:42:16.681+0000] {processor.py:183} INFO - Processing /opt/airflow/dags/erp_to_minio_bronze_dag.py took 0.106 seconds
[2025-11-13T02:42:46.839+0000] {processor.py:161} INFO - Started process (PID=14617) to work on /opt/airflow/dags/erp_to_minio_bronze_dag.py
[2025-11-13T02:42:46.840+0000] {processor.py:830} INFO - Processing file /opt/airflow/dags/erp_to_minio_bronze_dag.py for tasks to queue
[2025-11-13T02:42:46.842+0000] {logging_mixin.py:188} INFO - [2025-11-13T02:42:46.841+0000] {dagbag.py:538} INFO - Filling up the DagBag from /opt/airflow/dags/erp_to_minio_bronze_dag.py
[2025-11-13T02:42:46.908+0000] {processor.py:840} INFO - DAG(s) 'erp_to_minio_bronze' retrieved from /opt/airflow/dags/erp_to_minio_bronze_dag.py
[2025-11-13T02:42:46.924+0000] {logging_mixin.py:188} INFO - [2025-11-13T02:42:46.924+0000] {dag.py:3036} INFO - Sync 1 DAGs
[2025-11-13T02:42:46.936+0000] {logging_mixin.py:188} INFO - [2025-11-13T02:42:46.935+0000] {dag.py:3823} INFO - Setting next_dagrun for erp_to_minio_bronze to 2025-11-13 00:00:00+00:00, run_after=2025-11-13 06:00:00+00:00
[2025-11-13T02:42:46.952+0000] {processor.py:183} INFO - Processing /opt/airflow/dags/erp_to_minio_bronze_dag.py took 0.116 seconds
[2025-11-13T02:43:17.092+0000] {processor.py:161} INFO - Started process (PID=14619) to work on /opt/airflow/dags/erp_to_minio_bronze_dag.py
[2025-11-13T02:43:17.093+0000] {processor.py:830} INFO - Processing file /opt/airflow/dags/erp_to_minio_bronze_dag.py for tasks to queue
[2025-11-13T02:43:17.094+0000] {logging_mixin.py:188} INFO - [2025-11-13T02:43:17.094+0000] {dagbag.py:538} INFO - Filling up the DagBag from /opt/airflow/dags/erp_to_minio_bronze_dag.py
[2025-11-13T02:43:17.152+0000] {processor.py:840} INFO - DAG(s) 'erp_to_minio_bronze' retrieved from /opt/airflow/dags/erp_to_minio_bronze_dag.py
[2025-11-13T02:43:17.167+0000] {logging_mixin.py:188} INFO - [2025-11-13T02:43:17.167+0000] {dag.py:3036} INFO - Sync 1 DAGs
[2025-11-13T02:43:17.178+0000] {logging_mixin.py:188} INFO - [2025-11-13T02:43:17.178+0000] {dag.py:3823} INFO - Setting next_dagrun for erp_to_minio_bronze to 2025-11-13 00:00:00+00:00, run_after=2025-11-13 06:00:00+00:00
[2025-11-13T02:43:17.195+0000] {processor.py:183} INFO - Processing /opt/airflow/dags/erp_to_minio_bronze_dag.py took 0.106 seconds
[2025-11-13T02:43:47.363+0000] {processor.py:161} INFO - Started process (PID=14621) to work on /opt/airflow/dags/erp_to_minio_bronze_dag.py
[2025-11-13T02:43:47.365+0000] {processor.py:830} INFO - Processing file /opt/airflow/dags/erp_to_minio_bronze_dag.py for tasks to queue
[2025-11-13T02:43:47.366+0000] {logging_mixin.py:188} INFO - [2025-11-13T02:43:47.366+0000] {dagbag.py:538} INFO - Filling up the DagBag from /opt/airflow/dags/erp_to_minio_bronze_dag.py
[2025-11-13T02:43:47.425+0000] {processor.py:840} INFO - DAG(s) 'erp_to_minio_bronze' retrieved from /opt/airflow/dags/erp_to_minio_bronze_dag.py
[2025-11-13T02:43:47.439+0000] {logging_mixin.py:188} INFO - [2025-11-13T02:43:47.439+0000] {dag.py:3036} INFO - Sync 1 DAGs
[2025-11-13T02:43:47.451+0000] {logging_mixin.py:188} INFO - [2025-11-13T02:43:47.451+0000] {dag.py:3823} INFO - Setting next_dagrun for erp_to_minio_bronze to 2025-11-13 00:00:00+00:00, run_after=2025-11-13 06:00:00+00:00
[2025-11-13T02:43:47.465+0000] {processor.py:183} INFO - Processing /opt/airflow/dags/erp_to_minio_bronze_dag.py took 0.103 seconds
[2025-11-13T02:44:17.625+0000] {processor.py:161} INFO - Started process (PID=14623) to work on /opt/airflow/dags/erp_to_minio_bronze_dag.py
[2025-11-13T02:44:17.626+0000] {processor.py:830} INFO - Processing file /opt/airflow/dags/erp_to_minio_bronze_dag.py for tasks to queue
[2025-11-13T02:44:17.627+0000] {logging_mixin.py:188} INFO - [2025-11-13T02:44:17.627+0000] {dagbag.py:538} INFO - Filling up the DagBag from /opt/airflow/dags/erp_to_minio_bronze_dag.py
[2025-11-13T02:44:17.686+0000] {processor.py:840} INFO - DAG(s) 'erp_to_minio_bronze' retrieved from /opt/airflow/dags/erp_to_minio_bronze_dag.py
[2025-11-13T02:44:17.699+0000] {logging_mixin.py:188} INFO - [2025-11-13T02:44:17.699+0000] {dag.py:3036} INFO - Sync 1 DAGs
[2025-11-13T02:44:17.711+0000] {logging_mixin.py:188} INFO - [2025-11-13T02:44:17.711+0000] {dag.py:3823} INFO - Setting next_dagrun for erp_to_minio_bronze to 2025-11-13 00:00:00+00:00, run_after=2025-11-13 06:00:00+00:00
[2025-11-13T02:44:17.727+0000] {processor.py:183} INFO - Processing /opt/airflow/dags/erp_to_minio_bronze_dag.py took 0.104 seconds
[2025-11-13T02:44:47.883+0000] {processor.py:161} INFO - Started process (PID=14625) to work on /opt/airflow/dags/erp_to_minio_bronze_dag.py
[2025-11-13T02:44:47.885+0000] {processor.py:830} INFO - Processing file /opt/airflow/dags/erp_to_minio_bronze_dag.py for tasks to queue
[2025-11-13T02:44:47.886+0000] {logging_mixin.py:188} INFO - [2025-11-13T02:44:47.886+0000] {dagbag.py:538} INFO - Filling up the DagBag from /opt/airflow/dags/erp_to_minio_bronze_dag.py
[2025-11-13T02:44:47.950+0000] {processor.py:840} INFO - DAG(s) 'erp_to_minio_bronze' retrieved from /opt/airflow/dags/erp_to_minio_bronze_dag.py
[2025-11-13T02:44:47.964+0000] {logging_mixin.py:188} INFO - [2025-11-13T02:44:47.964+0000] {dag.py:3036} INFO - Sync 1 DAGs
[2025-11-13T02:44:47.977+0000] {logging_mixin.py:188} INFO - [2025-11-13T02:44:47.976+0000] {dag.py:3823} INFO - Setting next_dagrun for erp_to_minio_bronze to 2025-11-13 00:00:00+00:00, run_after=2025-11-13 06:00:00+00:00
[2025-11-13T02:44:47.994+0000] {processor.py:183} INFO - Processing /opt/airflow/dags/erp_to_minio_bronze_dag.py took 0.113 seconds
[2025-11-13T02:45:18.141+0000] {processor.py:161} INFO - Started process (PID=14627) to work on /opt/airflow/dags/erp_to_minio_bronze_dag.py
[2025-11-13T02:45:18.142+0000] {processor.py:830} INFO - Processing file /opt/airflow/dags/erp_to_minio_bronze_dag.py for tasks to queue
[2025-11-13T02:45:18.143+0000] {logging_mixin.py:188} INFO - [2025-11-13T02:45:18.142+0000] {dagbag.py:538} INFO - Filling up the DagBag from /opt/airflow/dags/erp_to_minio_bronze_dag.py
[2025-11-13T02:45:18.196+0000] {processor.py:840} INFO - DAG(s) 'erp_to_minio_bronze' retrieved from /opt/airflow/dags/erp_to_minio_bronze_dag.py
[2025-11-13T02:45:18.207+0000] {logging_mixin.py:188} INFO - [2025-11-13T02:45:18.207+0000] {dag.py:3036} INFO - Sync 1 DAGs
[2025-11-13T02:45:18.218+0000] {logging_mixin.py:188} INFO - [2025-11-13T02:45:18.218+0000] {dag.py:3823} INFO - Setting next_dagrun for erp_to_minio_bronze to 2025-11-13 00:00:00+00:00, run_after=2025-11-13 06:00:00+00:00
[2025-11-13T02:45:18.235+0000] {processor.py:183} INFO - Processing /opt/airflow/dags/erp_to_minio_bronze_dag.py took 0.096 seconds
[2025-11-13T02:45:48.401+0000] {processor.py:161} INFO - Started process (PID=14629) to work on /opt/airflow/dags/erp_to_minio_bronze_dag.py
[2025-11-13T02:45:48.402+0000] {processor.py:830} INFO - Processing file /opt/airflow/dags/erp_to_minio_bronze_dag.py for tasks to queue
[2025-11-13T02:45:48.403+0000] {logging_mixin.py:188} INFO - [2025-11-13T02:45:48.403+0000] {dagbag.py:538} INFO - Filling up the DagBag from /opt/airflow/dags/erp_to_minio_bronze_dag.py
[2025-11-13T02:45:48.457+0000] {processor.py:840} INFO - DAG(s) 'erp_to_minio_bronze' retrieved from /opt/airflow/dags/erp_to_minio_bronze_dag.py
[2025-11-13T02:45:48.472+0000] {logging_mixin.py:188} INFO - [2025-11-13T02:45:48.472+0000] {dag.py:3036} INFO - Sync 1 DAGs
[2025-11-13T02:45:48.485+0000] {logging_mixin.py:188} INFO - [2025-11-13T02:45:48.485+0000] {dag.py:3823} INFO - Setting next_dagrun for erp_to_minio_bronze to 2025-11-13 00:00:00+00:00, run_after=2025-11-13 06:00:00+00:00
[2025-11-13T02:45:48.501+0000] {processor.py:183} INFO - Processing /opt/airflow/dags/erp_to_minio_bronze_dag.py took 0.102 seconds
[2025-11-13T02:46:18.669+0000] {processor.py:161} INFO - Started process (PID=14631) to work on /opt/airflow/dags/erp_to_minio_bronze_dag.py
[2025-11-13T02:46:18.670+0000] {processor.py:830} INFO - Processing file /opt/airflow/dags/erp_to_minio_bronze_dag.py for tasks to queue
[2025-11-13T02:46:18.672+0000] {logging_mixin.py:188} INFO - [2025-11-13T02:46:18.671+0000] {dagbag.py:538} INFO - Filling up the DagBag from /opt/airflow/dags/erp_to_minio_bronze_dag.py
[2025-11-13T02:46:18.733+0000] {processor.py:840} INFO - DAG(s) 'erp_to_minio_bronze' retrieved from /opt/airflow/dags/erp_to_minio_bronze_dag.py
[2025-11-13T02:46:18.746+0000] {logging_mixin.py:188} INFO - [2025-11-13T02:46:18.746+0000] {dag.py:3036} INFO - Sync 1 DAGs
[2025-11-13T02:46:18.757+0000] {logging_mixin.py:188} INFO - [2025-11-13T02:46:18.757+0000] {dag.py:3823} INFO - Setting next_dagrun for erp_to_minio_bronze to 2025-11-13 00:00:00+00:00, run_after=2025-11-13 06:00:00+00:00
[2025-11-13T02:46:18.772+0000] {processor.py:183} INFO - Processing /opt/airflow/dags/erp_to_minio_bronze_dag.py took 0.105 seconds
[2025-11-13T02:46:48.923+0000] {processor.py:161} INFO - Started process (PID=14633) to work on /opt/airflow/dags/erp_to_minio_bronze_dag.py
[2025-11-13T02:46:48.924+0000] {processor.py:830} INFO - Processing file /opt/airflow/dags/erp_to_minio_bronze_dag.py for tasks to queue
[2025-11-13T02:46:48.925+0000] {logging_mixin.py:188} INFO - [2025-11-13T02:46:48.925+0000] {dagbag.py:538} INFO - Filling up the DagBag from /opt/airflow/dags/erp_to_minio_bronze_dag.py
[2025-11-13T02:46:48.979+0000] {processor.py:840} INFO - DAG(s) 'erp_to_minio_bronze' retrieved from /opt/airflow/dags/erp_to_minio_bronze_dag.py
[2025-11-13T02:46:48.995+0000] {logging_mixin.py:188} INFO - [2025-11-13T02:46:48.995+0000] {dag.py:3036} INFO - Sync 1 DAGs
[2025-11-13T02:46:49.009+0000] {logging_mixin.py:188} INFO - [2025-11-13T02:46:49.009+0000] {dag.py:3823} INFO - Setting next_dagrun for erp_to_minio_bronze to 2025-11-13 00:00:00+00:00, run_after=2025-11-13 06:00:00+00:00
[2025-11-13T02:46:49.025+0000] {processor.py:183} INFO - Processing /opt/airflow/dags/erp_to_minio_bronze_dag.py took 0.104 seconds
[2025-11-13T02:47:19.183+0000] {processor.py:161} INFO - Started process (PID=14635) to work on /opt/airflow/dags/erp_to_minio_bronze_dag.py
[2025-11-13T02:47:19.185+0000] {processor.py:830} INFO - Processing file /opt/airflow/dags/erp_to_minio_bronze_dag.py for tasks to queue
[2025-11-13T02:47:19.186+0000] {logging_mixin.py:188} INFO - [2025-11-13T02:47:19.185+0000] {dagbag.py:538} INFO - Filling up the DagBag from /opt/airflow/dags/erp_to_minio_bronze_dag.py
[2025-11-13T02:47:19.252+0000] {processor.py:840} INFO - DAG(s) 'erp_to_minio_bronze' retrieved from /opt/airflow/dags/erp_to_minio_bronze_dag.py
[2025-11-13T02:47:19.268+0000] {logging_mixin.py:188} INFO - [2025-11-13T02:47:19.267+0000] {dag.py:3036} INFO - Sync 1 DAGs
[2025-11-13T02:47:19.280+0000] {logging_mixin.py:188} INFO - [2025-11-13T02:47:19.280+0000] {dag.py:3823} INFO - Setting next_dagrun for erp_to_minio_bronze to 2025-11-13 00:00:00+00:00, run_after=2025-11-13 06:00:00+00:00
[2025-11-13T02:47:19.295+0000] {processor.py:183} INFO - Processing /opt/airflow/dags/erp_to_minio_bronze_dag.py took 0.114 seconds
[2025-11-13T02:47:49.474+0000] {processor.py:161} INFO - Started process (PID=14644) to work on /opt/airflow/dags/erp_to_minio_bronze_dag.py
[2025-11-13T02:47:49.476+0000] {processor.py:830} INFO - Processing file /opt/airflow/dags/erp_to_minio_bronze_dag.py for tasks to queue
[2025-11-13T02:47:49.477+0000] {logging_mixin.py:188} INFO - [2025-11-13T02:47:49.477+0000] {dagbag.py:538} INFO - Filling up the DagBag from /opt/airflow/dags/erp_to_minio_bronze_dag.py
[2025-11-13T02:47:49.550+0000] {processor.py:840} INFO - DAG(s) 'erp_to_minio_bronze' retrieved from /opt/airflow/dags/erp_to_minio_bronze_dag.py
[2025-11-13T02:47:49.563+0000] {logging_mixin.py:188} INFO - [2025-11-13T02:47:49.563+0000] {dag.py:3036} INFO - Sync 1 DAGs
[2025-11-13T02:47:49.575+0000] {logging_mixin.py:188} INFO - [2025-11-13T02:47:49.575+0000] {dag.py:3823} INFO - Setting next_dagrun for erp_to_minio_bronze to 2025-11-13 00:00:00+00:00, run_after=2025-11-13 06:00:00+00:00
[2025-11-13T02:47:49.589+0000] {processor.py:183} INFO - Processing /opt/airflow/dags/erp_to_minio_bronze_dag.py took 0.118 seconds
[2025-11-13T02:48:19.724+0000] {processor.py:161} INFO - Started process (PID=14653) to work on /opt/airflow/dags/erp_to_minio_bronze_dag.py
[2025-11-13T02:48:19.725+0000] {processor.py:830} INFO - Processing file /opt/airflow/dags/erp_to_minio_bronze_dag.py for tasks to queue
[2025-11-13T02:48:19.726+0000] {logging_mixin.py:188} INFO - [2025-11-13T02:48:19.726+0000] {dagbag.py:538} INFO - Filling up the DagBag from /opt/airflow/dags/erp_to_minio_bronze_dag.py
[2025-11-13T02:48:19.786+0000] {processor.py:840} INFO - DAG(s) 'erp_to_minio_bronze' retrieved from /opt/airflow/dags/erp_to_minio_bronze_dag.py
[2025-11-13T02:48:19.799+0000] {logging_mixin.py:188} INFO - [2025-11-13T02:48:19.799+0000] {dag.py:3036} INFO - Sync 1 DAGs
[2025-11-13T02:48:19.810+0000] {logging_mixin.py:188} INFO - [2025-11-13T02:48:19.810+0000] {dag.py:3823} INFO - Setting next_dagrun for erp_to_minio_bronze to 2025-11-13 00:00:00+00:00, run_after=2025-11-13 06:00:00+00:00
[2025-11-13T02:48:19.828+0000] {processor.py:183} INFO - Processing /opt/airflow/dags/erp_to_minio_bronze_dag.py took 0.105 seconds
[2025-11-13T02:48:49.988+0000] {processor.py:161} INFO - Started process (PID=14655) to work on /opt/airflow/dags/erp_to_minio_bronze_dag.py
[2025-11-13T02:48:49.990+0000] {processor.py:830} INFO - Processing file /opt/airflow/dags/erp_to_minio_bronze_dag.py for tasks to queue
[2025-11-13T02:48:49.991+0000] {logging_mixin.py:188} INFO - [2025-11-13T02:48:49.990+0000] {dagbag.py:538} INFO - Filling up the DagBag from /opt/airflow/dags/erp_to_minio_bronze_dag.py
[2025-11-13T02:48:50.053+0000] {processor.py:840} INFO - DAG(s) 'erp_to_minio_bronze' retrieved from /opt/airflow/dags/erp_to_minio_bronze_dag.py
[2025-11-13T02:48:50.067+0000] {logging_mixin.py:188} INFO - [2025-11-13T02:48:50.067+0000] {dag.py:3036} INFO - Sync 1 DAGs
[2025-11-13T02:48:50.080+0000] {logging_mixin.py:188} INFO - [2025-11-13T02:48:50.079+0000] {dag.py:3823} INFO - Setting next_dagrun for erp_to_minio_bronze to 2025-11-13 00:00:00+00:00, run_after=2025-11-13 06:00:00+00:00
[2025-11-13T02:48:50.094+0000] {processor.py:183} INFO - Processing /opt/airflow/dags/erp_to_minio_bronze_dag.py took 0.107 seconds
[2025-11-13T02:49:20.254+0000] {processor.py:161} INFO - Started process (PID=14664) to work on /opt/airflow/dags/erp_to_minio_bronze_dag.py
[2025-11-13T02:49:20.256+0000] {processor.py:830} INFO - Processing file /opt/airflow/dags/erp_to_minio_bronze_dag.py for tasks to queue
[2025-11-13T02:49:20.257+0000] {logging_mixin.py:188} INFO - [2025-11-13T02:49:20.257+0000] {dagbag.py:538} INFO - Filling up the DagBag from /opt/airflow/dags/erp_to_minio_bronze_dag.py
[2025-11-13T02:49:20.325+0000] {processor.py:840} INFO - DAG(s) 'erp_to_minio_bronze' retrieved from /opt/airflow/dags/erp_to_minio_bronze_dag.py
[2025-11-13T02:49:20.338+0000] {logging_mixin.py:188} INFO - [2025-11-13T02:49:20.338+0000] {dag.py:3036} INFO - Sync 1 DAGs
[2025-11-13T02:49:20.351+0000] {logging_mixin.py:188} INFO - [2025-11-13T02:49:20.351+0000] {dag.py:3823} INFO - Setting next_dagrun for erp_to_minio_bronze to 2025-11-13 00:00:00+00:00, run_after=2025-11-13 06:00:00+00:00
[2025-11-13T02:49:20.369+0000] {processor.py:183} INFO - Processing /opt/airflow/dags/erp_to_minio_bronze_dag.py took 0.116 seconds
[2025-11-13T02:49:50.514+0000] {processor.py:161} INFO - Started process (PID=14666) to work on /opt/airflow/dags/erp_to_minio_bronze_dag.py
[2025-11-13T02:49:50.516+0000] {processor.py:830} INFO - Processing file /opt/airflow/dags/erp_to_minio_bronze_dag.py for tasks to queue
[2025-11-13T02:49:50.516+0000] {logging_mixin.py:188} INFO - [2025-11-13T02:49:50.516+0000] {dagbag.py:538} INFO - Filling up the DagBag from /opt/airflow/dags/erp_to_minio_bronze_dag.py
[2025-11-13T02:49:50.575+0000] {processor.py:840} INFO - DAG(s) 'erp_to_minio_bronze' retrieved from /opt/airflow/dags/erp_to_minio_bronze_dag.py
[2025-11-13T02:49:50.590+0000] {logging_mixin.py:188} INFO - [2025-11-13T02:49:50.590+0000] {dag.py:3036} INFO - Sync 1 DAGs
[2025-11-13T02:49:50.601+0000] {logging_mixin.py:188} INFO - [2025-11-13T02:49:50.601+0000] {dag.py:3823} INFO - Setting next_dagrun for erp_to_minio_bronze to 2025-11-13 00:00:00+00:00, run_after=2025-11-13 06:00:00+00:00
[2025-11-13T02:49:50.617+0000] {processor.py:183} INFO - Processing /opt/airflow/dags/erp_to_minio_bronze_dag.py took 0.105 seconds
[2025-11-13T02:50:20.771+0000] {processor.py:161} INFO - Started process (PID=14675) to work on /opt/airflow/dags/erp_to_minio_bronze_dag.py
[2025-11-13T02:50:20.772+0000] {processor.py:830} INFO - Processing file /opt/airflow/dags/erp_to_minio_bronze_dag.py for tasks to queue
[2025-11-13T02:50:20.773+0000] {logging_mixin.py:188} INFO - [2025-11-13T02:50:20.773+0000] {dagbag.py:538} INFO - Filling up the DagBag from /opt/airflow/dags/erp_to_minio_bronze_dag.py
[2025-11-13T02:50:20.834+0000] {processor.py:840} INFO - DAG(s) 'erp_to_minio_bronze' retrieved from /opt/airflow/dags/erp_to_minio_bronze_dag.py
[2025-11-13T02:50:20.847+0000] {logging_mixin.py:188} INFO - [2025-11-13T02:50:20.847+0000] {dag.py:3036} INFO - Sync 1 DAGs
[2025-11-13T02:50:20.860+0000] {logging_mixin.py:188} INFO - [2025-11-13T02:50:20.860+0000] {dag.py:3823} INFO - Setting next_dagrun for erp_to_minio_bronze to 2025-11-13 00:00:00+00:00, run_after=2025-11-13 06:00:00+00:00
[2025-11-13T02:50:20.875+0000] {processor.py:183} INFO - Processing /opt/airflow/dags/erp_to_minio_bronze_dag.py took 0.106 seconds
[2025-11-13T02:50:51.038+0000] {processor.py:161} INFO - Started process (PID=14677) to work on /opt/airflow/dags/erp_to_minio_bronze_dag.py
[2025-11-13T02:50:51.040+0000] {processor.py:830} INFO - Processing file /opt/airflow/dags/erp_to_minio_bronze_dag.py for tasks to queue
[2025-11-13T02:50:51.040+0000] {logging_mixin.py:188} INFO - [2025-11-13T02:50:51.040+0000] {dagbag.py:538} INFO - Filling up the DagBag from /opt/airflow/dags/erp_to_minio_bronze_dag.py
[2025-11-13T02:50:51.100+0000] {processor.py:840} INFO - DAG(s) 'erp_to_minio_bronze' retrieved from /opt/airflow/dags/erp_to_minio_bronze_dag.py
[2025-11-13T02:50:51.111+0000] {logging_mixin.py:188} INFO - [2025-11-13T02:50:51.111+0000] {dag.py:3036} INFO - Sync 1 DAGs
[2025-11-13T02:50:51.122+0000] {logging_mixin.py:188} INFO - [2025-11-13T02:50:51.122+0000] {dag.py:3823} INFO - Setting next_dagrun for erp_to_minio_bronze to 2025-11-13 00:00:00+00:00, run_after=2025-11-13 06:00:00+00:00
[2025-11-13T02:50:51.138+0000] {processor.py:183} INFO - Processing /opt/airflow/dags/erp_to_minio_bronze_dag.py took 0.102 seconds
[2025-11-13T02:51:21.311+0000] {processor.py:161} INFO - Started process (PID=14679) to work on /opt/airflow/dags/erp_to_minio_bronze_dag.py
[2025-11-13T02:51:21.312+0000] {processor.py:830} INFO - Processing file /opt/airflow/dags/erp_to_minio_bronze_dag.py for tasks to queue
[2025-11-13T02:51:21.314+0000] {logging_mixin.py:188} INFO - [2025-11-13T02:51:21.314+0000] {dagbag.py:538} INFO - Filling up the DagBag from /opt/airflow/dags/erp_to_minio_bronze_dag.py
[2025-11-13T02:51:21.387+0000] {processor.py:840} INFO - DAG(s) 'erp_to_minio_bronze' retrieved from /opt/airflow/dags/erp_to_minio_bronze_dag.py
[2025-11-13T02:51:21.402+0000] {logging_mixin.py:188} INFO - [2025-11-13T02:51:21.402+0000] {dag.py:3036} INFO - Sync 1 DAGs
[2025-11-13T02:51:21.413+0000] {logging_mixin.py:188} INFO - [2025-11-13T02:51:21.413+0000] {dag.py:3823} INFO - Setting next_dagrun for erp_to_minio_bronze to 2025-11-13 00:00:00+00:00, run_after=2025-11-13 06:00:00+00:00
[2025-11-13T02:51:21.430+0000] {processor.py:183} INFO - Processing /opt/airflow/dags/erp_to_minio_bronze_dag.py took 0.122 seconds
[2025-11-13T02:51:51.559+0000] {processor.py:161} INFO - Started process (PID=14681) to work on /opt/airflow/dags/erp_to_minio_bronze_dag.py
[2025-11-13T02:51:51.560+0000] {processor.py:830} INFO - Processing file /opt/airflow/dags/erp_to_minio_bronze_dag.py for tasks to queue
[2025-11-13T02:51:51.561+0000] {logging_mixin.py:188} INFO - [2025-11-13T02:51:51.561+0000] {dagbag.py:538} INFO - Filling up the DagBag from /opt/airflow/dags/erp_to_minio_bronze_dag.py
[2025-11-13T02:51:51.617+0000] {processor.py:840} INFO - DAG(s) 'erp_to_minio_bronze' retrieved from /opt/airflow/dags/erp_to_minio_bronze_dag.py
[2025-11-13T02:51:51.629+0000] {logging_mixin.py:188} INFO - [2025-11-13T02:51:51.629+0000] {dag.py:3036} INFO - Sync 1 DAGs
[2025-11-13T02:51:51.640+0000] {logging_mixin.py:188} INFO - [2025-11-13T02:51:51.640+0000] {dag.py:3823} INFO - Setting next_dagrun for erp_to_minio_bronze to 2025-11-13 00:00:00+00:00, run_after=2025-11-13 06:00:00+00:00
[2025-11-13T02:51:51.653+0000] {processor.py:183} INFO - Processing /opt/airflow/dags/erp_to_minio_bronze_dag.py took 0.096 seconds
[2025-11-13T02:52:21.818+0000] {processor.py:161} INFO - Started process (PID=14683) to work on /opt/airflow/dags/erp_to_minio_bronze_dag.py
[2025-11-13T02:52:21.819+0000] {processor.py:830} INFO - Processing file /opt/airflow/dags/erp_to_minio_bronze_dag.py for tasks to queue
[2025-11-13T02:52:21.820+0000] {logging_mixin.py:188} INFO - [2025-11-13T02:52:21.820+0000] {dagbag.py:538} INFO - Filling up the DagBag from /opt/airflow/dags/erp_to_minio_bronze_dag.py
[2025-11-13T02:52:21.899+0000] {processor.py:840} INFO - DAG(s) 'erp_to_minio_bronze' retrieved from /opt/airflow/dags/erp_to_minio_bronze_dag.py
[2025-11-13T02:52:21.915+0000] {logging_mixin.py:188} INFO - [2025-11-13T02:52:21.915+0000] {dag.py:3036} INFO - Sync 1 DAGs
[2025-11-13T02:52:21.931+0000] {logging_mixin.py:188} INFO - [2025-11-13T02:52:21.931+0000] {dag.py:3823} INFO - Setting next_dagrun for erp_to_minio_bronze to 2025-11-13 00:00:00+00:00, run_after=2025-11-13 06:00:00+00:00
[2025-11-13T02:52:21.952+0000] {processor.py:183} INFO - Processing /opt/airflow/dags/erp_to_minio_bronze_dag.py took 0.137 seconds
[2025-11-13T02:52:52.091+0000] {processor.py:161} INFO - Started process (PID=14685) to work on /opt/airflow/dags/erp_to_minio_bronze_dag.py
[2025-11-13T02:52:52.093+0000] {processor.py:830} INFO - Processing file /opt/airflow/dags/erp_to_minio_bronze_dag.py for tasks to queue
[2025-11-13T02:52:52.094+0000] {logging_mixin.py:188} INFO - [2025-11-13T02:52:52.094+0000] {dagbag.py:538} INFO - Filling up the DagBag from /opt/airflow/dags/erp_to_minio_bronze_dag.py
[2025-11-13T02:52:52.156+0000] {processor.py:840} INFO - DAG(s) 'erp_to_minio_bronze' retrieved from /opt/airflow/dags/erp_to_minio_bronze_dag.py
[2025-11-13T02:52:52.173+0000] {logging_mixin.py:188} INFO - [2025-11-13T02:52:52.173+0000] {dag.py:3036} INFO - Sync 1 DAGs
[2025-11-13T02:52:52.186+0000] {logging_mixin.py:188} INFO - [2025-11-13T02:52:52.185+0000] {dag.py:3823} INFO - Setting next_dagrun for erp_to_minio_bronze to 2025-11-13 00:00:00+00:00, run_after=2025-11-13 06:00:00+00:00
[2025-11-13T02:52:52.201+0000] {processor.py:183} INFO - Processing /opt/airflow/dags/erp_to_minio_bronze_dag.py took 0.112 seconds
[2025-11-13T02:53:22.355+0000] {processor.py:161} INFO - Started process (PID=14687) to work on /opt/airflow/dags/erp_to_minio_bronze_dag.py
[2025-11-13T02:53:22.357+0000] {processor.py:830} INFO - Processing file /opt/airflow/dags/erp_to_minio_bronze_dag.py for tasks to queue
[2025-11-13T02:53:22.358+0000] {logging_mixin.py:188} INFO - [2025-11-13T02:53:22.357+0000] {dagbag.py:538} INFO - Filling up the DagBag from /opt/airflow/dags/erp_to_minio_bronze_dag.py
[2025-11-13T02:53:22.415+0000] {processor.py:840} INFO - DAG(s) 'erp_to_minio_bronze' retrieved from /opt/airflow/dags/erp_to_minio_bronze_dag.py
[2025-11-13T02:53:22.428+0000] {logging_mixin.py:188} INFO - [2025-11-13T02:53:22.428+0000] {dag.py:3036} INFO - Sync 1 DAGs
[2025-11-13T02:53:22.438+0000] {logging_mixin.py:188} INFO - [2025-11-13T02:53:22.438+0000] {dag.py:3823} INFO - Setting next_dagrun for erp_to_minio_bronze to 2025-11-13 00:00:00+00:00, run_after=2025-11-13 06:00:00+00:00
[2025-11-13T02:53:22.453+0000] {processor.py:183} INFO - Processing /opt/airflow/dags/erp_to_minio_bronze_dag.py took 0.100 seconds
[2025-11-13T02:53:52.610+0000] {processor.py:161} INFO - Started process (PID=14689) to work on /opt/airflow/dags/erp_to_minio_bronze_dag.py
[2025-11-13T02:53:52.611+0000] {processor.py:830} INFO - Processing file /opt/airflow/dags/erp_to_minio_bronze_dag.py for tasks to queue
[2025-11-13T02:53:52.612+0000] {logging_mixin.py:188} INFO - [2025-11-13T02:53:52.611+0000] {dagbag.py:538} INFO - Filling up the DagBag from /opt/airflow/dags/erp_to_minio_bronze_dag.py
[2025-11-13T02:53:52.669+0000] {processor.py:840} INFO - DAG(s) 'erp_to_minio_bronze' retrieved from /opt/airflow/dags/erp_to_minio_bronze_dag.py
[2025-11-13T02:53:52.683+0000] {logging_mixin.py:188} INFO - [2025-11-13T02:53:52.683+0000] {dag.py:3036} INFO - Sync 1 DAGs
[2025-11-13T02:53:52.695+0000] {logging_mixin.py:188} INFO - [2025-11-13T02:53:52.695+0000] {dag.py:3823} INFO - Setting next_dagrun for erp_to_minio_bronze to 2025-11-13 00:00:00+00:00, run_after=2025-11-13 06:00:00+00:00
[2025-11-13T02:53:52.712+0000] {processor.py:183} INFO - Processing /opt/airflow/dags/erp_to_minio_bronze_dag.py took 0.104 seconds
[2025-11-13T02:54:22.873+0000] {processor.py:161} INFO - Started process (PID=14691) to work on /opt/airflow/dags/erp_to_minio_bronze_dag.py
[2025-11-13T02:54:22.875+0000] {processor.py:830} INFO - Processing file /opt/airflow/dags/erp_to_minio_bronze_dag.py for tasks to queue
[2025-11-13T02:54:22.876+0000] {logging_mixin.py:188} INFO - [2025-11-13T02:54:22.875+0000] {dagbag.py:538} INFO - Filling up the DagBag from /opt/airflow/dags/erp_to_minio_bronze_dag.py
[2025-11-13T02:54:22.936+0000] {processor.py:840} INFO - DAG(s) 'erp_to_minio_bronze' retrieved from /opt/airflow/dags/erp_to_minio_bronze_dag.py
[2025-11-13T02:54:22.950+0000] {logging_mixin.py:188} INFO - [2025-11-13T02:54:22.950+0000] {dag.py:3036} INFO - Sync 1 DAGs
[2025-11-13T02:54:22.963+0000] {logging_mixin.py:188} INFO - [2025-11-13T02:54:22.963+0000] {dag.py:3823} INFO - Setting next_dagrun for erp_to_minio_bronze to 2025-11-13 00:00:00+00:00, run_after=2025-11-13 06:00:00+00:00
[2025-11-13T02:54:22.983+0000] {processor.py:183} INFO - Processing /opt/airflow/dags/erp_to_minio_bronze_dag.py took 0.112 seconds
[2025-11-13T02:54:53.138+0000] {processor.py:161} INFO - Started process (PID=14693) to work on /opt/airflow/dags/erp_to_minio_bronze_dag.py
[2025-11-13T02:54:53.140+0000] {processor.py:830} INFO - Processing file /opt/airflow/dags/erp_to_minio_bronze_dag.py for tasks to queue
[2025-11-13T02:54:53.141+0000] {logging_mixin.py:188} INFO - [2025-11-13T02:54:53.141+0000] {dagbag.py:538} INFO - Filling up the DagBag from /opt/airflow/dags/erp_to_minio_bronze_dag.py
[2025-11-13T02:54:53.236+0000] {processor.py:840} INFO - DAG(s) 'erp_to_minio_bronze' retrieved from /opt/airflow/dags/erp_to_minio_bronze_dag.py
[2025-11-13T02:54:53.264+0000] {logging_mixin.py:188} INFO - [2025-11-13T02:54:53.263+0000] {dag.py:3036} INFO - Sync 1 DAGs
[2025-11-13T02:54:53.282+0000] {logging_mixin.py:188} INFO - [2025-11-13T02:54:53.282+0000] {dag.py:3823} INFO - Setting next_dagrun for erp_to_minio_bronze to 2025-11-13 00:00:00+00:00, run_after=2025-11-13 06:00:00+00:00
[2025-11-13T02:54:53.306+0000] {processor.py:183} INFO - Processing /opt/airflow/dags/erp_to_minio_bronze_dag.py took 0.172 seconds
[2025-11-13T02:55:23.406+0000] {processor.py:161} INFO - Started process (PID=14695) to work on /opt/airflow/dags/erp_to_minio_bronze_dag.py
[2025-11-13T02:55:23.407+0000] {processor.py:830} INFO - Processing file /opt/airflow/dags/erp_to_minio_bronze_dag.py for tasks to queue
[2025-11-13T02:55:23.408+0000] {logging_mixin.py:188} INFO - [2025-11-13T02:55:23.408+0000] {dagbag.py:538} INFO - Filling up the DagBag from /opt/airflow/dags/erp_to_minio_bronze_dag.py
[2025-11-13T02:55:23.478+0000] {processor.py:840} INFO - DAG(s) 'erp_to_minio_bronze' retrieved from /opt/airflow/dags/erp_to_minio_bronze_dag.py
[2025-11-13T02:55:23.494+0000] {logging_mixin.py:188} INFO - [2025-11-13T02:55:23.494+0000] {dag.py:3036} INFO - Sync 1 DAGs
[2025-11-13T02:55:23.509+0000] {logging_mixin.py:188} INFO - [2025-11-13T02:55:23.508+0000] {dag.py:3823} INFO - Setting next_dagrun for erp_to_minio_bronze to 2025-11-13 00:00:00+00:00, run_after=2025-11-13 06:00:00+00:00
[2025-11-13T02:55:23.526+0000] {processor.py:183} INFO - Processing /opt/airflow/dags/erp_to_minio_bronze_dag.py took 0.122 seconds
[2025-11-13T02:55:53.676+0000] {processor.py:161} INFO - Started process (PID=14697) to work on /opt/airflow/dags/erp_to_minio_bronze_dag.py
[2025-11-13T02:55:53.677+0000] {processor.py:830} INFO - Processing file /opt/airflow/dags/erp_to_minio_bronze_dag.py for tasks to queue
[2025-11-13T02:55:53.679+0000] {logging_mixin.py:188} INFO - [2025-11-13T02:55:53.679+0000] {dagbag.py:538} INFO - Filling up the DagBag from /opt/airflow/dags/erp_to_minio_bronze_dag.py
[2025-11-13T02:55:53.733+0000] {processor.py:840} INFO - DAG(s) 'erp_to_minio_bronze' retrieved from /opt/airflow/dags/erp_to_minio_bronze_dag.py
[2025-11-13T02:55:53.747+0000] {logging_mixin.py:188} INFO - [2025-11-13T02:55:53.747+0000] {dag.py:3036} INFO - Sync 1 DAGs
[2025-11-13T02:55:53.760+0000] {logging_mixin.py:188} INFO - [2025-11-13T02:55:53.759+0000] {dag.py:3823} INFO - Setting next_dagrun for erp_to_minio_bronze to 2025-11-13 00:00:00+00:00, run_after=2025-11-13 06:00:00+00:00
[2025-11-13T02:55:53.778+0000] {processor.py:183} INFO - Processing /opt/airflow/dags/erp_to_minio_bronze_dag.py took 0.103 seconds
[2025-11-13T02:56:23.934+0000] {processor.py:161} INFO - Started process (PID=14699) to work on /opt/airflow/dags/erp_to_minio_bronze_dag.py
[2025-11-13T02:56:23.935+0000] {processor.py:830} INFO - Processing file /opt/airflow/dags/erp_to_minio_bronze_dag.py for tasks to queue
[2025-11-13T02:56:23.937+0000] {logging_mixin.py:188} INFO - [2025-11-13T02:56:23.936+0000] {dagbag.py:538} INFO - Filling up the DagBag from /opt/airflow/dags/erp_to_minio_bronze_dag.py
[2025-11-13T02:56:23.993+0000] {processor.py:840} INFO - DAG(s) 'erp_to_minio_bronze' retrieved from /opt/airflow/dags/erp_to_minio_bronze_dag.py
[2025-11-13T02:56:24.006+0000] {logging_mixin.py:188} INFO - [2025-11-13T02:56:24.006+0000] {dag.py:3036} INFO - Sync 1 DAGs
[2025-11-13T02:56:24.018+0000] {logging_mixin.py:188} INFO - [2025-11-13T02:56:24.018+0000] {dag.py:3823} INFO - Setting next_dagrun for erp_to_minio_bronze to 2025-11-13 00:00:00+00:00, run_after=2025-11-13 06:00:00+00:00
[2025-11-13T02:56:24.034+0000] {processor.py:183} INFO - Processing /opt/airflow/dags/erp_to_minio_bronze_dag.py took 0.102 seconds
[2025-11-13T02:56:54.192+0000] {processor.py:161} INFO - Started process (PID=14701) to work on /opt/airflow/dags/erp_to_minio_bronze_dag.py
[2025-11-13T02:56:54.193+0000] {processor.py:830} INFO - Processing file /opt/airflow/dags/erp_to_minio_bronze_dag.py for tasks to queue
[2025-11-13T02:56:54.194+0000] {logging_mixin.py:188} INFO - [2025-11-13T02:56:54.194+0000] {dagbag.py:538} INFO - Filling up the DagBag from /opt/airflow/dags/erp_to_minio_bronze_dag.py
[2025-11-13T02:56:54.251+0000] {processor.py:840} INFO - DAG(s) 'erp_to_minio_bronze' retrieved from /opt/airflow/dags/erp_to_minio_bronze_dag.py
[2025-11-13T02:56:54.263+0000] {logging_mixin.py:188} INFO - [2025-11-13T02:56:54.263+0000] {dag.py:3036} INFO - Sync 1 DAGs
[2025-11-13T02:56:54.278+0000] {logging_mixin.py:188} INFO - [2025-11-13T02:56:54.278+0000] {dag.py:3823} INFO - Setting next_dagrun for erp_to_minio_bronze to 2025-11-13 00:00:00+00:00, run_after=2025-11-13 06:00:00+00:00
[2025-11-13T02:56:54.294+0000] {processor.py:183} INFO - Processing /opt/airflow/dags/erp_to_minio_bronze_dag.py took 0.104 seconds
[2025-11-13T02:57:24.444+0000] {processor.py:161} INFO - Started process (PID=14703) to work on /opt/airflow/dags/erp_to_minio_bronze_dag.py
[2025-11-13T02:57:24.445+0000] {processor.py:830} INFO - Processing file /opt/airflow/dags/erp_to_minio_bronze_dag.py for tasks to queue
[2025-11-13T02:57:24.446+0000] {logging_mixin.py:188} INFO - [2025-11-13T02:57:24.446+0000] {dagbag.py:538} INFO - Filling up the DagBag from /opt/airflow/dags/erp_to_minio_bronze_dag.py
[2025-11-13T02:57:24.501+0000] {processor.py:840} INFO - DAG(s) 'erp_to_minio_bronze' retrieved from /opt/airflow/dags/erp_to_minio_bronze_dag.py
[2025-11-13T02:57:24.514+0000] {logging_mixin.py:188} INFO - [2025-11-13T02:57:24.513+0000] {dag.py:3036} INFO - Sync 1 DAGs
[2025-11-13T02:57:24.525+0000] {logging_mixin.py:188} INFO - [2025-11-13T02:57:24.525+0000] {dag.py:3823} INFO - Setting next_dagrun for erp_to_minio_bronze to 2025-11-13 00:00:00+00:00, run_after=2025-11-13 06:00:00+00:00
[2025-11-13T02:57:24.539+0000] {processor.py:183} INFO - Processing /opt/airflow/dags/erp_to_minio_bronze_dag.py took 0.096 seconds
[2025-11-13T02:57:54.710+0000] {processor.py:161} INFO - Started process (PID=14705) to work on /opt/airflow/dags/erp_to_minio_bronze_dag.py
[2025-11-13T02:57:54.711+0000] {processor.py:830} INFO - Processing file /opt/airflow/dags/erp_to_minio_bronze_dag.py for tasks to queue
[2025-11-13T02:57:54.713+0000] {logging_mixin.py:188} INFO - [2025-11-13T02:57:54.712+0000] {dagbag.py:538} INFO - Filling up the DagBag from /opt/airflow/dags/erp_to_minio_bronze_dag.py
[2025-11-13T02:57:54.777+0000] {processor.py:840} INFO - DAG(s) 'erp_to_minio_bronze' retrieved from /opt/airflow/dags/erp_to_minio_bronze_dag.py
[2025-11-13T02:57:54.788+0000] {logging_mixin.py:188} INFO - [2025-11-13T02:57:54.788+0000] {dag.py:3036} INFO - Sync 1 DAGs
[2025-11-13T02:57:54.802+0000] {logging_mixin.py:188} INFO - [2025-11-13T02:57:54.802+0000] {dag.py:3823} INFO - Setting next_dagrun for erp_to_minio_bronze to 2025-11-13 00:00:00+00:00, run_after=2025-11-13 06:00:00+00:00
[2025-11-13T02:57:54.819+0000] {processor.py:183} INFO - Processing /opt/airflow/dags/erp_to_minio_bronze_dag.py took 0.111 seconds
[2025-11-13T02:58:24.970+0000] {processor.py:161} INFO - Started process (PID=14707) to work on /opt/airflow/dags/erp_to_minio_bronze_dag.py
[2025-11-13T02:58:24.971+0000] {processor.py:830} INFO - Processing file /opt/airflow/dags/erp_to_minio_bronze_dag.py for tasks to queue
[2025-11-13T02:58:24.973+0000] {logging_mixin.py:188} INFO - [2025-11-13T02:58:24.972+0000] {dagbag.py:538} INFO - Filling up the DagBag from /opt/airflow/dags/erp_to_minio_bronze_dag.py
[2025-11-13T02:58:25.032+0000] {processor.py:840} INFO - DAG(s) 'erp_to_minio_bronze' retrieved from /opt/airflow/dags/erp_to_minio_bronze_dag.py
[2025-11-13T02:58:25.047+0000] {logging_mixin.py:188} INFO - [2025-11-13T02:58:25.047+0000] {dag.py:3036} INFO - Sync 1 DAGs
[2025-11-13T02:58:25.059+0000] {logging_mixin.py:188} INFO - [2025-11-13T02:58:25.059+0000] {dag.py:3823} INFO - Setting next_dagrun for erp_to_minio_bronze to 2025-11-13 00:00:00+00:00, run_after=2025-11-13 06:00:00+00:00
[2025-11-13T02:58:25.077+0000] {processor.py:183} INFO - Processing /opt/airflow/dags/erp_to_minio_bronze_dag.py took 0.110 seconds
[2025-11-13T02:58:55.233+0000] {processor.py:161} INFO - Started process (PID=14709) to work on /opt/airflow/dags/erp_to_minio_bronze_dag.py
[2025-11-13T02:58:55.234+0000] {processor.py:830} INFO - Processing file /opt/airflow/dags/erp_to_minio_bronze_dag.py for tasks to queue
[2025-11-13T02:58:55.235+0000] {logging_mixin.py:188} INFO - [2025-11-13T02:58:55.235+0000] {dagbag.py:538} INFO - Filling up the DagBag from /opt/airflow/dags/erp_to_minio_bronze_dag.py
[2025-11-13T02:58:55.288+0000] {processor.py:840} INFO - DAG(s) 'erp_to_minio_bronze' retrieved from /opt/airflow/dags/erp_to_minio_bronze_dag.py
[2025-11-13T02:58:55.299+0000] {logging_mixin.py:188} INFO - [2025-11-13T02:58:55.299+0000] {dag.py:3036} INFO - Sync 1 DAGs
[2025-11-13T02:58:55.309+0000] {logging_mixin.py:188} INFO - [2025-11-13T02:58:55.309+0000] {dag.py:3823} INFO - Setting next_dagrun for erp_to_minio_bronze to 2025-11-13 00:00:00+00:00, run_after=2025-11-13 06:00:00+00:00
[2025-11-13T02:58:55.322+0000] {processor.py:183} INFO - Processing /opt/airflow/dags/erp_to_minio_bronze_dag.py took 0.091 seconds
[2025-11-13T02:59:25.515+0000] {processor.py:161} INFO - Started process (PID=14711) to work on /opt/airflow/dags/erp_to_minio_bronze_dag.py
[2025-11-13T02:59:25.516+0000] {processor.py:830} INFO - Processing file /opt/airflow/dags/erp_to_minio_bronze_dag.py for tasks to queue
[2025-11-13T02:59:25.517+0000] {logging_mixin.py:188} INFO - [2025-11-13T02:59:25.517+0000] {dagbag.py:538} INFO - Filling up the DagBag from /opt/airflow/dags/erp_to_minio_bronze_dag.py
[2025-11-13T02:59:25.574+0000] {processor.py:840} INFO - DAG(s) 'erp_to_minio_bronze' retrieved from /opt/airflow/dags/erp_to_minio_bronze_dag.py
[2025-11-13T02:59:25.585+0000] {logging_mixin.py:188} INFO - [2025-11-13T02:59:25.585+0000] {dag.py:3036} INFO - Sync 1 DAGs
[2025-11-13T02:59:25.595+0000] {logging_mixin.py:188} INFO - [2025-11-13T02:59:25.595+0000] {dag.py:3823} INFO - Setting next_dagrun for erp_to_minio_bronze to 2025-11-13 00:00:00+00:00, run_after=2025-11-13 06:00:00+00:00
[2025-11-13T02:59:25.610+0000] {processor.py:183} INFO - Processing /opt/airflow/dags/erp_to_minio_bronze_dag.py took 0.098 seconds
[2025-11-13T02:59:55.779+0000] {processor.py:161} INFO - Started process (PID=14713) to work on /opt/airflow/dags/erp_to_minio_bronze_dag.py
[2025-11-13T02:59:55.780+0000] {processor.py:830} INFO - Processing file /opt/airflow/dags/erp_to_minio_bronze_dag.py for tasks to queue
[2025-11-13T02:59:55.781+0000] {logging_mixin.py:188} INFO - [2025-11-13T02:59:55.781+0000] {dagbag.py:538} INFO - Filling up the DagBag from /opt/airflow/dags/erp_to_minio_bronze_dag.py
[2025-11-13T02:59:55.834+0000] {processor.py:840} INFO - DAG(s) 'erp_to_minio_bronze' retrieved from /opt/airflow/dags/erp_to_minio_bronze_dag.py
[2025-11-13T02:59:55.845+0000] {logging_mixin.py:188} INFO - [2025-11-13T02:59:55.845+0000] {dag.py:3036} INFO - Sync 1 DAGs
[2025-11-13T02:59:55.855+0000] {logging_mixin.py:188} INFO - [2025-11-13T02:59:55.855+0000] {dag.py:3823} INFO - Setting next_dagrun for erp_to_minio_bronze to 2025-11-13 00:00:00+00:00, run_after=2025-11-13 06:00:00+00:00
[2025-11-13T02:59:55.869+0000] {processor.py:183} INFO - Processing /opt/airflow/dags/erp_to_minio_bronze_dag.py took 0.092 seconds
[2025-11-13T03:00:26.046+0000] {processor.py:161} INFO - Started process (PID=14715) to work on /opt/airflow/dags/erp_to_minio_bronze_dag.py
[2025-11-13T03:00:26.047+0000] {processor.py:830} INFO - Processing file /opt/airflow/dags/erp_to_minio_bronze_dag.py for tasks to queue
[2025-11-13T03:00:26.048+0000] {logging_mixin.py:188} INFO - [2025-11-13T03:00:26.048+0000] {dagbag.py:538} INFO - Filling up the DagBag from /opt/airflow/dags/erp_to_minio_bronze_dag.py
[2025-11-13T03:00:26.103+0000] {processor.py:840} INFO - DAG(s) 'erp_to_minio_bronze' retrieved from /opt/airflow/dags/erp_to_minio_bronze_dag.py
[2025-11-13T03:00:26.114+0000] {logging_mixin.py:188} INFO - [2025-11-13T03:00:26.114+0000] {dag.py:3036} INFO - Sync 1 DAGs
[2025-11-13T03:00:26.124+0000] {logging_mixin.py:188} INFO - [2025-11-13T03:00:26.123+0000] {dag.py:3823} INFO - Setting next_dagrun for erp_to_minio_bronze to 2025-11-13 00:00:00+00:00, run_after=2025-11-13 06:00:00+00:00
[2025-11-13T03:00:26.140+0000] {processor.py:183} INFO - Processing /opt/airflow/dags/erp_to_minio_bronze_dag.py took 0.096 seconds
[2025-11-13T03:00:56.313+0000] {processor.py:161} INFO - Started process (PID=14717) to work on /opt/airflow/dags/erp_to_minio_bronze_dag.py
[2025-11-13T03:00:56.314+0000] {processor.py:830} INFO - Processing file /opt/airflow/dags/erp_to_minio_bronze_dag.py for tasks to queue
[2025-11-13T03:00:56.315+0000] {logging_mixin.py:188} INFO - [2025-11-13T03:00:56.315+0000] {dagbag.py:538} INFO - Filling up the DagBag from /opt/airflow/dags/erp_to_minio_bronze_dag.py
[2025-11-13T03:00:56.365+0000] {processor.py:840} INFO - DAG(s) 'erp_to_minio_bronze' retrieved from /opt/airflow/dags/erp_to_minio_bronze_dag.py
[2025-11-13T03:00:56.376+0000] {logging_mixin.py:188} INFO - [2025-11-13T03:00:56.376+0000] {dag.py:3036} INFO - Sync 1 DAGs
[2025-11-13T03:00:56.385+0000] {logging_mixin.py:188} INFO - [2025-11-13T03:00:56.385+0000] {dag.py:3823} INFO - Setting next_dagrun for erp_to_minio_bronze to 2025-11-13 00:00:00+00:00, run_after=2025-11-13 06:00:00+00:00
[2025-11-13T03:00:56.402+0000] {processor.py:183} INFO - Processing /opt/airflow/dags/erp_to_minio_bronze_dag.py took 0.091 seconds
[2025-11-13T03:01:26.585+0000] {processor.py:161} INFO - Started process (PID=14719) to work on /opt/airflow/dags/erp_to_minio_bronze_dag.py
[2025-11-13T03:01:26.586+0000] {processor.py:830} INFO - Processing file /opt/airflow/dags/erp_to_minio_bronze_dag.py for tasks to queue
[2025-11-13T03:01:26.588+0000] {logging_mixin.py:188} INFO - [2025-11-13T03:01:26.587+0000] {dagbag.py:538} INFO - Filling up the DagBag from /opt/airflow/dags/erp_to_minio_bronze_dag.py
[2025-11-13T03:01:26.645+0000] {processor.py:840} INFO - DAG(s) 'erp_to_minio_bronze' retrieved from /opt/airflow/dags/erp_to_minio_bronze_dag.py
[2025-11-13T03:01:26.656+0000] {logging_mixin.py:188} INFO - [2025-11-13T03:01:26.656+0000] {dag.py:3036} INFO - Sync 1 DAGs
[2025-11-13T03:01:26.666+0000] {logging_mixin.py:188} INFO - [2025-11-13T03:01:26.666+0000] {dag.py:3823} INFO - Setting next_dagrun for erp_to_minio_bronze to 2025-11-13 00:00:00+00:00, run_after=2025-11-13 06:00:00+00:00
[2025-11-13T03:01:26.679+0000] {processor.py:183} INFO - Processing /opt/airflow/dags/erp_to_minio_bronze_dag.py took 0.096 seconds
[2025-11-13T03:01:56.848+0000] {processor.py:161} INFO - Started process (PID=14721) to work on /opt/airflow/dags/erp_to_minio_bronze_dag.py
[2025-11-13T03:01:56.849+0000] {processor.py:830} INFO - Processing file /opt/airflow/dags/erp_to_minio_bronze_dag.py for tasks to queue
[2025-11-13T03:01:56.850+0000] {logging_mixin.py:188} INFO - [2025-11-13T03:01:56.850+0000] {dagbag.py:538} INFO - Filling up the DagBag from /opt/airflow/dags/erp_to_minio_bronze_dag.py
[2025-11-13T03:01:56.902+0000] {processor.py:840} INFO - DAG(s) 'erp_to_minio_bronze' retrieved from /opt/airflow/dags/erp_to_minio_bronze_dag.py
[2025-11-13T03:01:56.914+0000] {logging_mixin.py:188} INFO - [2025-11-13T03:01:56.914+0000] {dag.py:3036} INFO - Sync 1 DAGs
[2025-11-13T03:01:56.924+0000] {logging_mixin.py:188} INFO - [2025-11-13T03:01:56.924+0000] {dag.py:3823} INFO - Setting next_dagrun for erp_to_minio_bronze to 2025-11-13 00:00:00+00:00, run_after=2025-11-13 06:00:00+00:00
[2025-11-13T03:01:56.938+0000] {processor.py:183} INFO - Processing /opt/airflow/dags/erp_to_minio_bronze_dag.py took 0.092 seconds
[2025-11-13T03:02:27.114+0000] {processor.py:161} INFO - Started process (PID=14723) to work on /opt/airflow/dags/erp_to_minio_bronze_dag.py
[2025-11-13T03:02:27.115+0000] {processor.py:830} INFO - Processing file /opt/airflow/dags/erp_to_minio_bronze_dag.py for tasks to queue
[2025-11-13T03:02:27.116+0000] {logging_mixin.py:188} INFO - [2025-11-13T03:02:27.115+0000] {dagbag.py:538} INFO - Filling up the DagBag from /opt/airflow/dags/erp_to_minio_bronze_dag.py
[2025-11-13T03:02:27.200+0000] {processor.py:840} INFO - DAG(s) 'erp_to_minio_bronze' retrieved from /opt/airflow/dags/erp_to_minio_bronze_dag.py
[2025-11-13T03:02:27.213+0000] {logging_mixin.py:188} INFO - [2025-11-13T03:02:27.213+0000] {dag.py:3036} INFO - Sync 1 DAGs
[2025-11-13T03:02:27.224+0000] {logging_mixin.py:188} INFO - [2025-11-13T03:02:27.224+0000] {dag.py:3823} INFO - Setting next_dagrun for erp_to_minio_bronze to 2025-11-13 00:00:00+00:00, run_after=2025-11-13 06:00:00+00:00
[2025-11-13T03:02:27.239+0000] {processor.py:183} INFO - Processing /opt/airflow/dags/erp_to_minio_bronze_dag.py took 0.128 seconds
[2025-11-13T03:02:57.378+0000] {processor.py:161} INFO - Started process (PID=14725) to work on /opt/airflow/dags/erp_to_minio_bronze_dag.py
[2025-11-13T03:02:57.379+0000] {processor.py:830} INFO - Processing file /opt/airflow/dags/erp_to_minio_bronze_dag.py for tasks to queue
[2025-11-13T03:02:57.380+0000] {logging_mixin.py:188} INFO - [2025-11-13T03:02:57.380+0000] {dagbag.py:538} INFO - Filling up the DagBag from /opt/airflow/dags/erp_to_minio_bronze_dag.py
[2025-11-13T03:02:57.432+0000] {processor.py:840} INFO - DAG(s) 'erp_to_minio_bronze' retrieved from /opt/airflow/dags/erp_to_minio_bronze_dag.py
[2025-11-13T03:02:57.443+0000] {logging_mixin.py:188} INFO - [2025-11-13T03:02:57.443+0000] {dag.py:3036} INFO - Sync 1 DAGs
[2025-11-13T03:02:57.454+0000] {logging_mixin.py:188} INFO - [2025-11-13T03:02:57.454+0000] {dag.py:3823} INFO - Setting next_dagrun for erp_to_minio_bronze to 2025-11-13 00:00:00+00:00, run_after=2025-11-13 06:00:00+00:00
[2025-11-13T03:02:57.469+0000] {processor.py:183} INFO - Processing /opt/airflow/dags/erp_to_minio_bronze_dag.py took 0.093 seconds
[2025-11-13T03:03:27.662+0000] {processor.py:161} INFO - Started process (PID=14727) to work on /opt/airflow/dags/erp_to_minio_bronze_dag.py
[2025-11-13T03:03:27.663+0000] {processor.py:830} INFO - Processing file /opt/airflow/dags/erp_to_minio_bronze_dag.py for tasks to queue
[2025-11-13T03:03:27.665+0000] {logging_mixin.py:188} INFO - [2025-11-13T03:03:27.664+0000] {dagbag.py:538} INFO - Filling up the DagBag from /opt/airflow/dags/erp_to_minio_bronze_dag.py
[2025-11-13T03:03:27.724+0000] {processor.py:840} INFO - DAG(s) 'erp_to_minio_bronze' retrieved from /opt/airflow/dags/erp_to_minio_bronze_dag.py
[2025-11-13T03:03:27.736+0000] {logging_mixin.py:188} INFO - [2025-11-13T03:03:27.736+0000] {dag.py:3036} INFO - Sync 1 DAGs
[2025-11-13T03:03:27.745+0000] {logging_mixin.py:188} INFO - [2025-11-13T03:03:27.745+0000] {dag.py:3823} INFO - Setting next_dagrun for erp_to_minio_bronze to 2025-11-13 00:00:00+00:00, run_after=2025-11-13 06:00:00+00:00
[2025-11-13T03:03:27.760+0000] {processor.py:183} INFO - Processing /opt/airflow/dags/erp_to_minio_bronze_dag.py took 0.100 seconds
[2025-11-13T03:03:57.924+0000] {processor.py:161} INFO - Started process (PID=14729) to work on /opt/airflow/dags/erp_to_minio_bronze_dag.py
[2025-11-13T03:03:57.925+0000] {processor.py:830} INFO - Processing file /opt/airflow/dags/erp_to_minio_bronze_dag.py for tasks to queue
[2025-11-13T03:03:57.925+0000] {logging_mixin.py:188} INFO - [2025-11-13T03:03:57.925+0000] {dagbag.py:538} INFO - Filling up the DagBag from /opt/airflow/dags/erp_to_minio_bronze_dag.py
[2025-11-13T03:03:57.980+0000] {processor.py:840} INFO - DAG(s) 'erp_to_minio_bronze' retrieved from /opt/airflow/dags/erp_to_minio_bronze_dag.py
[2025-11-13T03:03:57.993+0000] {logging_mixin.py:188} INFO - [2025-11-13T03:03:57.992+0000] {dag.py:3036} INFO - Sync 1 DAGs
[2025-11-13T03:03:58.003+0000] {logging_mixin.py:188} INFO - [2025-11-13T03:03:58.003+0000] {dag.py:3823} INFO - Setting next_dagrun for erp_to_minio_bronze to 2025-11-13 00:00:00+00:00, run_after=2025-11-13 06:00:00+00:00
[2025-11-13T03:03:58.018+0000] {processor.py:183} INFO - Processing /opt/airflow/dags/erp_to_minio_bronze_dag.py took 0.096 seconds
[2025-11-13T03:04:28.191+0000] {processor.py:161} INFO - Started process (PID=14731) to work on /opt/airflow/dags/erp_to_minio_bronze_dag.py
[2025-11-13T03:04:28.192+0000] {processor.py:830} INFO - Processing file /opt/airflow/dags/erp_to_minio_bronze_dag.py for tasks to queue
[2025-11-13T03:04:28.193+0000] {logging_mixin.py:188} INFO - [2025-11-13T03:04:28.193+0000] {dagbag.py:538} INFO - Filling up the DagBag from /opt/airflow/dags/erp_to_minio_bronze_dag.py
[2025-11-13T03:04:28.276+0000] {processor.py:840} INFO - DAG(s) 'erp_to_minio_bronze' retrieved from /opt/airflow/dags/erp_to_minio_bronze_dag.py
[2025-11-13T03:04:28.287+0000] {logging_mixin.py:188} INFO - [2025-11-13T03:04:28.287+0000] {dag.py:3036} INFO - Sync 1 DAGs
[2025-11-13T03:04:28.296+0000] {logging_mixin.py:188} INFO - [2025-11-13T03:04:28.296+0000] {dag.py:3823} INFO - Setting next_dagrun for erp_to_minio_bronze to 2025-11-13 00:00:00+00:00, run_after=2025-11-13 06:00:00+00:00
[2025-11-13T03:04:28.311+0000] {processor.py:183} INFO - Processing /opt/airflow/dags/erp_to_minio_bronze_dag.py took 0.122 seconds
[2025-11-13T03:04:58.460+0000] {processor.py:161} INFO - Started process (PID=14733) to work on /opt/airflow/dags/erp_to_minio_bronze_dag.py
[2025-11-13T03:04:58.461+0000] {processor.py:830} INFO - Processing file /opt/airflow/dags/erp_to_minio_bronze_dag.py for tasks to queue
[2025-11-13T03:04:58.462+0000] {logging_mixin.py:188} INFO - [2025-11-13T03:04:58.462+0000] {dagbag.py:538} INFO - Filling up the DagBag from /opt/airflow/dags/erp_to_minio_bronze_dag.py
[2025-11-13T03:04:58.519+0000] {processor.py:840} INFO - DAG(s) 'erp_to_minio_bronze' retrieved from /opt/airflow/dags/erp_to_minio_bronze_dag.py
[2025-11-13T03:04:58.531+0000] {logging_mixin.py:188} INFO - [2025-11-13T03:04:58.531+0000] {dag.py:3036} INFO - Sync 1 DAGs
[2025-11-13T03:04:58.541+0000] {logging_mixin.py:188} INFO - [2025-11-13T03:04:58.541+0000] {dag.py:3823} INFO - Setting next_dagrun for erp_to_minio_bronze to 2025-11-13 00:00:00+00:00, run_after=2025-11-13 06:00:00+00:00
[2025-11-13T03:04:58.554+0000] {processor.py:183} INFO - Processing /opt/airflow/dags/erp_to_minio_bronze_dag.py took 0.096 seconds
[2025-11-13T03:05:28.722+0000] {processor.py:161} INFO - Started process (PID=14735) to work on /opt/airflow/dags/erp_to_minio_bronze_dag.py
[2025-11-13T03:05:28.723+0000] {processor.py:830} INFO - Processing file /opt/airflow/dags/erp_to_minio_bronze_dag.py for tasks to queue
[2025-11-13T03:05:28.724+0000] {logging_mixin.py:188} INFO - [2025-11-13T03:05:28.724+0000] {dagbag.py:538} INFO - Filling up the DagBag from /opt/airflow/dags/erp_to_minio_bronze_dag.py
[2025-11-13T03:05:28.780+0000] {processor.py:840} INFO - DAG(s) 'erp_to_minio_bronze' retrieved from /opt/airflow/dags/erp_to_minio_bronze_dag.py
[2025-11-13T03:05:28.791+0000] {logging_mixin.py:188} INFO - [2025-11-13T03:05:28.791+0000] {dag.py:3036} INFO - Sync 1 DAGs
[2025-11-13T03:05:28.802+0000] {logging_mixin.py:188} INFO - [2025-11-13T03:05:28.802+0000] {dag.py:3823} INFO - Setting next_dagrun for erp_to_minio_bronze to 2025-11-13 00:00:00+00:00, run_after=2025-11-13 06:00:00+00:00
[2025-11-13T03:05:28.818+0000] {processor.py:183} INFO - Processing /opt/airflow/dags/erp_to_minio_bronze_dag.py took 0.098 seconds
[2025-11-13T03:05:58.977+0000] {processor.py:161} INFO - Started process (PID=14737) to work on /opt/airflow/dags/erp_to_minio_bronze_dag.py
[2025-11-13T03:05:58.978+0000] {processor.py:830} INFO - Processing file /opt/airflow/dags/erp_to_minio_bronze_dag.py for tasks to queue
[2025-11-13T03:05:58.979+0000] {logging_mixin.py:188} INFO - [2025-11-13T03:05:58.979+0000] {dagbag.py:538} INFO - Filling up the DagBag from /opt/airflow/dags/erp_to_minio_bronze_dag.py
[2025-11-13T03:05:59.025+0000] {processor.py:840} INFO - DAG(s) 'erp_to_minio_bronze' retrieved from /opt/airflow/dags/erp_to_minio_bronze_dag.py
[2025-11-13T03:05:59.038+0000] {logging_mixin.py:188} INFO - [2025-11-13T03:05:59.038+0000] {dag.py:3036} INFO - Sync 1 DAGs
[2025-11-13T03:05:59.048+0000] {logging_mixin.py:188} INFO - [2025-11-13T03:05:59.048+0000] {dag.py:3823} INFO - Setting next_dagrun for erp_to_minio_bronze to 2025-11-13 00:00:00+00:00, run_after=2025-11-13 06:00:00+00:00
[2025-11-13T03:05:59.061+0000] {processor.py:183} INFO - Processing /opt/airflow/dags/erp_to_minio_bronze_dag.py took 0.086 seconds
[2025-11-13T03:06:29.143+0000] {processor.py:161} INFO - Started process (PID=14739) to work on /opt/airflow/dags/erp_to_minio_bronze_dag.py
[2025-11-13T03:06:29.144+0000] {processor.py:830} INFO - Processing file /opt/airflow/dags/erp_to_minio_bronze_dag.py for tasks to queue
[2025-11-13T03:06:29.145+0000] {logging_mixin.py:188} INFO - [2025-11-13T03:06:29.145+0000] {dagbag.py:538} INFO - Filling up the DagBag from /opt/airflow/dags/erp_to_minio_bronze_dag.py
[2025-11-13T03:06:29.205+0000] {processor.py:840} INFO - DAG(s) 'erp_to_minio_bronze' retrieved from /opt/airflow/dags/erp_to_minio_bronze_dag.py
[2025-11-13T03:06:29.218+0000] {logging_mixin.py:188} INFO - [2025-11-13T03:06:29.218+0000] {dag.py:3036} INFO - Sync 1 DAGs
[2025-11-13T03:06:29.229+0000] {logging_mixin.py:188} INFO - [2025-11-13T03:06:29.229+0000] {dag.py:3823} INFO - Setting next_dagrun for erp_to_minio_bronze to 2025-11-13 00:00:00+00:00, run_after=2025-11-13 06:00:00+00:00
[2025-11-13T03:06:29.246+0000] {processor.py:183} INFO - Processing /opt/airflow/dags/erp_to_minio_bronze_dag.py took 0.105 seconds
[2025-11-13T03:06:59.410+0000] {processor.py:161} INFO - Started process (PID=14741) to work on /opt/airflow/dags/erp_to_minio_bronze_dag.py
[2025-11-13T03:06:59.411+0000] {processor.py:830} INFO - Processing file /opt/airflow/dags/erp_to_minio_bronze_dag.py for tasks to queue
[2025-11-13T03:06:59.412+0000] {logging_mixin.py:188} INFO - [2025-11-13T03:06:59.411+0000] {dagbag.py:538} INFO - Filling up the DagBag from /opt/airflow/dags/erp_to_minio_bronze_dag.py
[2025-11-13T03:06:59.462+0000] {processor.py:840} INFO - DAG(s) 'erp_to_minio_bronze' retrieved from /opt/airflow/dags/erp_to_minio_bronze_dag.py
[2025-11-13T03:06:59.475+0000] {logging_mixin.py:188} INFO - [2025-11-13T03:06:59.475+0000] {dag.py:3036} INFO - Sync 1 DAGs
[2025-11-13T03:06:59.486+0000] {logging_mixin.py:188} INFO - [2025-11-13T03:06:59.486+0000] {dag.py:3823} INFO - Setting next_dagrun for erp_to_minio_bronze to 2025-11-13 00:00:00+00:00, run_after=2025-11-13 06:00:00+00:00
[2025-11-13T03:06:59.503+0000] {processor.py:183} INFO - Processing /opt/airflow/dags/erp_to_minio_bronze_dag.py took 0.096 seconds
[2025-11-13T03:07:29.677+0000] {processor.py:161} INFO - Started process (PID=14743) to work on /opt/airflow/dags/erp_to_minio_bronze_dag.py
[2025-11-13T03:07:29.679+0000] {processor.py:830} INFO - Processing file /opt/airflow/dags/erp_to_minio_bronze_dag.py for tasks to queue
[2025-11-13T03:07:29.680+0000] {logging_mixin.py:188} INFO - [2025-11-13T03:07:29.679+0000] {dagbag.py:538} INFO - Filling up the DagBag from /opt/airflow/dags/erp_to_minio_bronze_dag.py
[2025-11-13T03:07:29.731+0000] {processor.py:840} INFO - DAG(s) 'erp_to_minio_bronze' retrieved from /opt/airflow/dags/erp_to_minio_bronze_dag.py
[2025-11-13T03:07:29.744+0000] {logging_mixin.py:188} INFO - [2025-11-13T03:07:29.744+0000] {dag.py:3036} INFO - Sync 1 DAGs
[2025-11-13T03:07:29.755+0000] {logging_mixin.py:188} INFO - [2025-11-13T03:07:29.755+0000] {dag.py:3823} INFO - Setting next_dagrun for erp_to_minio_bronze to 2025-11-13 00:00:00+00:00, run_after=2025-11-13 06:00:00+00:00
[2025-11-13T03:07:29.775+0000] {processor.py:183} INFO - Processing /opt/airflow/dags/erp_to_minio_bronze_dag.py took 0.100 seconds
[2025-11-13T03:07:59.936+0000] {processor.py:161} INFO - Started process (PID=14745) to work on /opt/airflow/dags/erp_to_minio_bronze_dag.py
[2025-11-13T03:07:59.937+0000] {processor.py:830} INFO - Processing file /opt/airflow/dags/erp_to_minio_bronze_dag.py for tasks to queue
[2025-11-13T03:07:59.938+0000] {logging_mixin.py:188} INFO - [2025-11-13T03:07:59.938+0000] {dagbag.py:538} INFO - Filling up the DagBag from /opt/airflow/dags/erp_to_minio_bronze_dag.py
[2025-11-13T03:07:59.991+0000] {processor.py:840} INFO - DAG(s) 'erp_to_minio_bronze' retrieved from /opt/airflow/dags/erp_to_minio_bronze_dag.py
[2025-11-13T03:08:00.004+0000] {logging_mixin.py:188} INFO - [2025-11-13T03:08:00.004+0000] {dag.py:3036} INFO - Sync 1 DAGs
[2025-11-13T03:08:00.016+0000] {logging_mixin.py:188} INFO - [2025-11-13T03:08:00.015+0000] {dag.py:3823} INFO - Setting next_dagrun for erp_to_minio_bronze to 2025-11-13 00:00:00+00:00, run_after=2025-11-13 06:00:00+00:00
[2025-11-13T03:08:00.031+0000] {processor.py:183} INFO - Processing /opt/airflow/dags/erp_to_minio_bronze_dag.py took 0.098 seconds
[2025-11-13T03:08:30.201+0000] {processor.py:161} INFO - Started process (PID=14747) to work on /opt/airflow/dags/erp_to_minio_bronze_dag.py
[2025-11-13T03:08:30.202+0000] {processor.py:830} INFO - Processing file /opt/airflow/dags/erp_to_minio_bronze_dag.py for tasks to queue
[2025-11-13T03:08:30.204+0000] {logging_mixin.py:188} INFO - [2025-11-13T03:08:30.203+0000] {dagbag.py:538} INFO - Filling up the DagBag from /opt/airflow/dags/erp_to_minio_bronze_dag.py
[2025-11-13T03:08:30.259+0000] {processor.py:840} INFO - DAG(s) 'erp_to_minio_bronze' retrieved from /opt/airflow/dags/erp_to_minio_bronze_dag.py
[2025-11-13T03:08:30.271+0000] {logging_mixin.py:188} INFO - [2025-11-13T03:08:30.271+0000] {dag.py:3036} INFO - Sync 1 DAGs
[2025-11-13T03:08:30.282+0000] {logging_mixin.py:188} INFO - [2025-11-13T03:08:30.282+0000] {dag.py:3823} INFO - Setting next_dagrun for erp_to_minio_bronze to 2025-11-13 00:00:00+00:00, run_after=2025-11-13 06:00:00+00:00
[2025-11-13T03:08:30.297+0000] {processor.py:183} INFO - Processing /opt/airflow/dags/erp_to_minio_bronze_dag.py took 0.098 seconds
[2025-11-13T03:09:00.474+0000] {processor.py:161} INFO - Started process (PID=14749) to work on /opt/airflow/dags/erp_to_minio_bronze_dag.py
[2025-11-13T03:09:00.475+0000] {processor.py:830} INFO - Processing file /opt/airflow/dags/erp_to_minio_bronze_dag.py for tasks to queue
[2025-11-13T03:09:00.476+0000] {logging_mixin.py:188} INFO - [2025-11-13T03:09:00.476+0000] {dagbag.py:538} INFO - Filling up the DagBag from /opt/airflow/dags/erp_to_minio_bronze_dag.py
[2025-11-13T03:09:00.533+0000] {processor.py:840} INFO - DAG(s) 'erp_to_minio_bronze' retrieved from /opt/airflow/dags/erp_to_minio_bronze_dag.py
[2025-11-13T03:09:00.545+0000] {logging_mixin.py:188} INFO - [2025-11-13T03:09:00.545+0000] {dag.py:3036} INFO - Sync 1 DAGs
[2025-11-13T03:09:00.556+0000] {logging_mixin.py:188} INFO - [2025-11-13T03:09:00.556+0000] {dag.py:3823} INFO - Setting next_dagrun for erp_to_minio_bronze to 2025-11-13 00:00:00+00:00, run_after=2025-11-13 06:00:00+00:00
[2025-11-13T03:09:00.571+0000] {processor.py:183} INFO - Processing /opt/airflow/dags/erp_to_minio_bronze_dag.py took 0.099 seconds
[2025-11-13T03:09:30.739+0000] {processor.py:161} INFO - Started process (PID=14751) to work on /opt/airflow/dags/erp_to_minio_bronze_dag.py
[2025-11-13T03:09:30.740+0000] {processor.py:830} INFO - Processing file /opt/airflow/dags/erp_to_minio_bronze_dag.py for tasks to queue
[2025-11-13T03:09:30.741+0000] {logging_mixin.py:188} INFO - [2025-11-13T03:09:30.741+0000] {dagbag.py:538} INFO - Filling up the DagBag from /opt/airflow/dags/erp_to_minio_bronze_dag.py
[2025-11-13T03:09:30.799+0000] {processor.py:840} INFO - DAG(s) 'erp_to_minio_bronze' retrieved from /opt/airflow/dags/erp_to_minio_bronze_dag.py
[2025-11-13T03:09:30.811+0000] {logging_mixin.py:188} INFO - [2025-11-13T03:09:30.811+0000] {dag.py:3036} INFO - Sync 1 DAGs
[2025-11-13T03:09:30.823+0000] {logging_mixin.py:188} INFO - [2025-11-13T03:09:30.823+0000] {dag.py:3823} INFO - Setting next_dagrun for erp_to_minio_bronze to 2025-11-13 00:00:00+00:00, run_after=2025-11-13 06:00:00+00:00
[2025-11-13T03:09:30.839+0000] {processor.py:183} INFO - Processing /opt/airflow/dags/erp_to_minio_bronze_dag.py took 0.102 seconds
[2025-11-13T03:10:01.006+0000] {processor.py:161} INFO - Started process (PID=14753) to work on /opt/airflow/dags/erp_to_minio_bronze_dag.py
[2025-11-13T03:10:01.007+0000] {processor.py:830} INFO - Processing file /opt/airflow/dags/erp_to_minio_bronze_dag.py for tasks to queue
[2025-11-13T03:10:01.008+0000] {logging_mixin.py:188} INFO - [2025-11-13T03:10:01.008+0000] {dagbag.py:538} INFO - Filling up the DagBag from /opt/airflow/dags/erp_to_minio_bronze_dag.py
[2025-11-13T03:10:01.070+0000] {processor.py:840} INFO - DAG(s) 'erp_to_minio_bronze' retrieved from /opt/airflow/dags/erp_to_minio_bronze_dag.py
[2025-11-13T03:10:01.084+0000] {logging_mixin.py:188} INFO - [2025-11-13T03:10:01.084+0000] {dag.py:3036} INFO - Sync 1 DAGs
[2025-11-13T03:10:01.097+0000] {logging_mixin.py:188} INFO - [2025-11-13T03:10:01.096+0000] {dag.py:3823} INFO - Setting next_dagrun for erp_to_minio_bronze to 2025-11-13 00:00:00+00:00, run_after=2025-11-13 06:00:00+00:00
[2025-11-13T03:10:01.111+0000] {processor.py:183} INFO - Processing /opt/airflow/dags/erp_to_minio_bronze_dag.py took 0.107 seconds
[2025-11-13T03:10:31.284+0000] {processor.py:161} INFO - Started process (PID=14755) to work on /opt/airflow/dags/erp_to_minio_bronze_dag.py
[2025-11-13T03:10:31.285+0000] {processor.py:830} INFO - Processing file /opt/airflow/dags/erp_to_minio_bronze_dag.py for tasks to queue
[2025-11-13T03:10:31.286+0000] {logging_mixin.py:188} INFO - [2025-11-13T03:10:31.286+0000] {dagbag.py:538} INFO - Filling up the DagBag from /opt/airflow/dags/erp_to_minio_bronze_dag.py
[2025-11-13T03:10:31.335+0000] {processor.py:840} INFO - DAG(s) 'erp_to_minio_bronze' retrieved from /opt/airflow/dags/erp_to_minio_bronze_dag.py
[2025-11-13T03:10:31.347+0000] {logging_mixin.py:188} INFO - [2025-11-13T03:10:31.347+0000] {dag.py:3036} INFO - Sync 1 DAGs
[2025-11-13T03:10:31.357+0000] {logging_mixin.py:188} INFO - [2025-11-13T03:10:31.357+0000] {dag.py:3823} INFO - Setting next_dagrun for erp_to_minio_bronze to 2025-11-13 00:00:00+00:00, run_after=2025-11-13 06:00:00+00:00
[2025-11-13T03:10:31.371+0000] {processor.py:183} INFO - Processing /opt/airflow/dags/erp_to_minio_bronze_dag.py took 0.089 seconds
[2025-11-13T03:11:01.535+0000] {processor.py:161} INFO - Started process (PID=14757) to work on /opt/airflow/dags/erp_to_minio_bronze_dag.py
[2025-11-13T03:11:01.536+0000] {processor.py:830} INFO - Processing file /opt/airflow/dags/erp_to_minio_bronze_dag.py for tasks to queue
[2025-11-13T03:11:01.537+0000] {logging_mixin.py:188} INFO - [2025-11-13T03:11:01.536+0000] {dagbag.py:538} INFO - Filling up the DagBag from /opt/airflow/dags/erp_to_minio_bronze_dag.py
[2025-11-13T03:11:01.585+0000] {processor.py:840} INFO - DAG(s) 'erp_to_minio_bronze' retrieved from /opt/airflow/dags/erp_to_minio_bronze_dag.py
[2025-11-13T03:11:01.597+0000] {logging_mixin.py:188} INFO - [2025-11-13T03:11:01.597+0000] {dag.py:3036} INFO - Sync 1 DAGs
[2025-11-13T03:11:01.609+0000] {logging_mixin.py:188} INFO - [2025-11-13T03:11:01.609+0000] {dag.py:3823} INFO - Setting next_dagrun for erp_to_minio_bronze to 2025-11-13 00:00:00+00:00, run_after=2025-11-13 06:00:00+00:00
[2025-11-13T03:11:01.626+0000] {processor.py:183} INFO - Processing /opt/airflow/dags/erp_to_minio_bronze_dag.py took 0.094 seconds
[2025-11-13T03:11:31.752+0000] {processor.py:161} INFO - Started process (PID=14759) to work on /opt/airflow/dags/erp_to_minio_bronze_dag.py
[2025-11-13T03:11:31.753+0000] {processor.py:830} INFO - Processing file /opt/airflow/dags/erp_to_minio_bronze_dag.py for tasks to queue
[2025-11-13T03:11:31.754+0000] {logging_mixin.py:188} INFO - [2025-11-13T03:11:31.754+0000] {dagbag.py:538} INFO - Filling up the DagBag from /opt/airflow/dags/erp_to_minio_bronze_dag.py
[2025-11-13T03:11:31.811+0000] {processor.py:840} INFO - DAG(s) 'erp_to_minio_bronze' retrieved from /opt/airflow/dags/erp_to_minio_bronze_dag.py
[2025-11-13T03:11:31.825+0000] {logging_mixin.py:188} INFO - [2025-11-13T03:11:31.824+0000] {dag.py:3036} INFO - Sync 1 DAGs
[2025-11-13T03:11:31.836+0000] {logging_mixin.py:188} INFO - [2025-11-13T03:11:31.836+0000] {dag.py:3823} INFO - Setting next_dagrun for erp_to_minio_bronze to 2025-11-13 00:00:00+00:00, run_after=2025-11-13 06:00:00+00:00
[2025-11-13T03:11:31.854+0000] {processor.py:183} INFO - Processing /opt/airflow/dags/erp_to_minio_bronze_dag.py took 0.104 seconds
[2025-11-13T03:12:02.020+0000] {processor.py:161} INFO - Started process (PID=14761) to work on /opt/airflow/dags/erp_to_minio_bronze_dag.py
[2025-11-13T03:12:02.021+0000] {processor.py:830} INFO - Processing file /opt/airflow/dags/erp_to_minio_bronze_dag.py for tasks to queue
[2025-11-13T03:12:02.022+0000] {logging_mixin.py:188} INFO - [2025-11-13T03:12:02.022+0000] {dagbag.py:538} INFO - Filling up the DagBag from /opt/airflow/dags/erp_to_minio_bronze_dag.py
[2025-11-13T03:12:02.073+0000] {processor.py:840} INFO - DAG(s) 'erp_to_minio_bronze' retrieved from /opt/airflow/dags/erp_to_minio_bronze_dag.py
[2025-11-13T03:12:02.088+0000] {logging_mixin.py:188} INFO - [2025-11-13T03:12:02.087+0000] {dag.py:3036} INFO - Sync 1 DAGs
[2025-11-13T03:12:02.098+0000] {logging_mixin.py:188} INFO - [2025-11-13T03:12:02.098+0000] {dag.py:3823} INFO - Setting next_dagrun for erp_to_minio_bronze to 2025-11-13 00:00:00+00:00, run_after=2025-11-13 06:00:00+00:00
[2025-11-13T03:12:02.115+0000] {processor.py:183} INFO - Processing /opt/airflow/dags/erp_to_minio_bronze_dag.py took 0.097 seconds
[2025-11-13T03:12:32.276+0000] {processor.py:161} INFO - Started process (PID=14763) to work on /opt/airflow/dags/erp_to_minio_bronze_dag.py
[2025-11-13T03:12:32.277+0000] {processor.py:830} INFO - Processing file /opt/airflow/dags/erp_to_minio_bronze_dag.py for tasks to queue
[2025-11-13T03:12:32.279+0000] {logging_mixin.py:188} INFO - [2025-11-13T03:12:32.278+0000] {dagbag.py:538} INFO - Filling up the DagBag from /opt/airflow/dags/erp_to_minio_bronze_dag.py
[2025-11-13T03:12:32.330+0000] {processor.py:840} INFO - DAG(s) 'erp_to_minio_bronze' retrieved from /opt/airflow/dags/erp_to_minio_bronze_dag.py
[2025-11-13T03:12:32.342+0000] {logging_mixin.py:188} INFO - [2025-11-13T03:12:32.342+0000] {dag.py:3036} INFO - Sync 1 DAGs
[2025-11-13T03:12:32.354+0000] {logging_mixin.py:188} INFO - [2025-11-13T03:12:32.354+0000] {dag.py:3823} INFO - Setting next_dagrun for erp_to_minio_bronze to 2025-11-13 00:00:00+00:00, run_after=2025-11-13 06:00:00+00:00
[2025-11-13T03:12:32.370+0000] {processor.py:183} INFO - Processing /opt/airflow/dags/erp_to_minio_bronze_dag.py took 0.097 seconds
[2025-11-13T03:13:02.544+0000] {processor.py:161} INFO - Started process (PID=14765) to work on /opt/airflow/dags/erp_to_minio_bronze_dag.py
[2025-11-13T03:13:02.546+0000] {processor.py:830} INFO - Processing file /opt/airflow/dags/erp_to_minio_bronze_dag.py for tasks to queue
[2025-11-13T03:13:02.547+0000] {logging_mixin.py:188} INFO - [2025-11-13T03:13:02.547+0000] {dagbag.py:538} INFO - Filling up the DagBag from /opt/airflow/dags/erp_to_minio_bronze_dag.py
[2025-11-13T03:13:02.602+0000] {processor.py:840} INFO - DAG(s) 'erp_to_minio_bronze' retrieved from /opt/airflow/dags/erp_to_minio_bronze_dag.py
[2025-11-13T03:13:02.616+0000] {logging_mixin.py:188} INFO - [2025-11-13T03:13:02.616+0000] {dag.py:3036} INFO - Sync 1 DAGs
[2025-11-13T03:13:02.628+0000] {logging_mixin.py:188} INFO - [2025-11-13T03:13:02.628+0000] {dag.py:3823} INFO - Setting next_dagrun for erp_to_minio_bronze to 2025-11-13 00:00:00+00:00, run_after=2025-11-13 06:00:00+00:00
[2025-11-13T03:13:02.641+0000] {processor.py:183} INFO - Processing /opt/airflow/dags/erp_to_minio_bronze_dag.py took 0.098 seconds
[2025-11-13T03:13:32.808+0000] {processor.py:161} INFO - Started process (PID=14767) to work on /opt/airflow/dags/erp_to_minio_bronze_dag.py
[2025-11-13T03:13:32.809+0000] {processor.py:830} INFO - Processing file /opt/airflow/dags/erp_to_minio_bronze_dag.py for tasks to queue
[2025-11-13T03:13:32.810+0000] {logging_mixin.py:188} INFO - [2025-11-13T03:13:32.810+0000] {dagbag.py:538} INFO - Filling up the DagBag from /opt/airflow/dags/erp_to_minio_bronze_dag.py
[2025-11-13T03:13:32.866+0000] {processor.py:840} INFO - DAG(s) 'erp_to_minio_bronze' retrieved from /opt/airflow/dags/erp_to_minio_bronze_dag.py
[2025-11-13T03:13:32.881+0000] {logging_mixin.py:188} INFO - [2025-11-13T03:13:32.881+0000] {dag.py:3036} INFO - Sync 1 DAGs
[2025-11-13T03:13:32.893+0000] {logging_mixin.py:188} INFO - [2025-11-13T03:13:32.893+0000] {dag.py:3823} INFO - Setting next_dagrun for erp_to_minio_bronze to 2025-11-13 00:00:00+00:00, run_after=2025-11-13 06:00:00+00:00
[2025-11-13T03:13:32.910+0000] {processor.py:183} INFO - Processing /opt/airflow/dags/erp_to_minio_bronze_dag.py took 0.104 seconds
[2025-11-13T03:14:03.085+0000] {processor.py:161} INFO - Started process (PID=14769) to work on /opt/airflow/dags/erp_to_minio_bronze_dag.py
[2025-11-13T03:14:03.086+0000] {processor.py:830} INFO - Processing file /opt/airflow/dags/erp_to_minio_bronze_dag.py for tasks to queue
[2025-11-13T03:14:03.087+0000] {logging_mixin.py:188} INFO - [2025-11-13T03:14:03.087+0000] {dagbag.py:538} INFO - Filling up the DagBag from /opt/airflow/dags/erp_to_minio_bronze_dag.py
[2025-11-13T03:14:03.143+0000] {processor.py:840} INFO - DAG(s) 'erp_to_minio_bronze' retrieved from /opt/airflow/dags/erp_to_minio_bronze_dag.py
[2025-11-13T03:14:03.155+0000] {logging_mixin.py:188} INFO - [2025-11-13T03:14:03.155+0000] {dag.py:3036} INFO - Sync 1 DAGs
[2025-11-13T03:14:03.167+0000] {logging_mixin.py:188} INFO - [2025-11-13T03:14:03.167+0000] {dag.py:3823} INFO - Setting next_dagrun for erp_to_minio_bronze to 2025-11-13 00:00:00+00:00, run_after=2025-11-13 06:00:00+00:00
[2025-11-13T03:14:03.186+0000] {processor.py:183} INFO - Processing /opt/airflow/dags/erp_to_minio_bronze_dag.py took 0.103 seconds
[2025-11-13T03:14:33.340+0000] {processor.py:161} INFO - Started process (PID=14771) to work on /opt/airflow/dags/erp_to_minio_bronze_dag.py
[2025-11-13T03:14:33.341+0000] {processor.py:830} INFO - Processing file /opt/airflow/dags/erp_to_minio_bronze_dag.py for tasks to queue
[2025-11-13T03:14:33.342+0000] {logging_mixin.py:188} INFO - [2025-11-13T03:14:33.342+0000] {dagbag.py:538} INFO - Filling up the DagBag from /opt/airflow/dags/erp_to_minio_bronze_dag.py
[2025-11-13T03:14:33.401+0000] {processor.py:840} INFO - DAG(s) 'erp_to_minio_bronze' retrieved from /opt/airflow/dags/erp_to_minio_bronze_dag.py
[2025-11-13T03:14:33.414+0000] {logging_mixin.py:188} INFO - [2025-11-13T03:14:33.414+0000] {dag.py:3036} INFO - Sync 1 DAGs
[2025-11-13T03:14:33.427+0000] {logging_mixin.py:188} INFO - [2025-11-13T03:14:33.426+0000] {dag.py:3823} INFO - Setting next_dagrun for erp_to_minio_bronze to 2025-11-13 00:00:00+00:00, run_after=2025-11-13 06:00:00+00:00
[2025-11-13T03:14:33.447+0000] {processor.py:183} INFO - Processing /opt/airflow/dags/erp_to_minio_bronze_dag.py took 0.109 seconds
[2025-11-13T03:15:03.602+0000] {processor.py:161} INFO - Started process (PID=14774) to work on /opt/airflow/dags/erp_to_minio_bronze_dag.py
[2025-11-13T03:15:03.604+0000] {processor.py:830} INFO - Processing file /opt/airflow/dags/erp_to_minio_bronze_dag.py for tasks to queue
[2025-11-13T03:15:03.605+0000] {logging_mixin.py:188} INFO - [2025-11-13T03:15:03.605+0000] {dagbag.py:538} INFO - Filling up the DagBag from /opt/airflow/dags/erp_to_minio_bronze_dag.py
[2025-11-13T03:15:03.669+0000] {processor.py:840} INFO - DAG(s) 'erp_to_minio_bronze' retrieved from /opt/airflow/dags/erp_to_minio_bronze_dag.py
[2025-11-13T03:15:03.684+0000] {logging_mixin.py:188} INFO - [2025-11-13T03:15:03.684+0000] {dag.py:3036} INFO - Sync 1 DAGs
[2025-11-13T03:15:03.696+0000] {logging_mixin.py:188} INFO - [2025-11-13T03:15:03.696+0000] {dag.py:3823} INFO - Setting next_dagrun for erp_to_minio_bronze to 2025-11-13 00:00:00+00:00, run_after=2025-11-13 06:00:00+00:00
[2025-11-13T03:15:03.719+0000] {processor.py:183} INFO - Processing /opt/airflow/dags/erp_to_minio_bronze_dag.py took 0.119 seconds
[2025-11-13T03:15:33.854+0000] {processor.py:161} INFO - Started process (PID=14776) to work on /opt/airflow/dags/erp_to_minio_bronze_dag.py
[2025-11-13T03:15:33.856+0000] {processor.py:830} INFO - Processing file /opt/airflow/dags/erp_to_minio_bronze_dag.py for tasks to queue
[2025-11-13T03:15:33.857+0000] {logging_mixin.py:188} INFO - [2025-11-13T03:15:33.856+0000] {dagbag.py:538} INFO - Filling up the DagBag from /opt/airflow/dags/erp_to_minio_bronze_dag.py
[2025-11-13T03:15:33.904+0000] {processor.py:840} INFO - DAG(s) 'erp_to_minio_bronze' retrieved from /opt/airflow/dags/erp_to_minio_bronze_dag.py
[2025-11-13T03:15:33.916+0000] {logging_mixin.py:188} INFO - [2025-11-13T03:15:33.916+0000] {dag.py:3036} INFO - Sync 1 DAGs
[2025-11-13T03:15:33.927+0000] {logging_mixin.py:188} INFO - [2025-11-13T03:15:33.927+0000] {dag.py:3823} INFO - Setting next_dagrun for erp_to_minio_bronze to 2025-11-13 00:00:00+00:00, run_after=2025-11-13 06:00:00+00:00
[2025-11-13T03:15:33.945+0000] {processor.py:183} INFO - Processing /opt/airflow/dags/erp_to_minio_bronze_dag.py took 0.093 seconds
[2025-11-13T03:16:04.118+0000] {processor.py:161} INFO - Started process (PID=14778) to work on /opt/airflow/dags/erp_to_minio_bronze_dag.py
[2025-11-13T03:16:04.119+0000] {processor.py:830} INFO - Processing file /opt/airflow/dags/erp_to_minio_bronze_dag.py for tasks to queue
[2025-11-13T03:16:04.120+0000] {logging_mixin.py:188} INFO - [2025-11-13T03:16:04.119+0000] {dagbag.py:538} INFO - Filling up the DagBag from /opt/airflow/dags/erp_to_minio_bronze_dag.py
[2025-11-13T03:16:04.177+0000] {processor.py:840} INFO - DAG(s) 'erp_to_minio_bronze' retrieved from /opt/airflow/dags/erp_to_minio_bronze_dag.py
[2025-11-13T03:16:04.193+0000] {logging_mixin.py:188} INFO - [2025-11-13T03:16:04.193+0000] {dag.py:3036} INFO - Sync 1 DAGs
[2025-11-13T03:16:04.206+0000] {logging_mixin.py:188} INFO - [2025-11-13T03:16:04.206+0000] {dag.py:3823} INFO - Setting next_dagrun for erp_to_minio_bronze to 2025-11-13 00:00:00+00:00, run_after=2025-11-13 06:00:00+00:00
[2025-11-13T03:16:04.226+0000] {processor.py:183} INFO - Processing /opt/airflow/dags/erp_to_minio_bronze_dag.py took 0.111 seconds
[2025-11-13T03:16:34.386+0000] {processor.py:161} INFO - Started process (PID=14780) to work on /opt/airflow/dags/erp_to_minio_bronze_dag.py
[2025-11-13T03:16:34.388+0000] {processor.py:830} INFO - Processing file /opt/airflow/dags/erp_to_minio_bronze_dag.py for tasks to queue
[2025-11-13T03:16:34.390+0000] {logging_mixin.py:188} INFO - [2025-11-13T03:16:34.389+0000] {dagbag.py:538} INFO - Filling up the DagBag from /opt/airflow/dags/erp_to_minio_bronze_dag.py
[2025-11-13T03:16:34.449+0000] {processor.py:840} INFO - DAG(s) 'erp_to_minio_bronze' retrieved from /opt/airflow/dags/erp_to_minio_bronze_dag.py
[2025-11-13T03:16:34.460+0000] {logging_mixin.py:188} INFO - [2025-11-13T03:16:34.460+0000] {dag.py:3036} INFO - Sync 1 DAGs
[2025-11-13T03:16:34.473+0000] {logging_mixin.py:188} INFO - [2025-11-13T03:16:34.473+0000] {dag.py:3823} INFO - Setting next_dagrun for erp_to_minio_bronze to 2025-11-13 00:00:00+00:00, run_after=2025-11-13 06:00:00+00:00
[2025-11-13T03:16:34.490+0000] {processor.py:183} INFO - Processing /opt/airflow/dags/erp_to_minio_bronze_dag.py took 0.106 seconds
[2025-11-13T03:17:04.649+0000] {processor.py:161} INFO - Started process (PID=14782) to work on /opt/airflow/dags/erp_to_minio_bronze_dag.py
[2025-11-13T03:17:04.650+0000] {processor.py:830} INFO - Processing file /opt/airflow/dags/erp_to_minio_bronze_dag.py for tasks to queue
[2025-11-13T03:17:04.651+0000] {logging_mixin.py:188} INFO - [2025-11-13T03:17:04.651+0000] {dagbag.py:538} INFO - Filling up the DagBag from /opt/airflow/dags/erp_to_minio_bronze_dag.py
[2025-11-13T03:17:04.713+0000] {processor.py:840} INFO - DAG(s) 'erp_to_minio_bronze' retrieved from /opt/airflow/dags/erp_to_minio_bronze_dag.py
[2025-11-13T03:17:04.727+0000] {logging_mixin.py:188} INFO - [2025-11-13T03:17:04.727+0000] {dag.py:3036} INFO - Sync 1 DAGs
[2025-11-13T03:17:04.740+0000] {logging_mixin.py:188} INFO - [2025-11-13T03:17:04.739+0000] {dag.py:3823} INFO - Setting next_dagrun for erp_to_minio_bronze to 2025-11-13 00:00:00+00:00, run_after=2025-11-13 06:00:00+00:00
[2025-11-13T03:17:04.757+0000] {processor.py:183} INFO - Processing /opt/airflow/dags/erp_to_minio_bronze_dag.py took 0.110 seconds
[2025-11-13T03:17:34.908+0000] {processor.py:161} INFO - Started process (PID=14784) to work on /opt/airflow/dags/erp_to_minio_bronze_dag.py
[2025-11-13T03:17:34.909+0000] {processor.py:830} INFO - Processing file /opt/airflow/dags/erp_to_minio_bronze_dag.py for tasks to queue
[2025-11-13T03:17:34.910+0000] {logging_mixin.py:188} INFO - [2025-11-13T03:17:34.910+0000] {dagbag.py:538} INFO - Filling up the DagBag from /opt/airflow/dags/erp_to_minio_bronze_dag.py
[2025-11-13T03:17:34.969+0000] {processor.py:840} INFO - DAG(s) 'erp_to_minio_bronze' retrieved from /opt/airflow/dags/erp_to_minio_bronze_dag.py
[2025-11-13T03:17:34.982+0000] {logging_mixin.py:188} INFO - [2025-11-13T03:17:34.982+0000] {dag.py:3036} INFO - Sync 1 DAGs
[2025-11-13T03:17:34.994+0000] {logging_mixin.py:188} INFO - [2025-11-13T03:17:34.994+0000] {dag.py:3823} INFO - Setting next_dagrun for erp_to_minio_bronze to 2025-11-13 00:00:00+00:00, run_after=2025-11-13 06:00:00+00:00
[2025-11-13T03:17:35.012+0000] {processor.py:183} INFO - Processing /opt/airflow/dags/erp_to_minio_bronze_dag.py took 0.105 seconds
[2025-11-13T03:18:05.179+0000] {processor.py:161} INFO - Started process (PID=14786) to work on /opt/airflow/dags/erp_to_minio_bronze_dag.py
[2025-11-13T03:18:05.180+0000] {processor.py:830} INFO - Processing file /opt/airflow/dags/erp_to_minio_bronze_dag.py for tasks to queue
[2025-11-13T03:18:05.181+0000] {logging_mixin.py:188} INFO - [2025-11-13T03:18:05.180+0000] {dagbag.py:538} INFO - Filling up the DagBag from /opt/airflow/dags/erp_to_minio_bronze_dag.py
[2025-11-13T03:18:05.236+0000] {processor.py:840} INFO - DAG(s) 'erp_to_minio_bronze' retrieved from /opt/airflow/dags/erp_to_minio_bronze_dag.py
[2025-11-13T03:18:05.248+0000] {logging_mixin.py:188} INFO - [2025-11-13T03:18:05.248+0000] {dag.py:3036} INFO - Sync 1 DAGs
[2025-11-13T03:18:05.261+0000] {logging_mixin.py:188} INFO - [2025-11-13T03:18:05.261+0000] {dag.py:3823} INFO - Setting next_dagrun for erp_to_minio_bronze to 2025-11-13 00:00:00+00:00, run_after=2025-11-13 06:00:00+00:00
[2025-11-13T03:18:05.278+0000] {processor.py:183} INFO - Processing /opt/airflow/dags/erp_to_minio_bronze_dag.py took 0.101 seconds
[2025-11-13T03:18:35.434+0000] {processor.py:161} INFO - Started process (PID=14788) to work on /opt/airflow/dags/erp_to_minio_bronze_dag.py
[2025-11-13T03:18:35.435+0000] {processor.py:830} INFO - Processing file /opt/airflow/dags/erp_to_minio_bronze_dag.py for tasks to queue
[2025-11-13T03:18:35.437+0000] {logging_mixin.py:188} INFO - [2025-11-13T03:18:35.436+0000] {dagbag.py:538} INFO - Filling up the DagBag from /opt/airflow/dags/erp_to_minio_bronze_dag.py
[2025-11-13T03:18:35.492+0000] {processor.py:840} INFO - DAG(s) 'erp_to_minio_bronze' retrieved from /opt/airflow/dags/erp_to_minio_bronze_dag.py
[2025-11-13T03:18:35.506+0000] {logging_mixin.py:188} INFO - [2025-11-13T03:18:35.506+0000] {dag.py:3036} INFO - Sync 1 DAGs
[2025-11-13T03:18:35.517+0000] {logging_mixin.py:188} INFO - [2025-11-13T03:18:35.517+0000] {dag.py:3823} INFO - Setting next_dagrun for erp_to_minio_bronze to 2025-11-13 00:00:00+00:00, run_after=2025-11-13 06:00:00+00:00
[2025-11-13T03:18:35.532+0000] {processor.py:183} INFO - Processing /opt/airflow/dags/erp_to_minio_bronze_dag.py took 0.100 seconds
[2025-11-13T03:19:05.700+0000] {processor.py:161} INFO - Started process (PID=14790) to work on /opt/airflow/dags/erp_to_minio_bronze_dag.py
[2025-11-13T03:19:05.701+0000] {processor.py:830} INFO - Processing file /opt/airflow/dags/erp_to_minio_bronze_dag.py for tasks to queue
[2025-11-13T03:19:05.702+0000] {logging_mixin.py:188} INFO - [2025-11-13T03:19:05.702+0000] {dagbag.py:538} INFO - Filling up the DagBag from /opt/airflow/dags/erp_to_minio_bronze_dag.py
[2025-11-13T03:19:05.758+0000] {processor.py:840} INFO - DAG(s) 'erp_to_minio_bronze' retrieved from /opt/airflow/dags/erp_to_minio_bronze_dag.py
[2025-11-13T03:19:05.770+0000] {logging_mixin.py:188} INFO - [2025-11-13T03:19:05.770+0000] {dag.py:3036} INFO - Sync 1 DAGs
[2025-11-13T03:19:05.782+0000] {logging_mixin.py:188} INFO - [2025-11-13T03:19:05.782+0000] {dag.py:3823} INFO - Setting next_dagrun for erp_to_minio_bronze to 2025-11-13 00:00:00+00:00, run_after=2025-11-13 06:00:00+00:00
[2025-11-13T03:19:05.798+0000] {processor.py:183} INFO - Processing /opt/airflow/dags/erp_to_minio_bronze_dag.py took 0.100 seconds
[2025-11-13T03:19:35.957+0000] {processor.py:161} INFO - Started process (PID=14792) to work on /opt/airflow/dags/erp_to_minio_bronze_dag.py
[2025-11-13T03:19:35.958+0000] {processor.py:830} INFO - Processing file /opt/airflow/dags/erp_to_minio_bronze_dag.py for tasks to queue
[2025-11-13T03:19:35.959+0000] {logging_mixin.py:188} INFO - [2025-11-13T03:19:35.959+0000] {dagbag.py:538} INFO - Filling up the DagBag from /opt/airflow/dags/erp_to_minio_bronze_dag.py
[2025-11-13T03:19:36.011+0000] {processor.py:840} INFO - DAG(s) 'erp_to_minio_bronze' retrieved from /opt/airflow/dags/erp_to_minio_bronze_dag.py
[2025-11-13T03:19:36.025+0000] {logging_mixin.py:188} INFO - [2025-11-13T03:19:36.024+0000] {dag.py:3036} INFO - Sync 1 DAGs
[2025-11-13T03:19:36.036+0000] {logging_mixin.py:188} INFO - [2025-11-13T03:19:36.036+0000] {dag.py:3823} INFO - Setting next_dagrun for erp_to_minio_bronze to 2025-11-13 00:00:00+00:00, run_after=2025-11-13 06:00:00+00:00
[2025-11-13T03:19:36.052+0000] {processor.py:183} INFO - Processing /opt/airflow/dags/erp_to_minio_bronze_dag.py took 0.097 seconds
[2025-11-13T03:20:06.227+0000] {processor.py:161} INFO - Started process (PID=14794) to work on /opt/airflow/dags/erp_to_minio_bronze_dag.py
[2025-11-13T03:20:06.228+0000] {processor.py:830} INFO - Processing file /opt/airflow/dags/erp_to_minio_bronze_dag.py for tasks to queue
[2025-11-13T03:20:06.229+0000] {logging_mixin.py:188} INFO - [2025-11-13T03:20:06.229+0000] {dagbag.py:538} INFO - Filling up the DagBag from /opt/airflow/dags/erp_to_minio_bronze_dag.py
[2025-11-13T03:20:06.283+0000] {processor.py:840} INFO - DAG(s) 'erp_to_minio_bronze' retrieved from /opt/airflow/dags/erp_to_minio_bronze_dag.py
[2025-11-13T03:20:06.296+0000] {logging_mixin.py:188} INFO - [2025-11-13T03:20:06.296+0000] {dag.py:3036} INFO - Sync 1 DAGs
[2025-11-13T03:20:06.307+0000] {logging_mixin.py:188} INFO - [2025-11-13T03:20:06.307+0000] {dag.py:3823} INFO - Setting next_dagrun for erp_to_minio_bronze to 2025-11-13 00:00:00+00:00, run_after=2025-11-13 06:00:00+00:00
[2025-11-13T03:20:06.324+0000] {processor.py:183} INFO - Processing /opt/airflow/dags/erp_to_minio_bronze_dag.py took 0.099 seconds
[2025-11-13T03:20:37.533+0000] {processor.py:161} INFO - Started process (PID=14796) to work on /opt/airflow/dags/erp_to_minio_bronze_dag.py
[2025-11-13T03:20:37.535+0000] {processor.py:830} INFO - Processing file /opt/airflow/dags/erp_to_minio_bronze_dag.py for tasks to queue
[2025-11-13T03:20:37.536+0000] {logging_mixin.py:188} INFO - [2025-11-13T03:20:37.536+0000] {dagbag.py:538} INFO - Filling up the DagBag from /opt/airflow/dags/erp_to_minio_bronze_dag.py
[2025-11-13T03:20:37.603+0000] {processor.py:840} INFO - DAG(s) 'erp_to_minio_bronze' retrieved from /opt/airflow/dags/erp_to_minio_bronze_dag.py
[2025-11-13T03:20:37.619+0000] {logging_mixin.py:188} INFO - [2025-11-13T03:20:37.619+0000] {dag.py:3036} INFO - Sync 1 DAGs
[2025-11-13T03:20:37.635+0000] {logging_mixin.py:188} INFO - [2025-11-13T03:20:37.635+0000] {dag.py:3823} INFO - Setting next_dagrun for erp_to_minio_bronze to 2025-11-13 00:00:00+00:00, run_after=2025-11-13 06:00:00+00:00
[2025-11-13T03:20:37.654+0000] {processor.py:183} INFO - Processing /opt/airflow/dags/erp_to_minio_bronze_dag.py took 0.123 seconds
[2025-11-13T03:21:08.711+0000] {processor.py:161} INFO - Started process (PID=14798) to work on /opt/airflow/dags/erp_to_minio_bronze_dag.py
[2025-11-13T03:21:08.712+0000] {processor.py:830} INFO - Processing file /opt/airflow/dags/erp_to_minio_bronze_dag.py for tasks to queue
[2025-11-13T03:21:08.713+0000] {logging_mixin.py:188} INFO - [2025-11-13T03:21:08.713+0000] {dagbag.py:538} INFO - Filling up the DagBag from /opt/airflow/dags/erp_to_minio_bronze_dag.py
[2025-11-13T03:21:08.771+0000] {processor.py:840} INFO - DAG(s) 'erp_to_minio_bronze' retrieved from /opt/airflow/dags/erp_to_minio_bronze_dag.py
[2025-11-13T03:21:08.784+0000] {logging_mixin.py:188} INFO - [2025-11-13T03:21:08.784+0000] {dag.py:3036} INFO - Sync 1 DAGs
[2025-11-13T03:21:08.797+0000] {logging_mixin.py:188} INFO - [2025-11-13T03:21:08.797+0000] {dag.py:3823} INFO - Setting next_dagrun for erp_to_minio_bronze to 2025-11-13 00:00:00+00:00, run_after=2025-11-13 06:00:00+00:00
[2025-11-13T03:21:08.814+0000] {processor.py:183} INFO - Processing /opt/airflow/dags/erp_to_minio_bronze_dag.py took 0.106 seconds
[2025-11-13T03:21:39.967+0000] {processor.py:161} INFO - Started process (PID=14800) to work on /opt/airflow/dags/erp_to_minio_bronze_dag.py
[2025-11-13T03:21:39.969+0000] {processor.py:830} INFO - Processing file /opt/airflow/dags/erp_to_minio_bronze_dag.py for tasks to queue
[2025-11-13T03:21:39.970+0000] {logging_mixin.py:188} INFO - [2025-11-13T03:21:39.970+0000] {dagbag.py:538} INFO - Filling up the DagBag from /opt/airflow/dags/erp_to_minio_bronze_dag.py
[2025-11-13T03:21:40.024+0000] {processor.py:840} INFO - DAG(s) 'erp_to_minio_bronze' retrieved from /opt/airflow/dags/erp_to_minio_bronze_dag.py
[2025-11-13T03:21:40.036+0000] {logging_mixin.py:188} INFO - [2025-11-13T03:21:40.036+0000] {dag.py:3036} INFO - Sync 1 DAGs
[2025-11-13T03:21:40.046+0000] {logging_mixin.py:188} INFO - [2025-11-13T03:21:40.046+0000] {dag.py:3823} INFO - Setting next_dagrun for erp_to_minio_bronze to 2025-11-13 00:00:00+00:00, run_after=2025-11-13 06:00:00+00:00
[2025-11-13T03:21:40.063+0000] {processor.py:183} INFO - Processing /opt/airflow/dags/erp_to_minio_bronze_dag.py took 0.099 seconds
[2025-11-13T03:22:11.120+0000] {processor.py:161} INFO - Started process (PID=14802) to work on /opt/airflow/dags/erp_to_minio_bronze_dag.py
[2025-11-13T03:22:11.121+0000] {processor.py:830} INFO - Processing file /opt/airflow/dags/erp_to_minio_bronze_dag.py for tasks to queue
[2025-11-13T03:22:11.122+0000] {logging_mixin.py:188} INFO - [2025-11-13T03:22:11.122+0000] {dagbag.py:538} INFO - Filling up the DagBag from /opt/airflow/dags/erp_to_minio_bronze_dag.py
[2025-11-13T03:22:11.187+0000] {processor.py:840} INFO - DAG(s) 'erp_to_minio_bronze' retrieved from /opt/airflow/dags/erp_to_minio_bronze_dag.py
[2025-11-13T03:22:11.202+0000] {logging_mixin.py:188} INFO - [2025-11-13T03:22:11.202+0000] {dag.py:3036} INFO - Sync 1 DAGs
[2025-11-13T03:22:11.214+0000] {logging_mixin.py:188} INFO - [2025-11-13T03:22:11.214+0000] {dag.py:3823} INFO - Setting next_dagrun for erp_to_minio_bronze to 2025-11-13 00:00:00+00:00, run_after=2025-11-13 06:00:00+00:00
[2025-11-13T03:22:11.228+0000] {processor.py:183} INFO - Processing /opt/airflow/dags/erp_to_minio_bronze_dag.py took 0.110 seconds
[2025-11-13T03:22:42.213+0000] {processor.py:161} INFO - Started process (PID=14804) to work on /opt/airflow/dags/erp_to_minio_bronze_dag.py
[2025-11-13T03:22:42.214+0000] {processor.py:830} INFO - Processing file /opt/airflow/dags/erp_to_minio_bronze_dag.py for tasks to queue
[2025-11-13T03:22:42.215+0000] {logging_mixin.py:188} INFO - [2025-11-13T03:22:42.215+0000] {dagbag.py:538} INFO - Filling up the DagBag from /opt/airflow/dags/erp_to_minio_bronze_dag.py
[2025-11-13T03:22:42.282+0000] {processor.py:840} INFO - DAG(s) 'erp_to_minio_bronze' retrieved from /opt/airflow/dags/erp_to_minio_bronze_dag.py
[2025-11-13T03:22:42.299+0000] {logging_mixin.py:188} INFO - [2025-11-13T03:22:42.299+0000] {dag.py:3036} INFO - Sync 1 DAGs
[2025-11-13T03:22:42.315+0000] {logging_mixin.py:188} INFO - [2025-11-13T03:22:42.315+0000] {dag.py:3823} INFO - Setting next_dagrun for erp_to_minio_bronze to 2025-11-13 00:00:00+00:00, run_after=2025-11-13 06:00:00+00:00
[2025-11-13T03:22:42.334+0000] {processor.py:183} INFO - Processing /opt/airflow/dags/erp_to_minio_bronze_dag.py took 0.124 seconds
[2025-11-13T03:23:12.603+0000] {processor.py:161} INFO - Started process (PID=14806) to work on /opt/airflow/dags/erp_to_minio_bronze_dag.py
[2025-11-13T03:23:12.604+0000] {processor.py:830} INFO - Processing file /opt/airflow/dags/erp_to_minio_bronze_dag.py for tasks to queue
[2025-11-13T03:23:12.605+0000] {logging_mixin.py:188} INFO - [2025-11-13T03:23:12.605+0000] {dagbag.py:538} INFO - Filling up the DagBag from /opt/airflow/dags/erp_to_minio_bronze_dag.py
[2025-11-13T03:23:12.663+0000] {processor.py:840} INFO - DAG(s) 'erp_to_minio_bronze' retrieved from /opt/airflow/dags/erp_to_minio_bronze_dag.py
[2025-11-13T03:23:12.676+0000] {logging_mixin.py:188} INFO - [2025-11-13T03:23:12.676+0000] {dag.py:3036} INFO - Sync 1 DAGs
[2025-11-13T03:23:12.688+0000] {logging_mixin.py:188} INFO - [2025-11-13T03:23:12.688+0000] {dag.py:3823} INFO - Setting next_dagrun for erp_to_minio_bronze to 2025-11-13 00:00:00+00:00, run_after=2025-11-13 06:00:00+00:00
[2025-11-13T03:23:12.711+0000] {processor.py:183} INFO - Processing /opt/airflow/dags/erp_to_minio_bronze_dag.py took 0.110 seconds
[2025-11-13T03:23:43.011+0000] {processor.py:161} INFO - Started process (PID=14808) to work on /opt/airflow/dags/erp_to_minio_bronze_dag.py
[2025-11-13T03:23:43.012+0000] {processor.py:830} INFO - Processing file /opt/airflow/dags/erp_to_minio_bronze_dag.py for tasks to queue
[2025-11-13T03:23:43.013+0000] {logging_mixin.py:188} INFO - [2025-11-13T03:23:43.013+0000] {dagbag.py:538} INFO - Filling up the DagBag from /opt/airflow/dags/erp_to_minio_bronze_dag.py
[2025-11-13T03:23:43.071+0000] {processor.py:840} INFO - DAG(s) 'erp_to_minio_bronze' retrieved from /opt/airflow/dags/erp_to_minio_bronze_dag.py
[2025-11-13T03:23:43.084+0000] {logging_mixin.py:188} INFO - [2025-11-13T03:23:43.084+0000] {dag.py:3036} INFO - Sync 1 DAGs
[2025-11-13T03:23:43.097+0000] {logging_mixin.py:188} INFO - [2025-11-13T03:23:43.097+0000] {dag.py:3823} INFO - Setting next_dagrun for erp_to_minio_bronze to 2025-11-13 00:00:00+00:00, run_after=2025-11-13 06:00:00+00:00
[2025-11-13T03:23:43.114+0000] {processor.py:183} INFO - Processing /opt/airflow/dags/erp_to_minio_bronze_dag.py took 0.105 seconds
[2025-11-13T03:24:13.417+0000] {processor.py:161} INFO - Started process (PID=14810) to work on /opt/airflow/dags/erp_to_minio_bronze_dag.py
[2025-11-13T03:24:13.418+0000] {processor.py:830} INFO - Processing file /opt/airflow/dags/erp_to_minio_bronze_dag.py for tasks to queue
[2025-11-13T03:24:13.419+0000] {logging_mixin.py:188} INFO - [2025-11-13T03:24:13.419+0000] {dagbag.py:538} INFO - Filling up the DagBag from /opt/airflow/dags/erp_to_minio_bronze_dag.py
[2025-11-13T03:24:13.485+0000] {processor.py:840} INFO - DAG(s) 'erp_to_minio_bronze' retrieved from /opt/airflow/dags/erp_to_minio_bronze_dag.py
[2025-11-13T03:24:13.498+0000] {logging_mixin.py:188} INFO - [2025-11-13T03:24:13.498+0000] {dag.py:3036} INFO - Sync 1 DAGs
[2025-11-13T03:24:13.518+0000] {logging_mixin.py:188} INFO - [2025-11-13T03:24:13.517+0000] {dag.py:3823} INFO - Setting next_dagrun for erp_to_minio_bronze to 2025-11-13 00:00:00+00:00, run_after=2025-11-13 06:00:00+00:00
[2025-11-13T03:24:13.540+0000] {processor.py:183} INFO - Processing /opt/airflow/dags/erp_to_minio_bronze_dag.py took 0.125 seconds
[2025-11-13T03:24:43.799+0000] {processor.py:161} INFO - Started process (PID=14812) to work on /opt/airflow/dags/erp_to_minio_bronze_dag.py
[2025-11-13T03:24:43.801+0000] {processor.py:830} INFO - Processing file /opt/airflow/dags/erp_to_minio_bronze_dag.py for tasks to queue
[2025-11-13T03:24:43.802+0000] {logging_mixin.py:188} INFO - [2025-11-13T03:24:43.801+0000] {dagbag.py:538} INFO - Filling up the DagBag from /opt/airflow/dags/erp_to_minio_bronze_dag.py
[2025-11-13T03:24:43.870+0000] {processor.py:840} INFO - DAG(s) 'erp_to_minio_bronze' retrieved from /opt/airflow/dags/erp_to_minio_bronze_dag.py
[2025-11-13T03:24:43.887+0000] {logging_mixin.py:188} INFO - [2025-11-13T03:24:43.887+0000] {dag.py:3036} INFO - Sync 1 DAGs
[2025-11-13T03:24:43.901+0000] {logging_mixin.py:188} INFO - [2025-11-13T03:24:43.900+0000] {dag.py:3823} INFO - Setting next_dagrun for erp_to_minio_bronze to 2025-11-13 00:00:00+00:00, run_after=2025-11-13 06:00:00+00:00
[2025-11-13T03:24:43.917+0000] {processor.py:183} INFO - Processing /opt/airflow/dags/erp_to_minio_bronze_dag.py took 0.120 seconds
[2025-11-13T03:25:14.187+0000] {processor.py:161} INFO - Started process (PID=14814) to work on /opt/airflow/dags/erp_to_minio_bronze_dag.py
[2025-11-13T03:25:14.188+0000] {processor.py:830} INFO - Processing file /opt/airflow/dags/erp_to_minio_bronze_dag.py for tasks to queue
[2025-11-13T03:25:14.189+0000] {logging_mixin.py:188} INFO - [2025-11-13T03:25:14.189+0000] {dagbag.py:538} INFO - Filling up the DagBag from /opt/airflow/dags/erp_to_minio_bronze_dag.py
[2025-11-13T03:25:14.249+0000] {processor.py:840} INFO - DAG(s) 'erp_to_minio_bronze' retrieved from /opt/airflow/dags/erp_to_minio_bronze_dag.py
[2025-11-13T03:25:14.264+0000] {logging_mixin.py:188} INFO - [2025-11-13T03:25:14.264+0000] {dag.py:3036} INFO - Sync 1 DAGs
[2025-11-13T03:25:14.275+0000] {logging_mixin.py:188} INFO - [2025-11-13T03:25:14.275+0000] {dag.py:3823} INFO - Setting next_dagrun for erp_to_minio_bronze to 2025-11-13 00:00:00+00:00, run_after=2025-11-13 06:00:00+00:00
[2025-11-13T03:25:14.291+0000] {processor.py:183} INFO - Processing /opt/airflow/dags/erp_to_minio_bronze_dag.py took 0.106 seconds
[2025-11-13T03:25:44.576+0000] {processor.py:161} INFO - Started process (PID=14816) to work on /opt/airflow/dags/erp_to_minio_bronze_dag.py
[2025-11-13T03:25:44.577+0000] {processor.py:830} INFO - Processing file /opt/airflow/dags/erp_to_minio_bronze_dag.py for tasks to queue
[2025-11-13T03:25:44.577+0000] {logging_mixin.py:188} INFO - [2025-11-13T03:25:44.577+0000] {dagbag.py:538} INFO - Filling up the DagBag from /opt/airflow/dags/erp_to_minio_bronze_dag.py
[2025-11-13T03:25:44.625+0000] {processor.py:840} INFO - DAG(s) 'erp_to_minio_bronze' retrieved from /opt/airflow/dags/erp_to_minio_bronze_dag.py
[2025-11-13T03:25:44.638+0000] {logging_mixin.py:188} INFO - [2025-11-13T03:25:44.638+0000] {dag.py:3036} INFO - Sync 1 DAGs
[2025-11-13T03:25:44.651+0000] {logging_mixin.py:188} INFO - [2025-11-13T03:25:44.650+0000] {dag.py:3823} INFO - Setting next_dagrun for erp_to_minio_bronze to 2025-11-13 00:00:00+00:00, run_after=2025-11-13 06:00:00+00:00
[2025-11-13T03:25:44.666+0000] {processor.py:183} INFO - Processing /opt/airflow/dags/erp_to_minio_bronze_dag.py took 0.093 seconds
[2025-11-13T03:26:14.972+0000] {processor.py:161} INFO - Started process (PID=14818) to work on /opt/airflow/dags/erp_to_minio_bronze_dag.py
[2025-11-13T03:26:14.974+0000] {processor.py:830} INFO - Processing file /opt/airflow/dags/erp_to_minio_bronze_dag.py for tasks to queue
[2025-11-13T03:26:14.975+0000] {logging_mixin.py:188} INFO - [2025-11-13T03:26:14.975+0000] {dagbag.py:538} INFO - Filling up the DagBag from /opt/airflow/dags/erp_to_minio_bronze_dag.py
[2025-11-13T03:26:15.029+0000] {processor.py:840} INFO - DAG(s) 'erp_to_minio_bronze' retrieved from /opt/airflow/dags/erp_to_minio_bronze_dag.py
[2025-11-13T03:26:15.043+0000] {logging_mixin.py:188} INFO - [2025-11-13T03:26:15.043+0000] {dag.py:3036} INFO - Sync 1 DAGs
[2025-11-13T03:26:15.054+0000] {logging_mixin.py:188} INFO - [2025-11-13T03:26:15.054+0000] {dag.py:3823} INFO - Setting next_dagrun for erp_to_minio_bronze to 2025-11-13 00:00:00+00:00, run_after=2025-11-13 06:00:00+00:00
[2025-11-13T03:26:15.067+0000] {processor.py:183} INFO - Processing /opt/airflow/dags/erp_to_minio_bronze_dag.py took 0.097 seconds
[2025-11-13T03:26:45.372+0000] {processor.py:161} INFO - Started process (PID=14820) to work on /opt/airflow/dags/erp_to_minio_bronze_dag.py
[2025-11-13T03:26:45.374+0000] {processor.py:830} INFO - Processing file /opt/airflow/dags/erp_to_minio_bronze_dag.py for tasks to queue
[2025-11-13T03:26:45.375+0000] {logging_mixin.py:188} INFO - [2025-11-13T03:26:45.374+0000] {dagbag.py:538} INFO - Filling up the DagBag from /opt/airflow/dags/erp_to_minio_bronze_dag.py
[2025-11-13T03:26:45.431+0000] {processor.py:840} INFO - DAG(s) 'erp_to_minio_bronze' retrieved from /opt/airflow/dags/erp_to_minio_bronze_dag.py
[2025-11-13T03:26:45.443+0000] {logging_mixin.py:188} INFO - [2025-11-13T03:26:45.443+0000] {dag.py:3036} INFO - Sync 1 DAGs
[2025-11-13T03:26:45.456+0000] {logging_mixin.py:188} INFO - [2025-11-13T03:26:45.456+0000] {dag.py:3823} INFO - Setting next_dagrun for erp_to_minio_bronze to 2025-11-13 00:00:00+00:00, run_after=2025-11-13 06:00:00+00:00
[2025-11-13T03:26:45.473+0000] {processor.py:183} INFO - Processing /opt/airflow/dags/erp_to_minio_bronze_dag.py took 0.103 seconds
[2025-11-13T03:27:15.765+0000] {processor.py:161} INFO - Started process (PID=14822) to work on /opt/airflow/dags/erp_to_minio_bronze_dag.py
[2025-11-13T03:27:15.766+0000] {processor.py:830} INFO - Processing file /opt/airflow/dags/erp_to_minio_bronze_dag.py for tasks to queue
[2025-11-13T03:27:15.767+0000] {logging_mixin.py:188} INFO - [2025-11-13T03:27:15.767+0000] {dagbag.py:538} INFO - Filling up the DagBag from /opt/airflow/dags/erp_to_minio_bronze_dag.py
[2025-11-13T03:27:15.828+0000] {processor.py:840} INFO - DAG(s) 'erp_to_minio_bronze' retrieved from /opt/airflow/dags/erp_to_minio_bronze_dag.py
[2025-11-13T03:27:15.845+0000] {logging_mixin.py:188} INFO - [2025-11-13T03:27:15.845+0000] {dag.py:3036} INFO - Sync 1 DAGs
[2025-11-13T03:27:15.858+0000] {logging_mixin.py:188} INFO - [2025-11-13T03:27:15.858+0000] {dag.py:3823} INFO - Setting next_dagrun for erp_to_minio_bronze to 2025-11-13 00:00:00+00:00, run_after=2025-11-13 06:00:00+00:00
[2025-11-13T03:27:15.870+0000] {processor.py:183} INFO - Processing /opt/airflow/dags/erp_to_minio_bronze_dag.py took 0.107 seconds
[2025-11-13T03:27:46.164+0000] {processor.py:161} INFO - Started process (PID=14824) to work on /opt/airflow/dags/erp_to_minio_bronze_dag.py
[2025-11-13T03:27:46.164+0000] {processor.py:830} INFO - Processing file /opt/airflow/dags/erp_to_minio_bronze_dag.py for tasks to queue
[2025-11-13T03:27:46.165+0000] {logging_mixin.py:188} INFO - [2025-11-13T03:27:46.165+0000] {dagbag.py:538} INFO - Filling up the DagBag from /opt/airflow/dags/erp_to_minio_bronze_dag.py
[2025-11-13T03:27:46.223+0000] {processor.py:840} INFO - DAG(s) 'erp_to_minio_bronze' retrieved from /opt/airflow/dags/erp_to_minio_bronze_dag.py
[2025-11-13T03:27:46.237+0000] {logging_mixin.py:188} INFO - [2025-11-13T03:27:46.237+0000] {dag.py:3036} INFO - Sync 1 DAGs
[2025-11-13T03:27:46.248+0000] {logging_mixin.py:188} INFO - [2025-11-13T03:27:46.248+0000] {dag.py:3823} INFO - Setting next_dagrun for erp_to_minio_bronze to 2025-11-13 00:00:00+00:00, run_after=2025-11-13 06:00:00+00:00
[2025-11-13T03:27:46.268+0000] {processor.py:183} INFO - Processing /opt/airflow/dags/erp_to_minio_bronze_dag.py took 0.107 seconds
[2025-11-13T03:28:16.552+0000] {processor.py:161} INFO - Started process (PID=14826) to work on /opt/airflow/dags/erp_to_minio_bronze_dag.py
[2025-11-13T03:28:16.553+0000] {processor.py:830} INFO - Processing file /opt/airflow/dags/erp_to_minio_bronze_dag.py for tasks to queue
[2025-11-13T03:28:16.554+0000] {logging_mixin.py:188} INFO - [2025-11-13T03:28:16.554+0000] {dagbag.py:538} INFO - Filling up the DagBag from /opt/airflow/dags/erp_to_minio_bronze_dag.py
[2025-11-13T03:28:16.615+0000] {processor.py:840} INFO - DAG(s) 'erp_to_minio_bronze' retrieved from /opt/airflow/dags/erp_to_minio_bronze_dag.py
[2025-11-13T03:28:16.628+0000] {logging_mixin.py:188} INFO - [2025-11-13T03:28:16.628+0000] {dag.py:3036} INFO - Sync 1 DAGs
[2025-11-13T03:28:16.640+0000] {logging_mixin.py:188} INFO - [2025-11-13T03:28:16.640+0000] {dag.py:3823} INFO - Setting next_dagrun for erp_to_minio_bronze to 2025-11-13 00:00:00+00:00, run_after=2025-11-13 06:00:00+00:00
[2025-11-13T03:28:16.656+0000] {processor.py:183} INFO - Processing /opt/airflow/dags/erp_to_minio_bronze_dag.py took 0.106 seconds
[2025-11-13T03:28:46.942+0000] {processor.py:161} INFO - Started process (PID=14828) to work on /opt/airflow/dags/erp_to_minio_bronze_dag.py
[2025-11-13T03:28:46.943+0000] {processor.py:830} INFO - Processing file /opt/airflow/dags/erp_to_minio_bronze_dag.py for tasks to queue
[2025-11-13T03:28:46.944+0000] {logging_mixin.py:188} INFO - [2025-11-13T03:28:46.944+0000] {dagbag.py:538} INFO - Filling up the DagBag from /opt/airflow/dags/erp_to_minio_bronze_dag.py
[2025-11-13T03:28:47.002+0000] {processor.py:840} INFO - DAG(s) 'erp_to_minio_bronze' retrieved from /opt/airflow/dags/erp_to_minio_bronze_dag.py
[2025-11-13T03:28:47.015+0000] {logging_mixin.py:188} INFO - [2025-11-13T03:28:47.015+0000] {dag.py:3036} INFO - Sync 1 DAGs
[2025-11-13T03:28:47.029+0000] {logging_mixin.py:188} INFO - [2025-11-13T03:28:47.029+0000] {dag.py:3823} INFO - Setting next_dagrun for erp_to_minio_bronze to 2025-11-13 00:00:00+00:00, run_after=2025-11-13 06:00:00+00:00
[2025-11-13T03:28:47.047+0000] {processor.py:183} INFO - Processing /opt/airflow/dags/erp_to_minio_bronze_dag.py took 0.108 seconds
[2025-11-13T03:29:17.335+0000] {processor.py:161} INFO - Started process (PID=14830) to work on /opt/airflow/dags/erp_to_minio_bronze_dag.py
[2025-11-13T03:29:17.336+0000] {processor.py:830} INFO - Processing file /opt/airflow/dags/erp_to_minio_bronze_dag.py for tasks to queue
[2025-11-13T03:29:17.337+0000] {logging_mixin.py:188} INFO - [2025-11-13T03:29:17.336+0000] {dagbag.py:538} INFO - Filling up the DagBag from /opt/airflow/dags/erp_to_minio_bronze_dag.py
[2025-11-13T03:29:17.393+0000] {processor.py:840} INFO - DAG(s) 'erp_to_minio_bronze' retrieved from /opt/airflow/dags/erp_to_minio_bronze_dag.py
[2025-11-13T03:29:17.408+0000] {logging_mixin.py:188} INFO - [2025-11-13T03:29:17.407+0000] {dag.py:3036} INFO - Sync 1 DAGs
[2025-11-13T03:29:17.419+0000] {logging_mixin.py:188} INFO - [2025-11-13T03:29:17.419+0000] {dag.py:3823} INFO - Setting next_dagrun for erp_to_minio_bronze to 2025-11-13 00:00:00+00:00, run_after=2025-11-13 06:00:00+00:00
[2025-11-13T03:29:17.434+0000] {processor.py:183} INFO - Processing /opt/airflow/dags/erp_to_minio_bronze_dag.py took 0.102 seconds
[2025-11-13T03:29:47.707+0000] {processor.py:161} INFO - Started process (PID=14832) to work on /opt/airflow/dags/erp_to_minio_bronze_dag.py
[2025-11-13T03:29:47.708+0000] {processor.py:830} INFO - Processing file /opt/airflow/dags/erp_to_minio_bronze_dag.py for tasks to queue
[2025-11-13T03:29:47.709+0000] {logging_mixin.py:188} INFO - [2025-11-13T03:29:47.709+0000] {dagbag.py:538} INFO - Filling up the DagBag from /opt/airflow/dags/erp_to_minio_bronze_dag.py
[2025-11-13T03:29:47.779+0000] {processor.py:840} INFO - DAG(s) 'erp_to_minio_bronze' retrieved from /opt/airflow/dags/erp_to_minio_bronze_dag.py
[2025-11-13T03:29:47.796+0000] {logging_mixin.py:188} INFO - [2025-11-13T03:29:47.796+0000] {dag.py:3036} INFO - Sync 1 DAGs
[2025-11-13T03:29:47.810+0000] {logging_mixin.py:188} INFO - [2025-11-13T03:29:47.809+0000] {dag.py:3823} INFO - Setting next_dagrun for erp_to_minio_bronze to 2025-11-13 00:00:00+00:00, run_after=2025-11-13 06:00:00+00:00
[2025-11-13T03:29:47.827+0000] {processor.py:183} INFO - Processing /opt/airflow/dags/erp_to_minio_bronze_dag.py took 0.122 seconds
[2025-11-13T03:30:18.112+0000] {processor.py:161} INFO - Started process (PID=14834) to work on /opt/airflow/dags/erp_to_minio_bronze_dag.py
[2025-11-13T03:30:18.114+0000] {processor.py:830} INFO - Processing file /opt/airflow/dags/erp_to_minio_bronze_dag.py for tasks to queue
[2025-11-13T03:30:18.115+0000] {logging_mixin.py:188} INFO - [2025-11-13T03:30:18.115+0000] {dagbag.py:538} INFO - Filling up the DagBag from /opt/airflow/dags/erp_to_minio_bronze_dag.py
[2025-11-13T03:30:18.183+0000] {processor.py:840} INFO - DAG(s) 'erp_to_minio_bronze' retrieved from /opt/airflow/dags/erp_to_minio_bronze_dag.py
[2025-11-13T03:30:18.201+0000] {logging_mixin.py:188} INFO - [2025-11-13T03:30:18.201+0000] {dag.py:3036} INFO - Sync 1 DAGs
[2025-11-13T03:30:18.216+0000] {logging_mixin.py:188} INFO - [2025-11-13T03:30:18.216+0000] {dag.py:3823} INFO - Setting next_dagrun for erp_to_minio_bronze to 2025-11-13 00:00:00+00:00, run_after=2025-11-13 06:00:00+00:00
[2025-11-13T03:30:18.232+0000] {processor.py:183} INFO - Processing /opt/airflow/dags/erp_to_minio_bronze_dag.py took 0.122 seconds
[2025-11-13T03:30:48.527+0000] {processor.py:161} INFO - Started process (PID=14836) to work on /opt/airflow/dags/erp_to_minio_bronze_dag.py
[2025-11-13T03:30:48.528+0000] {processor.py:830} INFO - Processing file /opt/airflow/dags/erp_to_minio_bronze_dag.py for tasks to queue
[2025-11-13T03:30:48.529+0000] {logging_mixin.py:188} INFO - [2025-11-13T03:30:48.529+0000] {dagbag.py:538} INFO - Filling up the DagBag from /opt/airflow/dags/erp_to_minio_bronze_dag.py
[2025-11-13T03:30:48.585+0000] {processor.py:840} INFO - DAG(s) 'erp_to_minio_bronze' retrieved from /opt/airflow/dags/erp_to_minio_bronze_dag.py
[2025-11-13T03:30:48.600+0000] {logging_mixin.py:188} INFO - [2025-11-13T03:30:48.600+0000] {dag.py:3036} INFO - Sync 1 DAGs
[2025-11-13T03:30:48.612+0000] {logging_mixin.py:188} INFO - [2025-11-13T03:30:48.612+0000] {dag.py:3823} INFO - Setting next_dagrun for erp_to_minio_bronze to 2025-11-13 00:00:00+00:00, run_after=2025-11-13 06:00:00+00:00
[2025-11-13T03:30:48.627+0000] {processor.py:183} INFO - Processing /opt/airflow/dags/erp_to_minio_bronze_dag.py took 0.102 seconds
[2025-11-13T03:31:18.923+0000] {processor.py:161} INFO - Started process (PID=14838) to work on /opt/airflow/dags/erp_to_minio_bronze_dag.py
[2025-11-13T03:31:18.925+0000] {processor.py:830} INFO - Processing file /opt/airflow/dags/erp_to_minio_bronze_dag.py for tasks to queue
[2025-11-13T03:31:18.926+0000] {logging_mixin.py:188} INFO - [2025-11-13T03:31:18.925+0000] {dagbag.py:538} INFO - Filling up the DagBag from /opt/airflow/dags/erp_to_minio_bronze_dag.py
[2025-11-13T03:31:18.985+0000] {processor.py:840} INFO - DAG(s) 'erp_to_minio_bronze' retrieved from /opt/airflow/dags/erp_to_minio_bronze_dag.py
[2025-11-13T03:31:18.999+0000] {logging_mixin.py:188} INFO - [2025-11-13T03:31:18.999+0000] {dag.py:3036} INFO - Sync 1 DAGs
[2025-11-13T03:31:19.012+0000] {logging_mixin.py:188} INFO - [2025-11-13T03:31:19.012+0000] {dag.py:3823} INFO - Setting next_dagrun for erp_to_minio_bronze to 2025-11-13 00:00:00+00:00, run_after=2025-11-13 06:00:00+00:00
[2025-11-13T03:31:19.031+0000] {processor.py:183} INFO - Processing /opt/airflow/dags/erp_to_minio_bronze_dag.py took 0.110 seconds
[2025-11-13T03:31:49.315+0000] {processor.py:161} INFO - Started process (PID=14840) to work on /opt/airflow/dags/erp_to_minio_bronze_dag.py
[2025-11-13T03:31:49.316+0000] {processor.py:830} INFO - Processing file /opt/airflow/dags/erp_to_minio_bronze_dag.py for tasks to queue
[2025-11-13T03:31:49.317+0000] {logging_mixin.py:188} INFO - [2025-11-13T03:31:49.317+0000] {dagbag.py:538} INFO - Filling up the DagBag from /opt/airflow/dags/erp_to_minio_bronze_dag.py
[2025-11-13T03:31:49.376+0000] {processor.py:840} INFO - DAG(s) 'erp_to_minio_bronze' retrieved from /opt/airflow/dags/erp_to_minio_bronze_dag.py
[2025-11-13T03:31:49.389+0000] {logging_mixin.py:188} INFO - [2025-11-13T03:31:49.389+0000] {dag.py:3036} INFO - Sync 1 DAGs
[2025-11-13T03:31:49.402+0000] {logging_mixin.py:188} INFO - [2025-11-13T03:31:49.402+0000] {dag.py:3823} INFO - Setting next_dagrun for erp_to_minio_bronze to 2025-11-13 00:00:00+00:00, run_after=2025-11-13 06:00:00+00:00
[2025-11-13T03:31:49.421+0000] {processor.py:183} INFO - Processing /opt/airflow/dags/erp_to_minio_bronze_dag.py took 0.108 seconds
[2025-11-13T03:32:19.705+0000] {processor.py:161} INFO - Started process (PID=14842) to work on /opt/airflow/dags/erp_to_minio_bronze_dag.py
[2025-11-13T03:32:19.707+0000] {processor.py:830} INFO - Processing file /opt/airflow/dags/erp_to_minio_bronze_dag.py for tasks to queue
[2025-11-13T03:32:19.708+0000] {logging_mixin.py:188} INFO - [2025-11-13T03:32:19.708+0000] {dagbag.py:538} INFO - Filling up the DagBag from /opt/airflow/dags/erp_to_minio_bronze_dag.py
[2025-11-13T03:32:19.769+0000] {processor.py:840} INFO - DAG(s) 'erp_to_minio_bronze' retrieved from /opt/airflow/dags/erp_to_minio_bronze_dag.py
[2025-11-13T03:32:19.783+0000] {logging_mixin.py:188} INFO - [2025-11-13T03:32:19.783+0000] {dag.py:3036} INFO - Sync 1 DAGs
[2025-11-13T03:32:19.795+0000] {logging_mixin.py:188} INFO - [2025-11-13T03:32:19.794+0000] {dag.py:3823} INFO - Setting next_dagrun for erp_to_minio_bronze to 2025-11-13 00:00:00+00:00, run_after=2025-11-13 06:00:00+00:00
[2025-11-13T03:32:19.810+0000] {processor.py:183} INFO - Processing /opt/airflow/dags/erp_to_minio_bronze_dag.py took 0.107 seconds
[2025-11-13T03:32:50.102+0000] {processor.py:161} INFO - Started process (PID=14844) to work on /opt/airflow/dags/erp_to_minio_bronze_dag.py
[2025-11-13T03:32:50.103+0000] {processor.py:830} INFO - Processing file /opt/airflow/dags/erp_to_minio_bronze_dag.py for tasks to queue
[2025-11-13T03:32:50.104+0000] {logging_mixin.py:188} INFO - [2025-11-13T03:32:50.104+0000] {dagbag.py:538} INFO - Filling up the DagBag from /opt/airflow/dags/erp_to_minio_bronze_dag.py
[2025-11-13T03:32:50.161+0000] {processor.py:840} INFO - DAG(s) 'erp_to_minio_bronze' retrieved from /opt/airflow/dags/erp_to_minio_bronze_dag.py
[2025-11-13T03:32:50.175+0000] {logging_mixin.py:188} INFO - [2025-11-13T03:32:50.175+0000] {dag.py:3036} INFO - Sync 1 DAGs
[2025-11-13T03:32:50.187+0000] {logging_mixin.py:188} INFO - [2025-11-13T03:32:50.187+0000] {dag.py:3823} INFO - Setting next_dagrun for erp_to_minio_bronze to 2025-11-13 00:00:00+00:00, run_after=2025-11-13 06:00:00+00:00
[2025-11-13T03:32:50.201+0000] {processor.py:183} INFO - Processing /opt/airflow/dags/erp_to_minio_bronze_dag.py took 0.101 seconds
[2025-11-13T03:33:20.487+0000] {processor.py:161} INFO - Started process (PID=14846) to work on /opt/airflow/dags/erp_to_minio_bronze_dag.py
[2025-11-13T03:33:20.489+0000] {processor.py:830} INFO - Processing file /opt/airflow/dags/erp_to_minio_bronze_dag.py for tasks to queue
[2025-11-13T03:33:20.490+0000] {logging_mixin.py:188} INFO - [2025-11-13T03:33:20.490+0000] {dagbag.py:538} INFO - Filling up the DagBag from /opt/airflow/dags/erp_to_minio_bronze_dag.py
[2025-11-13T03:33:20.544+0000] {processor.py:840} INFO - DAG(s) 'erp_to_minio_bronze' retrieved from /opt/airflow/dags/erp_to_minio_bronze_dag.py
[2025-11-13T03:33:20.556+0000] {logging_mixin.py:188} INFO - [2025-11-13T03:33:20.556+0000] {dag.py:3036} INFO - Sync 1 DAGs
[2025-11-13T03:33:20.567+0000] {logging_mixin.py:188} INFO - [2025-11-13T03:33:20.567+0000] {dag.py:3823} INFO - Setting next_dagrun for erp_to_minio_bronze to 2025-11-13 00:00:00+00:00, run_after=2025-11-13 06:00:00+00:00
[2025-11-13T03:33:20.582+0000] {processor.py:183} INFO - Processing /opt/airflow/dags/erp_to_minio_bronze_dag.py took 0.097 seconds
[2025-11-13T03:33:50.933+0000] {processor.py:161} INFO - Started process (PID=14848) to work on /opt/airflow/dags/erp_to_minio_bronze_dag.py
[2025-11-13T03:33:50.934+0000] {processor.py:830} INFO - Processing file /opt/airflow/dags/erp_to_minio_bronze_dag.py for tasks to queue
[2025-11-13T03:33:50.935+0000] {logging_mixin.py:188} INFO - [2025-11-13T03:33:50.935+0000] {dagbag.py:538} INFO - Filling up the DagBag from /opt/airflow/dags/erp_to_minio_bronze_dag.py
[2025-11-13T03:33:50.986+0000] {processor.py:840} INFO - DAG(s) 'erp_to_minio_bronze' retrieved from /opt/airflow/dags/erp_to_minio_bronze_dag.py
[2025-11-13T03:33:50.997+0000] {logging_mixin.py:188} INFO - [2025-11-13T03:33:50.997+0000] {dag.py:3036} INFO - Sync 1 DAGs
[2025-11-13T03:33:51.007+0000] {logging_mixin.py:188} INFO - [2025-11-13T03:33:51.007+0000] {dag.py:3823} INFO - Setting next_dagrun for erp_to_minio_bronze to 2025-11-13 00:00:00+00:00, run_after=2025-11-13 06:00:00+00:00
[2025-11-13T03:33:51.022+0000] {processor.py:183} INFO - Processing /opt/airflow/dags/erp_to_minio_bronze_dag.py took 0.091 seconds
[2025-11-13T03:34:21.229+0000] {processor.py:161} INFO - Started process (PID=14850) to work on /opt/airflow/dags/erp_to_minio_bronze_dag.py
[2025-11-13T03:34:21.230+0000] {processor.py:830} INFO - Processing file /opt/airflow/dags/erp_to_minio_bronze_dag.py for tasks to queue
[2025-11-13T03:34:21.231+0000] {logging_mixin.py:188} INFO - [2025-11-13T03:34:21.231+0000] {dagbag.py:538} INFO - Filling up the DagBag from /opt/airflow/dags/erp_to_minio_bronze_dag.py
[2025-11-13T03:34:21.286+0000] {processor.py:840} INFO - DAG(s) 'erp_to_minio_bronze' retrieved from /opt/airflow/dags/erp_to_minio_bronze_dag.py
[2025-11-13T03:34:21.297+0000] {logging_mixin.py:188} INFO - [2025-11-13T03:34:21.297+0000] {dag.py:3036} INFO - Sync 1 DAGs
[2025-11-13T03:34:21.310+0000] {logging_mixin.py:188} INFO - [2025-11-13T03:34:21.309+0000] {dag.py:3823} INFO - Setting next_dagrun for erp_to_minio_bronze to 2025-11-13 00:00:00+00:00, run_after=2025-11-13 06:00:00+00:00
[2025-11-13T03:34:21.323+0000] {processor.py:183} INFO - Processing /opt/airflow/dags/erp_to_minio_bronze_dag.py took 0.096 seconds
[2025-11-13T03:34:51.525+0000] {processor.py:161} INFO - Started process (PID=14852) to work on /opt/airflow/dags/erp_to_minio_bronze_dag.py
[2025-11-13T03:34:51.527+0000] {processor.py:830} INFO - Processing file /opt/airflow/dags/erp_to_minio_bronze_dag.py for tasks to queue
[2025-11-13T03:34:51.528+0000] {logging_mixin.py:188} INFO - [2025-11-13T03:34:51.527+0000] {dagbag.py:538} INFO - Filling up the DagBag from /opt/airflow/dags/erp_to_minio_bronze_dag.py
[2025-11-13T03:34:51.593+0000] {processor.py:840} INFO - DAG(s) 'erp_to_minio_bronze' retrieved from /opt/airflow/dags/erp_to_minio_bronze_dag.py
[2025-11-13T03:34:51.607+0000] {logging_mixin.py:188} INFO - [2025-11-13T03:34:51.607+0000] {dag.py:3036} INFO - Sync 1 DAGs
[2025-11-13T03:34:51.619+0000] {logging_mixin.py:188} INFO - [2025-11-13T03:34:51.619+0000] {dag.py:3823} INFO - Setting next_dagrun for erp_to_minio_bronze to 2025-11-13 00:00:00+00:00, run_after=2025-11-13 06:00:00+00:00
[2025-11-13T03:34:51.632+0000] {processor.py:183} INFO - Processing /opt/airflow/dags/erp_to_minio_bronze_dag.py took 0.109 seconds
[2025-11-13T03:35:21.826+0000] {processor.py:161} INFO - Started process (PID=14854) to work on /opt/airflow/dags/erp_to_minio_bronze_dag.py
[2025-11-13T03:35:21.827+0000] {processor.py:830} INFO - Processing file /opt/airflow/dags/erp_to_minio_bronze_dag.py for tasks to queue
[2025-11-13T03:35:21.828+0000] {logging_mixin.py:188} INFO - [2025-11-13T03:35:21.827+0000] {dagbag.py:538} INFO - Filling up the DagBag from /opt/airflow/dags/erp_to_minio_bronze_dag.py
[2025-11-13T03:35:21.881+0000] {processor.py:840} INFO - DAG(s) 'erp_to_minio_bronze' retrieved from /opt/airflow/dags/erp_to_minio_bronze_dag.py
[2025-11-13T03:35:21.893+0000] {logging_mixin.py:188} INFO - [2025-11-13T03:35:21.893+0000] {dag.py:3036} INFO - Sync 1 DAGs
[2025-11-13T03:35:21.903+0000] {logging_mixin.py:188} INFO - [2025-11-13T03:35:21.903+0000] {dag.py:3823} INFO - Setting next_dagrun for erp_to_minio_bronze to 2025-11-13 00:00:00+00:00, run_after=2025-11-13 06:00:00+00:00
[2025-11-13T03:35:21.922+0000] {processor.py:183} INFO - Processing /opt/airflow/dags/erp_to_minio_bronze_dag.py took 0.098 seconds
[2025-11-13T03:35:52.112+0000] {processor.py:161} INFO - Started process (PID=14856) to work on /opt/airflow/dags/erp_to_minio_bronze_dag.py
[2025-11-13T03:35:52.113+0000] {processor.py:830} INFO - Processing file /opt/airflow/dags/erp_to_minio_bronze_dag.py for tasks to queue
[2025-11-13T03:35:52.114+0000] {logging_mixin.py:188} INFO - [2025-11-13T03:35:52.114+0000] {dagbag.py:538} INFO - Filling up the DagBag from /opt/airflow/dags/erp_to_minio_bronze_dag.py
[2025-11-13T03:35:52.166+0000] {processor.py:840} INFO - DAG(s) 'erp_to_minio_bronze' retrieved from /opt/airflow/dags/erp_to_minio_bronze_dag.py
[2025-11-13T03:35:52.178+0000] {logging_mixin.py:188} INFO - [2025-11-13T03:35:52.178+0000] {dag.py:3036} INFO - Sync 1 DAGs
[2025-11-13T03:35:52.189+0000] {logging_mixin.py:188} INFO - [2025-11-13T03:35:52.189+0000] {dag.py:3823} INFO - Setting next_dagrun for erp_to_minio_bronze to 2025-11-13 00:00:00+00:00, run_after=2025-11-13 06:00:00+00:00
[2025-11-13T03:35:52.207+0000] {processor.py:183} INFO - Processing /opt/airflow/dags/erp_to_minio_bronze_dag.py took 0.097 seconds
[2025-11-13T03:36:22.399+0000] {processor.py:161} INFO - Started process (PID=14858) to work on /opt/airflow/dags/erp_to_minio_bronze_dag.py
[2025-11-13T03:36:22.401+0000] {processor.py:830} INFO - Processing file /opt/airflow/dags/erp_to_minio_bronze_dag.py for tasks to queue
[2025-11-13T03:36:22.402+0000] {logging_mixin.py:188} INFO - [2025-11-13T03:36:22.402+0000] {dagbag.py:538} INFO - Filling up the DagBag from /opt/airflow/dags/erp_to_minio_bronze_dag.py
[2025-11-13T03:36:22.452+0000] {processor.py:840} INFO - DAG(s) 'erp_to_minio_bronze' retrieved from /opt/airflow/dags/erp_to_minio_bronze_dag.py
[2025-11-13T03:36:22.464+0000] {logging_mixin.py:188} INFO - [2025-11-13T03:36:22.464+0000] {dag.py:3036} INFO - Sync 1 DAGs
[2025-11-13T03:36:22.476+0000] {logging_mixin.py:188} INFO - [2025-11-13T03:36:22.476+0000] {dag.py:3823} INFO - Setting next_dagrun for erp_to_minio_bronze to 2025-11-13 00:00:00+00:00, run_after=2025-11-13 06:00:00+00:00
[2025-11-13T03:36:22.491+0000] {processor.py:183} INFO - Processing /opt/airflow/dags/erp_to_minio_bronze_dag.py took 0.094 seconds
[2025-11-13T03:36:52.699+0000] {processor.py:161} INFO - Started process (PID=14860) to work on /opt/airflow/dags/erp_to_minio_bronze_dag.py
[2025-11-13T03:36:52.701+0000] {processor.py:830} INFO - Processing file /opt/airflow/dags/erp_to_minio_bronze_dag.py for tasks to queue
[2025-11-13T03:36:52.702+0000] {logging_mixin.py:188} INFO - [2025-11-13T03:36:52.702+0000] {dagbag.py:538} INFO - Filling up the DagBag from /opt/airflow/dags/erp_to_minio_bronze_dag.py
[2025-11-13T03:36:52.781+0000] {processor.py:840} INFO - DAG(s) 'erp_to_minio_bronze' retrieved from /opt/airflow/dags/erp_to_minio_bronze_dag.py
[2025-11-13T03:36:52.801+0000] {logging_mixin.py:188} INFO - [2025-11-13T03:36:52.801+0000] {dag.py:3036} INFO - Sync 1 DAGs
[2025-11-13T03:36:52.815+0000] {logging_mixin.py:188} INFO - [2025-11-13T03:36:52.814+0000] {dag.py:3823} INFO - Setting next_dagrun for erp_to_minio_bronze to 2025-11-13 00:00:00+00:00, run_after=2025-11-13 06:00:00+00:00
[2025-11-13T03:36:52.836+0000] {processor.py:183} INFO - Processing /opt/airflow/dags/erp_to_minio_bronze_dag.py took 0.140 seconds
[2025-11-13T03:37:23.004+0000] {processor.py:161} INFO - Started process (PID=14862) to work on /opt/airflow/dags/erp_to_minio_bronze_dag.py
[2025-11-13T03:37:23.005+0000] {processor.py:830} INFO - Processing file /opt/airflow/dags/erp_to_minio_bronze_dag.py for tasks to queue
[2025-11-13T03:37:23.007+0000] {logging_mixin.py:188} INFO - [2025-11-13T03:37:23.006+0000] {dagbag.py:538} INFO - Filling up the DagBag from /opt/airflow/dags/erp_to_minio_bronze_dag.py
[2025-11-13T03:37:23.065+0000] {processor.py:840} INFO - DAG(s) 'erp_to_minio_bronze' retrieved from /opt/airflow/dags/erp_to_minio_bronze_dag.py
[2025-11-13T03:37:23.079+0000] {logging_mixin.py:188} INFO - [2025-11-13T03:37:23.079+0000] {dag.py:3036} INFO - Sync 1 DAGs
[2025-11-13T03:37:23.090+0000] {logging_mixin.py:188} INFO - [2025-11-13T03:37:23.089+0000] {dag.py:3823} INFO - Setting next_dagrun for erp_to_minio_bronze to 2025-11-13 00:00:00+00:00, run_after=2025-11-13 06:00:00+00:00
[2025-11-13T03:37:23.108+0000] {processor.py:183} INFO - Processing /opt/airflow/dags/erp_to_minio_bronze_dag.py took 0.106 seconds
[2025-11-13T03:37:53.276+0000] {processor.py:161} INFO - Started process (PID=14864) to work on /opt/airflow/dags/erp_to_minio_bronze_dag.py
[2025-11-13T03:37:53.277+0000] {processor.py:830} INFO - Processing file /opt/airflow/dags/erp_to_minio_bronze_dag.py for tasks to queue
[2025-11-13T03:37:53.279+0000] {logging_mixin.py:188} INFO - [2025-11-13T03:37:53.278+0000] {dagbag.py:538} INFO - Filling up the DagBag from /opt/airflow/dags/erp_to_minio_bronze_dag.py
[2025-11-13T03:37:53.339+0000] {processor.py:840} INFO - DAG(s) 'erp_to_minio_bronze' retrieved from /opt/airflow/dags/erp_to_minio_bronze_dag.py
[2025-11-13T03:37:53.354+0000] {logging_mixin.py:188} INFO - [2025-11-13T03:37:53.353+0000] {dag.py:3036} INFO - Sync 1 DAGs
[2025-11-13T03:37:53.366+0000] {logging_mixin.py:188} INFO - [2025-11-13T03:37:53.366+0000] {dag.py:3823} INFO - Setting next_dagrun for erp_to_minio_bronze to 2025-11-13 00:00:00+00:00, run_after=2025-11-13 06:00:00+00:00
[2025-11-13T03:37:53.380+0000] {processor.py:183} INFO - Processing /opt/airflow/dags/erp_to_minio_bronze_dag.py took 0.106 seconds
[2025-11-13T03:38:23.545+0000] {processor.py:161} INFO - Started process (PID=14866) to work on /opt/airflow/dags/erp_to_minio_bronze_dag.py
[2025-11-13T03:38:23.546+0000] {processor.py:830} INFO - Processing file /opt/airflow/dags/erp_to_minio_bronze_dag.py for tasks to queue
[2025-11-13T03:38:23.547+0000] {logging_mixin.py:188} INFO - [2025-11-13T03:38:23.546+0000] {dagbag.py:538} INFO - Filling up the DagBag from /opt/airflow/dags/erp_to_minio_bronze_dag.py
[2025-11-13T03:38:23.599+0000] {processor.py:840} INFO - DAG(s) 'erp_to_minio_bronze' retrieved from /opt/airflow/dags/erp_to_minio_bronze_dag.py
[2025-11-13T03:38:23.614+0000] {logging_mixin.py:188} INFO - [2025-11-13T03:38:23.613+0000] {dag.py:3036} INFO - Sync 1 DAGs
[2025-11-13T03:38:23.625+0000] {logging_mixin.py:188} INFO - [2025-11-13T03:38:23.625+0000] {dag.py:3823} INFO - Setting next_dagrun for erp_to_minio_bronze to 2025-11-13 00:00:00+00:00, run_after=2025-11-13 06:00:00+00:00
[2025-11-13T03:38:23.644+0000] {processor.py:183} INFO - Processing /opt/airflow/dags/erp_to_minio_bronze_dag.py took 0.101 seconds
[2025-11-13T03:38:53.835+0000] {processor.py:161} INFO - Started process (PID=14868) to work on /opt/airflow/dags/erp_to_minio_bronze_dag.py
[2025-11-13T03:38:53.836+0000] {processor.py:830} INFO - Processing file /opt/airflow/dags/erp_to_minio_bronze_dag.py for tasks to queue
[2025-11-13T03:38:53.837+0000] {logging_mixin.py:188} INFO - [2025-11-13T03:38:53.837+0000] {dagbag.py:538} INFO - Filling up the DagBag from /opt/airflow/dags/erp_to_minio_bronze_dag.py
[2025-11-13T03:38:53.895+0000] {processor.py:840} INFO - DAG(s) 'erp_to_minio_bronze' retrieved from /opt/airflow/dags/erp_to_minio_bronze_dag.py
[2025-11-13T03:38:53.908+0000] {logging_mixin.py:188} INFO - [2025-11-13T03:38:53.908+0000] {dag.py:3036} INFO - Sync 1 DAGs
[2025-11-13T03:38:53.919+0000] {logging_mixin.py:188} INFO - [2025-11-13T03:38:53.919+0000] {dag.py:3823} INFO - Setting next_dagrun for erp_to_minio_bronze to 2025-11-13 00:00:00+00:00, run_after=2025-11-13 06:00:00+00:00
[2025-11-13T03:38:53.937+0000] {processor.py:183} INFO - Processing /opt/airflow/dags/erp_to_minio_bronze_dag.py took 0.105 seconds
[2025-11-13T03:39:24.117+0000] {processor.py:161} INFO - Started process (PID=14870) to work on /opt/airflow/dags/erp_to_minio_bronze_dag.py
[2025-11-13T03:39:24.118+0000] {processor.py:830} INFO - Processing file /opt/airflow/dags/erp_to_minio_bronze_dag.py for tasks to queue
[2025-11-13T03:39:24.119+0000] {logging_mixin.py:188} INFO - [2025-11-13T03:39:24.119+0000] {dagbag.py:538} INFO - Filling up the DagBag from /opt/airflow/dags/erp_to_minio_bronze_dag.py
[2025-11-13T03:39:24.178+0000] {processor.py:840} INFO - DAG(s) 'erp_to_minio_bronze' retrieved from /opt/airflow/dags/erp_to_minio_bronze_dag.py
[2025-11-13T03:39:24.192+0000] {logging_mixin.py:188} INFO - [2025-11-13T03:39:24.192+0000] {dag.py:3036} INFO - Sync 1 DAGs
[2025-11-13T03:39:24.204+0000] {logging_mixin.py:188} INFO - [2025-11-13T03:39:24.204+0000] {dag.py:3823} INFO - Setting next_dagrun for erp_to_minio_bronze to 2025-11-13 00:00:00+00:00, run_after=2025-11-13 06:00:00+00:00
[2025-11-13T03:39:24.220+0000] {processor.py:183} INFO - Processing /opt/airflow/dags/erp_to_minio_bronze_dag.py took 0.105 seconds
[2025-11-13T03:39:54.419+0000] {processor.py:161} INFO - Started process (PID=14872) to work on /opt/airflow/dags/erp_to_minio_bronze_dag.py
[2025-11-13T03:39:54.420+0000] {processor.py:830} INFO - Processing file /opt/airflow/dags/erp_to_minio_bronze_dag.py for tasks to queue
[2025-11-13T03:39:54.421+0000] {logging_mixin.py:188} INFO - [2025-11-13T03:39:54.420+0000] {dagbag.py:538} INFO - Filling up the DagBag from /opt/airflow/dags/erp_to_minio_bronze_dag.py
[2025-11-13T03:39:54.479+0000] {processor.py:840} INFO - DAG(s) 'erp_to_minio_bronze' retrieved from /opt/airflow/dags/erp_to_minio_bronze_dag.py
[2025-11-13T03:39:54.494+0000] {logging_mixin.py:188} INFO - [2025-11-13T03:39:54.493+0000] {dag.py:3036} INFO - Sync 1 DAGs
[2025-11-13T03:39:54.505+0000] {logging_mixin.py:188} INFO - [2025-11-13T03:39:54.505+0000] {dag.py:3823} INFO - Setting next_dagrun for erp_to_minio_bronze to 2025-11-13 00:00:00+00:00, run_after=2025-11-13 06:00:00+00:00
[2025-11-13T03:39:54.523+0000] {processor.py:183} INFO - Processing /opt/airflow/dags/erp_to_minio_bronze_dag.py took 0.106 seconds
[2025-11-13T03:40:24.713+0000] {processor.py:161} INFO - Started process (PID=14874) to work on /opt/airflow/dags/erp_to_minio_bronze_dag.py
[2025-11-13T03:40:24.715+0000] {processor.py:830} INFO - Processing file /opt/airflow/dags/erp_to_minio_bronze_dag.py for tasks to queue
[2025-11-13T03:40:24.716+0000] {logging_mixin.py:188} INFO - [2025-11-13T03:40:24.715+0000] {dagbag.py:538} INFO - Filling up the DagBag from /opt/airflow/dags/erp_to_minio_bronze_dag.py
[2025-11-13T03:40:24.779+0000] {processor.py:840} INFO - DAG(s) 'erp_to_minio_bronze' retrieved from /opt/airflow/dags/erp_to_minio_bronze_dag.py
[2025-11-13T03:40:24.794+0000] {logging_mixin.py:188} INFO - [2025-11-13T03:40:24.794+0000] {dag.py:3036} INFO - Sync 1 DAGs
[2025-11-13T03:40:24.807+0000] {logging_mixin.py:188} INFO - [2025-11-13T03:40:24.806+0000] {dag.py:3823} INFO - Setting next_dagrun for erp_to_minio_bronze to 2025-11-13 00:00:00+00:00, run_after=2025-11-13 06:00:00+00:00
[2025-11-13T03:40:24.822+0000] {processor.py:183} INFO - Processing /opt/airflow/dags/erp_to_minio_bronze_dag.py took 0.111 seconds
[2025-11-13T03:40:55.013+0000] {processor.py:161} INFO - Started process (PID=14876) to work on /opt/airflow/dags/erp_to_minio_bronze_dag.py
[2025-11-13T03:40:55.014+0000] {processor.py:830} INFO - Processing file /opt/airflow/dags/erp_to_minio_bronze_dag.py for tasks to queue
[2025-11-13T03:40:55.015+0000] {logging_mixin.py:188} INFO - [2025-11-13T03:40:55.014+0000] {dagbag.py:538} INFO - Filling up the DagBag from /opt/airflow/dags/erp_to_minio_bronze_dag.py
[2025-11-13T03:40:55.073+0000] {processor.py:840} INFO - DAG(s) 'erp_to_minio_bronze' retrieved from /opt/airflow/dags/erp_to_minio_bronze_dag.py
[2025-11-13T03:40:55.087+0000] {logging_mixin.py:188} INFO - [2025-11-13T03:40:55.087+0000] {dag.py:3036} INFO - Sync 1 DAGs
[2025-11-13T03:40:55.098+0000] {logging_mixin.py:188} INFO - [2025-11-13T03:40:55.098+0000] {dag.py:3823} INFO - Setting next_dagrun for erp_to_minio_bronze to 2025-11-13 00:00:00+00:00, run_after=2025-11-13 06:00:00+00:00
[2025-11-13T03:40:55.116+0000] {processor.py:183} INFO - Processing /opt/airflow/dags/erp_to_minio_bronze_dag.py took 0.105 seconds
[2025-11-13T03:41:25.313+0000] {processor.py:161} INFO - Started process (PID=14878) to work on /opt/airflow/dags/erp_to_minio_bronze_dag.py
[2025-11-13T03:41:25.315+0000] {processor.py:830} INFO - Processing file /opt/airflow/dags/erp_to_minio_bronze_dag.py for tasks to queue
[2025-11-13T03:41:25.316+0000] {logging_mixin.py:188} INFO - [2025-11-13T03:41:25.316+0000] {dagbag.py:538} INFO - Filling up the DagBag from /opt/airflow/dags/erp_to_minio_bronze_dag.py
[2025-11-13T03:41:25.387+0000] {processor.py:840} INFO - DAG(s) 'erp_to_minio_bronze' retrieved from /opt/airflow/dags/erp_to_minio_bronze_dag.py
[2025-11-13T03:41:25.406+0000] {logging_mixin.py:188} INFO - [2025-11-13T03:41:25.406+0000] {dag.py:3036} INFO - Sync 1 DAGs
[2025-11-13T03:41:25.422+0000] {logging_mixin.py:188} INFO - [2025-11-13T03:41:25.422+0000] {dag.py:3823} INFO - Setting next_dagrun for erp_to_minio_bronze to 2025-11-13 00:00:00+00:00, run_after=2025-11-13 06:00:00+00:00
[2025-11-13T03:41:25.445+0000] {processor.py:183} INFO - Processing /opt/airflow/dags/erp_to_minio_bronze_dag.py took 0.133 seconds
[2025-11-13T03:41:55.595+0000] {processor.py:161} INFO - Started process (PID=14880) to work on /opt/airflow/dags/erp_to_minio_bronze_dag.py
[2025-11-13T03:41:55.596+0000] {processor.py:830} INFO - Processing file /opt/airflow/dags/erp_to_minio_bronze_dag.py for tasks to queue
[2025-11-13T03:41:55.597+0000] {logging_mixin.py:188} INFO - [2025-11-13T03:41:55.597+0000] {dagbag.py:538} INFO - Filling up the DagBag from /opt/airflow/dags/erp_to_minio_bronze_dag.py
[2025-11-13T03:41:55.658+0000] {processor.py:840} INFO - DAG(s) 'erp_to_minio_bronze' retrieved from /opt/airflow/dags/erp_to_minio_bronze_dag.py
[2025-11-13T03:41:55.673+0000] {logging_mixin.py:188} INFO - [2025-11-13T03:41:55.672+0000] {dag.py:3036} INFO - Sync 1 DAGs
[2025-11-13T03:41:55.685+0000] {logging_mixin.py:188} INFO - [2025-11-13T03:41:55.685+0000] {dag.py:3823} INFO - Setting next_dagrun for erp_to_minio_bronze to 2025-11-13 00:00:00+00:00, run_after=2025-11-13 06:00:00+00:00
[2025-11-13T03:41:55.705+0000] {processor.py:183} INFO - Processing /opt/airflow/dags/erp_to_minio_bronze_dag.py took 0.112 seconds
[2025-11-13T03:42:25.894+0000] {processor.py:161} INFO - Started process (PID=14882) to work on /opt/airflow/dags/erp_to_minio_bronze_dag.py
[2025-11-13T03:42:25.896+0000] {processor.py:830} INFO - Processing file /opt/airflow/dags/erp_to_minio_bronze_dag.py for tasks to queue
[2025-11-13T03:42:25.897+0000] {logging_mixin.py:188} INFO - [2025-11-13T03:42:25.896+0000] {dagbag.py:538} INFO - Filling up the DagBag from /opt/airflow/dags/erp_to_minio_bronze_dag.py
[2025-11-13T03:42:25.951+0000] {processor.py:840} INFO - DAG(s) 'erp_to_minio_bronze' retrieved from /opt/airflow/dags/erp_to_minio_bronze_dag.py
[2025-11-13T03:42:25.965+0000] {logging_mixin.py:188} INFO - [2025-11-13T03:42:25.965+0000] {dag.py:3036} INFO - Sync 1 DAGs
[2025-11-13T03:42:25.977+0000] {logging_mixin.py:188} INFO - [2025-11-13T03:42:25.977+0000] {dag.py:3823} INFO - Setting next_dagrun for erp_to_minio_bronze to 2025-11-13 00:00:00+00:00, run_after=2025-11-13 06:00:00+00:00
[2025-11-13T03:42:25.991+0000] {processor.py:183} INFO - Processing /opt/airflow/dags/erp_to_minio_bronze_dag.py took 0.099 seconds
[2025-11-13T03:42:56.192+0000] {processor.py:161} INFO - Started process (PID=14884) to work on /opt/airflow/dags/erp_to_minio_bronze_dag.py
[2025-11-13T03:42:56.194+0000] {processor.py:830} INFO - Processing file /opt/airflow/dags/erp_to_minio_bronze_dag.py for tasks to queue
[2025-11-13T03:42:56.195+0000] {logging_mixin.py:188} INFO - [2025-11-13T03:42:56.194+0000] {dagbag.py:538} INFO - Filling up the DagBag from /opt/airflow/dags/erp_to_minio_bronze_dag.py
[2025-11-13T03:42:56.261+0000] {processor.py:840} INFO - DAG(s) 'erp_to_minio_bronze' retrieved from /opt/airflow/dags/erp_to_minio_bronze_dag.py
[2025-11-13T03:42:56.276+0000] {logging_mixin.py:188} INFO - [2025-11-13T03:42:56.276+0000] {dag.py:3036} INFO - Sync 1 DAGs
[2025-11-13T03:42:56.289+0000] {logging_mixin.py:188} INFO - [2025-11-13T03:42:56.289+0000] {dag.py:3823} INFO - Setting next_dagrun for erp_to_minio_bronze to 2025-11-13 00:00:00+00:00, run_after=2025-11-13 06:00:00+00:00
[2025-11-13T03:42:56.305+0000] {processor.py:183} INFO - Processing /opt/airflow/dags/erp_to_minio_bronze_dag.py took 0.115 seconds
[2025-11-13T03:43:26.478+0000] {processor.py:161} INFO - Started process (PID=14886) to work on /opt/airflow/dags/erp_to_minio_bronze_dag.py
[2025-11-13T03:43:26.479+0000] {processor.py:830} INFO - Processing file /opt/airflow/dags/erp_to_minio_bronze_dag.py for tasks to queue
[2025-11-13T03:43:26.480+0000] {logging_mixin.py:188} INFO - [2025-11-13T03:43:26.480+0000] {dagbag.py:538} INFO - Filling up the DagBag from /opt/airflow/dags/erp_to_minio_bronze_dag.py
[2025-11-13T03:43:26.535+0000] {processor.py:840} INFO - DAG(s) 'erp_to_minio_bronze' retrieved from /opt/airflow/dags/erp_to_minio_bronze_dag.py
[2025-11-13T03:43:26.548+0000] {logging_mixin.py:188} INFO - [2025-11-13T03:43:26.548+0000] {dag.py:3036} INFO - Sync 1 DAGs
[2025-11-13T03:43:26.560+0000] {logging_mixin.py:188} INFO - [2025-11-13T03:43:26.560+0000] {dag.py:3823} INFO - Setting next_dagrun for erp_to_minio_bronze to 2025-11-13 00:00:00+00:00, run_after=2025-11-13 06:00:00+00:00
[2025-11-13T03:43:26.574+0000] {processor.py:183} INFO - Processing /opt/airflow/dags/erp_to_minio_bronze_dag.py took 0.098 seconds
[2025-11-13T03:43:56.764+0000] {processor.py:161} INFO - Started process (PID=14888) to work on /opt/airflow/dags/erp_to_minio_bronze_dag.py
[2025-11-13T03:43:56.765+0000] {processor.py:830} INFO - Processing file /opt/airflow/dags/erp_to_minio_bronze_dag.py for tasks to queue
[2025-11-13T03:43:56.766+0000] {logging_mixin.py:188} INFO - [2025-11-13T03:43:56.766+0000] {dagbag.py:538} INFO - Filling up the DagBag from /opt/airflow/dags/erp_to_minio_bronze_dag.py
[2025-11-13T03:43:56.820+0000] {processor.py:840} INFO - DAG(s) 'erp_to_minio_bronze' retrieved from /opt/airflow/dags/erp_to_minio_bronze_dag.py
[2025-11-13T03:43:56.833+0000] {logging_mixin.py:188} INFO - [2025-11-13T03:43:56.833+0000] {dag.py:3036} INFO - Sync 1 DAGs
[2025-11-13T03:43:56.844+0000] {logging_mixin.py:188} INFO - [2025-11-13T03:43:56.843+0000] {dag.py:3823} INFO - Setting next_dagrun for erp_to_minio_bronze to 2025-11-13 00:00:00+00:00, run_after=2025-11-13 06:00:00+00:00
[2025-11-13T03:43:56.857+0000] {processor.py:183} INFO - Processing /opt/airflow/dags/erp_to_minio_bronze_dag.py took 0.095 seconds
[2025-11-13T03:44:27.064+0000] {processor.py:161} INFO - Started process (PID=14890) to work on /opt/airflow/dags/erp_to_minio_bronze_dag.py
[2025-11-13T03:44:27.065+0000] {processor.py:830} INFO - Processing file /opt/airflow/dags/erp_to_minio_bronze_dag.py for tasks to queue
[2025-11-13T03:44:27.066+0000] {logging_mixin.py:188} INFO - [2025-11-13T03:44:27.065+0000] {dagbag.py:538} INFO - Filling up the DagBag from /opt/airflow/dags/erp_to_minio_bronze_dag.py
[2025-11-13T03:44:27.187+0000] {processor.py:840} INFO - DAG(s) 'erp_to_minio_bronze' retrieved from /opt/airflow/dags/erp_to_minio_bronze_dag.py
[2025-11-13T03:44:27.212+0000] {logging_mixin.py:188} INFO - [2025-11-13T03:44:27.212+0000] {dag.py:3036} INFO - Sync 1 DAGs
[2025-11-13T03:44:27.228+0000] {logging_mixin.py:188} INFO - [2025-11-13T03:44:27.228+0000] {dag.py:3823} INFO - Setting next_dagrun for erp_to_minio_bronze to 2025-11-13 00:00:00+00:00, run_after=2025-11-13 06:00:00+00:00
[2025-11-13T03:44:27.247+0000] {processor.py:183} INFO - Processing /opt/airflow/dags/erp_to_minio_bronze_dag.py took 0.186 seconds
[2025-11-13T03:44:57.359+0000] {processor.py:161} INFO - Started process (PID=14899) to work on /opt/airflow/dags/erp_to_minio_bronze_dag.py
[2025-11-13T03:44:57.360+0000] {processor.py:830} INFO - Processing file /opt/airflow/dags/erp_to_minio_bronze_dag.py for tasks to queue
[2025-11-13T03:44:57.361+0000] {logging_mixin.py:188} INFO - [2025-11-13T03:44:57.361+0000] {dagbag.py:538} INFO - Filling up the DagBag from /opt/airflow/dags/erp_to_minio_bronze_dag.py
[2025-11-13T03:44:57.411+0000] {processor.py:840} INFO - DAG(s) 'erp_to_minio_bronze' retrieved from /opt/airflow/dags/erp_to_minio_bronze_dag.py
[2025-11-13T03:44:57.426+0000] {logging_mixin.py:188} INFO - [2025-11-13T03:44:57.425+0000] {dag.py:3036} INFO - Sync 1 DAGs
[2025-11-13T03:44:57.437+0000] {logging_mixin.py:188} INFO - [2025-11-13T03:44:57.437+0000] {dag.py:3823} INFO - Setting next_dagrun for erp_to_minio_bronze to 2025-11-13 00:00:00+00:00, run_after=2025-11-13 06:00:00+00:00
[2025-11-13T03:44:57.455+0000] {processor.py:183} INFO - Processing /opt/airflow/dags/erp_to_minio_bronze_dag.py took 0.099 seconds
[2025-11-13T03:45:27.652+0000] {processor.py:161} INFO - Started process (PID=14901) to work on /opt/airflow/dags/erp_to_minio_bronze_dag.py
[2025-11-13T03:45:27.653+0000] {processor.py:830} INFO - Processing file /opt/airflow/dags/erp_to_minio_bronze_dag.py for tasks to queue
[2025-11-13T03:45:27.653+0000] {logging_mixin.py:188} INFO - [2025-11-13T03:45:27.653+0000] {dagbag.py:538} INFO - Filling up the DagBag from /opt/airflow/dags/erp_to_minio_bronze_dag.py
[2025-11-13T03:45:27.714+0000] {processor.py:840} INFO - DAG(s) 'erp_to_minio_bronze' retrieved from /opt/airflow/dags/erp_to_minio_bronze_dag.py
[2025-11-13T03:45:27.730+0000] {logging_mixin.py:188} INFO - [2025-11-13T03:45:27.729+0000] {dag.py:3036} INFO - Sync 1 DAGs
[2025-11-13T03:45:27.742+0000] {logging_mixin.py:188} INFO - [2025-11-13T03:45:27.742+0000] {dag.py:3823} INFO - Setting next_dagrun for erp_to_minio_bronze to 2025-11-13 00:00:00+00:00, run_after=2025-11-13 06:00:00+00:00
[2025-11-13T03:45:27.756+0000] {processor.py:183} INFO - Processing /opt/airflow/dags/erp_to_minio_bronze_dag.py took 0.107 seconds
[2025-11-13T03:45:57.937+0000] {processor.py:161} INFO - Started process (PID=14903) to work on /opt/airflow/dags/erp_to_minio_bronze_dag.py
[2025-11-13T03:45:57.938+0000] {processor.py:830} INFO - Processing file /opt/airflow/dags/erp_to_minio_bronze_dag.py for tasks to queue
[2025-11-13T03:45:57.939+0000] {logging_mixin.py:188} INFO - [2025-11-13T03:45:57.938+0000] {dagbag.py:538} INFO - Filling up the DagBag from /opt/airflow/dags/erp_to_minio_bronze_dag.py
[2025-11-13T03:45:57.996+0000] {processor.py:840} INFO - DAG(s) 'erp_to_minio_bronze' retrieved from /opt/airflow/dags/erp_to_minio_bronze_dag.py
[2025-11-13T03:45:58.011+0000] {logging_mixin.py:188} INFO - [2025-11-13T03:45:58.011+0000] {dag.py:3036} INFO - Sync 1 DAGs
[2025-11-13T03:45:58.023+0000] {logging_mixin.py:188} INFO - [2025-11-13T03:45:58.023+0000] {dag.py:3823} INFO - Setting next_dagrun for erp_to_minio_bronze to 2025-11-13 00:00:00+00:00, run_after=2025-11-13 06:00:00+00:00
[2025-11-13T03:45:58.039+0000] {processor.py:183} INFO - Processing /opt/airflow/dags/erp_to_minio_bronze_dag.py took 0.105 seconds
[2025-11-13T03:46:28.237+0000] {processor.py:161} INFO - Started process (PID=14905) to work on /opt/airflow/dags/erp_to_minio_bronze_dag.py
[2025-11-13T03:46:28.238+0000] {processor.py:830} INFO - Processing file /opt/airflow/dags/erp_to_minio_bronze_dag.py for tasks to queue
[2025-11-13T03:46:28.240+0000] {logging_mixin.py:188} INFO - [2025-11-13T03:46:28.239+0000] {dagbag.py:538} INFO - Filling up the DagBag from /opt/airflow/dags/erp_to_minio_bronze_dag.py
[2025-11-13T03:46:28.294+0000] {processor.py:840} INFO - DAG(s) 'erp_to_minio_bronze' retrieved from /opt/airflow/dags/erp_to_minio_bronze_dag.py
[2025-11-13T03:46:28.308+0000] {logging_mixin.py:188} INFO - [2025-11-13T03:46:28.308+0000] {dag.py:3036} INFO - Sync 1 DAGs
[2025-11-13T03:46:28.318+0000] {logging_mixin.py:188} INFO - [2025-11-13T03:46:28.318+0000] {dag.py:3823} INFO - Setting next_dagrun for erp_to_minio_bronze to 2025-11-13 00:00:00+00:00, run_after=2025-11-13 06:00:00+00:00
[2025-11-13T03:46:28.334+0000] {processor.py:183} INFO - Processing /opt/airflow/dags/erp_to_minio_bronze_dag.py took 0.099 seconds
[2025-11-13T03:46:58.516+0000] {processor.py:161} INFO - Started process (PID=14907) to work on /opt/airflow/dags/erp_to_minio_bronze_dag.py
[2025-11-13T03:46:58.517+0000] {processor.py:830} INFO - Processing file /opt/airflow/dags/erp_to_minio_bronze_dag.py for tasks to queue
[2025-11-13T03:46:58.517+0000] {logging_mixin.py:188} INFO - [2025-11-13T03:46:58.517+0000] {dagbag.py:538} INFO - Filling up the DagBag from /opt/airflow/dags/erp_to_minio_bronze_dag.py
[2025-11-13T03:46:58.570+0000] {processor.py:840} INFO - DAG(s) 'erp_to_minio_bronze' retrieved from /opt/airflow/dags/erp_to_minio_bronze_dag.py
[2025-11-13T03:46:58.582+0000] {logging_mixin.py:188} INFO - [2025-11-13T03:46:58.582+0000] {dag.py:3036} INFO - Sync 1 DAGs
[2025-11-13T03:46:58.593+0000] {logging_mixin.py:188} INFO - [2025-11-13T03:46:58.593+0000] {dag.py:3823} INFO - Setting next_dagrun for erp_to_minio_bronze to 2025-11-13 00:00:00+00:00, run_after=2025-11-13 06:00:00+00:00
[2025-11-13T03:46:58.608+0000] {processor.py:183} INFO - Processing /opt/airflow/dags/erp_to_minio_bronze_dag.py took 0.095 seconds
[2025-11-13T03:47:28.822+0000] {processor.py:161} INFO - Started process (PID=14923) to work on /opt/airflow/dags/erp_to_minio_bronze_dag.py
[2025-11-13T03:47:28.823+0000] {processor.py:830} INFO - Processing file /opt/airflow/dags/erp_to_minio_bronze_dag.py for tasks to queue
[2025-11-13T03:47:28.824+0000] {logging_mixin.py:188} INFO - [2025-11-13T03:47:28.824+0000] {dagbag.py:538} INFO - Filling up the DagBag from /opt/airflow/dags/erp_to_minio_bronze_dag.py
[2025-11-13T03:47:28.882+0000] {processor.py:840} INFO - DAG(s) 'erp_to_minio_bronze' retrieved from /opt/airflow/dags/erp_to_minio_bronze_dag.py
[2025-11-13T03:47:28.894+0000] {logging_mixin.py:188} INFO - [2025-11-13T03:47:28.894+0000] {dag.py:3036} INFO - Sync 1 DAGs
[2025-11-13T03:47:28.911+0000] {logging_mixin.py:188} INFO - [2025-11-13T03:47:28.910+0000] {dag.py:3823} INFO - Setting next_dagrun for erp_to_minio_bronze to 2025-11-13 00:00:00+00:00, run_after=2025-11-13 06:00:00+00:00
[2025-11-13T03:47:28.923+0000] {processor.py:183} INFO - Processing /opt/airflow/dags/erp_to_minio_bronze_dag.py took 0.103 seconds
[2025-11-13T03:47:59.106+0000] {processor.py:161} INFO - Started process (PID=14932) to work on /opt/airflow/dags/erp_to_minio_bronze_dag.py
[2025-11-13T03:47:59.107+0000] {processor.py:830} INFO - Processing file /opt/airflow/dags/erp_to_minio_bronze_dag.py for tasks to queue
[2025-11-13T03:47:59.108+0000] {logging_mixin.py:188} INFO - [2025-11-13T03:47:59.108+0000] {dagbag.py:538} INFO - Filling up the DagBag from /opt/airflow/dags/erp_to_minio_bronze_dag.py
[2025-11-13T03:47:59.166+0000] {processor.py:840} INFO - DAG(s) 'erp_to_minio_bronze' retrieved from /opt/airflow/dags/erp_to_minio_bronze_dag.py
[2025-11-13T03:47:59.178+0000] {logging_mixin.py:188} INFO - [2025-11-13T03:47:59.178+0000] {dag.py:3036} INFO - Sync 1 DAGs
[2025-11-13T03:47:59.190+0000] {logging_mixin.py:188} INFO - [2025-11-13T03:47:59.189+0000] {dag.py:3823} INFO - Setting next_dagrun for erp_to_minio_bronze to 2025-11-13 00:00:00+00:00, run_after=2025-11-13 06:00:00+00:00
[2025-11-13T03:47:59.208+0000] {processor.py:183} INFO - Processing /opt/airflow/dags/erp_to_minio_bronze_dag.py took 0.104 seconds
[2025-11-13T03:48:29.401+0000] {processor.py:161} INFO - Started process (PID=14934) to work on /opt/airflow/dags/erp_to_minio_bronze_dag.py
[2025-11-13T03:48:29.402+0000] {processor.py:830} INFO - Processing file /opt/airflow/dags/erp_to_minio_bronze_dag.py for tasks to queue
[2025-11-13T03:48:29.403+0000] {logging_mixin.py:188} INFO - [2025-11-13T03:48:29.403+0000] {dagbag.py:538} INFO - Filling up the DagBag from /opt/airflow/dags/erp_to_minio_bronze_dag.py
[2025-11-13T03:48:29.458+0000] {processor.py:840} INFO - DAG(s) 'erp_to_minio_bronze' retrieved from /opt/airflow/dags/erp_to_minio_bronze_dag.py
[2025-11-13T03:48:29.471+0000] {logging_mixin.py:188} INFO - [2025-11-13T03:48:29.470+0000] {dag.py:3036} INFO - Sync 1 DAGs
[2025-11-13T03:48:29.482+0000] {logging_mixin.py:188} INFO - [2025-11-13T03:48:29.482+0000] {dag.py:3823} INFO - Setting next_dagrun for erp_to_minio_bronze to 2025-11-13 00:00:00+00:00, run_after=2025-11-13 06:00:00+00:00
[2025-11-13T03:48:29.498+0000] {processor.py:183} INFO - Processing /opt/airflow/dags/erp_to_minio_bronze_dag.py took 0.099 seconds
[2025-11-13T03:48:59.699+0000] {processor.py:161} INFO - Started process (PID=14936) to work on /opt/airflow/dags/erp_to_minio_bronze_dag.py
[2025-11-13T03:48:59.701+0000] {processor.py:830} INFO - Processing file /opt/airflow/dags/erp_to_minio_bronze_dag.py for tasks to queue
[2025-11-13T03:48:59.702+0000] {logging_mixin.py:188} INFO - [2025-11-13T03:48:59.702+0000] {dagbag.py:538} INFO - Filling up the DagBag from /opt/airflow/dags/erp_to_minio_bronze_dag.py
[2025-11-13T03:48:59.766+0000] {processor.py:840} INFO - DAG(s) 'erp_to_minio_bronze' retrieved from /opt/airflow/dags/erp_to_minio_bronze_dag.py
[2025-11-13T03:48:59.781+0000] {logging_mixin.py:188} INFO - [2025-11-13T03:48:59.781+0000] {dag.py:3036} INFO - Sync 1 DAGs
[2025-11-13T03:48:59.793+0000] {logging_mixin.py:188} INFO - [2025-11-13T03:48:59.793+0000] {dag.py:3823} INFO - Setting next_dagrun for erp_to_minio_bronze to 2025-11-13 00:00:00+00:00, run_after=2025-11-13 06:00:00+00:00
[2025-11-13T03:48:59.811+0000] {processor.py:183} INFO - Processing /opt/airflow/dags/erp_to_minio_bronze_dag.py took 0.114 seconds
[2025-11-13T03:49:29.986+0000] {processor.py:161} INFO - Started process (PID=14938) to work on /opt/airflow/dags/erp_to_minio_bronze_dag.py
[2025-11-13T03:49:29.987+0000] {processor.py:830} INFO - Processing file /opt/airflow/dags/erp_to_minio_bronze_dag.py for tasks to queue
[2025-11-13T03:49:29.988+0000] {logging_mixin.py:188} INFO - [2025-11-13T03:49:29.988+0000] {dagbag.py:538} INFO - Filling up the DagBag from /opt/airflow/dags/erp_to_minio_bronze_dag.py
[2025-11-13T03:49:30.048+0000] {processor.py:840} INFO - DAG(s) 'erp_to_minio_bronze' retrieved from /opt/airflow/dags/erp_to_minio_bronze_dag.py
[2025-11-13T03:49:30.062+0000] {logging_mixin.py:188} INFO - [2025-11-13T03:49:30.061+0000] {dag.py:3036} INFO - Sync 1 DAGs
[2025-11-13T03:49:30.075+0000] {logging_mixin.py:188} INFO - [2025-11-13T03:49:30.075+0000] {dag.py:3823} INFO - Setting next_dagrun for erp_to_minio_bronze to 2025-11-13 00:00:00+00:00, run_after=2025-11-13 06:00:00+00:00
[2025-11-13T03:49:30.093+0000] {processor.py:183} INFO - Processing /opt/airflow/dags/erp_to_minio_bronze_dag.py took 0.109 seconds
[2025-11-13T03:50:00.264+0000] {processor.py:161} INFO - Started process (PID=14940) to work on /opt/airflow/dags/erp_to_minio_bronze_dag.py
[2025-11-13T03:50:00.266+0000] {processor.py:830} INFO - Processing file /opt/airflow/dags/erp_to_minio_bronze_dag.py for tasks to queue
[2025-11-13T03:50:00.267+0000] {logging_mixin.py:188} INFO - [2025-11-13T03:50:00.267+0000] {dagbag.py:538} INFO - Filling up the DagBag from /opt/airflow/dags/erp_to_minio_bronze_dag.py
[2025-11-13T03:50:00.335+0000] {processor.py:840} INFO - DAG(s) 'erp_to_minio_bronze' retrieved from /opt/airflow/dags/erp_to_minio_bronze_dag.py
[2025-11-13T03:50:00.352+0000] {logging_mixin.py:188} INFO - [2025-11-13T03:50:00.352+0000] {dag.py:3036} INFO - Sync 1 DAGs
[2025-11-13T03:50:00.367+0000] {logging_mixin.py:188} INFO - [2025-11-13T03:50:00.367+0000] {dag.py:3823} INFO - Setting next_dagrun for erp_to_minio_bronze to 2025-11-13 00:00:00+00:00, run_after=2025-11-13 06:00:00+00:00
[2025-11-13T03:50:00.385+0000] {processor.py:183} INFO - Processing /opt/airflow/dags/erp_to_minio_bronze_dag.py took 0.123 seconds
[2025-11-13T03:50:30.559+0000] {processor.py:161} INFO - Started process (PID=14942) to work on /opt/airflow/dags/erp_to_minio_bronze_dag.py
[2025-11-13T03:50:30.560+0000] {processor.py:830} INFO - Processing file /opt/airflow/dags/erp_to_minio_bronze_dag.py for tasks to queue
[2025-11-13T03:50:30.561+0000] {logging_mixin.py:188} INFO - [2025-11-13T03:50:30.560+0000] {dagbag.py:538} INFO - Filling up the DagBag from /opt/airflow/dags/erp_to_minio_bronze_dag.py
[2025-11-13T03:50:30.620+0000] {processor.py:840} INFO - DAG(s) 'erp_to_minio_bronze' retrieved from /opt/airflow/dags/erp_to_minio_bronze_dag.py
[2025-11-13T03:50:30.634+0000] {logging_mixin.py:188} INFO - [2025-11-13T03:50:30.634+0000] {dag.py:3036} INFO - Sync 1 DAGs
[2025-11-13T03:50:30.647+0000] {logging_mixin.py:188} INFO - [2025-11-13T03:50:30.647+0000] {dag.py:3823} INFO - Setting next_dagrun for erp_to_minio_bronze to 2025-11-13 00:00:00+00:00, run_after=2025-11-13 06:00:00+00:00
[2025-11-13T03:50:30.661+0000] {processor.py:183} INFO - Processing /opt/airflow/dags/erp_to_minio_bronze_dag.py took 0.105 seconds
[2025-11-13T03:51:00.849+0000] {processor.py:161} INFO - Started process (PID=14944) to work on /opt/airflow/dags/erp_to_minio_bronze_dag.py
[2025-11-13T03:51:00.850+0000] {processor.py:830} INFO - Processing file /opt/airflow/dags/erp_to_minio_bronze_dag.py for tasks to queue
[2025-11-13T03:51:00.851+0000] {logging_mixin.py:188} INFO - [2025-11-13T03:51:00.851+0000] {dagbag.py:538} INFO - Filling up the DagBag from /opt/airflow/dags/erp_to_minio_bronze_dag.py
[2025-11-13T03:51:00.911+0000] {processor.py:840} INFO - DAG(s) 'erp_to_minio_bronze' retrieved from /opt/airflow/dags/erp_to_minio_bronze_dag.py
[2025-11-13T03:51:00.924+0000] {logging_mixin.py:188} INFO - [2025-11-13T03:51:00.923+0000] {dag.py:3036} INFO - Sync 1 DAGs
[2025-11-13T03:51:00.935+0000] {logging_mixin.py:188} INFO - [2025-11-13T03:51:00.935+0000] {dag.py:3823} INFO - Setting next_dagrun for erp_to_minio_bronze to 2025-11-13 00:00:00+00:00, run_after=2025-11-13 06:00:00+00:00
[2025-11-13T03:51:00.949+0000] {processor.py:183} INFO - Processing /opt/airflow/dags/erp_to_minio_bronze_dag.py took 0.103 seconds
[2025-11-13T03:51:31.135+0000] {processor.py:161} INFO - Started process (PID=14946) to work on /opt/airflow/dags/erp_to_minio_bronze_dag.py
[2025-11-13T03:51:31.136+0000] {processor.py:830} INFO - Processing file /opt/airflow/dags/erp_to_minio_bronze_dag.py for tasks to queue
[2025-11-13T03:51:31.137+0000] {logging_mixin.py:188} INFO - [2025-11-13T03:51:31.137+0000] {dagbag.py:538} INFO - Filling up the DagBag from /opt/airflow/dags/erp_to_minio_bronze_dag.py
[2025-11-13T03:51:31.190+0000] {processor.py:840} INFO - DAG(s) 'erp_to_minio_bronze' retrieved from /opt/airflow/dags/erp_to_minio_bronze_dag.py
[2025-11-13T03:51:31.203+0000] {logging_mixin.py:188} INFO - [2025-11-13T03:51:31.203+0000] {dag.py:3036} INFO - Sync 1 DAGs
[2025-11-13T03:51:31.215+0000] {logging_mixin.py:188} INFO - [2025-11-13T03:51:31.215+0000] {dag.py:3823} INFO - Setting next_dagrun for erp_to_minio_bronze to 2025-11-13 00:00:00+00:00, run_after=2025-11-13 06:00:00+00:00
[2025-11-13T03:51:31.231+0000] {processor.py:183} INFO - Processing /opt/airflow/dags/erp_to_minio_bronze_dag.py took 0.098 seconds
[2025-11-13T03:52:01.431+0000] {processor.py:161} INFO - Started process (PID=14948) to work on /opt/airflow/dags/erp_to_minio_bronze_dag.py
[2025-11-13T03:52:01.433+0000] {processor.py:830} INFO - Processing file /opt/airflow/dags/erp_to_minio_bronze_dag.py for tasks to queue
[2025-11-13T03:52:01.434+0000] {logging_mixin.py:188} INFO - [2025-11-13T03:52:01.434+0000] {dagbag.py:538} INFO - Filling up the DagBag from /opt/airflow/dags/erp_to_minio_bronze_dag.py
[2025-11-13T03:52:01.490+0000] {processor.py:840} INFO - DAG(s) 'erp_to_minio_bronze' retrieved from /opt/airflow/dags/erp_to_minio_bronze_dag.py
[2025-11-13T03:52:01.503+0000] {logging_mixin.py:188} INFO - [2025-11-13T03:52:01.503+0000] {dag.py:3036} INFO - Sync 1 DAGs
[2025-11-13T03:52:01.513+0000] {logging_mixin.py:188} INFO - [2025-11-13T03:52:01.513+0000] {dag.py:3823} INFO - Setting next_dagrun for erp_to_minio_bronze to 2025-11-13 00:00:00+00:00, run_after=2025-11-13 06:00:00+00:00
[2025-11-13T03:52:01.530+0000] {processor.py:183} INFO - Processing /opt/airflow/dags/erp_to_minio_bronze_dag.py took 0.100 seconds
[2025-11-13T03:52:31.730+0000] {processor.py:161} INFO - Started process (PID=14950) to work on /opt/airflow/dags/erp_to_minio_bronze_dag.py
[2025-11-13T03:52:31.732+0000] {processor.py:830} INFO - Processing file /opt/airflow/dags/erp_to_minio_bronze_dag.py for tasks to queue
[2025-11-13T03:52:31.733+0000] {logging_mixin.py:188} INFO - [2025-11-13T03:52:31.733+0000] {dagbag.py:538} INFO - Filling up the DagBag from /opt/airflow/dags/erp_to_minio_bronze_dag.py
[2025-11-13T03:52:31.791+0000] {processor.py:840} INFO - DAG(s) 'erp_to_minio_bronze' retrieved from /opt/airflow/dags/erp_to_minio_bronze_dag.py
[2025-11-13T03:52:31.808+0000] {logging_mixin.py:188} INFO - [2025-11-13T03:52:31.807+0000] {dag.py:3036} INFO - Sync 1 DAGs
[2025-11-13T03:52:31.823+0000] {logging_mixin.py:188} INFO - [2025-11-13T03:52:31.823+0000] {dag.py:3823} INFO - Setting next_dagrun for erp_to_minio_bronze to 2025-11-13 00:00:00+00:00, run_after=2025-11-13 06:00:00+00:00
[2025-11-13T03:52:31.843+0000] {processor.py:183} INFO - Processing /opt/airflow/dags/erp_to_minio_bronze_dag.py took 0.114 seconds
[2025-11-13T03:53:02.024+0000] {processor.py:161} INFO - Started process (PID=14952) to work on /opt/airflow/dags/erp_to_minio_bronze_dag.py
[2025-11-13T03:53:02.025+0000] {processor.py:830} INFO - Processing file /opt/airflow/dags/erp_to_minio_bronze_dag.py for tasks to queue
[2025-11-13T03:53:02.027+0000] {logging_mixin.py:188} INFO - [2025-11-13T03:53:02.026+0000] {dagbag.py:538} INFO - Filling up the DagBag from /opt/airflow/dags/erp_to_minio_bronze_dag.py
[2025-11-13T03:53:02.083+0000] {processor.py:840} INFO - DAG(s) 'erp_to_minio_bronze' retrieved from /opt/airflow/dags/erp_to_minio_bronze_dag.py
[2025-11-13T03:53:02.096+0000] {logging_mixin.py:188} INFO - [2025-11-13T03:53:02.096+0000] {dag.py:3036} INFO - Sync 1 DAGs
[2025-11-13T03:53:02.106+0000] {logging_mixin.py:188} INFO - [2025-11-13T03:53:02.106+0000] {dag.py:3823} INFO - Setting next_dagrun for erp_to_minio_bronze to 2025-11-13 00:00:00+00:00, run_after=2025-11-13 06:00:00+00:00
[2025-11-13T03:53:02.121+0000] {processor.py:183} INFO - Processing /opt/airflow/dags/erp_to_minio_bronze_dag.py took 0.099 seconds
[2025-11-13T03:53:32.316+0000] {processor.py:161} INFO - Started process (PID=14954) to work on /opt/airflow/dags/erp_to_minio_bronze_dag.py
[2025-11-13T03:53:32.317+0000] {processor.py:830} INFO - Processing file /opt/airflow/dags/erp_to_minio_bronze_dag.py for tasks to queue
[2025-11-13T03:53:32.318+0000] {logging_mixin.py:188} INFO - [2025-11-13T03:53:32.318+0000] {dagbag.py:538} INFO - Filling up the DagBag from /opt/airflow/dags/erp_to_minio_bronze_dag.py
[2025-11-13T03:53:32.374+0000] {processor.py:840} INFO - DAG(s) 'erp_to_minio_bronze' retrieved from /opt/airflow/dags/erp_to_minio_bronze_dag.py
[2025-11-13T03:53:32.385+0000] {logging_mixin.py:188} INFO - [2025-11-13T03:53:32.385+0000] {dag.py:3036} INFO - Sync 1 DAGs
[2025-11-13T03:53:32.396+0000] {logging_mixin.py:188} INFO - [2025-11-13T03:53:32.395+0000] {dag.py:3823} INFO - Setting next_dagrun for erp_to_minio_bronze to 2025-11-13 00:00:00+00:00, run_after=2025-11-13 06:00:00+00:00
[2025-11-13T03:53:32.411+0000] {processor.py:183} INFO - Processing /opt/airflow/dags/erp_to_minio_bronze_dag.py took 0.097 seconds
[2025-11-13T03:54:02.619+0000] {processor.py:161} INFO - Started process (PID=14956) to work on /opt/airflow/dags/erp_to_minio_bronze_dag.py
[2025-11-13T03:54:02.620+0000] {processor.py:830} INFO - Processing file /opt/airflow/dags/erp_to_minio_bronze_dag.py for tasks to queue
[2025-11-13T03:54:02.621+0000] {logging_mixin.py:188} INFO - [2025-11-13T03:54:02.621+0000] {dagbag.py:538} INFO - Filling up the DagBag from /opt/airflow/dags/erp_to_minio_bronze_dag.py
[2025-11-13T03:54:02.675+0000] {processor.py:840} INFO - DAG(s) 'erp_to_minio_bronze' retrieved from /opt/airflow/dags/erp_to_minio_bronze_dag.py
[2025-11-13T03:54:02.686+0000] {logging_mixin.py:188} INFO - [2025-11-13T03:54:02.686+0000] {dag.py:3036} INFO - Sync 1 DAGs
[2025-11-13T03:54:02.696+0000] {logging_mixin.py:188} INFO - [2025-11-13T03:54:02.695+0000] {dag.py:3823} INFO - Setting next_dagrun for erp_to_minio_bronze to 2025-11-13 00:00:00+00:00, run_after=2025-11-13 06:00:00+00:00
[2025-11-13T03:54:02.712+0000] {processor.py:183} INFO - Processing /opt/airflow/dags/erp_to_minio_bronze_dag.py took 0.095 seconds
[2025-11-13T03:54:32.899+0000] {processor.py:161} INFO - Started process (PID=14958) to work on /opt/airflow/dags/erp_to_minio_bronze_dag.py
[2025-11-13T03:54:32.900+0000] {processor.py:830} INFO - Processing file /opt/airflow/dags/erp_to_minio_bronze_dag.py for tasks to queue
[2025-11-13T03:54:32.902+0000] {logging_mixin.py:188} INFO - [2025-11-13T03:54:32.901+0000] {dagbag.py:538} INFO - Filling up the DagBag from /opt/airflow/dags/erp_to_minio_bronze_dag.py
[2025-11-13T03:54:32.957+0000] {processor.py:840} INFO - DAG(s) 'erp_to_minio_bronze' retrieved from /opt/airflow/dags/erp_to_minio_bronze_dag.py
[2025-11-13T03:54:32.968+0000] {logging_mixin.py:188} INFO - [2025-11-13T03:54:32.968+0000] {dag.py:3036} INFO - Sync 1 DAGs
[2025-11-13T03:54:32.978+0000] {logging_mixin.py:188} INFO - [2025-11-13T03:54:32.978+0000] {dag.py:3823} INFO - Setting next_dagrun for erp_to_minio_bronze to 2025-11-13 00:00:00+00:00, run_after=2025-11-13 06:00:00+00:00
[2025-11-13T03:54:32.993+0000] {processor.py:183} INFO - Processing /opt/airflow/dags/erp_to_minio_bronze_dag.py took 0.097 seconds
[2025-11-13T03:55:03.166+0000] {processor.py:161} INFO - Started process (PID=14960) to work on /opt/airflow/dags/erp_to_minio_bronze_dag.py
[2025-11-13T03:55:03.167+0000] {processor.py:830} INFO - Processing file /opt/airflow/dags/erp_to_minio_bronze_dag.py for tasks to queue
[2025-11-13T03:55:03.168+0000] {logging_mixin.py:188} INFO - [2025-11-13T03:55:03.167+0000] {dagbag.py:538} INFO - Filling up the DagBag from /opt/airflow/dags/erp_to_minio_bronze_dag.py
[2025-11-13T03:55:03.217+0000] {processor.py:840} INFO - DAG(s) 'erp_to_minio_bronze' retrieved from /opt/airflow/dags/erp_to_minio_bronze_dag.py
[2025-11-13T03:55:03.228+0000] {logging_mixin.py:188} INFO - [2025-11-13T03:55:03.228+0000] {dag.py:3036} INFO - Sync 1 DAGs
[2025-11-13T03:55:03.238+0000] {logging_mixin.py:188} INFO - [2025-11-13T03:55:03.238+0000] {dag.py:3823} INFO - Setting next_dagrun for erp_to_minio_bronze to 2025-11-13 00:00:00+00:00, run_after=2025-11-13 06:00:00+00:00
[2025-11-13T03:55:03.253+0000] {processor.py:183} INFO - Processing /opt/airflow/dags/erp_to_minio_bronze_dag.py took 0.089 seconds
[2025-11-13T03:55:33.365+0000] {processor.py:161} INFO - Started process (PID=14962) to work on /opt/airflow/dags/erp_to_minio_bronze_dag.py
[2025-11-13T03:55:33.367+0000] {processor.py:830} INFO - Processing file /opt/airflow/dags/erp_to_minio_bronze_dag.py for tasks to queue
[2025-11-13T03:55:33.368+0000] {logging_mixin.py:188} INFO - [2025-11-13T03:55:33.367+0000] {dagbag.py:538} INFO - Filling up the DagBag from /opt/airflow/dags/erp_to_minio_bronze_dag.py
[2025-11-13T03:55:33.424+0000] {processor.py:840} INFO - DAG(s) 'erp_to_minio_bronze' retrieved from /opt/airflow/dags/erp_to_minio_bronze_dag.py
[2025-11-13T03:55:33.438+0000] {logging_mixin.py:188} INFO - [2025-11-13T03:55:33.437+0000] {dag.py:3036} INFO - Sync 1 DAGs
[2025-11-13T03:55:33.454+0000] {logging_mixin.py:188} INFO - [2025-11-13T03:55:33.454+0000] {dag.py:3823} INFO - Setting next_dagrun for erp_to_minio_bronze to 2025-11-13 00:00:00+00:00, run_after=2025-11-13 06:00:00+00:00
[2025-11-13T03:55:33.477+0000] {processor.py:183} INFO - Processing /opt/airflow/dags/erp_to_minio_bronze_dag.py took 0.114 seconds
[2025-11-13T03:56:03.646+0000] {processor.py:161} INFO - Started process (PID=14964) to work on /opt/airflow/dags/erp_to_minio_bronze_dag.py
[2025-11-13T03:56:03.647+0000] {processor.py:830} INFO - Processing file /opt/airflow/dags/erp_to_minio_bronze_dag.py for tasks to queue
[2025-11-13T03:56:03.649+0000] {logging_mixin.py:188} INFO - [2025-11-13T03:56:03.648+0000] {dagbag.py:538} INFO - Filling up the DagBag from /opt/airflow/dags/erp_to_minio_bronze_dag.py
[2025-11-13T03:56:03.703+0000] {processor.py:840} INFO - DAG(s) 'erp_to_minio_bronze' retrieved from /opt/airflow/dags/erp_to_minio_bronze_dag.py
[2025-11-13T03:56:03.717+0000] {logging_mixin.py:188} INFO - [2025-11-13T03:56:03.717+0000] {dag.py:3036} INFO - Sync 1 DAGs
[2025-11-13T03:56:03.728+0000] {logging_mixin.py:188} INFO - [2025-11-13T03:56:03.728+0000] {dag.py:3823} INFO - Setting next_dagrun for erp_to_minio_bronze to 2025-11-13 00:00:00+00:00, run_after=2025-11-13 06:00:00+00:00
[2025-11-13T03:56:03.743+0000] {processor.py:183} INFO - Processing /opt/airflow/dags/erp_to_minio_bronze_dag.py took 0.099 seconds
[2025-11-13T03:56:33.946+0000] {processor.py:161} INFO - Started process (PID=14966) to work on /opt/airflow/dags/erp_to_minio_bronze_dag.py
[2025-11-13T03:56:33.947+0000] {processor.py:830} INFO - Processing file /opt/airflow/dags/erp_to_minio_bronze_dag.py for tasks to queue
[2025-11-13T03:56:33.947+0000] {logging_mixin.py:188} INFO - [2025-11-13T03:56:33.947+0000] {dagbag.py:538} INFO - Filling up the DagBag from /opt/airflow/dags/erp_to_minio_bronze_dag.py
[2025-11-13T03:56:34.006+0000] {processor.py:840} INFO - DAG(s) 'erp_to_minio_bronze' retrieved from /opt/airflow/dags/erp_to_minio_bronze_dag.py
[2025-11-13T03:56:34.019+0000] {logging_mixin.py:188} INFO - [2025-11-13T03:56:34.019+0000] {dag.py:3036} INFO - Sync 1 DAGs
[2025-11-13T03:56:34.030+0000] {logging_mixin.py:188} INFO - [2025-11-13T03:56:34.030+0000] {dag.py:3823} INFO - Setting next_dagrun for erp_to_minio_bronze to 2025-11-13 00:00:00+00:00, run_after=2025-11-13 06:00:00+00:00
[2025-11-13T03:56:34.044+0000] {processor.py:183} INFO - Processing /opt/airflow/dags/erp_to_minio_bronze_dag.py took 0.100 seconds
[2025-11-13T03:57:04.239+0000] {processor.py:161} INFO - Started process (PID=14968) to work on /opt/airflow/dags/erp_to_minio_bronze_dag.py
[2025-11-13T03:57:04.240+0000] {processor.py:830} INFO - Processing file /opt/airflow/dags/erp_to_minio_bronze_dag.py for tasks to queue
[2025-11-13T03:57:04.241+0000] {logging_mixin.py:188} INFO - [2025-11-13T03:57:04.241+0000] {dagbag.py:538} INFO - Filling up the DagBag from /opt/airflow/dags/erp_to_minio_bronze_dag.py
[2025-11-13T03:57:04.293+0000] {processor.py:840} INFO - DAG(s) 'erp_to_minio_bronze' retrieved from /opt/airflow/dags/erp_to_minio_bronze_dag.py
[2025-11-13T03:57:04.304+0000] {logging_mixin.py:188} INFO - [2025-11-13T03:57:04.304+0000] {dag.py:3036} INFO - Sync 1 DAGs
[2025-11-13T03:57:04.315+0000] {logging_mixin.py:188} INFO - [2025-11-13T03:57:04.315+0000] {dag.py:3823} INFO - Setting next_dagrun for erp_to_minio_bronze to 2025-11-13 00:00:00+00:00, run_after=2025-11-13 06:00:00+00:00
[2025-11-13T03:57:04.328+0000] {processor.py:183} INFO - Processing /opt/airflow/dags/erp_to_minio_bronze_dag.py took 0.092 seconds
[2025-11-13T03:57:34.533+0000] {processor.py:161} INFO - Started process (PID=14970) to work on /opt/airflow/dags/erp_to_minio_bronze_dag.py
[2025-11-13T03:57:34.534+0000] {processor.py:830} INFO - Processing file /opt/airflow/dags/erp_to_minio_bronze_dag.py for tasks to queue
[2025-11-13T03:57:34.535+0000] {logging_mixin.py:188} INFO - [2025-11-13T03:57:34.534+0000] {dagbag.py:538} INFO - Filling up the DagBag from /opt/airflow/dags/erp_to_minio_bronze_dag.py
[2025-11-13T03:57:34.584+0000] {processor.py:840} INFO - DAG(s) 'erp_to_minio_bronze' retrieved from /opt/airflow/dags/erp_to_minio_bronze_dag.py
[2025-11-13T03:57:34.595+0000] {logging_mixin.py:188} INFO - [2025-11-13T03:57:34.595+0000] {dag.py:3036} INFO - Sync 1 DAGs
[2025-11-13T03:57:34.605+0000] {logging_mixin.py:188} INFO - [2025-11-13T03:57:34.605+0000] {dag.py:3823} INFO - Setting next_dagrun for erp_to_minio_bronze to 2025-11-13 00:00:00+00:00, run_after=2025-11-13 06:00:00+00:00
[2025-11-13T03:57:34.620+0000] {processor.py:183} INFO - Processing /opt/airflow/dags/erp_to_minio_bronze_dag.py took 0.089 seconds
[2025-11-13T03:58:04.832+0000] {processor.py:161} INFO - Started process (PID=14972) to work on /opt/airflow/dags/erp_to_minio_bronze_dag.py
[2025-11-13T03:58:04.833+0000] {processor.py:830} INFO - Processing file /opt/airflow/dags/erp_to_minio_bronze_dag.py for tasks to queue
[2025-11-13T03:58:04.834+0000] {logging_mixin.py:188} INFO - [2025-11-13T03:58:04.834+0000] {dagbag.py:538} INFO - Filling up the DagBag from /opt/airflow/dags/erp_to_minio_bronze_dag.py
[2025-11-13T03:58:04.891+0000] {processor.py:840} INFO - DAG(s) 'erp_to_minio_bronze' retrieved from /opt/airflow/dags/erp_to_minio_bronze_dag.py
[2025-11-13T03:58:04.902+0000] {logging_mixin.py:188} INFO - [2025-11-13T03:58:04.902+0000] {dag.py:3036} INFO - Sync 1 DAGs
[2025-11-13T03:58:04.912+0000] {logging_mixin.py:188} INFO - [2025-11-13T03:58:04.912+0000] {dag.py:3823} INFO - Setting next_dagrun for erp_to_minio_bronze to 2025-11-13 00:00:00+00:00, run_after=2025-11-13 06:00:00+00:00
[2025-11-13T03:58:04.929+0000] {processor.py:183} INFO - Processing /opt/airflow/dags/erp_to_minio_bronze_dag.py took 0.099 seconds
[2025-11-13T03:58:35.136+0000] {processor.py:161} INFO - Started process (PID=14981) to work on /opt/airflow/dags/erp_to_minio_bronze_dag.py
[2025-11-13T03:58:35.137+0000] {processor.py:830} INFO - Processing file /opt/airflow/dags/erp_to_minio_bronze_dag.py for tasks to queue
[2025-11-13T03:58:35.138+0000] {logging_mixin.py:188} INFO - [2025-11-13T03:58:35.138+0000] {dagbag.py:538} INFO - Filling up the DagBag from /opt/airflow/dags/erp_to_minio_bronze_dag.py
[2025-11-13T03:58:35.198+0000] {processor.py:840} INFO - DAG(s) 'erp_to_minio_bronze' retrieved from /opt/airflow/dags/erp_to_minio_bronze_dag.py
[2025-11-13T03:58:35.210+0000] {logging_mixin.py:188} INFO - [2025-11-13T03:58:35.210+0000] {dag.py:3036} INFO - Sync 1 DAGs
[2025-11-13T03:58:35.221+0000] {logging_mixin.py:188} INFO - [2025-11-13T03:58:35.221+0000] {dag.py:3823} INFO - Setting next_dagrun for erp_to_minio_bronze to 2025-11-13 00:00:00+00:00, run_after=2025-11-13 06:00:00+00:00
[2025-11-13T03:58:35.237+0000] {processor.py:183} INFO - Processing /opt/airflow/dags/erp_to_minio_bronze_dag.py took 0.104 seconds
[2025-11-13T03:59:05.427+0000] {processor.py:161} INFO - Started process (PID=14983) to work on /opt/airflow/dags/erp_to_minio_bronze_dag.py
[2025-11-13T03:59:05.428+0000] {processor.py:830} INFO - Processing file /opt/airflow/dags/erp_to_minio_bronze_dag.py for tasks to queue
[2025-11-13T03:59:05.429+0000] {logging_mixin.py:188} INFO - [2025-11-13T03:59:05.428+0000] {dagbag.py:538} INFO - Filling up the DagBag from /opt/airflow/dags/erp_to_minio_bronze_dag.py
[2025-11-13T03:59:05.488+0000] {processor.py:840} INFO - DAG(s) 'erp_to_minio_bronze' retrieved from /opt/airflow/dags/erp_to_minio_bronze_dag.py
[2025-11-13T03:59:05.500+0000] {logging_mixin.py:188} INFO - [2025-11-13T03:59:05.500+0000] {dag.py:3036} INFO - Sync 1 DAGs
[2025-11-13T03:59:05.511+0000] {logging_mixin.py:188} INFO - [2025-11-13T03:59:05.511+0000] {dag.py:3823} INFO - Setting next_dagrun for erp_to_minio_bronze to 2025-11-13 00:00:00+00:00, run_after=2025-11-13 06:00:00+00:00
[2025-11-13T03:59:05.526+0000] {processor.py:183} INFO - Processing /opt/airflow/dags/erp_to_minio_bronze_dag.py took 0.101 seconds
[2025-11-13T03:59:35.714+0000] {processor.py:161} INFO - Started process (PID=14985) to work on /opt/airflow/dags/erp_to_minio_bronze_dag.py
[2025-11-13T03:59:35.715+0000] {processor.py:830} INFO - Processing file /opt/airflow/dags/erp_to_minio_bronze_dag.py for tasks to queue
[2025-11-13T03:59:35.716+0000] {logging_mixin.py:188} INFO - [2025-11-13T03:59:35.716+0000] {dagbag.py:538} INFO - Filling up the DagBag from /opt/airflow/dags/erp_to_minio_bronze_dag.py
[2025-11-13T03:59:35.766+0000] {processor.py:840} INFO - DAG(s) 'erp_to_minio_bronze' retrieved from /opt/airflow/dags/erp_to_minio_bronze_dag.py
[2025-11-13T03:59:35.779+0000] {logging_mixin.py:188} INFO - [2025-11-13T03:59:35.778+0000] {dag.py:3036} INFO - Sync 1 DAGs
[2025-11-13T03:59:35.788+0000] {logging_mixin.py:188} INFO - [2025-11-13T03:59:35.788+0000] {dag.py:3823} INFO - Setting next_dagrun for erp_to_minio_bronze to 2025-11-13 00:00:00+00:00, run_after=2025-11-13 06:00:00+00:00
[2025-11-13T03:59:35.801+0000] {processor.py:183} INFO - Processing /opt/airflow/dags/erp_to_minio_bronze_dag.py took 0.090 seconds
[2025-11-13T04:00:06.000+0000] {processor.py:161} INFO - Started process (PID=14987) to work on /opt/airflow/dags/erp_to_minio_bronze_dag.py
[2025-11-13T04:00:06.001+0000] {processor.py:830} INFO - Processing file /opt/airflow/dags/erp_to_minio_bronze_dag.py for tasks to queue
[2025-11-13T04:00:06.002+0000] {logging_mixin.py:188} INFO - [2025-11-13T04:00:06.002+0000] {dagbag.py:538} INFO - Filling up the DagBag from /opt/airflow/dags/erp_to_minio_bronze_dag.py
[2025-11-13T04:00:06.052+0000] {processor.py:840} INFO - DAG(s) 'erp_to_minio_bronze' retrieved from /opt/airflow/dags/erp_to_minio_bronze_dag.py
[2025-11-13T04:00:06.065+0000] {logging_mixin.py:188} INFO - [2025-11-13T04:00:06.065+0000] {dag.py:3036} INFO - Sync 1 DAGs
[2025-11-13T04:00:06.074+0000] {logging_mixin.py:188} INFO - [2025-11-13T04:00:06.074+0000] {dag.py:3823} INFO - Setting next_dagrun for erp_to_minio_bronze to 2025-11-13 00:00:00+00:00, run_after=2025-11-13 06:00:00+00:00
[2025-11-13T04:00:06.090+0000] {processor.py:183} INFO - Processing /opt/airflow/dags/erp_to_minio_bronze_dag.py took 0.092 seconds
[2025-11-13T04:00:36.308+0000] {processor.py:161} INFO - Started process (PID=14989) to work on /opt/airflow/dags/erp_to_minio_bronze_dag.py
[2025-11-13T04:00:36.310+0000] {processor.py:830} INFO - Processing file /opt/airflow/dags/erp_to_minio_bronze_dag.py for tasks to queue
[2025-11-13T04:00:36.311+0000] {logging_mixin.py:188} INFO - [2025-11-13T04:00:36.310+0000] {dagbag.py:538} INFO - Filling up the DagBag from /opt/airflow/dags/erp_to_minio_bronze_dag.py
[2025-11-13T04:00:36.368+0000] {processor.py:840} INFO - DAG(s) 'erp_to_minio_bronze' retrieved from /opt/airflow/dags/erp_to_minio_bronze_dag.py
[2025-11-13T04:00:36.380+0000] {logging_mixin.py:188} INFO - [2025-11-13T04:00:36.379+0000] {dag.py:3036} INFO - Sync 1 DAGs
[2025-11-13T04:00:36.390+0000] {logging_mixin.py:188} INFO - [2025-11-13T04:00:36.390+0000] {dag.py:3823} INFO - Setting next_dagrun for erp_to_minio_bronze to 2025-11-13 00:00:00+00:00, run_after=2025-11-13 06:00:00+00:00
[2025-11-13T04:00:36.407+0000] {processor.py:183} INFO - Processing /opt/airflow/dags/erp_to_minio_bronze_dag.py took 0.100 seconds
[2025-11-13T04:01:06.598+0000] {processor.py:161} INFO - Started process (PID=14991) to work on /opt/airflow/dags/erp_to_minio_bronze_dag.py
[2025-11-13T04:01:06.600+0000] {processor.py:830} INFO - Processing file /opt/airflow/dags/erp_to_minio_bronze_dag.py for tasks to queue
[2025-11-13T04:01:06.601+0000] {logging_mixin.py:188} INFO - [2025-11-13T04:01:06.601+0000] {dagbag.py:538} INFO - Filling up the DagBag from /opt/airflow/dags/erp_to_minio_bronze_dag.py
[2025-11-13T04:01:06.653+0000] {processor.py:840} INFO - DAG(s) 'erp_to_minio_bronze' retrieved from /opt/airflow/dags/erp_to_minio_bronze_dag.py
[2025-11-13T04:01:06.664+0000] {logging_mixin.py:188} INFO - [2025-11-13T04:01:06.664+0000] {dag.py:3036} INFO - Sync 1 DAGs
[2025-11-13T04:01:06.674+0000] {logging_mixin.py:188} INFO - [2025-11-13T04:01:06.674+0000] {dag.py:3823} INFO - Setting next_dagrun for erp_to_minio_bronze to 2025-11-13 00:00:00+00:00, run_after=2025-11-13 06:00:00+00:00
[2025-11-13T04:01:06.688+0000] {processor.py:183} INFO - Processing /opt/airflow/dags/erp_to_minio_bronze_dag.py took 0.092 seconds
[2025-11-13T04:01:36.893+0000] {processor.py:161} INFO - Started process (PID=14993) to work on /opt/airflow/dags/erp_to_minio_bronze_dag.py
[2025-11-13T04:01:36.894+0000] {processor.py:830} INFO - Processing file /opt/airflow/dags/erp_to_minio_bronze_dag.py for tasks to queue
[2025-11-13T04:01:36.895+0000] {logging_mixin.py:188} INFO - [2025-11-13T04:01:36.895+0000] {dagbag.py:538} INFO - Filling up the DagBag from /opt/airflow/dags/erp_to_minio_bronze_dag.py
[2025-11-13T04:01:36.995+0000] {processor.py:840} INFO - DAG(s) 'erp_to_minio_bronze' retrieved from /opt/airflow/dags/erp_to_minio_bronze_dag.py
[2025-11-13T04:01:37.009+0000] {logging_mixin.py:188} INFO - [2025-11-13T04:01:37.009+0000] {dag.py:3036} INFO - Sync 1 DAGs
[2025-11-13T04:01:37.019+0000] {logging_mixin.py:188} INFO - [2025-11-13T04:01:37.019+0000] {dag.py:3823} INFO - Setting next_dagrun for erp_to_minio_bronze to 2025-11-13 00:00:00+00:00, run_after=2025-11-13 06:00:00+00:00
[2025-11-13T04:01:37.030+0000] {processor.py:183} INFO - Processing /opt/airflow/dags/erp_to_minio_bronze_dag.py took 0.141 seconds
[2025-11-13T04:02:07.180+0000] {processor.py:161} INFO - Started process (PID=14995) to work on /opt/airflow/dags/erp_to_minio_bronze_dag.py
[2025-11-13T04:02:07.181+0000] {processor.py:830} INFO - Processing file /opt/airflow/dags/erp_to_minio_bronze_dag.py for tasks to queue
[2025-11-13T04:02:07.182+0000] {logging_mixin.py:188} INFO - [2025-11-13T04:02:07.181+0000] {dagbag.py:538} INFO - Filling up the DagBag from /opt/airflow/dags/erp_to_minio_bronze_dag.py
[2025-11-13T04:02:07.240+0000] {processor.py:840} INFO - DAG(s) 'erp_to_minio_bronze' retrieved from /opt/airflow/dags/erp_to_minio_bronze_dag.py
[2025-11-13T04:02:07.253+0000] {logging_mixin.py:188} INFO - [2025-11-13T04:02:07.253+0000] {dag.py:3036} INFO - Sync 1 DAGs
[2025-11-13T04:02:07.262+0000] {logging_mixin.py:188} INFO - [2025-11-13T04:02:07.262+0000] {dag.py:3823} INFO - Setting next_dagrun for erp_to_minio_bronze to 2025-11-13 00:00:00+00:00, run_after=2025-11-13 06:00:00+00:00
[2025-11-13T04:02:07.276+0000] {processor.py:183} INFO - Processing /opt/airflow/dags/erp_to_minio_bronze_dag.py took 0.098 seconds
[2025-11-13T04:02:37.457+0000] {processor.py:161} INFO - Started process (PID=14997) to work on /opt/airflow/dags/erp_to_minio_bronze_dag.py
[2025-11-13T04:02:37.458+0000] {processor.py:830} INFO - Processing file /opt/airflow/dags/erp_to_minio_bronze_dag.py for tasks to queue
[2025-11-13T04:02:37.459+0000] {logging_mixin.py:188} INFO - [2025-11-13T04:02:37.459+0000] {dagbag.py:538} INFO - Filling up the DagBag from /opt/airflow/dags/erp_to_minio_bronze_dag.py
[2025-11-13T04:02:37.517+0000] {processor.py:840} INFO - DAG(s) 'erp_to_minio_bronze' retrieved from /opt/airflow/dags/erp_to_minio_bronze_dag.py
[2025-11-13T04:02:37.531+0000] {logging_mixin.py:188} INFO - [2025-11-13T04:02:37.531+0000] {dag.py:3036} INFO - Sync 1 DAGs
[2025-11-13T04:02:37.544+0000] {logging_mixin.py:188} INFO - [2025-11-13T04:02:37.544+0000] {dag.py:3823} INFO - Setting next_dagrun for erp_to_minio_bronze to 2025-11-13 00:00:00+00:00, run_after=2025-11-13 06:00:00+00:00
[2025-11-13T04:02:37.558+0000] {processor.py:183} INFO - Processing /opt/airflow/dags/erp_to_minio_bronze_dag.py took 0.103 seconds
[2025-11-13T04:03:07.747+0000] {processor.py:161} INFO - Started process (PID=14999) to work on /opt/airflow/dags/erp_to_minio_bronze_dag.py
[2025-11-13T04:03:07.748+0000] {processor.py:830} INFO - Processing file /opt/airflow/dags/erp_to_minio_bronze_dag.py for tasks to queue
[2025-11-13T04:03:07.749+0000] {logging_mixin.py:188} INFO - [2025-11-13T04:03:07.749+0000] {dagbag.py:538} INFO - Filling up the DagBag from /opt/airflow/dags/erp_to_minio_bronze_dag.py
[2025-11-13T04:03:07.806+0000] {processor.py:840} INFO - DAG(s) 'erp_to_minio_bronze' retrieved from /opt/airflow/dags/erp_to_minio_bronze_dag.py
[2025-11-13T04:03:07.819+0000] {logging_mixin.py:188} INFO - [2025-11-13T04:03:07.819+0000] {dag.py:3036} INFO - Sync 1 DAGs
[2025-11-13T04:03:07.832+0000] {logging_mixin.py:188} INFO - [2025-11-13T04:03:07.832+0000] {dag.py:3823} INFO - Setting next_dagrun for erp_to_minio_bronze to 2025-11-13 00:00:00+00:00, run_after=2025-11-13 06:00:00+00:00
[2025-11-13T04:03:07.847+0000] {processor.py:183} INFO - Processing /opt/airflow/dags/erp_to_minio_bronze_dag.py took 0.102 seconds
[2025-11-13T04:03:38.042+0000] {processor.py:161} INFO - Started process (PID=15001) to work on /opt/airflow/dags/erp_to_minio_bronze_dag.py
[2025-11-13T04:03:38.043+0000] {processor.py:830} INFO - Processing file /opt/airflow/dags/erp_to_minio_bronze_dag.py for tasks to queue
[2025-11-13T04:03:38.044+0000] {logging_mixin.py:188} INFO - [2025-11-13T04:03:38.043+0000] {dagbag.py:538} INFO - Filling up the DagBag from /opt/airflow/dags/erp_to_minio_bronze_dag.py
[2025-11-13T04:03:38.099+0000] {processor.py:840} INFO - DAG(s) 'erp_to_minio_bronze' retrieved from /opt/airflow/dags/erp_to_minio_bronze_dag.py
[2025-11-13T04:03:38.113+0000] {logging_mixin.py:188} INFO - [2025-11-13T04:03:38.113+0000] {dag.py:3036} INFO - Sync 1 DAGs
[2025-11-13T04:03:38.125+0000] {logging_mixin.py:188} INFO - [2025-11-13T04:03:38.124+0000] {dag.py:3823} INFO - Setting next_dagrun for erp_to_minio_bronze to 2025-11-13 00:00:00+00:00, run_after=2025-11-13 06:00:00+00:00
[2025-11-13T04:03:38.143+0000] {processor.py:183} INFO - Processing /opt/airflow/dags/erp_to_minio_bronze_dag.py took 0.103 seconds
[2025-11-13T04:04:08.352+0000] {processor.py:161} INFO - Started process (PID=15003) to work on /opt/airflow/dags/erp_to_minio_bronze_dag.py
[2025-11-13T04:04:08.354+0000] {processor.py:830} INFO - Processing file /opt/airflow/dags/erp_to_minio_bronze_dag.py for tasks to queue
[2025-11-13T04:04:08.355+0000] {logging_mixin.py:188} INFO - [2025-11-13T04:04:08.354+0000] {dagbag.py:538} INFO - Filling up the DagBag from /opt/airflow/dags/erp_to_minio_bronze_dag.py
[2025-11-13T04:04:08.413+0000] {processor.py:840} INFO - DAG(s) 'erp_to_minio_bronze' retrieved from /opt/airflow/dags/erp_to_minio_bronze_dag.py
[2025-11-13T04:04:08.427+0000] {logging_mixin.py:188} INFO - [2025-11-13T04:04:08.427+0000] {dag.py:3036} INFO - Sync 1 DAGs
[2025-11-13T04:04:08.438+0000] {logging_mixin.py:188} INFO - [2025-11-13T04:04:08.438+0000] {dag.py:3823} INFO - Setting next_dagrun for erp_to_minio_bronze to 2025-11-13 00:00:00+00:00, run_after=2025-11-13 06:00:00+00:00
[2025-11-13T04:04:08.453+0000] {processor.py:183} INFO - Processing /opt/airflow/dags/erp_to_minio_bronze_dag.py took 0.103 seconds
[2025-11-13T04:04:38.645+0000] {processor.py:161} INFO - Started process (PID=15005) to work on /opt/airflow/dags/erp_to_minio_bronze_dag.py
[2025-11-13T04:04:38.645+0000] {processor.py:830} INFO - Processing file /opt/airflow/dags/erp_to_minio_bronze_dag.py for tasks to queue
[2025-11-13T04:04:38.646+0000] {logging_mixin.py:188} INFO - [2025-11-13T04:04:38.646+0000] {dagbag.py:538} INFO - Filling up the DagBag from /opt/airflow/dags/erp_to_minio_bronze_dag.py
[2025-11-13T04:04:38.706+0000] {processor.py:840} INFO - DAG(s) 'erp_to_minio_bronze' retrieved from /opt/airflow/dags/erp_to_minio_bronze_dag.py
[2025-11-13T04:04:38.720+0000] {logging_mixin.py:188} INFO - [2025-11-13T04:04:38.720+0000] {dag.py:3036} INFO - Sync 1 DAGs
[2025-11-13T04:04:38.731+0000] {logging_mixin.py:188} INFO - [2025-11-13T04:04:38.731+0000] {dag.py:3823} INFO - Setting next_dagrun for erp_to_minio_bronze to 2025-11-13 00:00:00+00:00, run_after=2025-11-13 06:00:00+00:00
[2025-11-13T04:04:38.748+0000] {processor.py:183} INFO - Processing /opt/airflow/dags/erp_to_minio_bronze_dag.py took 0.105 seconds
[2025-11-13T04:05:08.936+0000] {processor.py:161} INFO - Started process (PID=15007) to work on /opt/airflow/dags/erp_to_minio_bronze_dag.py
[2025-11-13T04:05:08.938+0000] {processor.py:830} INFO - Processing file /opt/airflow/dags/erp_to_minio_bronze_dag.py for tasks to queue
[2025-11-13T04:05:08.939+0000] {logging_mixin.py:188} INFO - [2025-11-13T04:05:08.939+0000] {dagbag.py:538} INFO - Filling up the DagBag from /opt/airflow/dags/erp_to_minio_bronze_dag.py
[2025-11-13T04:05:09.000+0000] {processor.py:840} INFO - DAG(s) 'erp_to_minio_bronze' retrieved from /opt/airflow/dags/erp_to_minio_bronze_dag.py
[2025-11-13T04:05:09.012+0000] {logging_mixin.py:188} INFO - [2025-11-13T04:05:09.012+0000] {dag.py:3036} INFO - Sync 1 DAGs
[2025-11-13T04:05:09.022+0000] {logging_mixin.py:188} INFO - [2025-11-13T04:05:09.022+0000] {dag.py:3823} INFO - Setting next_dagrun for erp_to_minio_bronze to 2025-11-13 00:00:00+00:00, run_after=2025-11-13 06:00:00+00:00
[2025-11-13T04:05:09.037+0000] {processor.py:183} INFO - Processing /opt/airflow/dags/erp_to_minio_bronze_dag.py took 0.102 seconds
[2025-11-13T04:05:39.230+0000] {processor.py:161} INFO - Started process (PID=15009) to work on /opt/airflow/dags/erp_to_minio_bronze_dag.py
[2025-11-13T04:05:39.231+0000] {processor.py:830} INFO - Processing file /opt/airflow/dags/erp_to_minio_bronze_dag.py for tasks to queue
[2025-11-13T04:05:39.232+0000] {logging_mixin.py:188} INFO - [2025-11-13T04:05:39.232+0000] {dagbag.py:538} INFO - Filling up the DagBag from /opt/airflow/dags/erp_to_minio_bronze_dag.py
[2025-11-13T04:05:39.291+0000] {processor.py:840} INFO - DAG(s) 'erp_to_minio_bronze' retrieved from /opt/airflow/dags/erp_to_minio_bronze_dag.py
[2025-11-13T04:05:39.306+0000] {logging_mixin.py:188} INFO - [2025-11-13T04:05:39.305+0000] {dag.py:3036} INFO - Sync 1 DAGs
[2025-11-13T04:05:39.318+0000] {logging_mixin.py:188} INFO - [2025-11-13T04:05:39.318+0000] {dag.py:3823} INFO - Setting next_dagrun for erp_to_minio_bronze to 2025-11-13 00:00:00+00:00, run_after=2025-11-13 06:00:00+00:00
[2025-11-13T04:05:39.333+0000] {processor.py:183} INFO - Processing /opt/airflow/dags/erp_to_minio_bronze_dag.py took 0.106 seconds
[2025-11-13T04:06:09.522+0000] {processor.py:161} INFO - Started process (PID=15011) to work on /opt/airflow/dags/erp_to_minio_bronze_dag.py
[2025-11-13T04:06:09.523+0000] {processor.py:830} INFO - Processing file /opt/airflow/dags/erp_to_minio_bronze_dag.py for tasks to queue
[2025-11-13T04:06:09.524+0000] {logging_mixin.py:188} INFO - [2025-11-13T04:06:09.524+0000] {dagbag.py:538} INFO - Filling up the DagBag from /opt/airflow/dags/erp_to_minio_bronze_dag.py
[2025-11-13T04:06:09.587+0000] {processor.py:840} INFO - DAG(s) 'erp_to_minio_bronze' retrieved from /opt/airflow/dags/erp_to_minio_bronze_dag.py
[2025-11-13T04:06:09.602+0000] {logging_mixin.py:188} INFO - [2025-11-13T04:06:09.602+0000] {dag.py:3036} INFO - Sync 1 DAGs
[2025-11-13T04:06:09.615+0000] {logging_mixin.py:188} INFO - [2025-11-13T04:06:09.615+0000] {dag.py:3823} INFO - Setting next_dagrun for erp_to_minio_bronze to 2025-11-13 00:00:00+00:00, run_after=2025-11-13 06:00:00+00:00
[2025-11-13T04:06:09.631+0000] {processor.py:183} INFO - Processing /opt/airflow/dags/erp_to_minio_bronze_dag.py took 0.111 seconds
[2025-11-13T04:06:39.810+0000] {processor.py:161} INFO - Started process (PID=15013) to work on /opt/airflow/dags/erp_to_minio_bronze_dag.py
[2025-11-13T04:06:39.811+0000] {processor.py:830} INFO - Processing file /opt/airflow/dags/erp_to_minio_bronze_dag.py for tasks to queue
[2025-11-13T04:06:39.812+0000] {logging_mixin.py:188} INFO - [2025-11-13T04:06:39.811+0000] {dagbag.py:538} INFO - Filling up the DagBag from /opt/airflow/dags/erp_to_minio_bronze_dag.py
[2025-11-13T04:06:39.875+0000] {processor.py:840} INFO - DAG(s) 'erp_to_minio_bronze' retrieved from /opt/airflow/dags/erp_to_minio_bronze_dag.py
[2025-11-13T04:06:39.892+0000] {logging_mixin.py:188} INFO - [2025-11-13T04:06:39.891+0000] {dag.py:3036} INFO - Sync 1 DAGs
[2025-11-13T04:06:39.905+0000] {logging_mixin.py:188} INFO - [2025-11-13T04:06:39.905+0000] {dag.py:3823} INFO - Setting next_dagrun for erp_to_minio_bronze to 2025-11-13 00:00:00+00:00, run_after=2025-11-13 06:00:00+00:00
[2025-11-13T04:06:39.921+0000] {processor.py:183} INFO - Processing /opt/airflow/dags/erp_to_minio_bronze_dag.py took 0.113 seconds
[2025-11-13T04:07:10.096+0000] {processor.py:161} INFO - Started process (PID=15015) to work on /opt/airflow/dags/erp_to_minio_bronze_dag.py
[2025-11-13T04:07:10.097+0000] {processor.py:830} INFO - Processing file /opt/airflow/dags/erp_to_minio_bronze_dag.py for tasks to queue
[2025-11-13T04:07:10.098+0000] {logging_mixin.py:188} INFO - [2025-11-13T04:07:10.098+0000] {dagbag.py:538} INFO - Filling up the DagBag from /opt/airflow/dags/erp_to_minio_bronze_dag.py
[2025-11-13T04:07:10.151+0000] {processor.py:840} INFO - DAG(s) 'erp_to_minio_bronze' retrieved from /opt/airflow/dags/erp_to_minio_bronze_dag.py
[2025-11-13T04:07:10.164+0000] {logging_mixin.py:188} INFO - [2025-11-13T04:07:10.163+0000] {dag.py:3036} INFO - Sync 1 DAGs
[2025-11-13T04:07:10.174+0000] {logging_mixin.py:188} INFO - [2025-11-13T04:07:10.174+0000] {dag.py:3823} INFO - Setting next_dagrun for erp_to_minio_bronze to 2025-11-13 00:00:00+00:00, run_after=2025-11-13 06:00:00+00:00
[2025-11-13T04:07:10.186+0000] {processor.py:183} INFO - Processing /opt/airflow/dags/erp_to_minio_bronze_dag.py took 0.092 seconds
[2025-11-13T04:07:40.383+0000] {processor.py:161} INFO - Started process (PID=15017) to work on /opt/airflow/dags/erp_to_minio_bronze_dag.py
[2025-11-13T04:07:40.384+0000] {processor.py:830} INFO - Processing file /opt/airflow/dags/erp_to_minio_bronze_dag.py for tasks to queue
[2025-11-13T04:07:40.385+0000] {logging_mixin.py:188} INFO - [2025-11-13T04:07:40.384+0000] {dagbag.py:538} INFO - Filling up the DagBag from /opt/airflow/dags/erp_to_minio_bronze_dag.py
[2025-11-13T04:07:40.451+0000] {processor.py:840} INFO - DAG(s) 'erp_to_minio_bronze' retrieved from /opt/airflow/dags/erp_to_minio_bronze_dag.py
[2025-11-13T04:07:40.469+0000] {logging_mixin.py:188} INFO - [2025-11-13T04:07:40.469+0000] {dag.py:3036} INFO - Sync 1 DAGs
[2025-11-13T04:07:40.482+0000] {logging_mixin.py:188} INFO - [2025-11-13T04:07:40.482+0000] {dag.py:3823} INFO - Setting next_dagrun for erp_to_minio_bronze to 2025-11-13 00:00:00+00:00, run_after=2025-11-13 06:00:00+00:00
[2025-11-13T04:07:40.496+0000] {processor.py:183} INFO - Processing /opt/airflow/dags/erp_to_minio_bronze_dag.py took 0.116 seconds
[2025-11-13T04:08:10.669+0000] {processor.py:161} INFO - Started process (PID=15019) to work on /opt/airflow/dags/erp_to_minio_bronze_dag.py
[2025-11-13T04:08:10.670+0000] {processor.py:830} INFO - Processing file /opt/airflow/dags/erp_to_minio_bronze_dag.py for tasks to queue
[2025-11-13T04:08:10.671+0000] {logging_mixin.py:188} INFO - [2025-11-13T04:08:10.671+0000] {dagbag.py:538} INFO - Filling up the DagBag from /opt/airflow/dags/erp_to_minio_bronze_dag.py
[2025-11-13T04:08:10.724+0000] {processor.py:840} INFO - DAG(s) 'erp_to_minio_bronze' retrieved from /opt/airflow/dags/erp_to_minio_bronze_dag.py
[2025-11-13T04:08:10.741+0000] {logging_mixin.py:188} INFO - [2025-11-13T04:08:10.741+0000] {dag.py:3036} INFO - Sync 1 DAGs
[2025-11-13T04:08:10.753+0000] {logging_mixin.py:188} INFO - [2025-11-13T04:08:10.752+0000] {dag.py:3823} INFO - Setting next_dagrun for erp_to_minio_bronze to 2025-11-13 00:00:00+00:00, run_after=2025-11-13 06:00:00+00:00
[2025-11-13T04:08:10.770+0000] {processor.py:183} INFO - Processing /opt/airflow/dags/erp_to_minio_bronze_dag.py took 0.104 seconds
[2025-11-13T04:08:40.965+0000] {processor.py:161} INFO - Started process (PID=15021) to work on /opt/airflow/dags/erp_to_minio_bronze_dag.py
[2025-11-13T04:08:40.967+0000] {processor.py:830} INFO - Processing file /opt/airflow/dags/erp_to_minio_bronze_dag.py for tasks to queue
[2025-11-13T04:08:40.968+0000] {logging_mixin.py:188} INFO - [2025-11-13T04:08:40.968+0000] {dagbag.py:538} INFO - Filling up the DagBag from /opt/airflow/dags/erp_to_minio_bronze_dag.py
[2025-11-13T04:08:41.023+0000] {processor.py:840} INFO - DAG(s) 'erp_to_minio_bronze' retrieved from /opt/airflow/dags/erp_to_minio_bronze_dag.py
[2025-11-13T04:08:41.036+0000] {logging_mixin.py:188} INFO - [2025-11-13T04:08:41.036+0000] {dag.py:3036} INFO - Sync 1 DAGs
[2025-11-13T04:08:41.048+0000] {logging_mixin.py:188} INFO - [2025-11-13T04:08:41.048+0000] {dag.py:3823} INFO - Setting next_dagrun for erp_to_minio_bronze to 2025-11-13 00:00:00+00:00, run_after=2025-11-13 06:00:00+00:00
[2025-11-13T04:08:41.065+0000] {processor.py:183} INFO - Processing /opt/airflow/dags/erp_to_minio_bronze_dag.py took 0.102 seconds
[2025-11-13T04:09:11.258+0000] {processor.py:161} INFO - Started process (PID=15023) to work on /opt/airflow/dags/erp_to_minio_bronze_dag.py
[2025-11-13T04:09:11.259+0000] {processor.py:830} INFO - Processing file /opt/airflow/dags/erp_to_minio_bronze_dag.py for tasks to queue
[2025-11-13T04:09:11.260+0000] {logging_mixin.py:188} INFO - [2025-11-13T04:09:11.260+0000] {dagbag.py:538} INFO - Filling up the DagBag from /opt/airflow/dags/erp_to_minio_bronze_dag.py
[2025-11-13T04:09:11.328+0000] {processor.py:840} INFO - DAG(s) 'erp_to_minio_bronze' retrieved from /opt/airflow/dags/erp_to_minio_bronze_dag.py
[2025-11-13T04:09:11.343+0000] {logging_mixin.py:188} INFO - [2025-11-13T04:09:11.343+0000] {dag.py:3036} INFO - Sync 1 DAGs
[2025-11-13T04:09:11.355+0000] {logging_mixin.py:188} INFO - [2025-11-13T04:09:11.355+0000] {dag.py:3823} INFO - Setting next_dagrun for erp_to_minio_bronze to 2025-11-13 00:00:00+00:00, run_after=2025-11-13 06:00:00+00:00
[2025-11-13T04:09:11.372+0000] {processor.py:183} INFO - Processing /opt/airflow/dags/erp_to_minio_bronze_dag.py took 0.117 seconds
[2025-11-13T04:09:41.550+0000] {processor.py:161} INFO - Started process (PID=15025) to work on /opt/airflow/dags/erp_to_minio_bronze_dag.py
[2025-11-13T04:09:41.551+0000] {processor.py:830} INFO - Processing file /opt/airflow/dags/erp_to_minio_bronze_dag.py for tasks to queue
[2025-11-13T04:09:41.552+0000] {logging_mixin.py:188} INFO - [2025-11-13T04:09:41.552+0000] {dagbag.py:538} INFO - Filling up the DagBag from /opt/airflow/dags/erp_to_minio_bronze_dag.py
[2025-11-13T04:09:41.616+0000] {processor.py:840} INFO - DAG(s) 'erp_to_minio_bronze' retrieved from /opt/airflow/dags/erp_to_minio_bronze_dag.py
[2025-11-13T04:09:41.632+0000] {logging_mixin.py:188} INFO - [2025-11-13T04:09:41.632+0000] {dag.py:3036} INFO - Sync 1 DAGs
[2025-11-13T04:09:41.645+0000] {logging_mixin.py:188} INFO - [2025-11-13T04:09:41.645+0000] {dag.py:3823} INFO - Setting next_dagrun for erp_to_minio_bronze to 2025-11-13 00:00:00+00:00, run_after=2025-11-13 06:00:00+00:00
[2025-11-13T04:09:41.659+0000] {processor.py:183} INFO - Processing /opt/airflow/dags/erp_to_minio_bronze_dag.py took 0.111 seconds
[2025-11-13T04:10:11.844+0000] {processor.py:161} INFO - Started process (PID=15027) to work on /opt/airflow/dags/erp_to_minio_bronze_dag.py
[2025-11-13T04:10:11.846+0000] {processor.py:830} INFO - Processing file /opt/airflow/dags/erp_to_minio_bronze_dag.py for tasks to queue
[2025-11-13T04:10:11.847+0000] {logging_mixin.py:188} INFO - [2025-11-13T04:10:11.847+0000] {dagbag.py:538} INFO - Filling up the DagBag from /opt/airflow/dags/erp_to_minio_bronze_dag.py
[2025-11-13T04:10:11.915+0000] {processor.py:840} INFO - DAG(s) 'erp_to_minio_bronze' retrieved from /opt/airflow/dags/erp_to_minio_bronze_dag.py
[2025-11-13T04:10:11.932+0000] {logging_mixin.py:188} INFO - [2025-11-13T04:10:11.932+0000] {dag.py:3036} INFO - Sync 1 DAGs
[2025-11-13T04:10:11.946+0000] {logging_mixin.py:188} INFO - [2025-11-13T04:10:11.946+0000] {dag.py:3823} INFO - Setting next_dagrun for erp_to_minio_bronze to 2025-11-13 00:00:00+00:00, run_after=2025-11-13 06:00:00+00:00
[2025-11-13T04:10:11.963+0000] {processor.py:183} INFO - Processing /opt/airflow/dags/erp_to_minio_bronze_dag.py took 0.121 seconds
[2025-11-13T04:10:42.135+0000] {processor.py:161} INFO - Started process (PID=15029) to work on /opt/airflow/dags/erp_to_minio_bronze_dag.py
[2025-11-13T04:10:42.136+0000] {processor.py:830} INFO - Processing file /opt/airflow/dags/erp_to_minio_bronze_dag.py for tasks to queue
[2025-11-13T04:10:42.137+0000] {logging_mixin.py:188} INFO - [2025-11-13T04:10:42.137+0000] {dagbag.py:538} INFO - Filling up the DagBag from /opt/airflow/dags/erp_to_minio_bronze_dag.py
[2025-11-13T04:10:42.202+0000] {processor.py:840} INFO - DAG(s) 'erp_to_minio_bronze' retrieved from /opt/airflow/dags/erp_to_minio_bronze_dag.py
[2025-11-13T04:10:42.216+0000] {logging_mixin.py:188} INFO - [2025-11-13T04:10:42.216+0000] {dag.py:3036} INFO - Sync 1 DAGs
[2025-11-13T04:10:42.229+0000] {logging_mixin.py:188} INFO - [2025-11-13T04:10:42.228+0000] {dag.py:3823} INFO - Setting next_dagrun for erp_to_minio_bronze to 2025-11-13 00:00:00+00:00, run_after=2025-11-13 06:00:00+00:00
[2025-11-13T04:10:42.248+0000] {processor.py:183} INFO - Processing /opt/airflow/dags/erp_to_minio_bronze_dag.py took 0.115 seconds
[2025-11-13T04:11:12.422+0000] {processor.py:161} INFO - Started process (PID=15031) to work on /opt/airflow/dags/erp_to_minio_bronze_dag.py
[2025-11-13T04:11:12.423+0000] {processor.py:830} INFO - Processing file /opt/airflow/dags/erp_to_minio_bronze_dag.py for tasks to queue
[2025-11-13T04:11:12.424+0000] {logging_mixin.py:188} INFO - [2025-11-13T04:11:12.424+0000] {dagbag.py:538} INFO - Filling up the DagBag from /opt/airflow/dags/erp_to_minio_bronze_dag.py
[2025-11-13T04:11:12.481+0000] {processor.py:840} INFO - DAG(s) 'erp_to_minio_bronze' retrieved from /opt/airflow/dags/erp_to_minio_bronze_dag.py
[2025-11-13T04:11:12.495+0000] {logging_mixin.py:188} INFO - [2025-11-13T04:11:12.495+0000] {dag.py:3036} INFO - Sync 1 DAGs
[2025-11-13T04:11:12.508+0000] {logging_mixin.py:188} INFO - [2025-11-13T04:11:12.508+0000] {dag.py:3823} INFO - Setting next_dagrun for erp_to_minio_bronze to 2025-11-13 00:00:00+00:00, run_after=2025-11-13 06:00:00+00:00
[2025-11-13T04:11:12.524+0000] {processor.py:183} INFO - Processing /opt/airflow/dags/erp_to_minio_bronze_dag.py took 0.104 seconds
[2025-11-13T04:11:42.717+0000] {processor.py:161} INFO - Started process (PID=15033) to work on /opt/airflow/dags/erp_to_minio_bronze_dag.py
[2025-11-13T04:11:42.718+0000] {processor.py:830} INFO - Processing file /opt/airflow/dags/erp_to_minio_bronze_dag.py for tasks to queue
[2025-11-13T04:11:42.719+0000] {logging_mixin.py:188} INFO - [2025-11-13T04:11:42.719+0000] {dagbag.py:538} INFO - Filling up the DagBag from /opt/airflow/dags/erp_to_minio_bronze_dag.py
[2025-11-13T04:11:42.784+0000] {processor.py:840} INFO - DAG(s) 'erp_to_minio_bronze' retrieved from /opt/airflow/dags/erp_to_minio_bronze_dag.py
[2025-11-13T04:11:42.799+0000] {logging_mixin.py:188} INFO - [2025-11-13T04:11:42.799+0000] {dag.py:3036} INFO - Sync 1 DAGs
[2025-11-13T04:11:42.811+0000] {logging_mixin.py:188} INFO - [2025-11-13T04:11:42.811+0000] {dag.py:3823} INFO - Setting next_dagrun for erp_to_minio_bronze to 2025-11-13 00:00:00+00:00, run_after=2025-11-13 06:00:00+00:00
[2025-11-13T04:11:42.826+0000] {processor.py:183} INFO - Processing /opt/airflow/dags/erp_to_minio_bronze_dag.py took 0.111 seconds
[2025-11-13T04:12:13.002+0000] {processor.py:161} INFO - Started process (PID=15035) to work on /opt/airflow/dags/erp_to_minio_bronze_dag.py
[2025-11-13T04:12:13.003+0000] {processor.py:830} INFO - Processing file /opt/airflow/dags/erp_to_minio_bronze_dag.py for tasks to queue
[2025-11-13T04:12:13.004+0000] {logging_mixin.py:188} INFO - [2025-11-13T04:12:13.004+0000] {dagbag.py:538} INFO - Filling up the DagBag from /opt/airflow/dags/erp_to_minio_bronze_dag.py
[2025-11-13T04:12:13.059+0000] {processor.py:840} INFO - DAG(s) 'erp_to_minio_bronze' retrieved from /opt/airflow/dags/erp_to_minio_bronze_dag.py
[2025-11-13T04:12:13.076+0000] {logging_mixin.py:188} INFO - [2025-11-13T04:12:13.076+0000] {dag.py:3036} INFO - Sync 1 DAGs
[2025-11-13T04:12:13.089+0000] {logging_mixin.py:188} INFO - [2025-11-13T04:12:13.089+0000] {dag.py:3823} INFO - Setting next_dagrun for erp_to_minio_bronze to 2025-11-13 00:00:00+00:00, run_after=2025-11-13 06:00:00+00:00
[2025-11-13T04:12:13.104+0000] {processor.py:183} INFO - Processing /opt/airflow/dags/erp_to_minio_bronze_dag.py took 0.104 seconds
[2025-11-13T04:12:43.291+0000] {processor.py:161} INFO - Started process (PID=15037) to work on /opt/airflow/dags/erp_to_minio_bronze_dag.py
[2025-11-13T04:12:43.292+0000] {processor.py:830} INFO - Processing file /opt/airflow/dags/erp_to_minio_bronze_dag.py for tasks to queue
[2025-11-13T04:12:43.293+0000] {logging_mixin.py:188} INFO - [2025-11-13T04:12:43.293+0000] {dagbag.py:538} INFO - Filling up the DagBag from /opt/airflow/dags/erp_to_minio_bronze_dag.py
[2025-11-13T04:12:43.350+0000] {processor.py:840} INFO - DAG(s) 'erp_to_minio_bronze' retrieved from /opt/airflow/dags/erp_to_minio_bronze_dag.py
[2025-11-13T04:12:43.363+0000] {logging_mixin.py:188} INFO - [2025-11-13T04:12:43.363+0000] {dag.py:3036} INFO - Sync 1 DAGs
[2025-11-13T04:12:43.376+0000] {logging_mixin.py:188} INFO - [2025-11-13T04:12:43.376+0000] {dag.py:3823} INFO - Setting next_dagrun for erp_to_minio_bronze to 2025-11-13 00:00:00+00:00, run_after=2025-11-13 06:00:00+00:00
[2025-11-13T04:12:43.392+0000] {processor.py:183} INFO - Processing /opt/airflow/dags/erp_to_minio_bronze_dag.py took 0.103 seconds
[2025-11-13T04:13:13.583+0000] {processor.py:161} INFO - Started process (PID=15039) to work on /opt/airflow/dags/erp_to_minio_bronze_dag.py
[2025-11-13T04:13:13.584+0000] {processor.py:830} INFO - Processing file /opt/airflow/dags/erp_to_minio_bronze_dag.py for tasks to queue
[2025-11-13T04:13:13.585+0000] {logging_mixin.py:188} INFO - [2025-11-13T04:13:13.585+0000] {dagbag.py:538} INFO - Filling up the DagBag from /opt/airflow/dags/erp_to_minio_bronze_dag.py
[2025-11-13T04:13:13.643+0000] {processor.py:840} INFO - DAG(s) 'erp_to_minio_bronze' retrieved from /opt/airflow/dags/erp_to_minio_bronze_dag.py
[2025-11-13T04:13:13.659+0000] {logging_mixin.py:188} INFO - [2025-11-13T04:13:13.658+0000] {dag.py:3036} INFO - Sync 1 DAGs
[2025-11-13T04:13:13.671+0000] {logging_mixin.py:188} INFO - [2025-11-13T04:13:13.670+0000] {dag.py:3823} INFO - Setting next_dagrun for erp_to_minio_bronze to 2025-11-13 00:00:00+00:00, run_after=2025-11-13 06:00:00+00:00
[2025-11-13T04:13:13.685+0000] {processor.py:183} INFO - Processing /opt/airflow/dags/erp_to_minio_bronze_dag.py took 0.104 seconds
[2025-11-13T04:13:43.878+0000] {processor.py:161} INFO - Started process (PID=15041) to work on /opt/airflow/dags/erp_to_minio_bronze_dag.py
[2025-11-13T04:13:43.880+0000] {processor.py:830} INFO - Processing file /opt/airflow/dags/erp_to_minio_bronze_dag.py for tasks to queue
[2025-11-13T04:13:43.881+0000] {logging_mixin.py:188} INFO - [2025-11-13T04:13:43.881+0000] {dagbag.py:538} INFO - Filling up the DagBag from /opt/airflow/dags/erp_to_minio_bronze_dag.py
[2025-11-13T04:13:43.945+0000] {processor.py:840} INFO - DAG(s) 'erp_to_minio_bronze' retrieved from /opt/airflow/dags/erp_to_minio_bronze_dag.py
[2025-11-13T04:13:43.963+0000] {logging_mixin.py:188} INFO - [2025-11-13T04:13:43.963+0000] {dag.py:3036} INFO - Sync 1 DAGs
[2025-11-13T04:13:43.976+0000] {logging_mixin.py:188} INFO - [2025-11-13T04:13:43.976+0000] {dag.py:3823} INFO - Setting next_dagrun for erp_to_minio_bronze to 2025-11-13 00:00:00+00:00, run_after=2025-11-13 06:00:00+00:00
[2025-11-13T04:13:43.993+0000] {processor.py:183} INFO - Processing /opt/airflow/dags/erp_to_minio_bronze_dag.py took 0.116 seconds
[2025-11-13T04:14:14.169+0000] {processor.py:161} INFO - Started process (PID=15043) to work on /opt/airflow/dags/erp_to_minio_bronze_dag.py
[2025-11-13T04:14:14.170+0000] {processor.py:830} INFO - Processing file /opt/airflow/dags/erp_to_minio_bronze_dag.py for tasks to queue
[2025-11-13T04:14:14.172+0000] {logging_mixin.py:188} INFO - [2025-11-13T04:14:14.171+0000] {dagbag.py:538} INFO - Filling up the DagBag from /opt/airflow/dags/erp_to_minio_bronze_dag.py
[2025-11-13T04:14:14.230+0000] {processor.py:840} INFO - DAG(s) 'erp_to_minio_bronze' retrieved from /opt/airflow/dags/erp_to_minio_bronze_dag.py
[2025-11-13T04:14:14.243+0000] {logging_mixin.py:188} INFO - [2025-11-13T04:14:14.243+0000] {dag.py:3036} INFO - Sync 1 DAGs
[2025-11-13T04:14:14.254+0000] {logging_mixin.py:188} INFO - [2025-11-13T04:14:14.254+0000] {dag.py:3823} INFO - Setting next_dagrun for erp_to_minio_bronze to 2025-11-13 00:00:00+00:00, run_after=2025-11-13 06:00:00+00:00
[2025-11-13T04:14:14.272+0000] {processor.py:183} INFO - Processing /opt/airflow/dags/erp_to_minio_bronze_dag.py took 0.106 seconds
[2025-11-13T04:14:44.462+0000] {processor.py:161} INFO - Started process (PID=15045) to work on /opt/airflow/dags/erp_to_minio_bronze_dag.py
[2025-11-13T04:14:44.463+0000] {processor.py:830} INFO - Processing file /opt/airflow/dags/erp_to_minio_bronze_dag.py for tasks to queue
[2025-11-13T04:14:44.464+0000] {logging_mixin.py:188} INFO - [2025-11-13T04:14:44.464+0000] {dagbag.py:538} INFO - Filling up the DagBag from /opt/airflow/dags/erp_to_minio_bronze_dag.py
[2025-11-13T04:14:44.527+0000] {processor.py:840} INFO - DAG(s) 'erp_to_minio_bronze' retrieved from /opt/airflow/dags/erp_to_minio_bronze_dag.py
[2025-11-13T04:14:44.541+0000] {logging_mixin.py:188} INFO - [2025-11-13T04:14:44.541+0000] {dag.py:3036} INFO - Sync 1 DAGs
[2025-11-13T04:14:44.553+0000] {logging_mixin.py:188} INFO - [2025-11-13T04:14:44.553+0000] {dag.py:3823} INFO - Setting next_dagrun for erp_to_minio_bronze to 2025-11-13 00:00:00+00:00, run_after=2025-11-13 06:00:00+00:00
[2025-11-13T04:14:44.570+0000] {processor.py:183} INFO - Processing /opt/airflow/dags/erp_to_minio_bronze_dag.py took 0.110 seconds
[2025-11-13T04:15:14.750+0000] {processor.py:161} INFO - Started process (PID=15047) to work on /opt/airflow/dags/erp_to_minio_bronze_dag.py
[2025-11-13T04:15:14.751+0000] {processor.py:830} INFO - Processing file /opt/airflow/dags/erp_to_minio_bronze_dag.py for tasks to queue
[2025-11-13T04:15:14.752+0000] {logging_mixin.py:188} INFO - [2025-11-13T04:15:14.752+0000] {dagbag.py:538} INFO - Filling up the DagBag from /opt/airflow/dags/erp_to_minio_bronze_dag.py
[2025-11-13T04:15:14.850+0000] {processor.py:840} INFO - DAG(s) 'erp_to_minio_bronze' retrieved from /opt/airflow/dags/erp_to_minio_bronze_dag.py
[2025-11-13T04:15:14.864+0000] {logging_mixin.py:188} INFO - [2025-11-13T04:15:14.864+0000] {dag.py:3036} INFO - Sync 1 DAGs
[2025-11-13T04:15:14.875+0000] {logging_mixin.py:188} INFO - [2025-11-13T04:15:14.875+0000] {dag.py:3823} INFO - Setting next_dagrun for erp_to_minio_bronze to 2025-11-13 00:00:00+00:00, run_after=2025-11-13 06:00:00+00:00
[2025-11-13T04:15:14.889+0000] {processor.py:183} INFO - Processing /opt/airflow/dags/erp_to_minio_bronze_dag.py took 0.141 seconds
[2025-11-13T04:15:45.040+0000] {processor.py:161} INFO - Started process (PID=15049) to work on /opt/airflow/dags/erp_to_minio_bronze_dag.py
[2025-11-13T04:15:45.041+0000] {processor.py:830} INFO - Processing file /opt/airflow/dags/erp_to_minio_bronze_dag.py for tasks to queue
[2025-11-13T04:15:45.042+0000] {logging_mixin.py:188} INFO - [2025-11-13T04:15:45.042+0000] {dagbag.py:538} INFO - Filling up the DagBag from /opt/airflow/dags/erp_to_minio_bronze_dag.py
[2025-11-13T04:15:45.110+0000] {processor.py:840} INFO - DAG(s) 'erp_to_minio_bronze' retrieved from /opt/airflow/dags/erp_to_minio_bronze_dag.py
[2025-11-13T04:15:45.126+0000] {logging_mixin.py:188} INFO - [2025-11-13T04:15:45.126+0000] {dag.py:3036} INFO - Sync 1 DAGs
[2025-11-13T04:15:45.139+0000] {logging_mixin.py:188} INFO - [2025-11-13T04:15:45.139+0000] {dag.py:3823} INFO - Setting next_dagrun for erp_to_minio_bronze to 2025-11-13 00:00:00+00:00, run_after=2025-11-13 06:00:00+00:00
[2025-11-13T04:15:45.158+0000] {processor.py:183} INFO - Processing /opt/airflow/dags/erp_to_minio_bronze_dag.py took 0.120 seconds
[2025-11-13T04:16:15.325+0000] {processor.py:161} INFO - Started process (PID=15051) to work on /opt/airflow/dags/erp_to_minio_bronze_dag.py
[2025-11-13T04:16:15.326+0000] {processor.py:830} INFO - Processing file /opt/airflow/dags/erp_to_minio_bronze_dag.py for tasks to queue
[2025-11-13T04:16:15.327+0000] {logging_mixin.py:188} INFO - [2025-11-13T04:16:15.327+0000] {dagbag.py:538} INFO - Filling up the DagBag from /opt/airflow/dags/erp_to_minio_bronze_dag.py
[2025-11-13T04:16:15.424+0000] {processor.py:840} INFO - DAG(s) 'erp_to_minio_bronze' retrieved from /opt/airflow/dags/erp_to_minio_bronze_dag.py
[2025-11-13T04:16:15.439+0000] {logging_mixin.py:188} INFO - [2025-11-13T04:16:15.439+0000] {dag.py:3036} INFO - Sync 1 DAGs
[2025-11-13T04:16:15.451+0000] {logging_mixin.py:188} INFO - [2025-11-13T04:16:15.451+0000] {dag.py:3823} INFO - Setting next_dagrun for erp_to_minio_bronze to 2025-11-13 00:00:00+00:00, run_after=2025-11-13 06:00:00+00:00
[2025-11-13T04:16:15.466+0000] {processor.py:183} INFO - Processing /opt/airflow/dags/erp_to_minio_bronze_dag.py took 0.144 seconds
[2025-11-13T04:16:45.627+0000] {processor.py:161} INFO - Started process (PID=15053) to work on /opt/airflow/dags/erp_to_minio_bronze_dag.py
[2025-11-13T04:16:45.629+0000] {processor.py:830} INFO - Processing file /opt/airflow/dags/erp_to_minio_bronze_dag.py for tasks to queue
[2025-11-13T04:16:45.630+0000] {logging_mixin.py:188} INFO - [2025-11-13T04:16:45.630+0000] {dagbag.py:538} INFO - Filling up the DagBag from /opt/airflow/dags/erp_to_minio_bronze_dag.py
[2025-11-13T04:16:45.687+0000] {processor.py:840} INFO - DAG(s) 'erp_to_minio_bronze' retrieved from /opt/airflow/dags/erp_to_minio_bronze_dag.py
[2025-11-13T04:16:45.700+0000] {logging_mixin.py:188} INFO - [2025-11-13T04:16:45.699+0000] {dag.py:3036} INFO - Sync 1 DAGs
[2025-11-13T04:16:45.710+0000] {logging_mixin.py:188} INFO - [2025-11-13T04:16:45.710+0000] {dag.py:3823} INFO - Setting next_dagrun for erp_to_minio_bronze to 2025-11-13 00:00:00+00:00, run_after=2025-11-13 06:00:00+00:00
[2025-11-13T04:16:45.724+0000] {processor.py:183} INFO - Processing /opt/airflow/dags/erp_to_minio_bronze_dag.py took 0.099 seconds
[2025-11-13T04:17:15.900+0000] {processor.py:161} INFO - Started process (PID=15055) to work on /opt/airflow/dags/erp_to_minio_bronze_dag.py
[2025-11-13T04:17:15.901+0000] {processor.py:830} INFO - Processing file /opt/airflow/dags/erp_to_minio_bronze_dag.py for tasks to queue
[2025-11-13T04:17:15.902+0000] {logging_mixin.py:188} INFO - [2025-11-13T04:17:15.902+0000] {dagbag.py:538} INFO - Filling up the DagBag from /opt/airflow/dags/erp_to_minio_bronze_dag.py
[2025-11-13T04:17:15.954+0000] {processor.py:840} INFO - DAG(s) 'erp_to_minio_bronze' retrieved from /opt/airflow/dags/erp_to_minio_bronze_dag.py
[2025-11-13T04:17:15.967+0000] {logging_mixin.py:188} INFO - [2025-11-13T04:17:15.967+0000] {dag.py:3036} INFO - Sync 1 DAGs
[2025-11-13T04:17:15.979+0000] {logging_mixin.py:188} INFO - [2025-11-13T04:17:15.978+0000] {dag.py:3823} INFO - Setting next_dagrun for erp_to_minio_bronze to 2025-11-13 00:00:00+00:00, run_after=2025-11-13 06:00:00+00:00
[2025-11-13T04:17:15.993+0000] {processor.py:183} INFO - Processing /opt/airflow/dags/erp_to_minio_bronze_dag.py took 0.095 seconds
[2025-11-13T04:17:46.189+0000] {processor.py:161} INFO - Started process (PID=15057) to work on /opt/airflow/dags/erp_to_minio_bronze_dag.py
[2025-11-13T04:17:46.190+0000] {processor.py:830} INFO - Processing file /opt/airflow/dags/erp_to_minio_bronze_dag.py for tasks to queue
[2025-11-13T04:17:46.191+0000] {logging_mixin.py:188} INFO - [2025-11-13T04:17:46.191+0000] {dagbag.py:538} INFO - Filling up the DagBag from /opt/airflow/dags/erp_to_minio_bronze_dag.py
[2025-11-13T04:17:46.247+0000] {processor.py:840} INFO - DAG(s) 'erp_to_minio_bronze' retrieved from /opt/airflow/dags/erp_to_minio_bronze_dag.py
[2025-11-13T04:17:46.260+0000] {logging_mixin.py:188} INFO - [2025-11-13T04:17:46.260+0000] {dag.py:3036} INFO - Sync 1 DAGs
[2025-11-13T04:17:46.271+0000] {logging_mixin.py:188} INFO - [2025-11-13T04:17:46.271+0000] {dag.py:3823} INFO - Setting next_dagrun for erp_to_minio_bronze to 2025-11-13 00:00:00+00:00, run_after=2025-11-13 06:00:00+00:00
[2025-11-13T04:17:46.290+0000] {processor.py:183} INFO - Processing /opt/airflow/dags/erp_to_minio_bronze_dag.py took 0.103 seconds
[2025-11-13T04:18:16.483+0000] {processor.py:161} INFO - Started process (PID=15059) to work on /opt/airflow/dags/erp_to_minio_bronze_dag.py
[2025-11-13T04:18:16.484+0000] {processor.py:830} INFO - Processing file /opt/airflow/dags/erp_to_minio_bronze_dag.py for tasks to queue
[2025-11-13T04:18:16.486+0000] {logging_mixin.py:188} INFO - [2025-11-13T04:18:16.485+0000] {dagbag.py:538} INFO - Filling up the DagBag from /opt/airflow/dags/erp_to_minio_bronze_dag.py
[2025-11-13T04:18:16.550+0000] {processor.py:840} INFO - DAG(s) 'erp_to_minio_bronze' retrieved from /opt/airflow/dags/erp_to_minio_bronze_dag.py
[2025-11-13T04:18:16.563+0000] {logging_mixin.py:188} INFO - [2025-11-13T04:18:16.562+0000] {dag.py:3036} INFO - Sync 1 DAGs
[2025-11-13T04:18:16.576+0000] {logging_mixin.py:188} INFO - [2025-11-13T04:18:16.575+0000] {dag.py:3823} INFO - Setting next_dagrun for erp_to_minio_bronze to 2025-11-13 00:00:00+00:00, run_after=2025-11-13 06:00:00+00:00
[2025-11-13T04:18:16.592+0000] {processor.py:183} INFO - Processing /opt/airflow/dags/erp_to_minio_bronze_dag.py took 0.112 seconds
[2025-11-13T04:18:46.768+0000] {processor.py:161} INFO - Started process (PID=15061) to work on /opt/airflow/dags/erp_to_minio_bronze_dag.py
[2025-11-13T04:18:46.770+0000] {processor.py:830} INFO - Processing file /opt/airflow/dags/erp_to_minio_bronze_dag.py for tasks to queue
[2025-11-13T04:18:46.771+0000] {logging_mixin.py:188} INFO - [2025-11-13T04:18:46.770+0000] {dagbag.py:538} INFO - Filling up the DagBag from /opt/airflow/dags/erp_to_minio_bronze_dag.py
[2025-11-13T04:18:46.825+0000] {processor.py:840} INFO - DAG(s) 'erp_to_minio_bronze' retrieved from /opt/airflow/dags/erp_to_minio_bronze_dag.py
[2025-11-13T04:18:46.838+0000] {logging_mixin.py:188} INFO - [2025-11-13T04:18:46.838+0000] {dag.py:3036} INFO - Sync 1 DAGs
[2025-11-13T04:18:46.850+0000] {logging_mixin.py:188} INFO - [2025-11-13T04:18:46.850+0000] {dag.py:3823} INFO - Setting next_dagrun for erp_to_minio_bronze to 2025-11-13 00:00:00+00:00, run_after=2025-11-13 06:00:00+00:00
[2025-11-13T04:18:46.866+0000] {processor.py:183} INFO - Processing /opt/airflow/dags/erp_to_minio_bronze_dag.py took 0.100 seconds
[2025-11-13T04:19:17.056+0000] {processor.py:161} INFO - Started process (PID=15063) to work on /opt/airflow/dags/erp_to_minio_bronze_dag.py
[2025-11-13T04:19:17.057+0000] {processor.py:830} INFO - Processing file /opt/airflow/dags/erp_to_minio_bronze_dag.py for tasks to queue
[2025-11-13T04:19:17.058+0000] {logging_mixin.py:188} INFO - [2025-11-13T04:19:17.058+0000] {dagbag.py:538} INFO - Filling up the DagBag from /opt/airflow/dags/erp_to_minio_bronze_dag.py
[2025-11-13T04:19:17.103+0000] {processor.py:840} INFO - DAG(s) 'erp_to_minio_bronze' retrieved from /opt/airflow/dags/erp_to_minio_bronze_dag.py
[2025-11-13T04:19:17.115+0000] {logging_mixin.py:188} INFO - [2025-11-13T04:19:17.115+0000] {dag.py:3036} INFO - Sync 1 DAGs
[2025-11-13T04:19:17.125+0000] {logging_mixin.py:188} INFO - [2025-11-13T04:19:17.125+0000] {dag.py:3823} INFO - Setting next_dagrun for erp_to_minio_bronze to 2025-11-13 00:00:00+00:00, run_after=2025-11-13 06:00:00+00:00
[2025-11-13T04:19:17.143+0000] {processor.py:183} INFO - Processing /opt/airflow/dags/erp_to_minio_bronze_dag.py took 0.089 seconds
[2025-11-13T04:19:47.359+0000] {processor.py:161} INFO - Started process (PID=15065) to work on /opt/airflow/dags/erp_to_minio_bronze_dag.py
[2025-11-13T04:19:47.360+0000] {processor.py:830} INFO - Processing file /opt/airflow/dags/erp_to_minio_bronze_dag.py for tasks to queue
[2025-11-13T04:19:47.361+0000] {logging_mixin.py:188} INFO - [2025-11-13T04:19:47.361+0000] {dagbag.py:538} INFO - Filling up the DagBag from /opt/airflow/dags/erp_to_minio_bronze_dag.py
[2025-11-13T04:19:47.412+0000] {processor.py:840} INFO - DAG(s) 'erp_to_minio_bronze' retrieved from /opt/airflow/dags/erp_to_minio_bronze_dag.py
[2025-11-13T04:19:47.425+0000] {logging_mixin.py:188} INFO - [2025-11-13T04:19:47.425+0000] {dag.py:3036} INFO - Sync 1 DAGs
[2025-11-13T04:19:47.434+0000] {logging_mixin.py:188} INFO - [2025-11-13T04:19:47.434+0000] {dag.py:3823} INFO - Setting next_dagrun for erp_to_minio_bronze to 2025-11-13 00:00:00+00:00, run_after=2025-11-13 06:00:00+00:00
[2025-11-13T04:19:47.449+0000] {processor.py:183} INFO - Processing /opt/airflow/dags/erp_to_minio_bronze_dag.py took 0.092 seconds
[2025-11-13T04:20:17.665+0000] {processor.py:161} INFO - Started process (PID=15067) to work on /opt/airflow/dags/erp_to_minio_bronze_dag.py
[2025-11-13T04:20:17.666+0000] {processor.py:830} INFO - Processing file /opt/airflow/dags/erp_to_minio_bronze_dag.py for tasks to queue
[2025-11-13T04:20:17.667+0000] {logging_mixin.py:188} INFO - [2025-11-13T04:20:17.667+0000] {dagbag.py:538} INFO - Filling up the DagBag from /opt/airflow/dags/erp_to_minio_bronze_dag.py
[2025-11-13T04:20:17.713+0000] {processor.py:840} INFO - DAG(s) 'erp_to_minio_bronze' retrieved from /opt/airflow/dags/erp_to_minio_bronze_dag.py
[2025-11-13T04:20:17.723+0000] {logging_mixin.py:188} INFO - [2025-11-13T04:20:17.723+0000] {dag.py:3036} INFO - Sync 1 DAGs
[2025-11-13T04:20:17.732+0000] {logging_mixin.py:188} INFO - [2025-11-13T04:20:17.732+0000] {dag.py:3823} INFO - Setting next_dagrun for erp_to_minio_bronze to 2025-11-13 00:00:00+00:00, run_after=2025-11-13 06:00:00+00:00
[2025-11-13T04:20:17.746+0000] {processor.py:183} INFO - Processing /opt/airflow/dags/erp_to_minio_bronze_dag.py took 0.083 seconds
[2025-11-13T04:20:47.859+0000] {processor.py:161} INFO - Started process (PID=15069) to work on /opt/airflow/dags/erp_to_minio_bronze_dag.py
[2025-11-13T04:20:47.860+0000] {processor.py:830} INFO - Processing file /opt/airflow/dags/erp_to_minio_bronze_dag.py for tasks to queue
[2025-11-13T04:20:47.861+0000] {logging_mixin.py:188} INFO - [2025-11-13T04:20:47.861+0000] {dagbag.py:538} INFO - Filling up the DagBag from /opt/airflow/dags/erp_to_minio_bronze_dag.py
[2025-11-13T04:20:47.912+0000] {processor.py:840} INFO - DAG(s) 'erp_to_minio_bronze' retrieved from /opt/airflow/dags/erp_to_minio_bronze_dag.py
[2025-11-13T04:20:47.924+0000] {logging_mixin.py:188} INFO - [2025-11-13T04:20:47.924+0000] {dag.py:3036} INFO - Sync 1 DAGs
[2025-11-13T04:20:47.933+0000] {logging_mixin.py:188} INFO - [2025-11-13T04:20:47.933+0000] {dag.py:3823} INFO - Setting next_dagrun for erp_to_minio_bronze to 2025-11-13 00:00:00+00:00, run_after=2025-11-13 06:00:00+00:00
[2025-11-13T04:20:47.946+0000] {processor.py:183} INFO - Processing /opt/airflow/dags/erp_to_minio_bronze_dag.py took 0.089 seconds
[2025-11-13T04:21:18.150+0000] {processor.py:161} INFO - Started process (PID=15071) to work on /opt/airflow/dags/erp_to_minio_bronze_dag.py
[2025-11-13T04:21:18.151+0000] {processor.py:830} INFO - Processing file /opt/airflow/dags/erp_to_minio_bronze_dag.py for tasks to queue
[2025-11-13T04:21:18.152+0000] {logging_mixin.py:188} INFO - [2025-11-13T04:21:18.152+0000] {dagbag.py:538} INFO - Filling up the DagBag from /opt/airflow/dags/erp_to_minio_bronze_dag.py
[2025-11-13T04:21:18.204+0000] {processor.py:840} INFO - DAG(s) 'erp_to_minio_bronze' retrieved from /opt/airflow/dags/erp_to_minio_bronze_dag.py
[2025-11-13T04:21:18.215+0000] {logging_mixin.py:188} INFO - [2025-11-13T04:21:18.214+0000] {dag.py:3036} INFO - Sync 1 DAGs
[2025-11-13T04:21:18.224+0000] {logging_mixin.py:188} INFO - [2025-11-13T04:21:18.224+0000] {dag.py:3823} INFO - Setting next_dagrun for erp_to_minio_bronze to 2025-11-13 00:00:00+00:00, run_after=2025-11-13 06:00:00+00:00
[2025-11-13T04:21:18.244+0000] {processor.py:183} INFO - Processing /opt/airflow/dags/erp_to_minio_bronze_dag.py took 0.096 seconds
[2025-11-13T04:21:48.432+0000] {processor.py:161} INFO - Started process (PID=15073) to work on /opt/airflow/dags/erp_to_minio_bronze_dag.py
[2025-11-13T04:21:48.433+0000] {processor.py:830} INFO - Processing file /opt/airflow/dags/erp_to_minio_bronze_dag.py for tasks to queue
[2025-11-13T04:21:48.434+0000] {logging_mixin.py:188} INFO - [2025-11-13T04:21:48.434+0000] {dagbag.py:538} INFO - Filling up the DagBag from /opt/airflow/dags/erp_to_minio_bronze_dag.py
[2025-11-13T04:21:48.504+0000] {processor.py:840} INFO - DAG(s) 'erp_to_minio_bronze' retrieved from /opt/airflow/dags/erp_to_minio_bronze_dag.py
[2025-11-13T04:21:48.524+0000] {logging_mixin.py:188} INFO - [2025-11-13T04:21:48.524+0000] {dag.py:3036} INFO - Sync 1 DAGs
[2025-11-13T04:21:48.538+0000] {logging_mixin.py:188} INFO - [2025-11-13T04:21:48.538+0000] {dag.py:3823} INFO - Setting next_dagrun for erp_to_minio_bronze to 2025-11-13 00:00:00+00:00, run_after=2025-11-13 06:00:00+00:00
[2025-11-13T04:21:48.556+0000] {processor.py:183} INFO - Processing /opt/airflow/dags/erp_to_minio_bronze_dag.py took 0.127 seconds
[2025-11-13T04:22:18.748+0000] {processor.py:161} INFO - Started process (PID=15075) to work on /opt/airflow/dags/erp_to_minio_bronze_dag.py
[2025-11-13T04:22:18.749+0000] {processor.py:830} INFO - Processing file /opt/airflow/dags/erp_to_minio_bronze_dag.py for tasks to queue
[2025-11-13T04:22:18.750+0000] {logging_mixin.py:188} INFO - [2025-11-13T04:22:18.750+0000] {dagbag.py:538} INFO - Filling up the DagBag from /opt/airflow/dags/erp_to_minio_bronze_dag.py
[2025-11-13T04:22:18.809+0000] {processor.py:840} INFO - DAG(s) 'erp_to_minio_bronze' retrieved from /opt/airflow/dags/erp_to_minio_bronze_dag.py
[2025-11-13T04:22:18.821+0000] {logging_mixin.py:188} INFO - [2025-11-13T04:22:18.821+0000] {dag.py:3036} INFO - Sync 1 DAGs
[2025-11-13T04:22:18.832+0000] {logging_mixin.py:188} INFO - [2025-11-13T04:22:18.832+0000] {dag.py:3823} INFO - Setting next_dagrun for erp_to_minio_bronze to 2025-11-13 00:00:00+00:00, run_after=2025-11-13 06:00:00+00:00
[2025-11-13T04:22:18.847+0000] {processor.py:183} INFO - Processing /opt/airflow/dags/erp_to_minio_bronze_dag.py took 0.101 seconds
[2025-11-13T04:22:49.037+0000] {processor.py:161} INFO - Started process (PID=15077) to work on /opt/airflow/dags/erp_to_minio_bronze_dag.py
[2025-11-13T04:22:49.038+0000] {processor.py:830} INFO - Processing file /opt/airflow/dags/erp_to_minio_bronze_dag.py for tasks to queue
[2025-11-13T04:22:49.039+0000] {logging_mixin.py:188} INFO - [2025-11-13T04:22:49.039+0000] {dagbag.py:538} INFO - Filling up the DagBag from /opt/airflow/dags/erp_to_minio_bronze_dag.py
[2025-11-13T04:22:49.100+0000] {processor.py:840} INFO - DAG(s) 'erp_to_minio_bronze' retrieved from /opt/airflow/dags/erp_to_minio_bronze_dag.py
[2025-11-13T04:22:49.115+0000] {logging_mixin.py:188} INFO - [2025-11-13T04:22:49.115+0000] {dag.py:3036} INFO - Sync 1 DAGs
[2025-11-13T04:22:49.127+0000] {logging_mixin.py:188} INFO - [2025-11-13T04:22:49.127+0000] {dag.py:3823} INFO - Setting next_dagrun for erp_to_minio_bronze to 2025-11-13 00:00:00+00:00, run_after=2025-11-13 06:00:00+00:00
[2025-11-13T04:22:49.143+0000] {processor.py:183} INFO - Processing /opt/airflow/dags/erp_to_minio_bronze_dag.py took 0.108 seconds
[2025-11-13T04:23:19.327+0000] {processor.py:161} INFO - Started process (PID=15079) to work on /opt/airflow/dags/erp_to_minio_bronze_dag.py
[2025-11-13T04:23:19.328+0000] {processor.py:830} INFO - Processing file /opt/airflow/dags/erp_to_minio_bronze_dag.py for tasks to queue
[2025-11-13T04:23:19.329+0000] {logging_mixin.py:188} INFO - [2025-11-13T04:23:19.329+0000] {dagbag.py:538} INFO - Filling up the DagBag from /opt/airflow/dags/erp_to_minio_bronze_dag.py
[2025-11-13T04:23:19.390+0000] {processor.py:840} INFO - DAG(s) 'erp_to_minio_bronze' retrieved from /opt/airflow/dags/erp_to_minio_bronze_dag.py
[2025-11-13T04:23:19.404+0000] {logging_mixin.py:188} INFO - [2025-11-13T04:23:19.404+0000] {dag.py:3036} INFO - Sync 1 DAGs
[2025-11-13T04:23:19.414+0000] {logging_mixin.py:188} INFO - [2025-11-13T04:23:19.414+0000] {dag.py:3823} INFO - Setting next_dagrun for erp_to_minio_bronze to 2025-11-13 00:00:00+00:00, run_after=2025-11-13 06:00:00+00:00
[2025-11-13T04:23:19.430+0000] {processor.py:183} INFO - Processing /opt/airflow/dags/erp_to_minio_bronze_dag.py took 0.105 seconds
[2025-11-13T04:23:49.622+0000] {processor.py:161} INFO - Started process (PID=15081) to work on /opt/airflow/dags/erp_to_minio_bronze_dag.py
[2025-11-13T04:23:49.623+0000] {processor.py:830} INFO - Processing file /opt/airflow/dags/erp_to_minio_bronze_dag.py for tasks to queue
[2025-11-13T04:23:49.624+0000] {logging_mixin.py:188} INFO - [2025-11-13T04:23:49.624+0000] {dagbag.py:538} INFO - Filling up the DagBag from /opt/airflow/dags/erp_to_minio_bronze_dag.py
[2025-11-13T04:23:49.683+0000] {processor.py:840} INFO - DAG(s) 'erp_to_minio_bronze' retrieved from /opt/airflow/dags/erp_to_minio_bronze_dag.py
[2025-11-13T04:23:49.697+0000] {logging_mixin.py:188} INFO - [2025-11-13T04:23:49.697+0000] {dag.py:3036} INFO - Sync 1 DAGs
[2025-11-13T04:23:49.708+0000] {logging_mixin.py:188} INFO - [2025-11-13T04:23:49.708+0000] {dag.py:3823} INFO - Setting next_dagrun for erp_to_minio_bronze to 2025-11-13 00:00:00+00:00, run_after=2025-11-13 06:00:00+00:00
[2025-11-13T04:23:49.724+0000] {processor.py:183} INFO - Processing /opt/airflow/dags/erp_to_minio_bronze_dag.py took 0.104 seconds
[2025-11-13T04:24:19.932+0000] {processor.py:161} INFO - Started process (PID=15083) to work on /opt/airflow/dags/erp_to_minio_bronze_dag.py
[2025-11-13T04:24:19.933+0000] {processor.py:830} INFO - Processing file /opt/airflow/dags/erp_to_minio_bronze_dag.py for tasks to queue
[2025-11-13T04:24:19.934+0000] {logging_mixin.py:188} INFO - [2025-11-13T04:24:19.934+0000] {dagbag.py:538} INFO - Filling up the DagBag from /opt/airflow/dags/erp_to_minio_bronze_dag.py
[2025-11-13T04:24:20.026+0000] {processor.py:840} INFO - DAG(s) 'erp_to_minio_bronze' retrieved from /opt/airflow/dags/erp_to_minio_bronze_dag.py
[2025-11-13T04:24:20.040+0000] {logging_mixin.py:188} INFO - [2025-11-13T04:24:20.039+0000] {dag.py:3036} INFO - Sync 1 DAGs
[2025-11-13T04:24:20.051+0000] {logging_mixin.py:188} INFO - [2025-11-13T04:24:20.051+0000] {dag.py:3823} INFO - Setting next_dagrun for erp_to_minio_bronze to 2025-11-13 00:00:00+00:00, run_after=2025-11-13 06:00:00+00:00
[2025-11-13T04:24:20.064+0000] {processor.py:183} INFO - Processing /opt/airflow/dags/erp_to_minio_bronze_dag.py took 0.134 seconds
[2025-11-13T04:24:50.217+0000] {processor.py:161} INFO - Started process (PID=15085) to work on /opt/airflow/dags/erp_to_minio_bronze_dag.py
[2025-11-13T04:24:50.217+0000] {processor.py:830} INFO - Processing file /opt/airflow/dags/erp_to_minio_bronze_dag.py for tasks to queue
[2025-11-13T04:24:50.219+0000] {logging_mixin.py:188} INFO - [2025-11-13T04:24:50.218+0000] {dagbag.py:538} INFO - Filling up the DagBag from /opt/airflow/dags/erp_to_minio_bronze_dag.py
[2025-11-13T04:24:50.277+0000] {processor.py:840} INFO - DAG(s) 'erp_to_minio_bronze' retrieved from /opt/airflow/dags/erp_to_minio_bronze_dag.py
[2025-11-13T04:24:50.291+0000] {logging_mixin.py:188} INFO - [2025-11-13T04:24:50.291+0000] {dag.py:3036} INFO - Sync 1 DAGs
[2025-11-13T04:24:50.303+0000] {logging_mixin.py:188} INFO - [2025-11-13T04:24:50.303+0000] {dag.py:3823} INFO - Setting next_dagrun for erp_to_minio_bronze to 2025-11-13 00:00:00+00:00, run_after=2025-11-13 06:00:00+00:00
[2025-11-13T04:24:50.315+0000] {processor.py:183} INFO - Processing /opt/airflow/dags/erp_to_minio_bronze_dag.py took 0.101 seconds
[2025-11-13T04:25:20.503+0000] {processor.py:161} INFO - Started process (PID=15087) to work on /opt/airflow/dags/erp_to_minio_bronze_dag.py
[2025-11-13T04:25:20.504+0000] {processor.py:830} INFO - Processing file /opt/airflow/dags/erp_to_minio_bronze_dag.py for tasks to queue
[2025-11-13T04:25:20.505+0000] {logging_mixin.py:188} INFO - [2025-11-13T04:25:20.505+0000] {dagbag.py:538} INFO - Filling up the DagBag from /opt/airflow/dags/erp_to_minio_bronze_dag.py
[2025-11-13T04:25:20.557+0000] {processor.py:840} INFO - DAG(s) 'erp_to_minio_bronze' retrieved from /opt/airflow/dags/erp_to_minio_bronze_dag.py
[2025-11-13T04:25:20.570+0000] {logging_mixin.py:188} INFO - [2025-11-13T04:25:20.570+0000] {dag.py:3036} INFO - Sync 1 DAGs
[2025-11-13T04:25:20.582+0000] {logging_mixin.py:188} INFO - [2025-11-13T04:25:20.582+0000] {dag.py:3823} INFO - Setting next_dagrun for erp_to_minio_bronze to 2025-11-13 00:00:00+00:00, run_after=2025-11-13 06:00:00+00:00
[2025-11-13T04:25:20.596+0000] {processor.py:183} INFO - Processing /opt/airflow/dags/erp_to_minio_bronze_dag.py took 0.095 seconds
[2025-11-13T04:25:50.786+0000] {processor.py:161} INFO - Started process (PID=15089) to work on /opt/airflow/dags/erp_to_minio_bronze_dag.py
[2025-11-13T04:25:50.787+0000] {processor.py:830} INFO - Processing file /opt/airflow/dags/erp_to_minio_bronze_dag.py for tasks to queue
[2025-11-13T04:25:50.788+0000] {logging_mixin.py:188} INFO - [2025-11-13T04:25:50.787+0000] {dagbag.py:538} INFO - Filling up the DagBag from /opt/airflow/dags/erp_to_minio_bronze_dag.py
[2025-11-13T04:25:50.836+0000] {processor.py:840} INFO - DAG(s) 'erp_to_minio_bronze' retrieved from /opt/airflow/dags/erp_to_minio_bronze_dag.py
[2025-11-13T04:25:50.847+0000] {logging_mixin.py:188} INFO - [2025-11-13T04:25:50.847+0000] {dag.py:3036} INFO - Sync 1 DAGs
[2025-11-13T04:25:50.858+0000] {logging_mixin.py:188} INFO - [2025-11-13T04:25:50.858+0000] {dag.py:3823} INFO - Setting next_dagrun for erp_to_minio_bronze to 2025-11-13 00:00:00+00:00, run_after=2025-11-13 06:00:00+00:00
[2025-11-13T04:25:50.876+0000] {processor.py:183} INFO - Processing /opt/airflow/dags/erp_to_minio_bronze_dag.py took 0.092 seconds
[2025-11-13T04:26:21.076+0000] {processor.py:161} INFO - Started process (PID=15091) to work on /opt/airflow/dags/erp_to_minio_bronze_dag.py
[2025-11-13T04:26:21.077+0000] {processor.py:830} INFO - Processing file /opt/airflow/dags/erp_to_minio_bronze_dag.py for tasks to queue
[2025-11-13T04:26:21.078+0000] {logging_mixin.py:188} INFO - [2025-11-13T04:26:21.078+0000] {dagbag.py:538} INFO - Filling up the DagBag from /opt/airflow/dags/erp_to_minio_bronze_dag.py
[2025-11-13T04:26:21.137+0000] {processor.py:840} INFO - DAG(s) 'erp_to_minio_bronze' retrieved from /opt/airflow/dags/erp_to_minio_bronze_dag.py
[2025-11-13T04:26:21.152+0000] {logging_mixin.py:188} INFO - [2025-11-13T04:26:21.152+0000] {dag.py:3036} INFO - Sync 1 DAGs
[2025-11-13T04:26:21.166+0000] {logging_mixin.py:188} INFO - [2025-11-13T04:26:21.165+0000] {dag.py:3823} INFO - Setting next_dagrun for erp_to_minio_bronze to 2025-11-13 00:00:00+00:00, run_after=2025-11-13 06:00:00+00:00
[2025-11-13T04:26:21.184+0000] {processor.py:183} INFO - Processing /opt/airflow/dags/erp_to_minio_bronze_dag.py took 0.110 seconds
[2025-11-13T04:26:51.359+0000] {processor.py:161} INFO - Started process (PID=15093) to work on /opt/airflow/dags/erp_to_minio_bronze_dag.py
[2025-11-13T04:26:51.360+0000] {processor.py:830} INFO - Processing file /opt/airflow/dags/erp_to_minio_bronze_dag.py for tasks to queue
[2025-11-13T04:26:51.361+0000] {logging_mixin.py:188} INFO - [2025-11-13T04:26:51.361+0000] {dagbag.py:538} INFO - Filling up the DagBag from /opt/airflow/dags/erp_to_minio_bronze_dag.py
[2025-11-13T04:26:51.415+0000] {processor.py:840} INFO - DAG(s) 'erp_to_minio_bronze' retrieved from /opt/airflow/dags/erp_to_minio_bronze_dag.py
[2025-11-13T04:26:51.430+0000] {logging_mixin.py:188} INFO - [2025-11-13T04:26:51.430+0000] {dag.py:3036} INFO - Sync 1 DAGs
[2025-11-13T04:26:51.441+0000] {logging_mixin.py:188} INFO - [2025-11-13T04:26:51.440+0000] {dag.py:3823} INFO - Setting next_dagrun for erp_to_minio_bronze to 2025-11-13 00:00:00+00:00, run_after=2025-11-13 06:00:00+00:00
[2025-11-13T04:26:51.454+0000] {processor.py:183} INFO - Processing /opt/airflow/dags/erp_to_minio_bronze_dag.py took 0.097 seconds
[2025-11-13T04:27:21.641+0000] {processor.py:161} INFO - Started process (PID=15095) to work on /opt/airflow/dags/erp_to_minio_bronze_dag.py
[2025-11-13T04:27:21.642+0000] {processor.py:830} INFO - Processing file /opt/airflow/dags/erp_to_minio_bronze_dag.py for tasks to queue
[2025-11-13T04:27:21.643+0000] {logging_mixin.py:188} INFO - [2025-11-13T04:27:21.643+0000] {dagbag.py:538} INFO - Filling up the DagBag from /opt/airflow/dags/erp_to_minio_bronze_dag.py
[2025-11-13T04:27:21.693+0000] {processor.py:840} INFO - DAG(s) 'erp_to_minio_bronze' retrieved from /opt/airflow/dags/erp_to_minio_bronze_dag.py
[2025-11-13T04:27:21.705+0000] {logging_mixin.py:188} INFO - [2025-11-13T04:27:21.705+0000] {dag.py:3036} INFO - Sync 1 DAGs
[2025-11-13T04:27:21.717+0000] {logging_mixin.py:188} INFO - [2025-11-13T04:27:21.716+0000] {dag.py:3823} INFO - Setting next_dagrun for erp_to_minio_bronze to 2025-11-13 00:00:00+00:00, run_after=2025-11-13 06:00:00+00:00
[2025-11-13T04:27:21.732+0000] {processor.py:183} INFO - Processing /opt/airflow/dags/erp_to_minio_bronze_dag.py took 0.093 seconds
[2025-11-13T04:27:51.958+0000] {processor.py:161} INFO - Started process (PID=15097) to work on /opt/airflow/dags/erp_to_minio_bronze_dag.py
[2025-11-13T04:27:51.959+0000] {processor.py:830} INFO - Processing file /opt/airflow/dags/erp_to_minio_bronze_dag.py for tasks to queue
[2025-11-13T04:27:51.960+0000] {logging_mixin.py:188} INFO - [2025-11-13T04:27:51.960+0000] {dagbag.py:538} INFO - Filling up the DagBag from /opt/airflow/dags/erp_to_minio_bronze_dag.py
[2025-11-13T04:27:52.015+0000] {processor.py:840} INFO - DAG(s) 'erp_to_minio_bronze' retrieved from /opt/airflow/dags/erp_to_minio_bronze_dag.py
[2025-11-13T04:27:52.027+0000] {logging_mixin.py:188} INFO - [2025-11-13T04:27:52.027+0000] {dag.py:3036} INFO - Sync 1 DAGs
[2025-11-13T04:27:52.037+0000] {logging_mixin.py:188} INFO - [2025-11-13T04:27:52.037+0000] {dag.py:3823} INFO - Setting next_dagrun for erp_to_minio_bronze to 2025-11-13 00:00:00+00:00, run_after=2025-11-13 06:00:00+00:00
[2025-11-13T04:27:52.053+0000] {processor.py:183} INFO - Processing /opt/airflow/dags/erp_to_minio_bronze_dag.py took 0.098 seconds
[2025-11-13T04:28:22.265+0000] {processor.py:161} INFO - Started process (PID=15099) to work on /opt/airflow/dags/erp_to_minio_bronze_dag.py
[2025-11-13T04:28:22.267+0000] {processor.py:830} INFO - Processing file /opt/airflow/dags/erp_to_minio_bronze_dag.py for tasks to queue
[2025-11-13T04:28:22.268+0000] {logging_mixin.py:188} INFO - [2025-11-13T04:28:22.267+0000] {dagbag.py:538} INFO - Filling up the DagBag from /opt/airflow/dags/erp_to_minio_bronze_dag.py
[2025-11-13T04:28:22.319+0000] {processor.py:840} INFO - DAG(s) 'erp_to_minio_bronze' retrieved from /opt/airflow/dags/erp_to_minio_bronze_dag.py
[2025-11-13T04:28:22.333+0000] {logging_mixin.py:188} INFO - [2025-11-13T04:28:22.332+0000] {dag.py:3036} INFO - Sync 1 DAGs
[2025-11-13T04:28:22.344+0000] {logging_mixin.py:188} INFO - [2025-11-13T04:28:22.344+0000] {dag.py:3823} INFO - Setting next_dagrun for erp_to_minio_bronze to 2025-11-13 00:00:00+00:00, run_after=2025-11-13 06:00:00+00:00
[2025-11-13T04:28:22.358+0000] {processor.py:183} INFO - Processing /opt/airflow/dags/erp_to_minio_bronze_dag.py took 0.095 seconds
[2025-11-13T04:28:52.556+0000] {processor.py:161} INFO - Started process (PID=15101) to work on /opt/airflow/dags/erp_to_minio_bronze_dag.py
[2025-11-13T04:28:52.557+0000] {processor.py:830} INFO - Processing file /opt/airflow/dags/erp_to_minio_bronze_dag.py for tasks to queue
[2025-11-13T04:28:52.558+0000] {logging_mixin.py:188} INFO - [2025-11-13T04:28:52.558+0000] {dagbag.py:538} INFO - Filling up the DagBag from /opt/airflow/dags/erp_to_minio_bronze_dag.py
[2025-11-13T04:28:52.618+0000] {processor.py:840} INFO - DAG(s) 'erp_to_minio_bronze' retrieved from /opt/airflow/dags/erp_to_minio_bronze_dag.py
[2025-11-13T04:28:52.630+0000] {logging_mixin.py:188} INFO - [2025-11-13T04:28:52.630+0000] {dag.py:3036} INFO - Sync 1 DAGs
[2025-11-13T04:28:52.640+0000] {logging_mixin.py:188} INFO - [2025-11-13T04:28:52.640+0000] {dag.py:3823} INFO - Setting next_dagrun for erp_to_minio_bronze to 2025-11-13 00:00:00+00:00, run_after=2025-11-13 06:00:00+00:00
[2025-11-13T04:28:52.654+0000] {processor.py:183} INFO - Processing /opt/airflow/dags/erp_to_minio_bronze_dag.py took 0.100 seconds
[2025-11-13T04:29:22.862+0000] {processor.py:161} INFO - Started process (PID=15103) to work on /opt/airflow/dags/erp_to_minio_bronze_dag.py
[2025-11-13T04:29:22.863+0000] {processor.py:830} INFO - Processing file /opt/airflow/dags/erp_to_minio_bronze_dag.py for tasks to queue
[2025-11-13T04:29:22.864+0000] {logging_mixin.py:188} INFO - [2025-11-13T04:29:22.864+0000] {dagbag.py:538} INFO - Filling up the DagBag from /opt/airflow/dags/erp_to_minio_bronze_dag.py
[2025-11-13T04:29:22.914+0000] {processor.py:840} INFO - DAG(s) 'erp_to_minio_bronze' retrieved from /opt/airflow/dags/erp_to_minio_bronze_dag.py
[2025-11-13T04:29:22.927+0000] {logging_mixin.py:188} INFO - [2025-11-13T04:29:22.927+0000] {dag.py:3036} INFO - Sync 1 DAGs
[2025-11-13T04:29:22.939+0000] {logging_mixin.py:188} INFO - [2025-11-13T04:29:22.939+0000] {dag.py:3823} INFO - Setting next_dagrun for erp_to_minio_bronze to 2025-11-13 00:00:00+00:00, run_after=2025-11-13 06:00:00+00:00
[2025-11-13T04:29:22.957+0000] {processor.py:183} INFO - Processing /opt/airflow/dags/erp_to_minio_bronze_dag.py took 0.097 seconds
[2025-11-13T04:29:53.154+0000] {processor.py:161} INFO - Started process (PID=15105) to work on /opt/airflow/dags/erp_to_minio_bronze_dag.py
[2025-11-13T04:29:53.156+0000] {processor.py:830} INFO - Processing file /opt/airflow/dags/erp_to_minio_bronze_dag.py for tasks to queue
[2025-11-13T04:29:53.157+0000] {logging_mixin.py:188} INFO - [2025-11-13T04:29:53.156+0000] {dagbag.py:538} INFO - Filling up the DagBag from /opt/airflow/dags/erp_to_minio_bronze_dag.py
[2025-11-13T04:29:53.219+0000] {processor.py:840} INFO - DAG(s) 'erp_to_minio_bronze' retrieved from /opt/airflow/dags/erp_to_minio_bronze_dag.py
[2025-11-13T04:29:53.232+0000] {logging_mixin.py:188} INFO - [2025-11-13T04:29:53.232+0000] {dag.py:3036} INFO - Sync 1 DAGs
[2025-11-13T04:29:53.243+0000] {logging_mixin.py:188} INFO - [2025-11-13T04:29:53.243+0000] {dag.py:3823} INFO - Setting next_dagrun for erp_to_minio_bronze to 2025-11-13 00:00:00+00:00, run_after=2025-11-13 06:00:00+00:00
[2025-11-13T04:29:53.261+0000] {processor.py:183} INFO - Processing /opt/airflow/dags/erp_to_minio_bronze_dag.py took 0.108 seconds
[2025-11-13T04:30:23.453+0000] {processor.py:161} INFO - Started process (PID=15107) to work on /opt/airflow/dags/erp_to_minio_bronze_dag.py
[2025-11-13T04:30:23.454+0000] {processor.py:830} INFO - Processing file /opt/airflow/dags/erp_to_minio_bronze_dag.py for tasks to queue
[2025-11-13T04:30:23.455+0000] {logging_mixin.py:188} INFO - [2025-11-13T04:30:23.455+0000] {dagbag.py:538} INFO - Filling up the DagBag from /opt/airflow/dags/erp_to_minio_bronze_dag.py
[2025-11-13T04:30:23.516+0000] {processor.py:840} INFO - DAG(s) 'erp_to_minio_bronze' retrieved from /opt/airflow/dags/erp_to_minio_bronze_dag.py
[2025-11-13T04:30:23.530+0000] {logging_mixin.py:188} INFO - [2025-11-13T04:30:23.530+0000] {dag.py:3036} INFO - Sync 1 DAGs
[2025-11-13T04:30:23.542+0000] {logging_mixin.py:188} INFO - [2025-11-13T04:30:23.542+0000] {dag.py:3823} INFO - Setting next_dagrun for erp_to_minio_bronze to 2025-11-13 00:00:00+00:00, run_after=2025-11-13 06:00:00+00:00
[2025-11-13T04:30:23.557+0000] {processor.py:183} INFO - Processing /opt/airflow/dags/erp_to_minio_bronze_dag.py took 0.106 seconds
[2025-11-13T04:30:53.771+0000] {processor.py:161} INFO - Started process (PID=15109) to work on /opt/airflow/dags/erp_to_minio_bronze_dag.py
[2025-11-13T04:30:53.772+0000] {processor.py:830} INFO - Processing file /opt/airflow/dags/erp_to_minio_bronze_dag.py for tasks to queue
[2025-11-13T04:30:53.773+0000] {logging_mixin.py:188} INFO - [2025-11-13T04:30:53.773+0000] {dagbag.py:538} INFO - Filling up the DagBag from /opt/airflow/dags/erp_to_minio_bronze_dag.py
[2025-11-13T04:30:53.835+0000] {processor.py:840} INFO - DAG(s) 'erp_to_minio_bronze' retrieved from /opt/airflow/dags/erp_to_minio_bronze_dag.py
[2025-11-13T04:30:53.847+0000] {logging_mixin.py:188} INFO - [2025-11-13T04:30:53.847+0000] {dag.py:3036} INFO - Sync 1 DAGs
[2025-11-13T04:30:53.858+0000] {logging_mixin.py:188} INFO - [2025-11-13T04:30:53.858+0000] {dag.py:3823} INFO - Setting next_dagrun for erp_to_minio_bronze to 2025-11-13 00:00:00+00:00, run_after=2025-11-13 06:00:00+00:00
[2025-11-13T04:30:53.870+0000] {processor.py:183} INFO - Processing /opt/airflow/dags/erp_to_minio_bronze_dag.py took 0.101 seconds
[2025-11-13T04:31:24.067+0000] {processor.py:161} INFO - Started process (PID=15111) to work on /opt/airflow/dags/erp_to_minio_bronze_dag.py
[2025-11-13T04:31:24.068+0000] {processor.py:830} INFO - Processing file /opt/airflow/dags/erp_to_minio_bronze_dag.py for tasks to queue
[2025-11-13T04:31:24.069+0000] {logging_mixin.py:188} INFO - [2025-11-13T04:31:24.069+0000] {dagbag.py:538} INFO - Filling up the DagBag from /opt/airflow/dags/erp_to_minio_bronze_dag.py
[2025-11-13T04:31:24.132+0000] {processor.py:840} INFO - DAG(s) 'erp_to_minio_bronze' retrieved from /opt/airflow/dags/erp_to_minio_bronze_dag.py
[2025-11-13T04:31:24.144+0000] {logging_mixin.py:188} INFO - [2025-11-13T04:31:24.144+0000] {dag.py:3036} INFO - Sync 1 DAGs
[2025-11-13T04:31:24.154+0000] {logging_mixin.py:188} INFO - [2025-11-13T04:31:24.154+0000] {dag.py:3823} INFO - Setting next_dagrun for erp_to_minio_bronze to 2025-11-13 00:00:00+00:00, run_after=2025-11-13 06:00:00+00:00
[2025-11-13T04:31:24.169+0000] {processor.py:183} INFO - Processing /opt/airflow/dags/erp_to_minio_bronze_dag.py took 0.105 seconds
[2025-11-13T04:31:54.358+0000] {processor.py:161} INFO - Started process (PID=15113) to work on /opt/airflow/dags/erp_to_minio_bronze_dag.py
[2025-11-13T04:31:54.360+0000] {processor.py:830} INFO - Processing file /opt/airflow/dags/erp_to_minio_bronze_dag.py for tasks to queue
[2025-11-13T04:31:54.361+0000] {logging_mixin.py:188} INFO - [2025-11-13T04:31:54.360+0000] {dagbag.py:538} INFO - Filling up the DagBag from /opt/airflow/dags/erp_to_minio_bronze_dag.py
[2025-11-13T04:31:54.418+0000] {processor.py:840} INFO - DAG(s) 'erp_to_minio_bronze' retrieved from /opt/airflow/dags/erp_to_minio_bronze_dag.py
[2025-11-13T04:31:54.430+0000] {logging_mixin.py:188} INFO - [2025-11-13T04:31:54.430+0000] {dag.py:3036} INFO - Sync 1 DAGs
[2025-11-13T04:31:54.440+0000] {logging_mixin.py:188} INFO - [2025-11-13T04:31:54.440+0000] {dag.py:3823} INFO - Setting next_dagrun for erp_to_minio_bronze to 2025-11-13 00:00:00+00:00, run_after=2025-11-13 06:00:00+00:00
[2025-11-13T04:31:54.454+0000] {processor.py:183} INFO - Processing /opt/airflow/dags/erp_to_minio_bronze_dag.py took 0.098 seconds
[2025-11-13T04:32:24.680+0000] {processor.py:161} INFO - Started process (PID=15115) to work on /opt/airflow/dags/erp_to_minio_bronze_dag.py
[2025-11-13T04:32:24.682+0000] {processor.py:830} INFO - Processing file /opt/airflow/dags/erp_to_minio_bronze_dag.py for tasks to queue
[2025-11-13T04:32:24.682+0000] {logging_mixin.py:188} INFO - [2025-11-13T04:32:24.682+0000] {dagbag.py:538} INFO - Filling up the DagBag from /opt/airflow/dags/erp_to_minio_bronze_dag.py
[2025-11-13T04:32:24.735+0000] {processor.py:840} INFO - DAG(s) 'erp_to_minio_bronze' retrieved from /opt/airflow/dags/erp_to_minio_bronze_dag.py
[2025-11-13T04:32:24.747+0000] {logging_mixin.py:188} INFO - [2025-11-13T04:32:24.747+0000] {dag.py:3036} INFO - Sync 1 DAGs
[2025-11-13T04:32:24.757+0000] {logging_mixin.py:188} INFO - [2025-11-13T04:32:24.757+0000] {dag.py:3823} INFO - Setting next_dagrun for erp_to_minio_bronze to 2025-11-13 00:00:00+00:00, run_after=2025-11-13 06:00:00+00:00
[2025-11-13T04:32:24.775+0000] {processor.py:183} INFO - Processing /opt/airflow/dags/erp_to_minio_bronze_dag.py took 0.097 seconds
[2025-11-13T04:32:55.017+0000] {processor.py:161} INFO - Started process (PID=15117) to work on /opt/airflow/dags/erp_to_minio_bronze_dag.py
[2025-11-13T04:32:55.018+0000] {processor.py:830} INFO - Processing file /opt/airflow/dags/erp_to_minio_bronze_dag.py for tasks to queue
[2025-11-13T04:32:55.019+0000] {logging_mixin.py:188} INFO - [2025-11-13T04:32:55.019+0000] {dagbag.py:538} INFO - Filling up the DagBag from /opt/airflow/dags/erp_to_minio_bronze_dag.py
[2025-11-13T04:32:55.076+0000] {processor.py:840} INFO - DAG(s) 'erp_to_minio_bronze' retrieved from /opt/airflow/dags/erp_to_minio_bronze_dag.py
[2025-11-13T04:32:55.088+0000] {logging_mixin.py:188} INFO - [2025-11-13T04:32:55.088+0000] {dag.py:3036} INFO - Sync 1 DAGs
[2025-11-13T04:32:55.098+0000] {logging_mixin.py:188} INFO - [2025-11-13T04:32:55.098+0000] {dag.py:3823} INFO - Setting next_dagrun for erp_to_minio_bronze to 2025-11-13 00:00:00+00:00, run_after=2025-11-13 06:00:00+00:00
[2025-11-13T04:32:55.115+0000] {processor.py:183} INFO - Processing /opt/airflow/dags/erp_to_minio_bronze_dag.py took 0.101 seconds
[2025-11-13T04:33:25.335+0000] {processor.py:161} INFO - Started process (PID=15119) to work on /opt/airflow/dags/erp_to_minio_bronze_dag.py
[2025-11-13T04:33:25.336+0000] {processor.py:830} INFO - Processing file /opt/airflow/dags/erp_to_minio_bronze_dag.py for tasks to queue
[2025-11-13T04:33:25.337+0000] {logging_mixin.py:188} INFO - [2025-11-13T04:33:25.337+0000] {dagbag.py:538} INFO - Filling up the DagBag from /opt/airflow/dags/erp_to_minio_bronze_dag.py
[2025-11-13T04:33:25.393+0000] {processor.py:840} INFO - DAG(s) 'erp_to_minio_bronze' retrieved from /opt/airflow/dags/erp_to_minio_bronze_dag.py
[2025-11-13T04:33:25.405+0000] {logging_mixin.py:188} INFO - [2025-11-13T04:33:25.405+0000] {dag.py:3036} INFO - Sync 1 DAGs
[2025-11-13T04:33:25.415+0000] {logging_mixin.py:188} INFO - [2025-11-13T04:33:25.415+0000] {dag.py:3823} INFO - Setting next_dagrun for erp_to_minio_bronze to 2025-11-13 00:00:00+00:00, run_after=2025-11-13 06:00:00+00:00
[2025-11-13T04:33:25.433+0000] {processor.py:183} INFO - Processing /opt/airflow/dags/erp_to_minio_bronze_dag.py took 0.099 seconds
[2025-11-13T04:33:55.656+0000] {processor.py:161} INFO - Started process (PID=15121) to work on /opt/airflow/dags/erp_to_minio_bronze_dag.py
[2025-11-13T04:33:55.658+0000] {processor.py:830} INFO - Processing file /opt/airflow/dags/erp_to_minio_bronze_dag.py for tasks to queue
[2025-11-13T04:33:55.658+0000] {logging_mixin.py:188} INFO - [2025-11-13T04:33:55.658+0000] {dagbag.py:538} INFO - Filling up the DagBag from /opt/airflow/dags/erp_to_minio_bronze_dag.py
[2025-11-13T04:33:55.708+0000] {processor.py:840} INFO - DAG(s) 'erp_to_minio_bronze' retrieved from /opt/airflow/dags/erp_to_minio_bronze_dag.py
[2025-11-13T04:33:55.720+0000] {logging_mixin.py:188} INFO - [2025-11-13T04:33:55.720+0000] {dag.py:3036} INFO - Sync 1 DAGs
[2025-11-13T04:33:55.731+0000] {logging_mixin.py:188} INFO - [2025-11-13T04:33:55.730+0000] {dag.py:3823} INFO - Setting next_dagrun for erp_to_minio_bronze to 2025-11-13 00:00:00+00:00, run_after=2025-11-13 06:00:00+00:00
[2025-11-13T04:33:55.745+0000] {processor.py:183} INFO - Processing /opt/airflow/dags/erp_to_minio_bronze_dag.py took 0.091 seconds
[2025-11-13T04:34:25.989+0000] {processor.py:161} INFO - Started process (PID=15123) to work on /opt/airflow/dags/erp_to_minio_bronze_dag.py
[2025-11-13T04:34:25.990+0000] {processor.py:830} INFO - Processing file /opt/airflow/dags/erp_to_minio_bronze_dag.py for tasks to queue
[2025-11-13T04:34:25.991+0000] {logging_mixin.py:188} INFO - [2025-11-13T04:34:25.991+0000] {dagbag.py:538} INFO - Filling up the DagBag from /opt/airflow/dags/erp_to_minio_bronze_dag.py
[2025-11-13T04:34:26.046+0000] {processor.py:840} INFO - DAG(s) 'erp_to_minio_bronze' retrieved from /opt/airflow/dags/erp_to_minio_bronze_dag.py
[2025-11-13T04:34:26.058+0000] {logging_mixin.py:188} INFO - [2025-11-13T04:34:26.058+0000] {dag.py:3036} INFO - Sync 1 DAGs
[2025-11-13T04:34:26.069+0000] {logging_mixin.py:188} INFO - [2025-11-13T04:34:26.068+0000] {dag.py:3823} INFO - Setting next_dagrun for erp_to_minio_bronze to 2025-11-13 00:00:00+00:00, run_after=2025-11-13 06:00:00+00:00
[2025-11-13T04:34:26.086+0000] {processor.py:183} INFO - Processing /opt/airflow/dags/erp_to_minio_bronze_dag.py took 0.099 seconds
[2025-11-13T04:34:56.302+0000] {processor.py:161} INFO - Started process (PID=15125) to work on /opt/airflow/dags/erp_to_minio_bronze_dag.py
[2025-11-13T04:34:56.303+0000] {processor.py:830} INFO - Processing file /opt/airflow/dags/erp_to_minio_bronze_dag.py for tasks to queue
[2025-11-13T04:34:56.304+0000] {logging_mixin.py:188} INFO - [2025-11-13T04:34:56.304+0000] {dagbag.py:538} INFO - Filling up the DagBag from /opt/airflow/dags/erp_to_minio_bronze_dag.py
[2025-11-13T04:34:56.357+0000] {processor.py:840} INFO - DAG(s) 'erp_to_minio_bronze' retrieved from /opt/airflow/dags/erp_to_minio_bronze_dag.py
[2025-11-13T04:34:56.370+0000] {logging_mixin.py:188} INFO - [2025-11-13T04:34:56.370+0000] {dag.py:3036} INFO - Sync 1 DAGs
[2025-11-13T04:34:56.380+0000] {logging_mixin.py:188} INFO - [2025-11-13T04:34:56.380+0000] {dag.py:3823} INFO - Setting next_dagrun for erp_to_minio_bronze to 2025-11-13 00:00:00+00:00, run_after=2025-11-13 06:00:00+00:00
[2025-11-13T04:34:56.400+0000] {processor.py:183} INFO - Processing /opt/airflow/dags/erp_to_minio_bronze_dag.py took 0.099 seconds
[2025-11-13T04:35:26.598+0000] {processor.py:161} INFO - Started process (PID=15127) to work on /opt/airflow/dags/erp_to_minio_bronze_dag.py
[2025-11-13T04:35:26.599+0000] {processor.py:830} INFO - Processing file /opt/airflow/dags/erp_to_minio_bronze_dag.py for tasks to queue
[2025-11-13T04:35:26.600+0000] {logging_mixin.py:188} INFO - [2025-11-13T04:35:26.600+0000] {dagbag.py:538} INFO - Filling up the DagBag from /opt/airflow/dags/erp_to_minio_bronze_dag.py
[2025-11-13T04:35:26.664+0000] {processor.py:840} INFO - DAG(s) 'erp_to_minio_bronze' retrieved from /opt/airflow/dags/erp_to_minio_bronze_dag.py
[2025-11-13T04:35:26.681+0000] {logging_mixin.py:188} INFO - [2025-11-13T04:35:26.681+0000] {dag.py:3036} INFO - Sync 1 DAGs
[2025-11-13T04:35:26.693+0000] {logging_mixin.py:188} INFO - [2025-11-13T04:35:26.693+0000] {dag.py:3823} INFO - Setting next_dagrun for erp_to_minio_bronze to 2025-11-13 00:00:00+00:00, run_after=2025-11-13 06:00:00+00:00
[2025-11-13T04:35:26.711+0000] {processor.py:183} INFO - Processing /opt/airflow/dags/erp_to_minio_bronze_dag.py took 0.115 seconds
[2025-11-13T04:35:56.891+0000] {processor.py:161} INFO - Started process (PID=15129) to work on /opt/airflow/dags/erp_to_minio_bronze_dag.py
[2025-11-13T04:35:56.893+0000] {processor.py:830} INFO - Processing file /opt/airflow/dags/erp_to_minio_bronze_dag.py for tasks to queue
[2025-11-13T04:35:56.894+0000] {logging_mixin.py:188} INFO - [2025-11-13T04:35:56.893+0000] {dagbag.py:538} INFO - Filling up the DagBag from /opt/airflow/dags/erp_to_minio_bronze_dag.py
[2025-11-13T04:35:56.949+0000] {processor.py:840} INFO - DAG(s) 'erp_to_minio_bronze' retrieved from /opt/airflow/dags/erp_to_minio_bronze_dag.py
[2025-11-13T04:35:56.961+0000] {logging_mixin.py:188} INFO - [2025-11-13T04:35:56.961+0000] {dag.py:3036} INFO - Sync 1 DAGs
[2025-11-13T04:35:56.971+0000] {logging_mixin.py:188} INFO - [2025-11-13T04:35:56.971+0000] {dag.py:3823} INFO - Setting next_dagrun for erp_to_minio_bronze to 2025-11-13 00:00:00+00:00, run_after=2025-11-13 06:00:00+00:00
[2025-11-13T04:35:56.986+0000] {processor.py:183} INFO - Processing /opt/airflow/dags/erp_to_minio_bronze_dag.py took 0.096 seconds
[2025-11-13T04:36:27.182+0000] {processor.py:161} INFO - Started process (PID=15131) to work on /opt/airflow/dags/erp_to_minio_bronze_dag.py
[2025-11-13T04:36:27.183+0000] {processor.py:830} INFO - Processing file /opt/airflow/dags/erp_to_minio_bronze_dag.py for tasks to queue
[2025-11-13T04:36:27.184+0000] {logging_mixin.py:188} INFO - [2025-11-13T04:36:27.184+0000] {dagbag.py:538} INFO - Filling up the DagBag from /opt/airflow/dags/erp_to_minio_bronze_dag.py
[2025-11-13T04:36:27.237+0000] {processor.py:840} INFO - DAG(s) 'erp_to_minio_bronze' retrieved from /opt/airflow/dags/erp_to_minio_bronze_dag.py
[2025-11-13T04:36:27.250+0000] {logging_mixin.py:188} INFO - [2025-11-13T04:36:27.250+0000] {dag.py:3036} INFO - Sync 1 DAGs
[2025-11-13T04:36:27.261+0000] {logging_mixin.py:188} INFO - [2025-11-13T04:36:27.261+0000] {dag.py:3823} INFO - Setting next_dagrun for erp_to_minio_bronze to 2025-11-13 00:00:00+00:00, run_after=2025-11-13 06:00:00+00:00
[2025-11-13T04:36:27.276+0000] {processor.py:183} INFO - Processing /opt/airflow/dags/erp_to_minio_bronze_dag.py took 0.096 seconds
[2025-11-13T04:36:57.471+0000] {processor.py:161} INFO - Started process (PID=15133) to work on /opt/airflow/dags/erp_to_minio_bronze_dag.py
[2025-11-13T04:36:57.473+0000] {processor.py:830} INFO - Processing file /opt/airflow/dags/erp_to_minio_bronze_dag.py for tasks to queue
[2025-11-13T04:36:57.474+0000] {logging_mixin.py:188} INFO - [2025-11-13T04:36:57.474+0000] {dagbag.py:538} INFO - Filling up the DagBag from /opt/airflow/dags/erp_to_minio_bronze_dag.py
[2025-11-13T04:36:57.527+0000] {processor.py:840} INFO - DAG(s) 'erp_to_minio_bronze' retrieved from /opt/airflow/dags/erp_to_minio_bronze_dag.py
[2025-11-13T04:36:57.540+0000] {logging_mixin.py:188} INFO - [2025-11-13T04:36:57.540+0000] {dag.py:3036} INFO - Sync 1 DAGs
[2025-11-13T04:36:57.553+0000] {logging_mixin.py:188} INFO - [2025-11-13T04:36:57.553+0000] {dag.py:3823} INFO - Setting next_dagrun for erp_to_minio_bronze to 2025-11-13 00:00:00+00:00, run_after=2025-11-13 06:00:00+00:00
[2025-11-13T04:36:57.569+0000] {processor.py:183} INFO - Processing /opt/airflow/dags/erp_to_minio_bronze_dag.py took 0.099 seconds
[2025-11-13T04:37:27.761+0000] {processor.py:161} INFO - Started process (PID=15135) to work on /opt/airflow/dags/erp_to_minio_bronze_dag.py
[2025-11-13T04:37:27.762+0000] {processor.py:830} INFO - Processing file /opt/airflow/dags/erp_to_minio_bronze_dag.py for tasks to queue
[2025-11-13T04:37:27.763+0000] {logging_mixin.py:188} INFO - [2025-11-13T04:37:27.763+0000] {dagbag.py:538} INFO - Filling up the DagBag from /opt/airflow/dags/erp_to_minio_bronze_dag.py
[2025-11-13T04:37:27.819+0000] {processor.py:840} INFO - DAG(s) 'erp_to_minio_bronze' retrieved from /opt/airflow/dags/erp_to_minio_bronze_dag.py
[2025-11-13T04:37:27.833+0000] {logging_mixin.py:188} INFO - [2025-11-13T04:37:27.833+0000] {dag.py:3036} INFO - Sync 1 DAGs
[2025-11-13T04:37:27.845+0000] {logging_mixin.py:188} INFO - [2025-11-13T04:37:27.845+0000] {dag.py:3823} INFO - Setting next_dagrun for erp_to_minio_bronze to 2025-11-13 00:00:00+00:00, run_after=2025-11-13 06:00:00+00:00
[2025-11-13T04:37:27.863+0000] {processor.py:183} INFO - Processing /opt/airflow/dags/erp_to_minio_bronze_dag.py took 0.105 seconds
[2025-11-13T04:37:58.050+0000] {processor.py:161} INFO - Started process (PID=15137) to work on /opt/airflow/dags/erp_to_minio_bronze_dag.py
[2025-11-13T04:37:58.051+0000] {processor.py:830} INFO - Processing file /opt/airflow/dags/erp_to_minio_bronze_dag.py for tasks to queue
[2025-11-13T04:37:58.052+0000] {logging_mixin.py:188} INFO - [2025-11-13T04:37:58.051+0000] {dagbag.py:538} INFO - Filling up the DagBag from /opt/airflow/dags/erp_to_minio_bronze_dag.py
[2025-11-13T04:37:58.107+0000] {processor.py:840} INFO - DAG(s) 'erp_to_minio_bronze' retrieved from /opt/airflow/dags/erp_to_minio_bronze_dag.py
[2025-11-13T04:37:58.122+0000] {logging_mixin.py:188} INFO - [2025-11-13T04:37:58.121+0000] {dag.py:3036} INFO - Sync 1 DAGs
[2025-11-13T04:37:58.132+0000] {logging_mixin.py:188} INFO - [2025-11-13T04:37:58.132+0000] {dag.py:3823} INFO - Setting next_dagrun for erp_to_minio_bronze to 2025-11-13 00:00:00+00:00, run_after=2025-11-13 06:00:00+00:00
[2025-11-13T04:37:58.147+0000] {processor.py:183} INFO - Processing /opt/airflow/dags/erp_to_minio_bronze_dag.py took 0.099 seconds
[2025-11-13T04:38:28.340+0000] {processor.py:161} INFO - Started process (PID=15139) to work on /opt/airflow/dags/erp_to_minio_bronze_dag.py
[2025-11-13T04:38:28.341+0000] {processor.py:830} INFO - Processing file /opt/airflow/dags/erp_to_minio_bronze_dag.py for tasks to queue
[2025-11-13T04:38:28.343+0000] {logging_mixin.py:188} INFO - [2025-11-13T04:38:28.342+0000] {dagbag.py:538} INFO - Filling up the DagBag from /opt/airflow/dags/erp_to_minio_bronze_dag.py
[2025-11-13T04:38:28.401+0000] {processor.py:840} INFO - DAG(s) 'erp_to_minio_bronze' retrieved from /opt/airflow/dags/erp_to_minio_bronze_dag.py
[2025-11-13T04:38:28.414+0000] {logging_mixin.py:188} INFO - [2025-11-13T04:38:28.413+0000] {dag.py:3036} INFO - Sync 1 DAGs
[2025-11-13T04:38:28.425+0000] {logging_mixin.py:188} INFO - [2025-11-13T04:38:28.425+0000] {dag.py:3823} INFO - Setting next_dagrun for erp_to_minio_bronze to 2025-11-13 00:00:00+00:00, run_after=2025-11-13 06:00:00+00:00
[2025-11-13T04:38:28.440+0000] {processor.py:183} INFO - Processing /opt/airflow/dags/erp_to_minio_bronze_dag.py took 0.102 seconds
[2025-11-13T04:38:58.627+0000] {processor.py:161} INFO - Started process (PID=15141) to work on /opt/airflow/dags/erp_to_minio_bronze_dag.py
[2025-11-13T04:38:58.629+0000] {processor.py:830} INFO - Processing file /opt/airflow/dags/erp_to_minio_bronze_dag.py for tasks to queue
[2025-11-13T04:38:58.630+0000] {logging_mixin.py:188} INFO - [2025-11-13T04:38:58.629+0000] {dagbag.py:538} INFO - Filling up the DagBag from /opt/airflow/dags/erp_to_minio_bronze_dag.py
[2025-11-13T04:38:58.682+0000] {processor.py:840} INFO - DAG(s) 'erp_to_minio_bronze' retrieved from /opt/airflow/dags/erp_to_minio_bronze_dag.py
[2025-11-13T04:38:58.696+0000] {logging_mixin.py:188} INFO - [2025-11-13T04:38:58.696+0000] {dag.py:3036} INFO - Sync 1 DAGs
[2025-11-13T04:38:58.707+0000] {logging_mixin.py:188} INFO - [2025-11-13T04:38:58.707+0000] {dag.py:3823} INFO - Setting next_dagrun for erp_to_minio_bronze to 2025-11-13 00:00:00+00:00, run_after=2025-11-13 06:00:00+00:00
[2025-11-13T04:38:58.721+0000] {processor.py:183} INFO - Processing /opt/airflow/dags/erp_to_minio_bronze_dag.py took 0.096 seconds
[2025-11-13T04:39:28.923+0000] {processor.py:161} INFO - Started process (PID=15143) to work on /opt/airflow/dags/erp_to_minio_bronze_dag.py
[2025-11-13T04:39:28.924+0000] {processor.py:830} INFO - Processing file /opt/airflow/dags/erp_to_minio_bronze_dag.py for tasks to queue
[2025-11-13T04:39:28.925+0000] {logging_mixin.py:188} INFO - [2025-11-13T04:39:28.925+0000] {dagbag.py:538} INFO - Filling up the DagBag from /opt/airflow/dags/erp_to_minio_bronze_dag.py
[2025-11-13T04:39:28.977+0000] {processor.py:840} INFO - DAG(s) 'erp_to_minio_bronze' retrieved from /opt/airflow/dags/erp_to_minio_bronze_dag.py
[2025-11-13T04:39:28.991+0000] {logging_mixin.py:188} INFO - [2025-11-13T04:39:28.991+0000] {dag.py:3036} INFO - Sync 1 DAGs
[2025-11-13T04:39:29.002+0000] {logging_mixin.py:188} INFO - [2025-11-13T04:39:29.002+0000] {dag.py:3823} INFO - Setting next_dagrun for erp_to_minio_bronze to 2025-11-13 00:00:00+00:00, run_after=2025-11-13 06:00:00+00:00
[2025-11-13T04:39:29.018+0000] {processor.py:183} INFO - Processing /opt/airflow/dags/erp_to_minio_bronze_dag.py took 0.098 seconds
[2025-11-13T04:39:59.211+0000] {processor.py:161} INFO - Started process (PID=15145) to work on /opt/airflow/dags/erp_to_minio_bronze_dag.py
[2025-11-13T04:39:59.212+0000] {processor.py:830} INFO - Processing file /opt/airflow/dags/erp_to_minio_bronze_dag.py for tasks to queue
[2025-11-13T04:39:59.213+0000] {logging_mixin.py:188} INFO - [2025-11-13T04:39:59.213+0000] {dagbag.py:538} INFO - Filling up the DagBag from /opt/airflow/dags/erp_to_minio_bronze_dag.py
[2025-11-13T04:39:59.270+0000] {processor.py:840} INFO - DAG(s) 'erp_to_minio_bronze' retrieved from /opt/airflow/dags/erp_to_minio_bronze_dag.py
[2025-11-13T04:39:59.285+0000] {logging_mixin.py:188} INFO - [2025-11-13T04:39:59.285+0000] {dag.py:3036} INFO - Sync 1 DAGs
[2025-11-13T04:39:59.296+0000] {logging_mixin.py:188} INFO - [2025-11-13T04:39:59.296+0000] {dag.py:3823} INFO - Setting next_dagrun for erp_to_minio_bronze to 2025-11-13 00:00:00+00:00, run_after=2025-11-13 06:00:00+00:00
[2025-11-13T04:39:59.313+0000] {processor.py:183} INFO - Processing /opt/airflow/dags/erp_to_minio_bronze_dag.py took 0.103 seconds
[2025-11-13T04:40:29.484+0000] {processor.py:161} INFO - Started process (PID=15147) to work on /opt/airflow/dags/erp_to_minio_bronze_dag.py
[2025-11-13T04:40:29.485+0000] {processor.py:830} INFO - Processing file /opt/airflow/dags/erp_to_minio_bronze_dag.py for tasks to queue
[2025-11-13T04:40:29.485+0000] {logging_mixin.py:188} INFO - [2025-11-13T04:40:29.485+0000] {dagbag.py:538} INFO - Filling up the DagBag from /opt/airflow/dags/erp_to_minio_bronze_dag.py
[2025-11-13T04:40:29.541+0000] {processor.py:840} INFO - DAG(s) 'erp_to_minio_bronze' retrieved from /opt/airflow/dags/erp_to_minio_bronze_dag.py
[2025-11-13T04:40:29.557+0000] {logging_mixin.py:188} INFO - [2025-11-13T04:40:29.556+0000] {dag.py:3036} INFO - Sync 1 DAGs
[2025-11-13T04:40:29.570+0000] {logging_mixin.py:188} INFO - [2025-11-13T04:40:29.569+0000] {dag.py:3823} INFO - Setting next_dagrun for erp_to_minio_bronze to 2025-11-13 00:00:00+00:00, run_after=2025-11-13 06:00:00+00:00
[2025-11-13T04:40:29.584+0000] {processor.py:183} INFO - Processing /opt/airflow/dags/erp_to_minio_bronze_dag.py took 0.102 seconds
[2025-11-13T04:40:59.783+0000] {processor.py:161} INFO - Started process (PID=15149) to work on /opt/airflow/dags/erp_to_minio_bronze_dag.py
[2025-11-13T04:40:59.784+0000] {processor.py:830} INFO - Processing file /opt/airflow/dags/erp_to_minio_bronze_dag.py for tasks to queue
[2025-11-13T04:40:59.785+0000] {logging_mixin.py:188} INFO - [2025-11-13T04:40:59.784+0000] {dagbag.py:538} INFO - Filling up the DagBag from /opt/airflow/dags/erp_to_minio_bronze_dag.py
[2025-11-13T04:40:59.835+0000] {processor.py:840} INFO - DAG(s) 'erp_to_minio_bronze' retrieved from /opt/airflow/dags/erp_to_minio_bronze_dag.py
[2025-11-13T04:40:59.848+0000] {logging_mixin.py:188} INFO - [2025-11-13T04:40:59.848+0000] {dag.py:3036} INFO - Sync 1 DAGs
[2025-11-13T04:40:59.858+0000] {logging_mixin.py:188} INFO - [2025-11-13T04:40:59.858+0000] {dag.py:3823} INFO - Setting next_dagrun for erp_to_minio_bronze to 2025-11-13 00:00:00+00:00, run_after=2025-11-13 06:00:00+00:00
[2025-11-13T04:40:59.873+0000] {processor.py:183} INFO - Processing /opt/airflow/dags/erp_to_minio_bronze_dag.py took 0.093 seconds
[2025-11-13T04:41:30.072+0000] {processor.py:161} INFO - Started process (PID=15151) to work on /opt/airflow/dags/erp_to_minio_bronze_dag.py
[2025-11-13T04:41:30.073+0000] {processor.py:830} INFO - Processing file /opt/airflow/dags/erp_to_minio_bronze_dag.py for tasks to queue
[2025-11-13T04:41:30.074+0000] {logging_mixin.py:188} INFO - [2025-11-13T04:41:30.074+0000] {dagbag.py:538} INFO - Filling up the DagBag from /opt/airflow/dags/erp_to_minio_bronze_dag.py
[2025-11-13T04:41:30.128+0000] {processor.py:840} INFO - DAG(s) 'erp_to_minio_bronze' retrieved from /opt/airflow/dags/erp_to_minio_bronze_dag.py
[2025-11-13T04:41:30.141+0000] {logging_mixin.py:188} INFO - [2025-11-13T04:41:30.141+0000] {dag.py:3036} INFO - Sync 1 DAGs
[2025-11-13T04:41:30.151+0000] {logging_mixin.py:188} INFO - [2025-11-13T04:41:30.151+0000] {dag.py:3823} INFO - Setting next_dagrun for erp_to_minio_bronze to 2025-11-13 00:00:00+00:00, run_after=2025-11-13 06:00:00+00:00
[2025-11-13T04:41:30.166+0000] {processor.py:183} INFO - Processing /opt/airflow/dags/erp_to_minio_bronze_dag.py took 0.096 seconds
[2025-11-13T04:42:00.366+0000] {processor.py:161} INFO - Started process (PID=15153) to work on /opt/airflow/dags/erp_to_minio_bronze_dag.py
[2025-11-13T04:42:00.367+0000] {processor.py:830} INFO - Processing file /opt/airflow/dags/erp_to_minio_bronze_dag.py for tasks to queue
[2025-11-13T04:42:00.368+0000] {logging_mixin.py:188} INFO - [2025-11-13T04:42:00.367+0000] {dagbag.py:538} INFO - Filling up the DagBag from /opt/airflow/dags/erp_to_minio_bronze_dag.py
[2025-11-13T04:42:00.423+0000] {processor.py:840} INFO - DAG(s) 'erp_to_minio_bronze' retrieved from /opt/airflow/dags/erp_to_minio_bronze_dag.py
[2025-11-13T04:42:00.435+0000] {logging_mixin.py:188} INFO - [2025-11-13T04:42:00.435+0000] {dag.py:3036} INFO - Sync 1 DAGs
[2025-11-13T04:42:00.445+0000] {logging_mixin.py:188} INFO - [2025-11-13T04:42:00.445+0000] {dag.py:3823} INFO - Setting next_dagrun for erp_to_minio_bronze to 2025-11-13 00:00:00+00:00, run_after=2025-11-13 06:00:00+00:00
[2025-11-13T04:42:00.461+0000] {processor.py:183} INFO - Processing /opt/airflow/dags/erp_to_minio_bronze_dag.py took 0.097 seconds
[2025-11-13T04:42:30.663+0000] {processor.py:161} INFO - Started process (PID=15155) to work on /opt/airflow/dags/erp_to_minio_bronze_dag.py
[2025-11-13T04:42:30.664+0000] {processor.py:830} INFO - Processing file /opt/airflow/dags/erp_to_minio_bronze_dag.py for tasks to queue
[2025-11-13T04:42:30.665+0000] {logging_mixin.py:188} INFO - [2025-11-13T04:42:30.665+0000] {dagbag.py:538} INFO - Filling up the DagBag from /opt/airflow/dags/erp_to_minio_bronze_dag.py
[2025-11-13T04:42:30.718+0000] {processor.py:840} INFO - DAG(s) 'erp_to_minio_bronze' retrieved from /opt/airflow/dags/erp_to_minio_bronze_dag.py
[2025-11-13T04:42:30.730+0000] {logging_mixin.py:188} INFO - [2025-11-13T04:42:30.730+0000] {dag.py:3036} INFO - Sync 1 DAGs
[2025-11-13T04:42:30.741+0000] {logging_mixin.py:188} INFO - [2025-11-13T04:42:30.741+0000] {dag.py:3823} INFO - Setting next_dagrun for erp_to_minio_bronze to 2025-11-13 00:00:00+00:00, run_after=2025-11-13 06:00:00+00:00
[2025-11-13T04:42:30.756+0000] {processor.py:183} INFO - Processing /opt/airflow/dags/erp_to_minio_bronze_dag.py took 0.095 seconds
[2025-11-13T04:43:00.954+0000] {processor.py:161} INFO - Started process (PID=15157) to work on /opt/airflow/dags/erp_to_minio_bronze_dag.py
[2025-11-13T04:43:00.955+0000] {processor.py:830} INFO - Processing file /opt/airflow/dags/erp_to_minio_bronze_dag.py for tasks to queue
[2025-11-13T04:43:00.956+0000] {logging_mixin.py:188} INFO - [2025-11-13T04:43:00.956+0000] {dagbag.py:538} INFO - Filling up the DagBag from /opt/airflow/dags/erp_to_minio_bronze_dag.py
[2025-11-13T04:43:01.010+0000] {processor.py:840} INFO - DAG(s) 'erp_to_minio_bronze' retrieved from /opt/airflow/dags/erp_to_minio_bronze_dag.py
[2025-11-13T04:43:01.022+0000] {logging_mixin.py:188} INFO - [2025-11-13T04:43:01.022+0000] {dag.py:3036} INFO - Sync 1 DAGs
[2025-11-13T04:43:01.033+0000] {logging_mixin.py:188} INFO - [2025-11-13T04:43:01.033+0000] {dag.py:3823} INFO - Setting next_dagrun for erp_to_minio_bronze to 2025-11-13 00:00:00+00:00, run_after=2025-11-13 06:00:00+00:00
[2025-11-13T04:43:01.048+0000] {processor.py:183} INFO - Processing /opt/airflow/dags/erp_to_minio_bronze_dag.py took 0.096 seconds
[2025-11-13T04:43:31.252+0000] {processor.py:161} INFO - Started process (PID=15159) to work on /opt/airflow/dags/erp_to_minio_bronze_dag.py
[2025-11-13T04:43:31.253+0000] {processor.py:830} INFO - Processing file /opt/airflow/dags/erp_to_minio_bronze_dag.py for tasks to queue
[2025-11-13T04:43:31.254+0000] {logging_mixin.py:188} INFO - [2025-11-13T04:43:31.254+0000] {dagbag.py:538} INFO - Filling up the DagBag from /opt/airflow/dags/erp_to_minio_bronze_dag.py
[2025-11-13T04:43:31.305+0000] {processor.py:840} INFO - DAG(s) 'erp_to_minio_bronze' retrieved from /opt/airflow/dags/erp_to_minio_bronze_dag.py
[2025-11-13T04:43:31.317+0000] {logging_mixin.py:188} INFO - [2025-11-13T04:43:31.317+0000] {dag.py:3036} INFO - Sync 1 DAGs
[2025-11-13T04:43:31.328+0000] {logging_mixin.py:188} INFO - [2025-11-13T04:43:31.328+0000] {dag.py:3823} INFO - Setting next_dagrun for erp_to_minio_bronze to 2025-11-13 00:00:00+00:00, run_after=2025-11-13 06:00:00+00:00
[2025-11-13T04:43:31.342+0000] {processor.py:183} INFO - Processing /opt/airflow/dags/erp_to_minio_bronze_dag.py took 0.092 seconds
[2025-11-13T04:44:01.545+0000] {processor.py:161} INFO - Started process (PID=15161) to work on /opt/airflow/dags/erp_to_minio_bronze_dag.py
[2025-11-13T04:44:01.546+0000] {processor.py:830} INFO - Processing file /opt/airflow/dags/erp_to_minio_bronze_dag.py for tasks to queue
[2025-11-13T04:44:01.547+0000] {logging_mixin.py:188} INFO - [2025-11-13T04:44:01.547+0000] {dagbag.py:538} INFO - Filling up the DagBag from /opt/airflow/dags/erp_to_minio_bronze_dag.py
[2025-11-13T04:44:01.600+0000] {processor.py:840} INFO - DAG(s) 'erp_to_minio_bronze' retrieved from /opt/airflow/dags/erp_to_minio_bronze_dag.py
[2025-11-13T04:44:01.613+0000] {logging_mixin.py:188} INFO - [2025-11-13T04:44:01.613+0000] {dag.py:3036} INFO - Sync 1 DAGs
[2025-11-13T04:44:01.625+0000] {logging_mixin.py:188} INFO - [2025-11-13T04:44:01.625+0000] {dag.py:3823} INFO - Setting next_dagrun for erp_to_minio_bronze to 2025-11-13 00:00:00+00:00, run_after=2025-11-13 06:00:00+00:00
[2025-11-13T04:44:01.644+0000] {processor.py:183} INFO - Processing /opt/airflow/dags/erp_to_minio_bronze_dag.py took 0.101 seconds
[2025-11-13T04:44:31.848+0000] {processor.py:161} INFO - Started process (PID=15163) to work on /opt/airflow/dags/erp_to_minio_bronze_dag.py
[2025-11-13T04:44:31.849+0000] {processor.py:830} INFO - Processing file /opt/airflow/dags/erp_to_minio_bronze_dag.py for tasks to queue
[2025-11-13T04:44:31.850+0000] {logging_mixin.py:188} INFO - [2025-11-13T04:44:31.850+0000] {dagbag.py:538} INFO - Filling up the DagBag from /opt/airflow/dags/erp_to_minio_bronze_dag.py
[2025-11-13T04:44:31.902+0000] {processor.py:840} INFO - DAG(s) 'erp_to_minio_bronze' retrieved from /opt/airflow/dags/erp_to_minio_bronze_dag.py
[2025-11-13T04:44:31.914+0000] {logging_mixin.py:188} INFO - [2025-11-13T04:44:31.914+0000] {dag.py:3036} INFO - Sync 1 DAGs
[2025-11-13T04:44:31.926+0000] {logging_mixin.py:188} INFO - [2025-11-13T04:44:31.926+0000] {dag.py:3823} INFO - Setting next_dagrun for erp_to_minio_bronze to 2025-11-13 00:00:00+00:00, run_after=2025-11-13 06:00:00+00:00
[2025-11-13T04:44:31.940+0000] {processor.py:183} INFO - Processing /opt/airflow/dags/erp_to_minio_bronze_dag.py took 0.094 seconds
[2025-11-13T04:45:02.143+0000] {processor.py:161} INFO - Started process (PID=15165) to work on /opt/airflow/dags/erp_to_minio_bronze_dag.py
[2025-11-13T04:45:02.144+0000] {processor.py:830} INFO - Processing file /opt/airflow/dags/erp_to_minio_bronze_dag.py for tasks to queue
[2025-11-13T04:45:02.145+0000] {logging_mixin.py:188} INFO - [2025-11-13T04:45:02.144+0000] {dagbag.py:538} INFO - Filling up the DagBag from /opt/airflow/dags/erp_to_minio_bronze_dag.py
[2025-11-13T04:45:02.196+0000] {processor.py:840} INFO - DAG(s) 'erp_to_minio_bronze' retrieved from /opt/airflow/dags/erp_to_minio_bronze_dag.py
[2025-11-13T04:45:02.209+0000] {logging_mixin.py:188} INFO - [2025-11-13T04:45:02.209+0000] {dag.py:3036} INFO - Sync 1 DAGs
[2025-11-13T04:45:02.219+0000] {logging_mixin.py:188} INFO - [2025-11-13T04:45:02.219+0000] {dag.py:3823} INFO - Setting next_dagrun for erp_to_minio_bronze to 2025-11-13 00:00:00+00:00, run_after=2025-11-13 06:00:00+00:00
[2025-11-13T04:45:02.235+0000] {processor.py:183} INFO - Processing /opt/airflow/dags/erp_to_minio_bronze_dag.py took 0.094 seconds
[2025-11-13T04:45:32.425+0000] {processor.py:161} INFO - Started process (PID=15167) to work on /opt/airflow/dags/erp_to_minio_bronze_dag.py
[2025-11-13T04:45:32.426+0000] {processor.py:830} INFO - Processing file /opt/airflow/dags/erp_to_minio_bronze_dag.py for tasks to queue
[2025-11-13T04:45:32.427+0000] {logging_mixin.py:188} INFO - [2025-11-13T04:45:32.427+0000] {dagbag.py:538} INFO - Filling up the DagBag from /opt/airflow/dags/erp_to_minio_bronze_dag.py
[2025-11-13T04:45:32.481+0000] {processor.py:840} INFO - DAG(s) 'erp_to_minio_bronze' retrieved from /opt/airflow/dags/erp_to_minio_bronze_dag.py
[2025-11-13T04:45:32.493+0000] {logging_mixin.py:188} INFO - [2025-11-13T04:45:32.493+0000] {dag.py:3036} INFO - Sync 1 DAGs
[2025-11-13T04:45:32.505+0000] {logging_mixin.py:188} INFO - [2025-11-13T04:45:32.505+0000] {dag.py:3823} INFO - Setting next_dagrun for erp_to_minio_bronze to 2025-11-13 00:00:00+00:00, run_after=2025-11-13 06:00:00+00:00
[2025-11-13T04:45:32.520+0000] {processor.py:183} INFO - Processing /opt/airflow/dags/erp_to_minio_bronze_dag.py took 0.097 seconds
[2025-11-13T04:46:02.716+0000] {processor.py:161} INFO - Started process (PID=15169) to work on /opt/airflow/dags/erp_to_minio_bronze_dag.py
[2025-11-13T04:46:02.717+0000] {processor.py:830} INFO - Processing file /opt/airflow/dags/erp_to_minio_bronze_dag.py for tasks to queue
[2025-11-13T04:46:02.718+0000] {logging_mixin.py:188} INFO - [2025-11-13T04:46:02.718+0000] {dagbag.py:538} INFO - Filling up the DagBag from /opt/airflow/dags/erp_to_minio_bronze_dag.py
[2025-11-13T04:46:02.771+0000] {processor.py:840} INFO - DAG(s) 'erp_to_minio_bronze' retrieved from /opt/airflow/dags/erp_to_minio_bronze_dag.py
[2025-11-13T04:46:02.784+0000] {logging_mixin.py:188} INFO - [2025-11-13T04:46:02.783+0000] {dag.py:3036} INFO - Sync 1 DAGs
[2025-11-13T04:46:02.794+0000] {logging_mixin.py:188} INFO - [2025-11-13T04:46:02.794+0000] {dag.py:3823} INFO - Setting next_dagrun for erp_to_minio_bronze to 2025-11-13 00:00:00+00:00, run_after=2025-11-13 06:00:00+00:00
[2025-11-13T04:46:02.808+0000] {processor.py:183} INFO - Processing /opt/airflow/dags/erp_to_minio_bronze_dag.py took 0.094 seconds
[2025-11-13T04:46:33.008+0000] {processor.py:161} INFO - Started process (PID=15171) to work on /opt/airflow/dags/erp_to_minio_bronze_dag.py
[2025-11-13T04:46:33.009+0000] {processor.py:830} INFO - Processing file /opt/airflow/dags/erp_to_minio_bronze_dag.py for tasks to queue
[2025-11-13T04:46:33.010+0000] {logging_mixin.py:188} INFO - [2025-11-13T04:46:33.010+0000] {dagbag.py:538} INFO - Filling up the DagBag from /opt/airflow/dags/erp_to_minio_bronze_dag.py
[2025-11-13T04:46:33.062+0000] {processor.py:840} INFO - DAG(s) 'erp_to_minio_bronze' retrieved from /opt/airflow/dags/erp_to_minio_bronze_dag.py
[2025-11-13T04:46:33.074+0000] {logging_mixin.py:188} INFO - [2025-11-13T04:46:33.074+0000] {dag.py:3036} INFO - Sync 1 DAGs
[2025-11-13T04:46:33.084+0000] {logging_mixin.py:188} INFO - [2025-11-13T04:46:33.084+0000] {dag.py:3823} INFO - Setting next_dagrun for erp_to_minio_bronze to 2025-11-13 00:00:00+00:00, run_after=2025-11-13 06:00:00+00:00
[2025-11-13T04:46:33.100+0000] {processor.py:183} INFO - Processing /opt/airflow/dags/erp_to_minio_bronze_dag.py took 0.094 seconds
[2025-11-13T04:47:03.307+0000] {processor.py:161} INFO - Started process (PID=15173) to work on /opt/airflow/dags/erp_to_minio_bronze_dag.py
[2025-11-13T04:47:03.308+0000] {processor.py:830} INFO - Processing file /opt/airflow/dags/erp_to_minio_bronze_dag.py for tasks to queue
[2025-11-13T04:47:03.309+0000] {logging_mixin.py:188} INFO - [2025-11-13T04:47:03.309+0000] {dagbag.py:538} INFO - Filling up the DagBag from /opt/airflow/dags/erp_to_minio_bronze_dag.py
[2025-11-13T04:47:03.365+0000] {processor.py:840} INFO - DAG(s) 'erp_to_minio_bronze' retrieved from /opt/airflow/dags/erp_to_minio_bronze_dag.py
[2025-11-13T04:47:03.378+0000] {logging_mixin.py:188} INFO - [2025-11-13T04:47:03.378+0000] {dag.py:3036} INFO - Sync 1 DAGs
[2025-11-13T04:47:03.390+0000] {logging_mixin.py:188} INFO - [2025-11-13T04:47:03.390+0000] {dag.py:3823} INFO - Setting next_dagrun for erp_to_minio_bronze to 2025-11-13 00:00:00+00:00, run_after=2025-11-13 06:00:00+00:00
[2025-11-13T04:47:03.408+0000] {processor.py:183} INFO - Processing /opt/airflow/dags/erp_to_minio_bronze_dag.py took 0.104 seconds
[2025-11-13T04:47:33.591+0000] {processor.py:161} INFO - Started process (PID=15175) to work on /opt/airflow/dags/erp_to_minio_bronze_dag.py
[2025-11-13T04:47:33.593+0000] {processor.py:830} INFO - Processing file /opt/airflow/dags/erp_to_minio_bronze_dag.py for tasks to queue
[2025-11-13T04:47:33.594+0000] {logging_mixin.py:188} INFO - [2025-11-13T04:47:33.593+0000] {dagbag.py:538} INFO - Filling up the DagBag from /opt/airflow/dags/erp_to_minio_bronze_dag.py
[2025-11-13T04:47:33.649+0000] {processor.py:840} INFO - DAG(s) 'erp_to_minio_bronze' retrieved from /opt/airflow/dags/erp_to_minio_bronze_dag.py
[2025-11-13T04:47:33.663+0000] {logging_mixin.py:188} INFO - [2025-11-13T04:47:33.663+0000] {dag.py:3036} INFO - Sync 1 DAGs
[2025-11-13T04:47:33.675+0000] {logging_mixin.py:188} INFO - [2025-11-13T04:47:33.675+0000] {dag.py:3823} INFO - Setting next_dagrun for erp_to_minio_bronze to 2025-11-13 00:00:00+00:00, run_after=2025-11-13 06:00:00+00:00
[2025-11-13T04:47:33.692+0000] {processor.py:183} INFO - Processing /opt/airflow/dags/erp_to_minio_bronze_dag.py took 0.103 seconds
[2025-11-13T04:48:03.888+0000] {processor.py:161} INFO - Started process (PID=15177) to work on /opt/airflow/dags/erp_to_minio_bronze_dag.py
[2025-11-13T04:48:03.889+0000] {processor.py:830} INFO - Processing file /opt/airflow/dags/erp_to_minio_bronze_dag.py for tasks to queue
[2025-11-13T04:48:03.890+0000] {logging_mixin.py:188} INFO - [2025-11-13T04:48:03.889+0000] {dagbag.py:538} INFO - Filling up the DagBag from /opt/airflow/dags/erp_to_minio_bronze_dag.py
[2025-11-13T04:48:03.949+0000] {processor.py:840} INFO - DAG(s) 'erp_to_minio_bronze' retrieved from /opt/airflow/dags/erp_to_minio_bronze_dag.py
[2025-11-13T04:48:03.963+0000] {logging_mixin.py:188} INFO - [2025-11-13T04:48:03.963+0000] {dag.py:3036} INFO - Sync 1 DAGs
[2025-11-13T04:48:03.974+0000] {logging_mixin.py:188} INFO - [2025-11-13T04:48:03.974+0000] {dag.py:3823} INFO - Setting next_dagrun for erp_to_minio_bronze to 2025-11-13 00:00:00+00:00, run_after=2025-11-13 06:00:00+00:00
[2025-11-13T04:48:03.991+0000] {processor.py:183} INFO - Processing /opt/airflow/dags/erp_to_minio_bronze_dag.py took 0.105 seconds
[2025-11-13T04:48:34.186+0000] {processor.py:161} INFO - Started process (PID=15179) to work on /opt/airflow/dags/erp_to_minio_bronze_dag.py
[2025-11-13T04:48:34.187+0000] {processor.py:830} INFO - Processing file /opt/airflow/dags/erp_to_minio_bronze_dag.py for tasks to queue
[2025-11-13T04:48:34.188+0000] {logging_mixin.py:188} INFO - [2025-11-13T04:48:34.188+0000] {dagbag.py:538} INFO - Filling up the DagBag from /opt/airflow/dags/erp_to_minio_bronze_dag.py
[2025-11-13T04:48:34.244+0000] {processor.py:840} INFO - DAG(s) 'erp_to_minio_bronze' retrieved from /opt/airflow/dags/erp_to_minio_bronze_dag.py
[2025-11-13T04:48:34.257+0000] {logging_mixin.py:188} INFO - [2025-11-13T04:48:34.257+0000] {dag.py:3036} INFO - Sync 1 DAGs
[2025-11-13T04:48:34.269+0000] {logging_mixin.py:188} INFO - [2025-11-13T04:48:34.268+0000] {dag.py:3823} INFO - Setting next_dagrun for erp_to_minio_bronze to 2025-11-13 00:00:00+00:00, run_after=2025-11-13 06:00:00+00:00
[2025-11-13T04:48:34.283+0000] {processor.py:183} INFO - Processing /opt/airflow/dags/erp_to_minio_bronze_dag.py took 0.100 seconds
[2025-11-13T04:49:04.470+0000] {processor.py:161} INFO - Started process (PID=15181) to work on /opt/airflow/dags/erp_to_minio_bronze_dag.py
[2025-11-13T04:49:04.471+0000] {processor.py:830} INFO - Processing file /opt/airflow/dags/erp_to_minio_bronze_dag.py for tasks to queue
[2025-11-13T04:49:04.472+0000] {logging_mixin.py:188} INFO - [2025-11-13T04:49:04.472+0000] {dagbag.py:538} INFO - Filling up the DagBag from /opt/airflow/dags/erp_to_minio_bronze_dag.py
[2025-11-13T04:49:04.530+0000] {processor.py:840} INFO - DAG(s) 'erp_to_minio_bronze' retrieved from /opt/airflow/dags/erp_to_minio_bronze_dag.py
[2025-11-13T04:49:04.542+0000] {logging_mixin.py:188} INFO - [2025-11-13T04:49:04.542+0000] {dag.py:3036} INFO - Sync 1 DAGs
[2025-11-13T04:49:04.553+0000] {logging_mixin.py:188} INFO - [2025-11-13T04:49:04.553+0000] {dag.py:3823} INFO - Setting next_dagrun for erp_to_minio_bronze to 2025-11-13 00:00:00+00:00, run_after=2025-11-13 06:00:00+00:00
[2025-11-13T04:49:04.570+0000] {processor.py:183} INFO - Processing /opt/airflow/dags/erp_to_minio_bronze_dag.py took 0.102 seconds
[2025-11-13T04:49:34.759+0000] {processor.py:161} INFO - Started process (PID=15183) to work on /opt/airflow/dags/erp_to_minio_bronze_dag.py
[2025-11-13T04:49:34.760+0000] {processor.py:830} INFO - Processing file /opt/airflow/dags/erp_to_minio_bronze_dag.py for tasks to queue
[2025-11-13T04:49:34.761+0000] {logging_mixin.py:188} INFO - [2025-11-13T04:49:34.761+0000] {dagbag.py:538} INFO - Filling up the DagBag from /opt/airflow/dags/erp_to_minio_bronze_dag.py
[2025-11-13T04:49:34.817+0000] {processor.py:840} INFO - DAG(s) 'erp_to_minio_bronze' retrieved from /opt/airflow/dags/erp_to_minio_bronze_dag.py
[2025-11-13T04:49:34.830+0000] {logging_mixin.py:188} INFO - [2025-11-13T04:49:34.830+0000] {dag.py:3036} INFO - Sync 1 DAGs
[2025-11-13T04:49:34.840+0000] {logging_mixin.py:188} INFO - [2025-11-13T04:49:34.840+0000] {dag.py:3823} INFO - Setting next_dagrun for erp_to_minio_bronze to 2025-11-13 00:00:00+00:00, run_after=2025-11-13 06:00:00+00:00
[2025-11-13T04:49:34.857+0000] {processor.py:183} INFO - Processing /opt/airflow/dags/erp_to_minio_bronze_dag.py took 0.099 seconds
[2025-11-13T04:50:05.045+0000] {processor.py:161} INFO - Started process (PID=15185) to work on /opt/airflow/dags/erp_to_minio_bronze_dag.py
[2025-11-13T04:50:05.046+0000] {processor.py:830} INFO - Processing file /opt/airflow/dags/erp_to_minio_bronze_dag.py for tasks to queue
[2025-11-13T04:50:05.047+0000] {logging_mixin.py:188} INFO - [2025-11-13T04:50:05.047+0000] {dagbag.py:538} INFO - Filling up the DagBag from /opt/airflow/dags/erp_to_minio_bronze_dag.py
[2025-11-13T04:50:05.104+0000] {processor.py:840} INFO - DAG(s) 'erp_to_minio_bronze' retrieved from /opt/airflow/dags/erp_to_minio_bronze_dag.py
[2025-11-13T04:50:05.118+0000] {logging_mixin.py:188} INFO - [2025-11-13T04:50:05.118+0000] {dag.py:3036} INFO - Sync 1 DAGs
[2025-11-13T04:50:05.129+0000] {logging_mixin.py:188} INFO - [2025-11-13T04:50:05.129+0000] {dag.py:3823} INFO - Setting next_dagrun for erp_to_minio_bronze to 2025-11-13 00:00:00+00:00, run_after=2025-11-13 06:00:00+00:00
[2025-11-13T04:50:05.145+0000] {processor.py:183} INFO - Processing /opt/airflow/dags/erp_to_minio_bronze_dag.py took 0.102 seconds
[2025-11-13T04:50:35.345+0000] {processor.py:161} INFO - Started process (PID=15187) to work on /opt/airflow/dags/erp_to_minio_bronze_dag.py
[2025-11-13T04:50:35.346+0000] {processor.py:830} INFO - Processing file /opt/airflow/dags/erp_to_minio_bronze_dag.py for tasks to queue
[2025-11-13T04:50:35.347+0000] {logging_mixin.py:188} INFO - [2025-11-13T04:50:35.346+0000] {dagbag.py:538} INFO - Filling up the DagBag from /opt/airflow/dags/erp_to_minio_bronze_dag.py
[2025-11-13T04:50:35.394+0000] {processor.py:840} INFO - DAG(s) 'erp_to_minio_bronze' retrieved from /opt/airflow/dags/erp_to_minio_bronze_dag.py
[2025-11-13T04:50:35.407+0000] {logging_mixin.py:188} INFO - [2025-11-13T04:50:35.407+0000] {dag.py:3036} INFO - Sync 1 DAGs
[2025-11-13T04:50:35.417+0000] {logging_mixin.py:188} INFO - [2025-11-13T04:50:35.417+0000] {dag.py:3823} INFO - Setting next_dagrun for erp_to_minio_bronze to 2025-11-13 00:00:00+00:00, run_after=2025-11-13 06:00:00+00:00
[2025-11-13T04:50:35.433+0000] {processor.py:183} INFO - Processing /opt/airflow/dags/erp_to_minio_bronze_dag.py took 0.090 seconds
[2025-11-13T04:51:05.634+0000] {processor.py:161} INFO - Started process (PID=15189) to work on /opt/airflow/dags/erp_to_minio_bronze_dag.py
[2025-11-13T04:51:05.635+0000] {processor.py:830} INFO - Processing file /opt/airflow/dags/erp_to_minio_bronze_dag.py for tasks to queue
[2025-11-13T04:51:05.636+0000] {logging_mixin.py:188} INFO - [2025-11-13T04:51:05.636+0000] {dagbag.py:538} INFO - Filling up the DagBag from /opt/airflow/dags/erp_to_minio_bronze_dag.py
[2025-11-13T04:51:05.689+0000] {processor.py:840} INFO - DAG(s) 'erp_to_minio_bronze' retrieved from /opt/airflow/dags/erp_to_minio_bronze_dag.py
[2025-11-13T04:51:05.703+0000] {logging_mixin.py:188} INFO - [2025-11-13T04:51:05.702+0000] {dag.py:3036} INFO - Sync 1 DAGs
[2025-11-13T04:51:05.715+0000] {logging_mixin.py:188} INFO - [2025-11-13T04:51:05.715+0000] {dag.py:3823} INFO - Setting next_dagrun for erp_to_minio_bronze to 2025-11-13 00:00:00+00:00, run_after=2025-11-13 06:00:00+00:00
[2025-11-13T04:51:05.730+0000] {processor.py:183} INFO - Processing /opt/airflow/dags/erp_to_minio_bronze_dag.py took 0.098 seconds
[2025-11-13T04:51:35.921+0000] {processor.py:161} INFO - Started process (PID=15191) to work on /opt/airflow/dags/erp_to_minio_bronze_dag.py
[2025-11-13T04:51:35.922+0000] {processor.py:830} INFO - Processing file /opt/airflow/dags/erp_to_minio_bronze_dag.py for tasks to queue
[2025-11-13T04:51:35.924+0000] {logging_mixin.py:188} INFO - [2025-11-13T04:51:35.923+0000] {dagbag.py:538} INFO - Filling up the DagBag from /opt/airflow/dags/erp_to_minio_bronze_dag.py
[2025-11-13T04:51:35.974+0000] {processor.py:840} INFO - DAG(s) 'erp_to_minio_bronze' retrieved from /opt/airflow/dags/erp_to_minio_bronze_dag.py
[2025-11-13T04:51:35.987+0000] {logging_mixin.py:188} INFO - [2025-11-13T04:51:35.987+0000] {dag.py:3036} INFO - Sync 1 DAGs
[2025-11-13T04:51:35.998+0000] {logging_mixin.py:188} INFO - [2025-11-13T04:51:35.998+0000] {dag.py:3823} INFO - Setting next_dagrun for erp_to_minio_bronze to 2025-11-13 00:00:00+00:00, run_after=2025-11-13 06:00:00+00:00
[2025-11-13T04:51:36.012+0000] {processor.py:183} INFO - Processing /opt/airflow/dags/erp_to_minio_bronze_dag.py took 0.092 seconds
[2025-11-13T04:52:06.208+0000] {processor.py:161} INFO - Started process (PID=15193) to work on /opt/airflow/dags/erp_to_minio_bronze_dag.py
[2025-11-13T04:52:06.210+0000] {processor.py:830} INFO - Processing file /opt/airflow/dags/erp_to_minio_bronze_dag.py for tasks to queue
[2025-11-13T04:52:06.211+0000] {logging_mixin.py:188} INFO - [2025-11-13T04:52:06.210+0000] {dagbag.py:538} INFO - Filling up the DagBag from /opt/airflow/dags/erp_to_minio_bronze_dag.py
[2025-11-13T04:52:06.265+0000] {processor.py:840} INFO - DAG(s) 'erp_to_minio_bronze' retrieved from /opt/airflow/dags/erp_to_minio_bronze_dag.py
[2025-11-13T04:52:06.279+0000] {logging_mixin.py:188} INFO - [2025-11-13T04:52:06.279+0000] {dag.py:3036} INFO - Sync 1 DAGs
[2025-11-13T04:52:06.291+0000] {logging_mixin.py:188} INFO - [2025-11-13T04:52:06.291+0000] {dag.py:3823} INFO - Setting next_dagrun for erp_to_minio_bronze to 2025-11-13 00:00:00+00:00, run_after=2025-11-13 06:00:00+00:00
[2025-11-13T04:52:06.310+0000] {processor.py:183} INFO - Processing /opt/airflow/dags/erp_to_minio_bronze_dag.py took 0.103 seconds
[2025-11-13T04:52:36.488+0000] {processor.py:161} INFO - Started process (PID=15195) to work on /opt/airflow/dags/erp_to_minio_bronze_dag.py
[2025-11-13T04:52:36.489+0000] {processor.py:830} INFO - Processing file /opt/airflow/dags/erp_to_minio_bronze_dag.py for tasks to queue
[2025-11-13T04:52:36.490+0000] {logging_mixin.py:188} INFO - [2025-11-13T04:52:36.489+0000] {dagbag.py:538} INFO - Filling up the DagBag from /opt/airflow/dags/erp_to_minio_bronze_dag.py
[2025-11-13T04:52:36.542+0000] {processor.py:840} INFO - DAG(s) 'erp_to_minio_bronze' retrieved from /opt/airflow/dags/erp_to_minio_bronze_dag.py
[2025-11-13T04:52:36.556+0000] {logging_mixin.py:188} INFO - [2025-11-13T04:52:36.556+0000] {dag.py:3036} INFO - Sync 1 DAGs
[2025-11-13T04:52:36.567+0000] {logging_mixin.py:188} INFO - [2025-11-13T04:52:36.567+0000] {dag.py:3823} INFO - Setting next_dagrun for erp_to_minio_bronze to 2025-11-13 00:00:00+00:00, run_after=2025-11-13 06:00:00+00:00
[2025-11-13T04:52:36.583+0000] {processor.py:183} INFO - Processing /opt/airflow/dags/erp_to_minio_bronze_dag.py took 0.098 seconds
[2025-11-13T04:53:06.783+0000] {processor.py:161} INFO - Started process (PID=15197) to work on /opt/airflow/dags/erp_to_minio_bronze_dag.py
[2025-11-13T04:53:06.784+0000] {processor.py:830} INFO - Processing file /opt/airflow/dags/erp_to_minio_bronze_dag.py for tasks to queue
[2025-11-13T04:53:06.786+0000] {logging_mixin.py:188} INFO - [2025-11-13T04:53:06.785+0000] {dagbag.py:538} INFO - Filling up the DagBag from /opt/airflow/dags/erp_to_minio_bronze_dag.py
[2025-11-13T04:53:06.845+0000] {processor.py:840} INFO - DAG(s) 'erp_to_minio_bronze' retrieved from /opt/airflow/dags/erp_to_minio_bronze_dag.py
[2025-11-13T04:53:06.859+0000] {logging_mixin.py:188} INFO - [2025-11-13T04:53:06.859+0000] {dag.py:3036} INFO - Sync 1 DAGs
[2025-11-13T04:53:06.870+0000] {logging_mixin.py:188} INFO - [2025-11-13T04:53:06.870+0000] {dag.py:3823} INFO - Setting next_dagrun for erp_to_minio_bronze to 2025-11-13 00:00:00+00:00, run_after=2025-11-13 06:00:00+00:00
[2025-11-13T04:53:06.886+0000] {processor.py:183} INFO - Processing /opt/airflow/dags/erp_to_minio_bronze_dag.py took 0.105 seconds
[2025-11-13T04:53:37.066+0000] {processor.py:161} INFO - Started process (PID=15199) to work on /opt/airflow/dags/erp_to_minio_bronze_dag.py
[2025-11-13T04:53:37.067+0000] {processor.py:830} INFO - Processing file /opt/airflow/dags/erp_to_minio_bronze_dag.py for tasks to queue
[2025-11-13T04:53:37.069+0000] {logging_mixin.py:188} INFO - [2025-11-13T04:53:37.068+0000] {dagbag.py:538} INFO - Filling up the DagBag from /opt/airflow/dags/erp_to_minio_bronze_dag.py
[2025-11-13T04:53:37.128+0000] {processor.py:840} INFO - DAG(s) 'erp_to_minio_bronze' retrieved from /opt/airflow/dags/erp_to_minio_bronze_dag.py
[2025-11-13T04:53:37.141+0000] {logging_mixin.py:188} INFO - [2025-11-13T04:53:37.141+0000] {dag.py:3036} INFO - Sync 1 DAGs
[2025-11-13T04:53:37.153+0000] {logging_mixin.py:188} INFO - [2025-11-13T04:53:37.153+0000] {dag.py:3823} INFO - Setting next_dagrun for erp_to_minio_bronze to 2025-11-13 00:00:00+00:00, run_after=2025-11-13 06:00:00+00:00
[2025-11-13T04:53:37.167+0000] {processor.py:183} INFO - Processing /opt/airflow/dags/erp_to_minio_bronze_dag.py took 0.102 seconds
[2025-11-13T04:54:07.350+0000] {processor.py:161} INFO - Started process (PID=15201) to work on /opt/airflow/dags/erp_to_minio_bronze_dag.py
[2025-11-13T04:54:07.351+0000] {processor.py:830} INFO - Processing file /opt/airflow/dags/erp_to_minio_bronze_dag.py for tasks to queue
[2025-11-13T04:54:07.352+0000] {logging_mixin.py:188} INFO - [2025-11-13T04:54:07.352+0000] {dagbag.py:538} INFO - Filling up the DagBag from /opt/airflow/dags/erp_to_minio_bronze_dag.py
[2025-11-13T04:54:07.411+0000] {processor.py:840} INFO - DAG(s) 'erp_to_minio_bronze' retrieved from /opt/airflow/dags/erp_to_minio_bronze_dag.py
[2025-11-13T04:54:07.426+0000] {logging_mixin.py:188} INFO - [2025-11-13T04:54:07.426+0000] {dag.py:3036} INFO - Sync 1 DAGs
[2025-11-13T04:54:07.440+0000] {logging_mixin.py:188} INFO - [2025-11-13T04:54:07.440+0000] {dag.py:3823} INFO - Setting next_dagrun for erp_to_minio_bronze to 2025-11-13 00:00:00+00:00, run_after=2025-11-13 06:00:00+00:00
[2025-11-13T04:54:07.457+0000] {processor.py:183} INFO - Processing /opt/airflow/dags/erp_to_minio_bronze_dag.py took 0.110 seconds
[2025-11-13T04:54:37.641+0000] {processor.py:161} INFO - Started process (PID=15203) to work on /opt/airflow/dags/erp_to_minio_bronze_dag.py
[2025-11-13T04:54:37.642+0000] {processor.py:830} INFO - Processing file /opt/airflow/dags/erp_to_minio_bronze_dag.py for tasks to queue
[2025-11-13T04:54:37.643+0000] {logging_mixin.py:188} INFO - [2025-11-13T04:54:37.643+0000] {dagbag.py:538} INFO - Filling up the DagBag from /opt/airflow/dags/erp_to_minio_bronze_dag.py
[2025-11-13T04:54:37.696+0000] {processor.py:840} INFO - DAG(s) 'erp_to_minio_bronze' retrieved from /opt/airflow/dags/erp_to_minio_bronze_dag.py
[2025-11-13T04:54:37.709+0000] {logging_mixin.py:188} INFO - [2025-11-13T04:54:37.709+0000] {dag.py:3036} INFO - Sync 1 DAGs
[2025-11-13T04:54:37.722+0000] {logging_mixin.py:188} INFO - [2025-11-13T04:54:37.722+0000] {dag.py:3823} INFO - Setting next_dagrun for erp_to_minio_bronze to 2025-11-13 00:00:00+00:00, run_after=2025-11-13 06:00:00+00:00
[2025-11-13T04:54:37.736+0000] {processor.py:183} INFO - Processing /opt/airflow/dags/erp_to_minio_bronze_dag.py took 0.097 seconds
[2025-11-13T04:55:07.933+0000] {processor.py:161} INFO - Started process (PID=15206) to work on /opt/airflow/dags/erp_to_minio_bronze_dag.py
[2025-11-13T04:55:07.934+0000] {processor.py:830} INFO - Processing file /opt/airflow/dags/erp_to_minio_bronze_dag.py for tasks to queue
[2025-11-13T04:55:07.935+0000] {logging_mixin.py:188} INFO - [2025-11-13T04:55:07.935+0000] {dagbag.py:538} INFO - Filling up the DagBag from /opt/airflow/dags/erp_to_minio_bronze_dag.py
[2025-11-13T04:55:07.989+0000] {processor.py:840} INFO - DAG(s) 'erp_to_minio_bronze' retrieved from /opt/airflow/dags/erp_to_minio_bronze_dag.py
[2025-11-13T04:55:08.000+0000] {logging_mixin.py:188} INFO - [2025-11-13T04:55:08.000+0000] {dag.py:3036} INFO - Sync 1 DAGs
[2025-11-13T04:55:08.011+0000] {logging_mixin.py:188} INFO - [2025-11-13T04:55:08.011+0000] {dag.py:3823} INFO - Setting next_dagrun for erp_to_minio_bronze to 2025-11-13 00:00:00+00:00, run_after=2025-11-13 06:00:00+00:00
[2025-11-13T04:55:08.028+0000] {processor.py:183} INFO - Processing /opt/airflow/dags/erp_to_minio_bronze_dag.py took 0.096 seconds
[2025-11-13T04:55:38.218+0000] {processor.py:161} INFO - Started process (PID=15208) to work on /opt/airflow/dags/erp_to_minio_bronze_dag.py
[2025-11-13T04:55:38.219+0000] {processor.py:830} INFO - Processing file /opt/airflow/dags/erp_to_minio_bronze_dag.py for tasks to queue
[2025-11-13T04:55:38.219+0000] {logging_mixin.py:188} INFO - [2025-11-13T04:55:38.219+0000] {dagbag.py:538} INFO - Filling up the DagBag from /opt/airflow/dags/erp_to_minio_bronze_dag.py
[2025-11-13T04:55:38.276+0000] {processor.py:840} INFO - DAG(s) 'erp_to_minio_bronze' retrieved from /opt/airflow/dags/erp_to_minio_bronze_dag.py
[2025-11-13T04:55:38.292+0000] {logging_mixin.py:188} INFO - [2025-11-13T04:55:38.292+0000] {dag.py:3036} INFO - Sync 1 DAGs
[2025-11-13T04:55:38.303+0000] {logging_mixin.py:188} INFO - [2025-11-13T04:55:38.303+0000] {dag.py:3823} INFO - Setting next_dagrun for erp_to_minio_bronze to 2025-11-13 00:00:00+00:00, run_after=2025-11-13 06:00:00+00:00
[2025-11-13T04:55:38.318+0000] {processor.py:183} INFO - Processing /opt/airflow/dags/erp_to_minio_bronze_dag.py took 0.102 seconds
[2025-11-13T04:56:08.510+0000] {processor.py:161} INFO - Started process (PID=15210) to work on /opt/airflow/dags/erp_to_minio_bronze_dag.py
[2025-11-13T04:56:08.511+0000] {processor.py:830} INFO - Processing file /opt/airflow/dags/erp_to_minio_bronze_dag.py for tasks to queue
[2025-11-13T04:56:08.511+0000] {logging_mixin.py:188} INFO - [2025-11-13T04:56:08.511+0000] {dagbag.py:538} INFO - Filling up the DagBag from /opt/airflow/dags/erp_to_minio_bronze_dag.py
[2025-11-13T04:56:08.607+0000] {processor.py:840} INFO - DAG(s) 'erp_to_minio_bronze' retrieved from /opt/airflow/dags/erp_to_minio_bronze_dag.py
[2025-11-13T04:56:08.620+0000] {logging_mixin.py:188} INFO - [2025-11-13T04:56:08.620+0000] {dag.py:3036} INFO - Sync 1 DAGs
[2025-11-13T04:56:08.631+0000] {logging_mixin.py:188} INFO - [2025-11-13T04:56:08.630+0000] {dag.py:3823} INFO - Setting next_dagrun for erp_to_minio_bronze to 2025-11-13 00:00:00+00:00, run_after=2025-11-13 06:00:00+00:00
[2025-11-13T04:56:08.647+0000] {processor.py:183} INFO - Processing /opt/airflow/dags/erp_to_minio_bronze_dag.py took 0.140 seconds
[2025-11-13T04:56:38.804+0000] {processor.py:161} INFO - Started process (PID=15212) to work on /opt/airflow/dags/erp_to_minio_bronze_dag.py
[2025-11-13T04:56:38.805+0000] {processor.py:830} INFO - Processing file /opt/airflow/dags/erp_to_minio_bronze_dag.py for tasks to queue
[2025-11-13T04:56:38.807+0000] {logging_mixin.py:188} INFO - [2025-11-13T04:56:38.806+0000] {dagbag.py:538} INFO - Filling up the DagBag from /opt/airflow/dags/erp_to_minio_bronze_dag.py
[2025-11-13T04:56:38.872+0000] {processor.py:840} INFO - DAG(s) 'erp_to_minio_bronze' retrieved from /opt/airflow/dags/erp_to_minio_bronze_dag.py
[2025-11-13T04:56:38.887+0000] {logging_mixin.py:188} INFO - [2025-11-13T04:56:38.887+0000] {dag.py:3036} INFO - Sync 1 DAGs
[2025-11-13T04:56:38.899+0000] {logging_mixin.py:188} INFO - [2025-11-13T04:56:38.899+0000] {dag.py:3823} INFO - Setting next_dagrun for erp_to_minio_bronze to 2025-11-13 00:00:00+00:00, run_after=2025-11-13 06:00:00+00:00
[2025-11-13T04:56:38.916+0000] {processor.py:183} INFO - Processing /opt/airflow/dags/erp_to_minio_bronze_dag.py took 0.115 seconds
[2025-11-13T04:57:09.096+0000] {processor.py:161} INFO - Started process (PID=15214) to work on /opt/airflow/dags/erp_to_minio_bronze_dag.py
[2025-11-13T04:57:09.097+0000] {processor.py:830} INFO - Processing file /opt/airflow/dags/erp_to_minio_bronze_dag.py for tasks to queue
[2025-11-13T04:57:09.098+0000] {logging_mixin.py:188} INFO - [2025-11-13T04:57:09.097+0000] {dagbag.py:538} INFO - Filling up the DagBag from /opt/airflow/dags/erp_to_minio_bronze_dag.py
[2025-11-13T04:57:09.154+0000] {processor.py:840} INFO - DAG(s) 'erp_to_minio_bronze' retrieved from /opt/airflow/dags/erp_to_minio_bronze_dag.py
[2025-11-13T04:57:09.166+0000] {logging_mixin.py:188} INFO - [2025-11-13T04:57:09.165+0000] {dag.py:3036} INFO - Sync 1 DAGs
[2025-11-13T04:57:09.177+0000] {logging_mixin.py:188} INFO - [2025-11-13T04:57:09.177+0000] {dag.py:3823} INFO - Setting next_dagrun for erp_to_minio_bronze to 2025-11-13 00:00:00+00:00, run_after=2025-11-13 06:00:00+00:00
[2025-11-13T04:57:09.191+0000] {processor.py:183} INFO - Processing /opt/airflow/dags/erp_to_minio_bronze_dag.py took 0.098 seconds
[2025-11-13T04:57:39.389+0000] {processor.py:161} INFO - Started process (PID=15216) to work on /opt/airflow/dags/erp_to_minio_bronze_dag.py
[2025-11-13T04:57:39.390+0000] {processor.py:830} INFO - Processing file /opt/airflow/dags/erp_to_minio_bronze_dag.py for tasks to queue
[2025-11-13T04:57:39.391+0000] {logging_mixin.py:188} INFO - [2025-11-13T04:57:39.391+0000] {dagbag.py:538} INFO - Filling up the DagBag from /opt/airflow/dags/erp_to_minio_bronze_dag.py
[2025-11-13T04:57:39.443+0000] {processor.py:840} INFO - DAG(s) 'erp_to_minio_bronze' retrieved from /opt/airflow/dags/erp_to_minio_bronze_dag.py
[2025-11-13T04:57:39.456+0000] {logging_mixin.py:188} INFO - [2025-11-13T04:57:39.456+0000] {dag.py:3036} INFO - Sync 1 DAGs
[2025-11-13T04:57:39.466+0000] {logging_mixin.py:188} INFO - [2025-11-13T04:57:39.466+0000] {dag.py:3823} INFO - Setting next_dagrun for erp_to_minio_bronze to 2025-11-13 00:00:00+00:00, run_after=2025-11-13 06:00:00+00:00
[2025-11-13T04:57:39.480+0000] {processor.py:183} INFO - Processing /opt/airflow/dags/erp_to_minio_bronze_dag.py took 0.093 seconds
[2025-11-13T04:58:09.672+0000] {processor.py:161} INFO - Started process (PID=15218) to work on /opt/airflow/dags/erp_to_minio_bronze_dag.py
[2025-11-13T04:58:09.673+0000] {processor.py:830} INFO - Processing file /opt/airflow/dags/erp_to_minio_bronze_dag.py for tasks to queue
[2025-11-13T04:58:09.674+0000] {logging_mixin.py:188} INFO - [2025-11-13T04:58:09.674+0000] {dagbag.py:538} INFO - Filling up the DagBag from /opt/airflow/dags/erp_to_minio_bronze_dag.py
[2025-11-13T04:58:09.729+0000] {processor.py:840} INFO - DAG(s) 'erp_to_minio_bronze' retrieved from /opt/airflow/dags/erp_to_minio_bronze_dag.py
[2025-11-13T04:58:09.742+0000] {logging_mixin.py:188} INFO - [2025-11-13T04:58:09.742+0000] {dag.py:3036} INFO - Sync 1 DAGs
[2025-11-13T04:58:09.753+0000] {logging_mixin.py:188} INFO - [2025-11-13T04:58:09.753+0000] {dag.py:3823} INFO - Setting next_dagrun for erp_to_minio_bronze to 2025-11-13 00:00:00+00:00, run_after=2025-11-13 06:00:00+00:00
[2025-11-13T04:58:09.768+0000] {processor.py:183} INFO - Processing /opt/airflow/dags/erp_to_minio_bronze_dag.py took 0.099 seconds
[2025-11-13T04:58:39.987+0000] {processor.py:161} INFO - Started process (PID=15220) to work on /opt/airflow/dags/erp_to_minio_bronze_dag.py
[2025-11-13T04:58:39.988+0000] {processor.py:830} INFO - Processing file /opt/airflow/dags/erp_to_minio_bronze_dag.py for tasks to queue
[2025-11-13T04:58:39.989+0000] {logging_mixin.py:188} INFO - [2025-11-13T04:58:39.989+0000] {dagbag.py:538} INFO - Filling up the DagBag from /opt/airflow/dags/erp_to_minio_bronze_dag.py
[2025-11-13T04:58:40.038+0000] {processor.py:840} INFO - DAG(s) 'erp_to_minio_bronze' retrieved from /opt/airflow/dags/erp_to_minio_bronze_dag.py
[2025-11-13T04:58:40.051+0000] {logging_mixin.py:188} INFO - [2025-11-13T04:58:40.051+0000] {dag.py:3036} INFO - Sync 1 DAGs
[2025-11-13T04:58:40.063+0000] {logging_mixin.py:188} INFO - [2025-11-13T04:58:40.063+0000] {dag.py:3823} INFO - Setting next_dagrun for erp_to_minio_bronze to 2025-11-13 00:00:00+00:00, run_after=2025-11-13 06:00:00+00:00
[2025-11-13T04:58:40.076+0000] {processor.py:183} INFO - Processing /opt/airflow/dags/erp_to_minio_bronze_dag.py took 0.092 seconds
[2025-11-13T04:59:11.057+0000] {processor.py:161} INFO - Started process (PID=16454) to work on /opt/airflow/dags/erp_to_minio_bronze_dag.py
[2025-11-13T04:59:11.058+0000] {processor.py:830} INFO - Processing file /opt/airflow/dags/erp_to_minio_bronze_dag.py for tasks to queue
[2025-11-13T04:59:11.059+0000] {logging_mixin.py:188} INFO - [2025-11-13T04:59:11.059+0000] {dagbag.py:538} INFO - Filling up the DagBag from /opt/airflow/dags/erp_to_minio_bronze_dag.py
[2025-11-13T04:59:11.120+0000] {processor.py:840} INFO - DAG(s) 'erp_to_minio_bronze' retrieved from /opt/airflow/dags/erp_to_minio_bronze_dag.py
[2025-11-13T04:59:11.133+0000] {logging_mixin.py:188} INFO - [2025-11-13T04:59:11.132+0000] {dag.py:3036} INFO - Sync 1 DAGs
[2025-11-13T04:59:11.144+0000] {logging_mixin.py:188} INFO - [2025-11-13T04:59:11.144+0000] {dag.py:3823} INFO - Setting next_dagrun for erp_to_minio_bronze to 2025-11-13 00:00:00+00:00, run_after=2025-11-13 06:00:00+00:00
[2025-11-13T04:59:11.158+0000] {processor.py:183} INFO - Processing /opt/airflow/dags/erp_to_minio_bronze_dag.py took 0.103 seconds
[2025-11-13T04:59:42.234+0000] {processor.py:161} INFO - Started process (PID=16456) to work on /opt/airflow/dags/erp_to_minio_bronze_dag.py
[2025-11-13T04:59:42.235+0000] {processor.py:830} INFO - Processing file /opt/airflow/dags/erp_to_minio_bronze_dag.py for tasks to queue
[2025-11-13T04:59:42.236+0000] {logging_mixin.py:188} INFO - [2025-11-13T04:59:42.235+0000] {dagbag.py:538} INFO - Filling up the DagBag from /opt/airflow/dags/erp_to_minio_bronze_dag.py
[2025-11-13T04:59:42.288+0000] {processor.py:840} INFO - DAG(s) 'erp_to_minio_bronze' retrieved from /opt/airflow/dags/erp_to_minio_bronze_dag.py
[2025-11-13T04:59:42.300+0000] {logging_mixin.py:188} INFO - [2025-11-13T04:59:42.300+0000] {dag.py:3036} INFO - Sync 1 DAGs
[2025-11-13T04:59:42.310+0000] {logging_mixin.py:188} INFO - [2025-11-13T04:59:42.310+0000] {dag.py:3823} INFO - Setting next_dagrun for erp_to_minio_bronze to 2025-11-13 00:00:00+00:00, run_after=2025-11-13 06:00:00+00:00
[2025-11-13T04:59:42.325+0000] {processor.py:183} INFO - Processing /opt/airflow/dags/erp_to_minio_bronze_dag.py took 0.093 seconds
[2025-11-13T05:00:12.719+0000] {processor.py:161} INFO - Started process (PID=16458) to work on /opt/airflow/dags/erp_to_minio_bronze_dag.py
[2025-11-13T05:00:12.721+0000] {processor.py:830} INFO - Processing file /opt/airflow/dags/erp_to_minio_bronze_dag.py for tasks to queue
[2025-11-13T05:00:12.722+0000] {logging_mixin.py:188} INFO - [2025-11-13T05:00:12.721+0000] {dagbag.py:538} INFO - Filling up the DagBag from /opt/airflow/dags/erp_to_minio_bronze_dag.py
[2025-11-13T05:00:12.809+0000] {processor.py:840} INFO - DAG(s) 'erp_to_minio_bronze' retrieved from /opt/airflow/dags/erp_to_minio_bronze_dag.py
[2025-11-13T05:00:12.822+0000] {logging_mixin.py:188} INFO - [2025-11-13T05:00:12.822+0000] {dag.py:3036} INFO - Sync 1 DAGs
[2025-11-13T05:00:12.833+0000] {logging_mixin.py:188} INFO - [2025-11-13T05:00:12.833+0000] {dag.py:3823} INFO - Setting next_dagrun for erp_to_minio_bronze to 2025-11-13 00:00:00+00:00, run_after=2025-11-13 06:00:00+00:00
[2025-11-13T05:00:12.848+0000] {processor.py:183} INFO - Processing /opt/airflow/dags/erp_to_minio_bronze_dag.py took 0.132 seconds
[2025-11-13T05:00:43.002+0000] {processor.py:161} INFO - Started process (PID=16460) to work on /opt/airflow/dags/erp_to_minio_bronze_dag.py
[2025-11-13T05:00:43.003+0000] {processor.py:830} INFO - Processing file /opt/airflow/dags/erp_to_minio_bronze_dag.py for tasks to queue
[2025-11-13T05:00:43.004+0000] {logging_mixin.py:188} INFO - [2025-11-13T05:00:43.004+0000] {dagbag.py:538} INFO - Filling up the DagBag from /opt/airflow/dags/erp_to_minio_bronze_dag.py
[2025-11-13T05:00:43.063+0000] {processor.py:840} INFO - DAG(s) 'erp_to_minio_bronze' retrieved from /opt/airflow/dags/erp_to_minio_bronze_dag.py
[2025-11-13T05:00:43.075+0000] {logging_mixin.py:188} INFO - [2025-11-13T05:00:43.075+0000] {dag.py:3036} INFO - Sync 1 DAGs
[2025-11-13T05:00:43.085+0000] {logging_mixin.py:188} INFO - [2025-11-13T05:00:43.084+0000] {dag.py:3823} INFO - Setting next_dagrun for erp_to_minio_bronze to 2025-11-13 00:00:00+00:00, run_after=2025-11-13 06:00:00+00:00
[2025-11-13T05:00:43.099+0000] {processor.py:183} INFO - Processing /opt/airflow/dags/erp_to_minio_bronze_dag.py took 0.099 seconds
[2025-11-13T05:01:13.296+0000] {processor.py:161} INFO - Started process (PID=16462) to work on /opt/airflow/dags/erp_to_minio_bronze_dag.py
[2025-11-13T05:01:13.297+0000] {processor.py:830} INFO - Processing file /opt/airflow/dags/erp_to_minio_bronze_dag.py for tasks to queue
[2025-11-13T05:01:13.298+0000] {logging_mixin.py:188} INFO - [2025-11-13T05:01:13.298+0000] {dagbag.py:538} INFO - Filling up the DagBag from /opt/airflow/dags/erp_to_minio_bronze_dag.py
[2025-11-13T05:01:13.400+0000] {processor.py:840} INFO - DAG(s) 'erp_to_minio_bronze' retrieved from /opt/airflow/dags/erp_to_minio_bronze_dag.py
[2025-11-13T05:01:13.414+0000] {logging_mixin.py:188} INFO - [2025-11-13T05:01:13.414+0000] {dag.py:3036} INFO - Sync 1 DAGs
[2025-11-13T05:01:13.426+0000] {logging_mixin.py:188} INFO - [2025-11-13T05:01:13.425+0000] {dag.py:3823} INFO - Setting next_dagrun for erp_to_minio_bronze to 2025-11-13 00:00:00+00:00, run_after=2025-11-13 06:00:00+00:00
[2025-11-13T05:01:13.440+0000] {processor.py:183} INFO - Processing /opt/airflow/dags/erp_to_minio_bronze_dag.py took 0.147 seconds
[2025-11-13T05:01:43.557+0000] {processor.py:161} INFO - Started process (PID=16464) to work on /opt/airflow/dags/erp_to_minio_bronze_dag.py
[2025-11-13T05:01:43.559+0000] {processor.py:830} INFO - Processing file /opt/airflow/dags/erp_to_minio_bronze_dag.py for tasks to queue
[2025-11-13T05:01:43.560+0000] {logging_mixin.py:188} INFO - [2025-11-13T05:01:43.560+0000] {dagbag.py:538} INFO - Filling up the DagBag from /opt/airflow/dags/erp_to_minio_bronze_dag.py
[2025-11-13T05:01:43.624+0000] {processor.py:840} INFO - DAG(s) 'erp_to_minio_bronze' retrieved from /opt/airflow/dags/erp_to_minio_bronze_dag.py
[2025-11-13T05:01:43.636+0000] {logging_mixin.py:188} INFO - [2025-11-13T05:01:43.636+0000] {dag.py:3036} INFO - Sync 1 DAGs
[2025-11-13T05:01:43.648+0000] {logging_mixin.py:188} INFO - [2025-11-13T05:01:43.648+0000] {dag.py:3823} INFO - Setting next_dagrun for erp_to_minio_bronze to 2025-11-13 00:00:00+00:00, run_after=2025-11-13 06:00:00+00:00
[2025-11-13T05:01:43.666+0000] {processor.py:183} INFO - Processing /opt/airflow/dags/erp_to_minio_bronze_dag.py took 0.110 seconds
[2025-11-13T05:02:13.811+0000] {processor.py:161} INFO - Started process (PID=16466) to work on /opt/airflow/dags/erp_to_minio_bronze_dag.py
[2025-11-13T05:02:13.812+0000] {processor.py:830} INFO - Processing file /opt/airflow/dags/erp_to_minio_bronze_dag.py for tasks to queue
[2025-11-13T05:02:13.813+0000] {logging_mixin.py:188} INFO - [2025-11-13T05:02:13.813+0000] {dagbag.py:538} INFO - Filling up the DagBag from /opt/airflow/dags/erp_to_minio_bronze_dag.py
[2025-11-13T05:02:13.867+0000] {processor.py:840} INFO - DAG(s) 'erp_to_minio_bronze' retrieved from /opt/airflow/dags/erp_to_minio_bronze_dag.py
[2025-11-13T05:02:13.880+0000] {logging_mixin.py:188} INFO - [2025-11-13T05:02:13.879+0000] {dag.py:3036} INFO - Sync 1 DAGs
[2025-11-13T05:02:13.891+0000] {logging_mixin.py:188} INFO - [2025-11-13T05:02:13.891+0000] {dag.py:3823} INFO - Setting next_dagrun for erp_to_minio_bronze to 2025-11-13 00:00:00+00:00, run_after=2025-11-13 06:00:00+00:00
[2025-11-13T05:02:13.907+0000] {processor.py:183} INFO - Processing /opt/airflow/dags/erp_to_minio_bronze_dag.py took 0.099 seconds
[2025-11-13T05:02:44.066+0000] {processor.py:161} INFO - Started process (PID=16468) to work on /opt/airflow/dags/erp_to_minio_bronze_dag.py
[2025-11-13T05:02:44.068+0000] {processor.py:830} INFO - Processing file /opt/airflow/dags/erp_to_minio_bronze_dag.py for tasks to queue
[2025-11-13T05:02:44.069+0000] {logging_mixin.py:188} INFO - [2025-11-13T05:02:44.068+0000] {dagbag.py:538} INFO - Filling up the DagBag from /opt/airflow/dags/erp_to_minio_bronze_dag.py
[2025-11-13T05:02:44.126+0000] {processor.py:840} INFO - DAG(s) 'erp_to_minio_bronze' retrieved from /opt/airflow/dags/erp_to_minio_bronze_dag.py
[2025-11-13T05:02:44.140+0000] {logging_mixin.py:188} INFO - [2025-11-13T05:02:44.140+0000] {dag.py:3036} INFO - Sync 1 DAGs
[2025-11-13T05:02:44.152+0000] {logging_mixin.py:188} INFO - [2025-11-13T05:02:44.152+0000] {dag.py:3823} INFO - Setting next_dagrun for erp_to_minio_bronze to 2025-11-13 00:00:00+00:00, run_after=2025-11-13 06:00:00+00:00
[2025-11-13T05:02:44.168+0000] {processor.py:183} INFO - Processing /opt/airflow/dags/erp_to_minio_bronze_dag.py took 0.104 seconds
[2025-11-13T05:03:14.330+0000] {processor.py:161} INFO - Started process (PID=16470) to work on /opt/airflow/dags/erp_to_minio_bronze_dag.py
[2025-11-13T05:03:14.331+0000] {processor.py:830} INFO - Processing file /opt/airflow/dags/erp_to_minio_bronze_dag.py for tasks to queue
[2025-11-13T05:03:14.333+0000] {logging_mixin.py:188} INFO - [2025-11-13T05:03:14.332+0000] {dagbag.py:538} INFO - Filling up the DagBag from /opt/airflow/dags/erp_to_minio_bronze_dag.py
[2025-11-13T05:03:14.387+0000] {processor.py:840} INFO - DAG(s) 'erp_to_minio_bronze' retrieved from /opt/airflow/dags/erp_to_minio_bronze_dag.py
[2025-11-13T05:03:14.401+0000] {logging_mixin.py:188} INFO - [2025-11-13T05:03:14.401+0000] {dag.py:3036} INFO - Sync 1 DAGs
[2025-11-13T05:03:14.412+0000] {logging_mixin.py:188} INFO - [2025-11-13T05:03:14.412+0000] {dag.py:3823} INFO - Setting next_dagrun for erp_to_minio_bronze to 2025-11-13 00:00:00+00:00, run_after=2025-11-13 06:00:00+00:00
[2025-11-13T05:03:14.426+0000] {processor.py:183} INFO - Processing /opt/airflow/dags/erp_to_minio_bronze_dag.py took 0.098 seconds
[2025-11-13T05:03:44.581+0000] {processor.py:161} INFO - Started process (PID=16472) to work on /opt/airflow/dags/erp_to_minio_bronze_dag.py
[2025-11-13T05:03:44.582+0000] {processor.py:830} INFO - Processing file /opt/airflow/dags/erp_to_minio_bronze_dag.py for tasks to queue
[2025-11-13T05:03:44.583+0000] {logging_mixin.py:188} INFO - [2025-11-13T05:03:44.583+0000] {dagbag.py:538} INFO - Filling up the DagBag from /opt/airflow/dags/erp_to_minio_bronze_dag.py
[2025-11-13T05:03:44.633+0000] {processor.py:840} INFO - DAG(s) 'erp_to_minio_bronze' retrieved from /opt/airflow/dags/erp_to_minio_bronze_dag.py
[2025-11-13T05:03:44.647+0000] {logging_mixin.py:188} INFO - [2025-11-13T05:03:44.647+0000] {dag.py:3036} INFO - Sync 1 DAGs
[2025-11-13T05:03:44.657+0000] {logging_mixin.py:188} INFO - [2025-11-13T05:03:44.657+0000] {dag.py:3823} INFO - Setting next_dagrun for erp_to_minio_bronze to 2025-11-13 00:00:00+00:00, run_after=2025-11-13 06:00:00+00:00
[2025-11-13T05:03:44.674+0000] {processor.py:183} INFO - Processing /opt/airflow/dags/erp_to_minio_bronze_dag.py took 0.095 seconds
[2025-11-13T05:04:14.840+0000] {processor.py:161} INFO - Started process (PID=16474) to work on /opt/airflow/dags/erp_to_minio_bronze_dag.py
[2025-11-13T05:04:14.841+0000] {processor.py:830} INFO - Processing file /opt/airflow/dags/erp_to_minio_bronze_dag.py for tasks to queue
[2025-11-13T05:04:14.842+0000] {logging_mixin.py:188} INFO - [2025-11-13T05:04:14.842+0000] {dagbag.py:538} INFO - Filling up the DagBag from /opt/airflow/dags/erp_to_minio_bronze_dag.py
[2025-11-13T05:04:14.897+0000] {processor.py:840} INFO - DAG(s) 'erp_to_minio_bronze' retrieved from /opt/airflow/dags/erp_to_minio_bronze_dag.py
[2025-11-13T05:04:14.910+0000] {logging_mixin.py:188} INFO - [2025-11-13T05:04:14.909+0000] {dag.py:3036} INFO - Sync 1 DAGs
[2025-11-13T05:04:14.921+0000] {logging_mixin.py:188} INFO - [2025-11-13T05:04:14.921+0000] {dag.py:3823} INFO - Setting next_dagrun for erp_to_minio_bronze to 2025-11-13 00:00:00+00:00, run_after=2025-11-13 06:00:00+00:00
[2025-11-13T05:04:14.935+0000] {processor.py:183} INFO - Processing /opt/airflow/dags/erp_to_minio_bronze_dag.py took 0.097 seconds
[2025-11-13T05:04:45.097+0000] {processor.py:161} INFO - Started process (PID=16476) to work on /opt/airflow/dags/erp_to_minio_bronze_dag.py
[2025-11-13T05:04:45.099+0000] {processor.py:830} INFO - Processing file /opt/airflow/dags/erp_to_minio_bronze_dag.py for tasks to queue
[2025-11-13T05:04:45.100+0000] {logging_mixin.py:188} INFO - [2025-11-13T05:04:45.099+0000] {dagbag.py:538} INFO - Filling up the DagBag from /opt/airflow/dags/erp_to_minio_bronze_dag.py
[2025-11-13T05:04:45.162+0000] {processor.py:840} INFO - DAG(s) 'erp_to_minio_bronze' retrieved from /opt/airflow/dags/erp_to_minio_bronze_dag.py
[2025-11-13T05:04:45.178+0000] {logging_mixin.py:188} INFO - [2025-11-13T05:04:45.177+0000] {dag.py:3036} INFO - Sync 1 DAGs
[2025-11-13T05:04:45.191+0000] {logging_mixin.py:188} INFO - [2025-11-13T05:04:45.191+0000] {dag.py:3823} INFO - Setting next_dagrun for erp_to_minio_bronze to 2025-11-13 00:00:00+00:00, run_after=2025-11-13 06:00:00+00:00
[2025-11-13T05:04:45.206+0000] {processor.py:183} INFO - Processing /opt/airflow/dags/erp_to_minio_bronze_dag.py took 0.111 seconds
[2025-11-13T05:05:15.387+0000] {processor.py:161} INFO - Started process (PID=16478) to work on /opt/airflow/dags/erp_to_minio_bronze_dag.py
[2025-11-13T05:05:15.388+0000] {processor.py:830} INFO - Processing file /opt/airflow/dags/erp_to_minio_bronze_dag.py for tasks to queue
[2025-11-13T05:05:15.389+0000] {logging_mixin.py:188} INFO - [2025-11-13T05:05:15.389+0000] {dagbag.py:538} INFO - Filling up the DagBag from /opt/airflow/dags/erp_to_minio_bronze_dag.py
[2025-11-13T05:05:15.444+0000] {processor.py:840} INFO - DAG(s) 'erp_to_minio_bronze' retrieved from /opt/airflow/dags/erp_to_minio_bronze_dag.py
[2025-11-13T05:05:15.458+0000] {logging_mixin.py:188} INFO - [2025-11-13T05:05:15.458+0000] {dag.py:3036} INFO - Sync 1 DAGs
[2025-11-13T05:05:15.470+0000] {logging_mixin.py:188} INFO - [2025-11-13T05:05:15.470+0000] {dag.py:3823} INFO - Setting next_dagrun for erp_to_minio_bronze to 2025-11-13 00:00:00+00:00, run_after=2025-11-13 06:00:00+00:00
[2025-11-13T05:05:15.488+0000] {processor.py:183} INFO - Processing /opt/airflow/dags/erp_to_minio_bronze_dag.py took 0.103 seconds
[2025-11-13T05:05:45.639+0000] {processor.py:161} INFO - Started process (PID=16480) to work on /opt/airflow/dags/erp_to_minio_bronze_dag.py
[2025-11-13T05:05:45.640+0000] {processor.py:830} INFO - Processing file /opt/airflow/dags/erp_to_minio_bronze_dag.py for tasks to queue
[2025-11-13T05:05:45.641+0000] {logging_mixin.py:188} INFO - [2025-11-13T05:05:45.641+0000] {dagbag.py:538} INFO - Filling up the DagBag from /opt/airflow/dags/erp_to_minio_bronze_dag.py
[2025-11-13T05:05:45.688+0000] {processor.py:840} INFO - DAG(s) 'erp_to_minio_bronze' retrieved from /opt/airflow/dags/erp_to_minio_bronze_dag.py
[2025-11-13T05:05:45.702+0000] {logging_mixin.py:188} INFO - [2025-11-13T05:05:45.702+0000] {dag.py:3036} INFO - Sync 1 DAGs
[2025-11-13T05:05:45.714+0000] {logging_mixin.py:188} INFO - [2025-11-13T05:05:45.713+0000] {dag.py:3823} INFO - Setting next_dagrun for erp_to_minio_bronze to 2025-11-13 00:00:00+00:00, run_after=2025-11-13 06:00:00+00:00
[2025-11-13T05:05:45.730+0000] {processor.py:183} INFO - Processing /opt/airflow/dags/erp_to_minio_bronze_dag.py took 0.093 seconds
[2025-11-13T05:06:15.918+0000] {processor.py:161} INFO - Started process (PID=16482) to work on /opt/airflow/dags/erp_to_minio_bronze_dag.py
[2025-11-13T05:06:15.919+0000] {processor.py:830} INFO - Processing file /opt/airflow/dags/erp_to_minio_bronze_dag.py for tasks to queue
[2025-11-13T05:06:15.920+0000] {logging_mixin.py:188} INFO - [2025-11-13T05:06:15.920+0000] {dagbag.py:538} INFO - Filling up the DagBag from /opt/airflow/dags/erp_to_minio_bronze_dag.py
[2025-11-13T05:06:15.984+0000] {processor.py:840} INFO - DAG(s) 'erp_to_minio_bronze' retrieved from /opt/airflow/dags/erp_to_minio_bronze_dag.py
[2025-11-13T05:06:15.998+0000] {logging_mixin.py:188} INFO - [2025-11-13T05:06:15.997+0000] {dag.py:3036} INFO - Sync 1 DAGs
[2025-11-13T05:06:16.008+0000] {logging_mixin.py:188} INFO - [2025-11-13T05:06:16.008+0000] {dag.py:3823} INFO - Setting next_dagrun for erp_to_minio_bronze to 2025-11-13 00:00:00+00:00, run_after=2025-11-13 06:00:00+00:00
[2025-11-13T05:06:16.022+0000] {processor.py:183} INFO - Processing /opt/airflow/dags/erp_to_minio_bronze_dag.py took 0.106 seconds
[2025-11-13T05:06:46.171+0000] {processor.py:161} INFO - Started process (PID=16484) to work on /opt/airflow/dags/erp_to_minio_bronze_dag.py
[2025-11-13T05:06:46.171+0000] {processor.py:830} INFO - Processing file /opt/airflow/dags/erp_to_minio_bronze_dag.py for tasks to queue
[2025-11-13T05:06:46.172+0000] {logging_mixin.py:188} INFO - [2025-11-13T05:06:46.172+0000] {dagbag.py:538} INFO - Filling up the DagBag from /opt/airflow/dags/erp_to_minio_bronze_dag.py
[2025-11-13T05:06:46.225+0000] {processor.py:840} INFO - DAG(s) 'erp_to_minio_bronze' retrieved from /opt/airflow/dags/erp_to_minio_bronze_dag.py
[2025-11-13T05:06:46.239+0000] {logging_mixin.py:188} INFO - [2025-11-13T05:06:46.239+0000] {dag.py:3036} INFO - Sync 1 DAGs
[2025-11-13T05:06:46.251+0000] {logging_mixin.py:188} INFO - [2025-11-13T05:06:46.251+0000] {dag.py:3823} INFO - Setting next_dagrun for erp_to_minio_bronze to 2025-11-13 00:00:00+00:00, run_after=2025-11-13 06:00:00+00:00
[2025-11-13T05:06:46.267+0000] {processor.py:183} INFO - Processing /opt/airflow/dags/erp_to_minio_bronze_dag.py took 0.099 seconds
[2025-11-13T05:07:16.452+0000] {processor.py:161} INFO - Started process (PID=16486) to work on /opt/airflow/dags/erp_to_minio_bronze_dag.py
[2025-11-13T05:07:16.454+0000] {processor.py:830} INFO - Processing file /opt/airflow/dags/erp_to_minio_bronze_dag.py for tasks to queue
[2025-11-13T05:07:16.455+0000] {logging_mixin.py:188} INFO - [2025-11-13T05:07:16.454+0000] {dagbag.py:538} INFO - Filling up the DagBag from /opt/airflow/dags/erp_to_minio_bronze_dag.py
[2025-11-13T05:07:16.513+0000] {processor.py:840} INFO - DAG(s) 'erp_to_minio_bronze' retrieved from /opt/airflow/dags/erp_to_minio_bronze_dag.py
[2025-11-13T05:07:16.526+0000] {logging_mixin.py:188} INFO - [2025-11-13T05:07:16.526+0000] {dag.py:3036} INFO - Sync 1 DAGs
[2025-11-13T05:07:16.537+0000] {logging_mixin.py:188} INFO - [2025-11-13T05:07:16.537+0000] {dag.py:3823} INFO - Setting next_dagrun for erp_to_minio_bronze to 2025-11-13 00:00:00+00:00, run_after=2025-11-13 06:00:00+00:00
[2025-11-13T05:07:16.553+0000] {processor.py:183} INFO - Processing /opt/airflow/dags/erp_to_minio_bronze_dag.py took 0.103 seconds
[2025-11-13T05:07:46.709+0000] {processor.py:161} INFO - Started process (PID=16488) to work on /opt/airflow/dags/erp_to_minio_bronze_dag.py
[2025-11-13T05:07:46.710+0000] {processor.py:830} INFO - Processing file /opt/airflow/dags/erp_to_minio_bronze_dag.py for tasks to queue
[2025-11-13T05:07:46.711+0000] {logging_mixin.py:188} INFO - [2025-11-13T05:07:46.711+0000] {dagbag.py:538} INFO - Filling up the DagBag from /opt/airflow/dags/erp_to_minio_bronze_dag.py
[2025-11-13T05:07:46.769+0000] {processor.py:840} INFO - DAG(s) 'erp_to_minio_bronze' retrieved from /opt/airflow/dags/erp_to_minio_bronze_dag.py
[2025-11-13T05:07:46.782+0000] {logging_mixin.py:188} INFO - [2025-11-13T05:07:46.781+0000] {dag.py:3036} INFO - Sync 1 DAGs
[2025-11-13T05:07:46.793+0000] {logging_mixin.py:188} INFO - [2025-11-13T05:07:46.792+0000] {dag.py:3823} INFO - Setting next_dagrun for erp_to_minio_bronze to 2025-11-13 00:00:00+00:00, run_after=2025-11-13 06:00:00+00:00
[2025-11-13T05:07:46.810+0000] {processor.py:183} INFO - Processing /opt/airflow/dags/erp_to_minio_bronze_dag.py took 0.104 seconds
[2025-11-13T05:08:16.963+0000] {processor.py:161} INFO - Started process (PID=16490) to work on /opt/airflow/dags/erp_to_minio_bronze_dag.py
[2025-11-13T05:08:16.965+0000] {processor.py:830} INFO - Processing file /opt/airflow/dags/erp_to_minio_bronze_dag.py for tasks to queue
[2025-11-13T05:08:16.966+0000] {logging_mixin.py:188} INFO - [2025-11-13T05:08:16.965+0000] {dagbag.py:538} INFO - Filling up the DagBag from /opt/airflow/dags/erp_to_minio_bronze_dag.py
[2025-11-13T05:08:17.024+0000] {processor.py:840} INFO - DAG(s) 'erp_to_minio_bronze' retrieved from /opt/airflow/dags/erp_to_minio_bronze_dag.py
[2025-11-13T05:08:17.040+0000] {logging_mixin.py:188} INFO - [2025-11-13T05:08:17.040+0000] {dag.py:3036} INFO - Sync 1 DAGs
[2025-11-13T05:08:17.053+0000] {logging_mixin.py:188} INFO - [2025-11-13T05:08:17.052+0000] {dag.py:3823} INFO - Setting next_dagrun for erp_to_minio_bronze to 2025-11-13 00:00:00+00:00, run_after=2025-11-13 06:00:00+00:00
[2025-11-13T05:08:17.071+0000] {processor.py:183} INFO - Processing /opt/airflow/dags/erp_to_minio_bronze_dag.py took 0.110 seconds
