[2025-11-13T01:04:17.643+0000] {processor.py:161} INFO - Started process (PID=120) to work on /opt/airflow/dags/transform_silver_gold_dbt_dag.py
[2025-11-13T01:04:17.645+0000] {processor.py:830} INFO - Processing file /opt/airflow/dags/transform_silver_gold_dbt_dag.py for tasks to queue
[2025-11-13T01:04:17.646+0000] {logging_mixin.py:188} INFO - [2025-11-13T01:04:17.645+0000] {dagbag.py:538} INFO - Filling up the DagBag from /opt/airflow/dags/transform_silver_gold_dbt_dag.py
[2025-11-13T01:04:17.669+0000] {processor.py:840} INFO - DAG(s) 'transform_bronze_to_silver_gold' retrieved from /opt/airflow/dags/transform_silver_gold_dbt_dag.py
[2025-11-13T01:04:17.677+0000] {logging_mixin.py:188} INFO - [2025-11-13T01:04:17.676+0000] {dag.py:3036} INFO - Sync 1 DAGs
[2025-11-13T01:04:17.690+0000] {logging_mixin.py:188} INFO - [2025-11-13T01:04:17.690+0000] {dag.py:3823} INFO - Setting next_dagrun for transform_bronze_to_silver_gold to 2025-11-12 18:00:00+00:00, run_after=2025-11-13 00:00:00+00:00
[2025-11-13T01:04:17.707+0000] {processor.py:183} INFO - Processing /opt/airflow/dags/transform_silver_gold_dbt_dag.py took 0.066 seconds
[2025-11-13T01:04:48.742+0000] {processor.py:161} INFO - Started process (PID=127) to work on /opt/airflow/dags/transform_silver_gold_dbt_dag.py
[2025-11-13T01:04:48.743+0000] {processor.py:830} INFO - Processing file /opt/airflow/dags/transform_silver_gold_dbt_dag.py for tasks to queue
[2025-11-13T01:04:48.744+0000] {logging_mixin.py:188} INFO - [2025-11-13T01:04:48.744+0000] {dagbag.py:538} INFO - Filling up the DagBag from /opt/airflow/dags/transform_silver_gold_dbt_dag.py
[2025-11-13T01:04:48.762+0000] {processor.py:840} INFO - DAG(s) 'transform_bronze_to_silver_gold' retrieved from /opt/airflow/dags/transform_silver_gold_dbt_dag.py
[2025-11-13T01:04:48.813+0000] {logging_mixin.py:188} INFO - [2025-11-13T01:04:48.813+0000] {dag.py:3036} INFO - Sync 1 DAGs
[2025-11-13T01:04:48.823+0000] {logging_mixin.py:188} INFO - [2025-11-13T01:04:48.823+0000] {dag.py:3823} INFO - Setting next_dagrun for transform_bronze_to_silver_gold to 2025-11-12 18:00:00+00:00, run_after=2025-11-13 00:00:00+00:00
[2025-11-13T01:04:48.836+0000] {processor.py:183} INFO - Processing /opt/airflow/dags/transform_silver_gold_dbt_dag.py took 0.097 seconds
[2025-11-13T01:05:19.961+0000] {processor.py:161} INFO - Started process (PID=129) to work on /opt/airflow/dags/transform_silver_gold_dbt_dag.py
[2025-11-13T01:05:19.963+0000] {processor.py:830} INFO - Processing file /opt/airflow/dags/transform_silver_gold_dbt_dag.py for tasks to queue
[2025-11-13T01:05:19.964+0000] {logging_mixin.py:188} INFO - [2025-11-13T01:05:19.963+0000] {dagbag.py:538} INFO - Filling up the DagBag from /opt/airflow/dags/transform_silver_gold_dbt_dag.py
[2025-11-13T01:05:19.988+0000] {processor.py:840} INFO - DAG(s) 'transform_bronze_to_silver_gold' retrieved from /opt/airflow/dags/transform_silver_gold_dbt_dag.py
[2025-11-13T01:05:20.001+0000] {logging_mixin.py:188} INFO - [2025-11-13T01:05:20.001+0000] {dag.py:3036} INFO - Sync 1 DAGs
[2025-11-13T01:05:20.012+0000] {logging_mixin.py:188} INFO - [2025-11-13T01:05:20.012+0000] {dag.py:3823} INFO - Setting next_dagrun for transform_bronze_to_silver_gold to 2025-11-12 18:00:00+00:00, run_after=2025-11-13 00:00:00+00:00
[2025-11-13T01:05:20.032+0000] {processor.py:183} INFO - Processing /opt/airflow/dags/transform_silver_gold_dbt_dag.py took 0.072 seconds
[2025-11-13T01:05:51.149+0000] {processor.py:161} INFO - Started process (PID=131) to work on /opt/airflow/dags/transform_silver_gold_dbt_dag.py
[2025-11-13T01:05:51.151+0000] {processor.py:830} INFO - Processing file /opt/airflow/dags/transform_silver_gold_dbt_dag.py for tasks to queue
[2025-11-13T01:05:51.152+0000] {logging_mixin.py:188} INFO - [2025-11-13T01:05:51.152+0000] {dagbag.py:538} INFO - Filling up the DagBag from /opt/airflow/dags/transform_silver_gold_dbt_dag.py
[2025-11-13T01:05:51.170+0000] {processor.py:840} INFO - DAG(s) 'transform_bronze_to_silver_gold' retrieved from /opt/airflow/dags/transform_silver_gold_dbt_dag.py
[2025-11-13T01:05:51.182+0000] {logging_mixin.py:188} INFO - [2025-11-13T01:05:51.182+0000] {dag.py:3036} INFO - Sync 1 DAGs
[2025-11-13T01:05:51.193+0000] {logging_mixin.py:188} INFO - [2025-11-13T01:05:51.192+0000] {dag.py:3823} INFO - Setting next_dagrun for transform_bronze_to_silver_gold to 2025-11-12 18:00:00+00:00, run_after=2025-11-13 00:00:00+00:00
[2025-11-13T01:05:51.207+0000] {processor.py:183} INFO - Processing /opt/airflow/dags/transform_silver_gold_dbt_dag.py took 0.060 seconds
[2025-11-13T01:06:22.057+0000] {processor.py:161} INFO - Started process (PID=133) to work on /opt/airflow/dags/transform_silver_gold_dbt_dag.py
[2025-11-13T01:06:22.058+0000] {processor.py:830} INFO - Processing file /opt/airflow/dags/transform_silver_gold_dbt_dag.py for tasks to queue
[2025-11-13T01:06:22.059+0000] {logging_mixin.py:188} INFO - [2025-11-13T01:06:22.059+0000] {dagbag.py:538} INFO - Filling up the DagBag from /opt/airflow/dags/transform_silver_gold_dbt_dag.py
[2025-11-13T01:06:22.077+0000] {processor.py:840} INFO - DAG(s) 'transform_bronze_to_silver_gold' retrieved from /opt/airflow/dags/transform_silver_gold_dbt_dag.py
[2025-11-13T01:06:22.091+0000] {logging_mixin.py:188} INFO - [2025-11-13T01:06:22.090+0000] {dag.py:3036} INFO - Sync 1 DAGs
[2025-11-13T01:06:22.102+0000] {logging_mixin.py:188} INFO - [2025-11-13T01:06:22.102+0000] {dag.py:3823} INFO - Setting next_dagrun for transform_bronze_to_silver_gold to 2025-11-12 18:00:00+00:00, run_after=2025-11-13 00:00:00+00:00
[2025-11-13T01:06:22.134+0000] {processor.py:183} INFO - Processing /opt/airflow/dags/transform_silver_gold_dbt_dag.py took 0.079 seconds
[2025-11-13T01:06:52.355+0000] {processor.py:161} INFO - Started process (PID=135) to work on /opt/airflow/dags/transform_silver_gold_dbt_dag.py
[2025-11-13T01:06:52.356+0000] {processor.py:830} INFO - Processing file /opt/airflow/dags/transform_silver_gold_dbt_dag.py for tasks to queue
[2025-11-13T01:06:52.356+0000] {logging_mixin.py:188} INFO - [2025-11-13T01:06:52.356+0000] {dagbag.py:538} INFO - Filling up the DagBag from /opt/airflow/dags/transform_silver_gold_dbt_dag.py
[2025-11-13T01:06:52.379+0000] {processor.py:840} INFO - DAG(s) 'transform_bronze_to_silver_gold' retrieved from /opt/airflow/dags/transform_silver_gold_dbt_dag.py
[2025-11-13T01:06:52.391+0000] {logging_mixin.py:188} INFO - [2025-11-13T01:06:52.391+0000] {dag.py:3036} INFO - Sync 1 DAGs
[2025-11-13T01:06:52.402+0000] {logging_mixin.py:188} INFO - [2025-11-13T01:06:52.402+0000] {dag.py:3823} INFO - Setting next_dagrun for transform_bronze_to_silver_gold to 2025-11-12 18:00:00+00:00, run_after=2025-11-13 00:00:00+00:00
[2025-11-13T01:06:52.417+0000] {processor.py:183} INFO - Processing /opt/airflow/dags/transform_silver_gold_dbt_dag.py took 0.065 seconds
[2025-11-13T01:07:22.641+0000] {processor.py:161} INFO - Started process (PID=137) to work on /opt/airflow/dags/transform_silver_gold_dbt_dag.py
[2025-11-13T01:07:22.642+0000] {processor.py:830} INFO - Processing file /opt/airflow/dags/transform_silver_gold_dbt_dag.py for tasks to queue
[2025-11-13T01:07:22.643+0000] {logging_mixin.py:188} INFO - [2025-11-13T01:07:22.642+0000] {dagbag.py:538} INFO - Filling up the DagBag from /opt/airflow/dags/transform_silver_gold_dbt_dag.py
[2025-11-13T01:07:22.665+0000] {processor.py:840} INFO - DAG(s) 'transform_bronze_to_silver_gold' retrieved from /opt/airflow/dags/transform_silver_gold_dbt_dag.py
[2025-11-13T01:07:22.678+0000] {logging_mixin.py:188} INFO - [2025-11-13T01:07:22.678+0000] {dag.py:3036} INFO - Sync 1 DAGs
[2025-11-13T01:07:22.688+0000] {logging_mixin.py:188} INFO - [2025-11-13T01:07:22.688+0000] {dag.py:3823} INFO - Setting next_dagrun for transform_bronze_to_silver_gold to 2025-11-12 18:00:00+00:00, run_after=2025-11-13 00:00:00+00:00
[2025-11-13T01:07:22.717+0000] {processor.py:183} INFO - Processing /opt/airflow/dags/transform_silver_gold_dbt_dag.py took 0.079 seconds
[2025-11-13T01:07:52.962+0000] {processor.py:161} INFO - Started process (PID=139) to work on /opt/airflow/dags/transform_silver_gold_dbt_dag.py
[2025-11-13T01:07:52.964+0000] {processor.py:830} INFO - Processing file /opt/airflow/dags/transform_silver_gold_dbt_dag.py for tasks to queue
[2025-11-13T01:07:52.965+0000] {logging_mixin.py:188} INFO - [2025-11-13T01:07:52.964+0000] {dagbag.py:538} INFO - Filling up the DagBag from /opt/airflow/dags/transform_silver_gold_dbt_dag.py
[2025-11-13T01:07:52.987+0000] {processor.py:840} INFO - DAG(s) 'transform_bronze_to_silver_gold' retrieved from /opt/airflow/dags/transform_silver_gold_dbt_dag.py
[2025-11-13T01:07:52.998+0000] {logging_mixin.py:188} INFO - [2025-11-13T01:07:52.998+0000] {dag.py:3036} INFO - Sync 1 DAGs
[2025-11-13T01:07:53.008+0000] {logging_mixin.py:188} INFO - [2025-11-13T01:07:53.008+0000] {dag.py:3823} INFO - Setting next_dagrun for transform_bronze_to_silver_gold to 2025-11-12 18:00:00+00:00, run_after=2025-11-13 00:00:00+00:00
[2025-11-13T01:07:53.025+0000] {processor.py:183} INFO - Processing /opt/airflow/dags/transform_silver_gold_dbt_dag.py took 0.064 seconds
[2025-11-13T01:08:23.271+0000] {processor.py:161} INFO - Started process (PID=141) to work on /opt/airflow/dags/transform_silver_gold_dbt_dag.py
[2025-11-13T01:08:23.273+0000] {processor.py:830} INFO - Processing file /opt/airflow/dags/transform_silver_gold_dbt_dag.py for tasks to queue
[2025-11-13T01:08:23.274+0000] {logging_mixin.py:188} INFO - [2025-11-13T01:08:23.274+0000] {dagbag.py:538} INFO - Filling up the DagBag from /opt/airflow/dags/transform_silver_gold_dbt_dag.py
[2025-11-13T01:08:23.299+0000] {processor.py:840} INFO - DAG(s) 'transform_bronze_to_silver_gold' retrieved from /opt/airflow/dags/transform_silver_gold_dbt_dag.py
[2025-11-13T01:08:23.311+0000] {logging_mixin.py:188} INFO - [2025-11-13T01:08:23.311+0000] {dag.py:3036} INFO - Sync 1 DAGs
[2025-11-13T01:08:23.324+0000] {logging_mixin.py:188} INFO - [2025-11-13T01:08:23.324+0000] {dag.py:3823} INFO - Setting next_dagrun for transform_bronze_to_silver_gold to 2025-11-12 18:00:00+00:00, run_after=2025-11-13 00:00:00+00:00
[2025-11-13T01:08:23.337+0000] {processor.py:183} INFO - Processing /opt/airflow/dags/transform_silver_gold_dbt_dag.py took 0.067 seconds
[2025-11-13T01:08:53.551+0000] {processor.py:161} INFO - Started process (PID=143) to work on /opt/airflow/dags/transform_silver_gold_dbt_dag.py
[2025-11-13T01:08:53.552+0000] {processor.py:830} INFO - Processing file /opt/airflow/dags/transform_silver_gold_dbt_dag.py for tasks to queue
[2025-11-13T01:08:53.552+0000] {logging_mixin.py:188} INFO - [2025-11-13T01:08:53.552+0000] {dagbag.py:538} INFO - Filling up the DagBag from /opt/airflow/dags/transform_silver_gold_dbt_dag.py
[2025-11-13T01:08:53.576+0000] {processor.py:840} INFO - DAG(s) 'transform_bronze_to_silver_gold' retrieved from /opt/airflow/dags/transform_silver_gold_dbt_dag.py
[2025-11-13T01:08:53.588+0000] {logging_mixin.py:188} INFO - [2025-11-13T01:08:53.588+0000] {dag.py:3036} INFO - Sync 1 DAGs
[2025-11-13T01:08:53.598+0000] {logging_mixin.py:188} INFO - [2025-11-13T01:08:53.598+0000] {dag.py:3823} INFO - Setting next_dagrun for transform_bronze_to_silver_gold to 2025-11-12 18:00:00+00:00, run_after=2025-11-13 00:00:00+00:00
[2025-11-13T01:08:53.614+0000] {processor.py:183} INFO - Processing /opt/airflow/dags/transform_silver_gold_dbt_dag.py took 0.065 seconds
[2025-11-13T01:09:23.852+0000] {processor.py:161} INFO - Started process (PID=145) to work on /opt/airflow/dags/transform_silver_gold_dbt_dag.py
[2025-11-13T01:09:23.853+0000] {processor.py:830} INFO - Processing file /opt/airflow/dags/transform_silver_gold_dbt_dag.py for tasks to queue
[2025-11-13T01:09:23.854+0000] {logging_mixin.py:188} INFO - [2025-11-13T01:09:23.853+0000] {dagbag.py:538} INFO - Filling up the DagBag from /opt/airflow/dags/transform_silver_gold_dbt_dag.py
[2025-11-13T01:09:23.875+0000] {processor.py:840} INFO - DAG(s) 'transform_bronze_to_silver_gold' retrieved from /opt/airflow/dags/transform_silver_gold_dbt_dag.py
[2025-11-13T01:09:23.887+0000] {logging_mixin.py:188} INFO - [2025-11-13T01:09:23.887+0000] {dag.py:3036} INFO - Sync 1 DAGs
[2025-11-13T01:09:23.897+0000] {logging_mixin.py:188} INFO - [2025-11-13T01:09:23.897+0000] {dag.py:3823} INFO - Setting next_dagrun for transform_bronze_to_silver_gold to 2025-11-12 18:00:00+00:00, run_after=2025-11-13 00:00:00+00:00
[2025-11-13T01:09:23.913+0000] {processor.py:183} INFO - Processing /opt/airflow/dags/transform_silver_gold_dbt_dag.py took 0.063 seconds
[2025-11-13T01:09:54.135+0000] {processor.py:161} INFO - Started process (PID=147) to work on /opt/airflow/dags/transform_silver_gold_dbt_dag.py
[2025-11-13T01:09:54.136+0000] {processor.py:830} INFO - Processing file /opt/airflow/dags/transform_silver_gold_dbt_dag.py for tasks to queue
[2025-11-13T01:09:54.137+0000] {logging_mixin.py:188} INFO - [2025-11-13T01:09:54.137+0000] {dagbag.py:538} INFO - Filling up the DagBag from /opt/airflow/dags/transform_silver_gold_dbt_dag.py
[2025-11-13T01:09:54.153+0000] {processor.py:840} INFO - DAG(s) 'transform_bronze_to_silver_gold' retrieved from /opt/airflow/dags/transform_silver_gold_dbt_dag.py
[2025-11-13T01:09:54.165+0000] {logging_mixin.py:188} INFO - [2025-11-13T01:09:54.165+0000] {dag.py:3036} INFO - Sync 1 DAGs
[2025-11-13T01:09:54.175+0000] {logging_mixin.py:188} INFO - [2025-11-13T01:09:54.175+0000] {dag.py:3823} INFO - Setting next_dagrun for transform_bronze_to_silver_gold to 2025-11-12 18:00:00+00:00, run_after=2025-11-13 00:00:00+00:00
[2025-11-13T01:09:54.191+0000] {processor.py:183} INFO - Processing /opt/airflow/dags/transform_silver_gold_dbt_dag.py took 0.058 seconds
[2025-11-13T01:10:24.439+0000] {processor.py:161} INFO - Started process (PID=149) to work on /opt/airflow/dags/transform_silver_gold_dbt_dag.py
[2025-11-13T01:10:24.440+0000] {processor.py:830} INFO - Processing file /opt/airflow/dags/transform_silver_gold_dbt_dag.py for tasks to queue
[2025-11-13T01:10:24.442+0000] {logging_mixin.py:188} INFO - [2025-11-13T01:10:24.441+0000] {dagbag.py:538} INFO - Filling up the DagBag from /opt/airflow/dags/transform_silver_gold_dbt_dag.py
[2025-11-13T01:10:24.466+0000] {processor.py:840} INFO - DAG(s) 'transform_bronze_to_silver_gold' retrieved from /opt/airflow/dags/transform_silver_gold_dbt_dag.py
[2025-11-13T01:10:24.478+0000] {logging_mixin.py:188} INFO - [2025-11-13T01:10:24.478+0000] {dag.py:3036} INFO - Sync 1 DAGs
[2025-11-13T01:10:24.488+0000] {logging_mixin.py:188} INFO - [2025-11-13T01:10:24.488+0000] {dag.py:3823} INFO - Setting next_dagrun for transform_bronze_to_silver_gold to 2025-11-12 18:00:00+00:00, run_after=2025-11-13 00:00:00+00:00
[2025-11-13T01:10:24.503+0000] {processor.py:183} INFO - Processing /opt/airflow/dags/transform_silver_gold_dbt_dag.py took 0.066 seconds
[2025-11-13T01:10:54.739+0000] {processor.py:161} INFO - Started process (PID=151) to work on /opt/airflow/dags/transform_silver_gold_dbt_dag.py
[2025-11-13T01:10:54.740+0000] {processor.py:830} INFO - Processing file /opt/airflow/dags/transform_silver_gold_dbt_dag.py for tasks to queue
[2025-11-13T01:10:54.740+0000] {logging_mixin.py:188} INFO - [2025-11-13T01:10:54.740+0000] {dagbag.py:538} INFO - Filling up the DagBag from /opt/airflow/dags/transform_silver_gold_dbt_dag.py
[2025-11-13T01:10:54.757+0000] {processor.py:840} INFO - DAG(s) 'transform_bronze_to_silver_gold' retrieved from /opt/airflow/dags/transform_silver_gold_dbt_dag.py
[2025-11-13T01:10:54.769+0000] {logging_mixin.py:188} INFO - [2025-11-13T01:10:54.769+0000] {dag.py:3036} INFO - Sync 1 DAGs
[2025-11-13T01:10:54.778+0000] {logging_mixin.py:188} INFO - [2025-11-13T01:10:54.778+0000] {dag.py:3823} INFO - Setting next_dagrun for transform_bronze_to_silver_gold to 2025-11-12 18:00:00+00:00, run_after=2025-11-13 00:00:00+00:00
[2025-11-13T01:10:54.792+0000] {processor.py:183} INFO - Processing /opt/airflow/dags/transform_silver_gold_dbt_dag.py took 0.055 seconds
[2025-11-13T01:11:25.029+0000] {processor.py:161} INFO - Started process (PID=153) to work on /opt/airflow/dags/transform_silver_gold_dbt_dag.py
[2025-11-13T01:11:25.030+0000] {processor.py:830} INFO - Processing file /opt/airflow/dags/transform_silver_gold_dbt_dag.py for tasks to queue
[2025-11-13T01:11:25.031+0000] {logging_mixin.py:188} INFO - [2025-11-13T01:11:25.031+0000] {dagbag.py:538} INFO - Filling up the DagBag from /opt/airflow/dags/transform_silver_gold_dbt_dag.py
[2025-11-13T01:11:25.055+0000] {processor.py:840} INFO - DAG(s) 'transform_bronze_to_silver_gold' retrieved from /opt/airflow/dags/transform_silver_gold_dbt_dag.py
[2025-11-13T01:11:25.069+0000] {logging_mixin.py:188} INFO - [2025-11-13T01:11:25.069+0000] {dag.py:3036} INFO - Sync 1 DAGs
[2025-11-13T01:11:25.080+0000] {logging_mixin.py:188} INFO - [2025-11-13T01:11:25.080+0000] {dag.py:3823} INFO - Setting next_dagrun for transform_bronze_to_silver_gold to 2025-11-12 18:00:00+00:00, run_after=2025-11-13 00:00:00+00:00
[2025-11-13T01:11:25.097+0000] {processor.py:183} INFO - Processing /opt/airflow/dags/transform_silver_gold_dbt_dag.py took 0.070 seconds
[2025-11-13T01:11:55.319+0000] {processor.py:161} INFO - Started process (PID=155) to work on /opt/airflow/dags/transform_silver_gold_dbt_dag.py
[2025-11-13T01:11:55.320+0000] {processor.py:830} INFO - Processing file /opt/airflow/dags/transform_silver_gold_dbt_dag.py for tasks to queue
[2025-11-13T01:11:55.321+0000] {logging_mixin.py:188} INFO - [2025-11-13T01:11:55.321+0000] {dagbag.py:538} INFO - Filling up the DagBag from /opt/airflow/dags/transform_silver_gold_dbt_dag.py
[2025-11-13T01:11:55.351+0000] {processor.py:840} INFO - DAG(s) 'transform_bronze_to_silver_gold' retrieved from /opt/airflow/dags/transform_silver_gold_dbt_dag.py
[2025-11-13T01:11:55.362+0000] {logging_mixin.py:188} INFO - [2025-11-13T01:11:55.362+0000] {dag.py:3036} INFO - Sync 1 DAGs
[2025-11-13T01:11:55.373+0000] {logging_mixin.py:188} INFO - [2025-11-13T01:11:55.373+0000] {dag.py:3823} INFO - Setting next_dagrun for transform_bronze_to_silver_gold to 2025-11-12 18:00:00+00:00, run_after=2025-11-13 00:00:00+00:00
[2025-11-13T01:11:55.389+0000] {processor.py:183} INFO - Processing /opt/airflow/dags/transform_silver_gold_dbt_dag.py took 0.072 seconds
[2025-11-13T01:12:25.609+0000] {processor.py:161} INFO - Started process (PID=157) to work on /opt/airflow/dags/transform_silver_gold_dbt_dag.py
[2025-11-13T01:12:25.610+0000] {processor.py:830} INFO - Processing file /opt/airflow/dags/transform_silver_gold_dbt_dag.py for tasks to queue
[2025-11-13T01:12:25.611+0000] {logging_mixin.py:188} INFO - [2025-11-13T01:12:25.610+0000] {dagbag.py:538} INFO - Filling up the DagBag from /opt/airflow/dags/transform_silver_gold_dbt_dag.py
[2025-11-13T01:12:25.631+0000] {processor.py:840} INFO - DAG(s) 'transform_bronze_to_silver_gold' retrieved from /opt/airflow/dags/transform_silver_gold_dbt_dag.py
[2025-11-13T01:12:25.643+0000] {logging_mixin.py:188} INFO - [2025-11-13T01:12:25.643+0000] {dag.py:3036} INFO - Sync 1 DAGs
[2025-11-13T01:12:25.653+0000] {logging_mixin.py:188} INFO - [2025-11-13T01:12:25.653+0000] {dag.py:3823} INFO - Setting next_dagrun for transform_bronze_to_silver_gold to 2025-11-12 18:00:00+00:00, run_after=2025-11-13 00:00:00+00:00
[2025-11-13T01:12:25.668+0000] {processor.py:183} INFO - Processing /opt/airflow/dags/transform_silver_gold_dbt_dag.py took 0.061 seconds
[2025-11-13T01:12:55.909+0000] {processor.py:161} INFO - Started process (PID=159) to work on /opt/airflow/dags/transform_silver_gold_dbt_dag.py
[2025-11-13T01:12:55.909+0000] {processor.py:830} INFO - Processing file /opt/airflow/dags/transform_silver_gold_dbt_dag.py for tasks to queue
[2025-11-13T01:12:55.910+0000] {logging_mixin.py:188} INFO - [2025-11-13T01:12:55.910+0000] {dagbag.py:538} INFO - Filling up the DagBag from /opt/airflow/dags/transform_silver_gold_dbt_dag.py
[2025-11-13T01:12:55.938+0000] {processor.py:840} INFO - DAG(s) 'transform_bronze_to_silver_gold' retrieved from /opt/airflow/dags/transform_silver_gold_dbt_dag.py
[2025-11-13T01:12:55.953+0000] {logging_mixin.py:188} INFO - [2025-11-13T01:12:55.953+0000] {dag.py:3036} INFO - Sync 1 DAGs
[2025-11-13T01:12:55.966+0000] {logging_mixin.py:188} INFO - [2025-11-13T01:12:55.966+0000] {dag.py:3823} INFO - Setting next_dagrun for transform_bronze_to_silver_gold to 2025-11-12 18:00:00+00:00, run_after=2025-11-13 00:00:00+00:00
[2025-11-13T01:12:55.983+0000] {processor.py:183} INFO - Processing /opt/airflow/dags/transform_silver_gold_dbt_dag.py took 0.076 seconds
[2025-11-13T01:13:26.196+0000] {processor.py:161} INFO - Started process (PID=161) to work on /opt/airflow/dags/transform_silver_gold_dbt_dag.py
[2025-11-13T01:13:26.197+0000] {processor.py:830} INFO - Processing file /opt/airflow/dags/transform_silver_gold_dbt_dag.py for tasks to queue
[2025-11-13T01:13:26.198+0000] {logging_mixin.py:188} INFO - [2025-11-13T01:13:26.198+0000] {dagbag.py:538} INFO - Filling up the DagBag from /opt/airflow/dags/transform_silver_gold_dbt_dag.py
[2025-11-13T01:13:26.221+0000] {processor.py:840} INFO - DAG(s) 'transform_bronze_to_silver_gold' retrieved from /opt/airflow/dags/transform_silver_gold_dbt_dag.py
[2025-11-13T01:13:26.233+0000] {logging_mixin.py:188} INFO - [2025-11-13T01:13:26.233+0000] {dag.py:3036} INFO - Sync 1 DAGs
[2025-11-13T01:13:26.243+0000] {logging_mixin.py:188} INFO - [2025-11-13T01:13:26.242+0000] {dag.py:3823} INFO - Setting next_dagrun for transform_bronze_to_silver_gold to 2025-11-12 18:00:00+00:00, run_after=2025-11-13 00:00:00+00:00
[2025-11-13T01:13:26.255+0000] {processor.py:183} INFO - Processing /opt/airflow/dags/transform_silver_gold_dbt_dag.py took 0.061 seconds
[2025-11-13T01:13:56.489+0000] {processor.py:161} INFO - Started process (PID=163) to work on /opt/airflow/dags/transform_silver_gold_dbt_dag.py
[2025-11-13T01:13:56.490+0000] {processor.py:830} INFO - Processing file /opt/airflow/dags/transform_silver_gold_dbt_dag.py for tasks to queue
[2025-11-13T01:13:56.491+0000] {logging_mixin.py:188} INFO - [2025-11-13T01:13:56.491+0000] {dagbag.py:538} INFO - Filling up the DagBag from /opt/airflow/dags/transform_silver_gold_dbt_dag.py
[2025-11-13T01:13:56.516+0000] {processor.py:840} INFO - DAG(s) 'transform_bronze_to_silver_gold' retrieved from /opt/airflow/dags/transform_silver_gold_dbt_dag.py
[2025-11-13T01:13:56.528+0000] {logging_mixin.py:188} INFO - [2025-11-13T01:13:56.528+0000] {dag.py:3036} INFO - Sync 1 DAGs
[2025-11-13T01:13:56.540+0000] {logging_mixin.py:188} INFO - [2025-11-13T01:13:56.540+0000] {dag.py:3823} INFO - Setting next_dagrun for transform_bronze_to_silver_gold to 2025-11-12 18:00:00+00:00, run_after=2025-11-13 00:00:00+00:00
[2025-11-13T01:13:56.552+0000] {processor.py:183} INFO - Processing /opt/airflow/dags/transform_silver_gold_dbt_dag.py took 0.066 seconds
[2025-11-13T01:14:26.774+0000] {processor.py:161} INFO - Started process (PID=165) to work on /opt/airflow/dags/transform_silver_gold_dbt_dag.py
[2025-11-13T01:14:26.776+0000] {processor.py:830} INFO - Processing file /opt/airflow/dags/transform_silver_gold_dbt_dag.py for tasks to queue
[2025-11-13T01:14:26.777+0000] {logging_mixin.py:188} INFO - [2025-11-13T01:14:26.776+0000] {dagbag.py:538} INFO - Filling up the DagBag from /opt/airflow/dags/transform_silver_gold_dbt_dag.py
[2025-11-13T01:14:26.798+0000] {processor.py:840} INFO - DAG(s) 'transform_bronze_to_silver_gold' retrieved from /opt/airflow/dags/transform_silver_gold_dbt_dag.py
[2025-11-13T01:14:26.810+0000] {logging_mixin.py:188} INFO - [2025-11-13T01:14:26.810+0000] {dag.py:3036} INFO - Sync 1 DAGs
[2025-11-13T01:14:26.821+0000] {logging_mixin.py:188} INFO - [2025-11-13T01:14:26.821+0000] {dag.py:3823} INFO - Setting next_dagrun for transform_bronze_to_silver_gold to 2025-11-12 18:00:00+00:00, run_after=2025-11-13 00:00:00+00:00
[2025-11-13T01:14:26.838+0000] {processor.py:183} INFO - Processing /opt/airflow/dags/transform_silver_gold_dbt_dag.py took 0.066 seconds
[2025-11-13T01:14:57.063+0000] {processor.py:161} INFO - Started process (PID=167) to work on /opt/airflow/dags/transform_silver_gold_dbt_dag.py
[2025-11-13T01:14:57.064+0000] {processor.py:830} INFO - Processing file /opt/airflow/dags/transform_silver_gold_dbt_dag.py for tasks to queue
[2025-11-13T01:14:57.065+0000] {logging_mixin.py:188} INFO - [2025-11-13T01:14:57.065+0000] {dagbag.py:538} INFO - Filling up the DagBag from /opt/airflow/dags/transform_silver_gold_dbt_dag.py
[2025-11-13T01:14:57.088+0000] {processor.py:840} INFO - DAG(s) 'transform_bronze_to_silver_gold' retrieved from /opt/airflow/dags/transform_silver_gold_dbt_dag.py
[2025-11-13T01:14:57.101+0000] {logging_mixin.py:188} INFO - [2025-11-13T01:14:57.101+0000] {dag.py:3036} INFO - Sync 1 DAGs
[2025-11-13T01:14:57.112+0000] {logging_mixin.py:188} INFO - [2025-11-13T01:14:57.112+0000] {dag.py:3823} INFO - Setting next_dagrun for transform_bronze_to_silver_gold to 2025-11-12 18:00:00+00:00, run_after=2025-11-13 00:00:00+00:00
[2025-11-13T01:14:57.126+0000] {processor.py:183} INFO - Processing /opt/airflow/dags/transform_silver_gold_dbt_dag.py took 0.065 seconds
[2025-11-13T01:15:27.348+0000] {processor.py:161} INFO - Started process (PID=169) to work on /opt/airflow/dags/transform_silver_gold_dbt_dag.py
[2025-11-13T01:15:27.349+0000] {processor.py:830} INFO - Processing file /opt/airflow/dags/transform_silver_gold_dbt_dag.py for tasks to queue
[2025-11-13T01:15:27.350+0000] {logging_mixin.py:188} INFO - [2025-11-13T01:15:27.349+0000] {dagbag.py:538} INFO - Filling up the DagBag from /opt/airflow/dags/transform_silver_gold_dbt_dag.py
[2025-11-13T01:15:27.373+0000] {processor.py:840} INFO - DAG(s) 'transform_bronze_to_silver_gold' retrieved from /opt/airflow/dags/transform_silver_gold_dbt_dag.py
[2025-11-13T01:15:27.385+0000] {logging_mixin.py:188} INFO - [2025-11-13T01:15:27.385+0000] {dag.py:3036} INFO - Sync 1 DAGs
[2025-11-13T01:15:27.395+0000] {logging_mixin.py:188} INFO - [2025-11-13T01:15:27.395+0000] {dag.py:3823} INFO - Setting next_dagrun for transform_bronze_to_silver_gold to 2025-11-12 18:00:00+00:00, run_after=2025-11-13 00:00:00+00:00
[2025-11-13T01:15:27.411+0000] {processor.py:183} INFO - Processing /opt/airflow/dags/transform_silver_gold_dbt_dag.py took 0.065 seconds
[2025-11-13T01:15:57.635+0000] {processor.py:161} INFO - Started process (PID=171) to work on /opt/airflow/dags/transform_silver_gold_dbt_dag.py
[2025-11-13T01:15:57.636+0000] {processor.py:830} INFO - Processing file /opt/airflow/dags/transform_silver_gold_dbt_dag.py for tasks to queue
[2025-11-13T01:15:57.637+0000] {logging_mixin.py:188} INFO - [2025-11-13T01:15:57.637+0000] {dagbag.py:538} INFO - Filling up the DagBag from /opt/airflow/dags/transform_silver_gold_dbt_dag.py
[2025-11-13T01:15:57.658+0000] {processor.py:840} INFO - DAG(s) 'transform_bronze_to_silver_gold' retrieved from /opt/airflow/dags/transform_silver_gold_dbt_dag.py
[2025-11-13T01:15:57.672+0000] {logging_mixin.py:188} INFO - [2025-11-13T01:15:57.672+0000] {dag.py:3036} INFO - Sync 1 DAGs
[2025-11-13T01:15:57.683+0000] {logging_mixin.py:188} INFO - [2025-11-13T01:15:57.683+0000] {dag.py:3823} INFO - Setting next_dagrun for transform_bronze_to_silver_gold to 2025-11-12 18:00:00+00:00, run_after=2025-11-13 00:00:00+00:00
[2025-11-13T01:15:57.699+0000] {processor.py:183} INFO - Processing /opt/airflow/dags/transform_silver_gold_dbt_dag.py took 0.066 seconds
[2025-11-13T01:16:27.929+0000] {processor.py:161} INFO - Started process (PID=173) to work on /opt/airflow/dags/transform_silver_gold_dbt_dag.py
[2025-11-13T01:16:27.930+0000] {processor.py:830} INFO - Processing file /opt/airflow/dags/transform_silver_gold_dbt_dag.py for tasks to queue
[2025-11-13T01:16:27.931+0000] {logging_mixin.py:188} INFO - [2025-11-13T01:16:27.931+0000] {dagbag.py:538} INFO - Filling up the DagBag from /opt/airflow/dags/transform_silver_gold_dbt_dag.py
[2025-11-13T01:16:27.956+0000] {processor.py:840} INFO - DAG(s) 'transform_bronze_to_silver_gold' retrieved from /opt/airflow/dags/transform_silver_gold_dbt_dag.py
[2025-11-13T01:16:27.968+0000] {logging_mixin.py:188} INFO - [2025-11-13T01:16:27.968+0000] {dag.py:3036} INFO - Sync 1 DAGs
[2025-11-13T01:16:27.978+0000] {logging_mixin.py:188} INFO - [2025-11-13T01:16:27.978+0000] {dag.py:3823} INFO - Setting next_dagrun for transform_bronze_to_silver_gold to 2025-11-12 18:00:00+00:00, run_after=2025-11-13 00:00:00+00:00
[2025-11-13T01:16:27.995+0000] {processor.py:183} INFO - Processing /opt/airflow/dags/transform_silver_gold_dbt_dag.py took 0.068 seconds
[2025-11-13T01:16:58.135+0000] {processor.py:161} INFO - Started process (PID=177) to work on /opt/airflow/dags/transform_silver_gold_dbt_dag.py
[2025-11-13T01:16:58.136+0000] {processor.py:830} INFO - Processing file /opt/airflow/dags/transform_silver_gold_dbt_dag.py for tasks to queue
[2025-11-13T01:16:58.137+0000] {logging_mixin.py:188} INFO - [2025-11-13T01:16:58.137+0000] {dagbag.py:538} INFO - Filling up the DagBag from /opt/airflow/dags/transform_silver_gold_dbt_dag.py
[2025-11-13T01:16:58.165+0000] {processor.py:840} INFO - DAG(s) 'transform_bronze_to_silver_gold' retrieved from /opt/airflow/dags/transform_silver_gold_dbt_dag.py
[2025-11-13T01:16:58.178+0000] {logging_mixin.py:188} INFO - [2025-11-13T01:16:58.178+0000] {dag.py:3036} INFO - Sync 1 DAGs
[2025-11-13T01:16:58.189+0000] {logging_mixin.py:188} INFO - [2025-11-13T01:16:58.189+0000] {dag.py:3823} INFO - Setting next_dagrun for transform_bronze_to_silver_gold to 2025-11-12 18:00:00+00:00, run_after=2025-11-13 00:00:00+00:00
[2025-11-13T01:16:58.204+0000] {processor.py:183} INFO - Processing /opt/airflow/dags/transform_silver_gold_dbt_dag.py took 0.070 seconds
[2025-11-13T01:17:28.335+0000] {processor.py:161} INFO - Started process (PID=179) to work on /opt/airflow/dags/transform_silver_gold_dbt_dag.py
[2025-11-13T01:17:28.336+0000] {processor.py:830} INFO - Processing file /opt/airflow/dags/transform_silver_gold_dbt_dag.py for tasks to queue
[2025-11-13T01:17:28.337+0000] {logging_mixin.py:188} INFO - [2025-11-13T01:17:28.337+0000] {dagbag.py:538} INFO - Filling up the DagBag from /opt/airflow/dags/transform_silver_gold_dbt_dag.py
[2025-11-13T01:17:28.360+0000] {processor.py:840} INFO - DAG(s) 'transform_bronze_to_silver_gold' retrieved from /opt/airflow/dags/transform_silver_gold_dbt_dag.py
[2025-11-13T01:17:28.373+0000] {logging_mixin.py:188} INFO - [2025-11-13T01:17:28.373+0000] {dag.py:3036} INFO - Sync 1 DAGs
[2025-11-13T01:17:28.383+0000] {logging_mixin.py:188} INFO - [2025-11-13T01:17:28.383+0000] {dag.py:3823} INFO - Setting next_dagrun for transform_bronze_to_silver_gold to 2025-11-12 18:00:00+00:00, run_after=2025-11-13 00:00:00+00:00
[2025-11-13T01:17:28.398+0000] {processor.py:183} INFO - Processing /opt/airflow/dags/transform_silver_gold_dbt_dag.py took 0.066 seconds
[2025-11-13T01:17:59.761+0000] {processor.py:161} INFO - Started process (PID=181) to work on /opt/airflow/dags/transform_silver_gold_dbt_dag.py
[2025-11-13T01:17:59.763+0000] {processor.py:830} INFO - Processing file /opt/airflow/dags/transform_silver_gold_dbt_dag.py for tasks to queue
[2025-11-13T01:17:59.763+0000] {logging_mixin.py:188} INFO - [2025-11-13T01:17:59.763+0000] {dagbag.py:538} INFO - Filling up the DagBag from /opt/airflow/dags/transform_silver_gold_dbt_dag.py
[2025-11-13T01:17:59.784+0000] {processor.py:840} INFO - DAG(s) 'transform_bronze_to_silver_gold' retrieved from /opt/airflow/dags/transform_silver_gold_dbt_dag.py
[2025-11-13T01:17:59.797+0000] {logging_mixin.py:188} INFO - [2025-11-13T01:17:59.796+0000] {dag.py:3036} INFO - Sync 1 DAGs
[2025-11-13T01:17:59.807+0000] {logging_mixin.py:188} INFO - [2025-11-13T01:17:59.807+0000] {dag.py:3823} INFO - Setting next_dagrun for transform_bronze_to_silver_gold to 2025-11-12 18:00:00+00:00, run_after=2025-11-13 00:00:00+00:00
[2025-11-13T01:17:59.822+0000] {processor.py:183} INFO - Processing /opt/airflow/dags/transform_silver_gold_dbt_dag.py took 0.063 seconds
[2025-11-13T01:18:30.074+0000] {processor.py:161} INFO - Started process (PID=183) to work on /opt/airflow/dags/transform_silver_gold_dbt_dag.py
[2025-11-13T01:18:30.075+0000] {processor.py:830} INFO - Processing file /opt/airflow/dags/transform_silver_gold_dbt_dag.py for tasks to queue
[2025-11-13T01:18:30.076+0000] {logging_mixin.py:188} INFO - [2025-11-13T01:18:30.076+0000] {dagbag.py:538} INFO - Filling up the DagBag from /opt/airflow/dags/transform_silver_gold_dbt_dag.py
[2025-11-13T01:18:30.106+0000] {processor.py:840} INFO - DAG(s) 'transform_bronze_to_silver_gold' retrieved from /opt/airflow/dags/transform_silver_gold_dbt_dag.py
[2025-11-13T01:18:30.118+0000] {logging_mixin.py:188} INFO - [2025-11-13T01:18:30.117+0000] {dag.py:3036} INFO - Sync 1 DAGs
[2025-11-13T01:18:30.128+0000] {logging_mixin.py:188} INFO - [2025-11-13T01:18:30.128+0000] {dag.py:3823} INFO - Setting next_dagrun for transform_bronze_to_silver_gold to 2025-11-12 18:00:00+00:00, run_after=2025-11-13 00:00:00+00:00
[2025-11-13T01:18:30.142+0000] {processor.py:183} INFO - Processing /opt/airflow/dags/transform_silver_gold_dbt_dag.py took 0.070 seconds
[2025-11-13T01:19:00.363+0000] {processor.py:161} INFO - Started process (PID=185) to work on /opt/airflow/dags/transform_silver_gold_dbt_dag.py
[2025-11-13T01:19:00.364+0000] {processor.py:830} INFO - Processing file /opt/airflow/dags/transform_silver_gold_dbt_dag.py for tasks to queue
[2025-11-13T01:19:00.366+0000] {logging_mixin.py:188} INFO - [2025-11-13T01:19:00.365+0000] {dagbag.py:538} INFO - Filling up the DagBag from /opt/airflow/dags/transform_silver_gold_dbt_dag.py
[2025-11-13T01:19:00.394+0000] {processor.py:840} INFO - DAG(s) 'transform_bronze_to_silver_gold' retrieved from /opt/airflow/dags/transform_silver_gold_dbt_dag.py
[2025-11-13T01:19:00.406+0000] {logging_mixin.py:188} INFO - [2025-11-13T01:19:00.406+0000] {dag.py:3036} INFO - Sync 1 DAGs
[2025-11-13T01:19:00.416+0000] {logging_mixin.py:188} INFO - [2025-11-13T01:19:00.416+0000] {dag.py:3823} INFO - Setting next_dagrun for transform_bronze_to_silver_gold to 2025-11-12 18:00:00+00:00, run_after=2025-11-13 00:00:00+00:00
[2025-11-13T01:19:00.433+0000] {processor.py:183} INFO - Processing /opt/airflow/dags/transform_silver_gold_dbt_dag.py took 0.072 seconds
[2025-11-13T01:19:30.645+0000] {processor.py:161} INFO - Started process (PID=187) to work on /opt/airflow/dags/transform_silver_gold_dbt_dag.py
[2025-11-13T01:19:30.646+0000] {processor.py:830} INFO - Processing file /opt/airflow/dags/transform_silver_gold_dbt_dag.py for tasks to queue
[2025-11-13T01:19:30.648+0000] {logging_mixin.py:188} INFO - [2025-11-13T01:19:30.647+0000] {dagbag.py:538} INFO - Filling up the DagBag from /opt/airflow/dags/transform_silver_gold_dbt_dag.py
[2025-11-13T01:19:30.671+0000] {processor.py:840} INFO - DAG(s) 'transform_bronze_to_silver_gold' retrieved from /opt/airflow/dags/transform_silver_gold_dbt_dag.py
[2025-11-13T01:19:30.683+0000] {logging_mixin.py:188} INFO - [2025-11-13T01:19:30.682+0000] {dag.py:3036} INFO - Sync 1 DAGs
[2025-11-13T01:19:30.693+0000] {logging_mixin.py:188} INFO - [2025-11-13T01:19:30.693+0000] {dag.py:3823} INFO - Setting next_dagrun for transform_bronze_to_silver_gold to 2025-11-12 18:00:00+00:00, run_after=2025-11-13 00:00:00+00:00
[2025-11-13T01:19:30.707+0000] {processor.py:183} INFO - Processing /opt/airflow/dags/transform_silver_gold_dbt_dag.py took 0.064 seconds
[2025-11-13T01:20:00.937+0000] {processor.py:161} INFO - Started process (PID=189) to work on /opt/airflow/dags/transform_silver_gold_dbt_dag.py
[2025-11-13T01:20:00.938+0000] {processor.py:830} INFO - Processing file /opt/airflow/dags/transform_silver_gold_dbt_dag.py for tasks to queue
[2025-11-13T01:20:00.939+0000] {logging_mixin.py:188} INFO - [2025-11-13T01:20:00.938+0000] {dagbag.py:538} INFO - Filling up the DagBag from /opt/airflow/dags/transform_silver_gold_dbt_dag.py
[2025-11-13T01:20:00.965+0000] {processor.py:840} INFO - DAG(s) 'transform_bronze_to_silver_gold' retrieved from /opt/airflow/dags/transform_silver_gold_dbt_dag.py
[2025-11-13T01:20:00.978+0000] {logging_mixin.py:188} INFO - [2025-11-13T01:20:00.977+0000] {dag.py:3036} INFO - Sync 1 DAGs
[2025-11-13T01:20:00.988+0000] {logging_mixin.py:188} INFO - [2025-11-13T01:20:00.988+0000] {dag.py:3823} INFO - Setting next_dagrun for transform_bronze_to_silver_gold to 2025-11-12 18:00:00+00:00, run_after=2025-11-13 00:00:00+00:00
[2025-11-13T01:20:01.001+0000] {processor.py:183} INFO - Processing /opt/airflow/dags/transform_silver_gold_dbt_dag.py took 0.066 seconds
[2025-11-13T01:20:31.240+0000] {processor.py:161} INFO - Started process (PID=191) to work on /opt/airflow/dags/transform_silver_gold_dbt_dag.py
[2025-11-13T01:20:31.241+0000] {processor.py:830} INFO - Processing file /opt/airflow/dags/transform_silver_gold_dbt_dag.py for tasks to queue
[2025-11-13T01:20:31.243+0000] {logging_mixin.py:188} INFO - [2025-11-13T01:20:31.242+0000] {dagbag.py:538} INFO - Filling up the DagBag from /opt/airflow/dags/transform_silver_gold_dbt_dag.py
[2025-11-13T01:20:31.274+0000] {processor.py:840} INFO - DAG(s) 'transform_bronze_to_silver_gold' retrieved from /opt/airflow/dags/transform_silver_gold_dbt_dag.py
[2025-11-13T01:20:31.288+0000] {logging_mixin.py:188} INFO - [2025-11-13T01:20:31.287+0000] {dag.py:3036} INFO - Sync 1 DAGs
[2025-11-13T01:20:31.298+0000] {logging_mixin.py:188} INFO - [2025-11-13T01:20:31.298+0000] {dag.py:3823} INFO - Setting next_dagrun for transform_bronze_to_silver_gold to 2025-11-12 18:00:00+00:00, run_after=2025-11-13 00:00:00+00:00
[2025-11-13T01:20:31.311+0000] {processor.py:183} INFO - Processing /opt/airflow/dags/transform_silver_gold_dbt_dag.py took 0.073 seconds
[2025-11-13T01:21:01.515+0000] {processor.py:161} INFO - Started process (PID=193) to work on /opt/airflow/dags/transform_silver_gold_dbt_dag.py
[2025-11-13T01:21:01.516+0000] {processor.py:830} INFO - Processing file /opt/airflow/dags/transform_silver_gold_dbt_dag.py for tasks to queue
[2025-11-13T01:21:01.517+0000] {logging_mixin.py:188} INFO - [2025-11-13T01:21:01.517+0000] {dagbag.py:538} INFO - Filling up the DagBag from /opt/airflow/dags/transform_silver_gold_dbt_dag.py
[2025-11-13T01:21:01.544+0000] {processor.py:840} INFO - DAG(s) 'transform_bronze_to_silver_gold' retrieved from /opt/airflow/dags/transform_silver_gold_dbt_dag.py
[2025-11-13T01:21:01.556+0000] {logging_mixin.py:188} INFO - [2025-11-13T01:21:01.556+0000] {dag.py:3036} INFO - Sync 1 DAGs
[2025-11-13T01:21:01.566+0000] {logging_mixin.py:188} INFO - [2025-11-13T01:21:01.566+0000] {dag.py:3823} INFO - Setting next_dagrun for transform_bronze_to_silver_gold to 2025-11-12 18:00:00+00:00, run_after=2025-11-13 00:00:00+00:00
[2025-11-13T01:21:01.582+0000] {processor.py:183} INFO - Processing /opt/airflow/dags/transform_silver_gold_dbt_dag.py took 0.068 seconds
[2025-11-13T01:21:31.809+0000] {processor.py:161} INFO - Started process (PID=195) to work on /opt/airflow/dags/transform_silver_gold_dbt_dag.py
[2025-11-13T01:21:31.809+0000] {processor.py:830} INFO - Processing file /opt/airflow/dags/transform_silver_gold_dbt_dag.py for tasks to queue
[2025-11-13T01:21:31.810+0000] {logging_mixin.py:188} INFO - [2025-11-13T01:21:31.810+0000] {dagbag.py:538} INFO - Filling up the DagBag from /opt/airflow/dags/transform_silver_gold_dbt_dag.py
[2025-11-13T01:21:31.834+0000] {processor.py:840} INFO - DAG(s) 'transform_bronze_to_silver_gold' retrieved from /opt/airflow/dags/transform_silver_gold_dbt_dag.py
[2025-11-13T01:21:31.845+0000] {logging_mixin.py:188} INFO - [2025-11-13T01:21:31.845+0000] {dag.py:3036} INFO - Sync 1 DAGs
[2025-11-13T01:21:31.855+0000] {logging_mixin.py:188} INFO - [2025-11-13T01:21:31.855+0000] {dag.py:3823} INFO - Setting next_dagrun for transform_bronze_to_silver_gold to 2025-11-12 18:00:00+00:00, run_after=2025-11-13 00:00:00+00:00
[2025-11-13T01:21:31.871+0000] {processor.py:183} INFO - Processing /opt/airflow/dags/transform_silver_gold_dbt_dag.py took 0.064 seconds
[2025-11-13T01:22:02.102+0000] {processor.py:161} INFO - Started process (PID=197) to work on /opt/airflow/dags/transform_silver_gold_dbt_dag.py
[2025-11-13T01:22:02.103+0000] {processor.py:830} INFO - Processing file /opt/airflow/dags/transform_silver_gold_dbt_dag.py for tasks to queue
[2025-11-13T01:22:02.104+0000] {logging_mixin.py:188} INFO - [2025-11-13T01:22:02.104+0000] {dagbag.py:538} INFO - Filling up the DagBag from /opt/airflow/dags/transform_silver_gold_dbt_dag.py
[2025-11-13T01:22:02.127+0000] {processor.py:840} INFO - DAG(s) 'transform_bronze_to_silver_gold' retrieved from /opt/airflow/dags/transform_silver_gold_dbt_dag.py
[2025-11-13T01:22:02.140+0000] {logging_mixin.py:188} INFO - [2025-11-13T01:22:02.139+0000] {dag.py:3036} INFO - Sync 1 DAGs
[2025-11-13T01:22:02.151+0000] {logging_mixin.py:188} INFO - [2025-11-13T01:22:02.150+0000] {dag.py:3823} INFO - Setting next_dagrun for transform_bronze_to_silver_gold to 2025-11-12 18:00:00+00:00, run_after=2025-11-13 00:00:00+00:00
[2025-11-13T01:22:02.168+0000] {processor.py:183} INFO - Processing /opt/airflow/dags/transform_silver_gold_dbt_dag.py took 0.068 seconds
[2025-11-13T01:22:32.382+0000] {processor.py:161} INFO - Started process (PID=199) to work on /opt/airflow/dags/transform_silver_gold_dbt_dag.py
[2025-11-13T01:22:32.383+0000] {processor.py:830} INFO - Processing file /opt/airflow/dags/transform_silver_gold_dbt_dag.py for tasks to queue
[2025-11-13T01:22:32.384+0000] {logging_mixin.py:188} INFO - [2025-11-13T01:22:32.384+0000] {dagbag.py:538} INFO - Filling up the DagBag from /opt/airflow/dags/transform_silver_gold_dbt_dag.py
[2025-11-13T01:22:32.406+0000] {processor.py:840} INFO - DAG(s) 'transform_bronze_to_silver_gold' retrieved from /opt/airflow/dags/transform_silver_gold_dbt_dag.py
[2025-11-13T01:22:32.419+0000] {logging_mixin.py:188} INFO - [2025-11-13T01:22:32.419+0000] {dag.py:3036} INFO - Sync 1 DAGs
[2025-11-13T01:22:32.429+0000] {logging_mixin.py:188} INFO - [2025-11-13T01:22:32.429+0000] {dag.py:3823} INFO - Setting next_dagrun for transform_bronze_to_silver_gold to 2025-11-12 18:00:00+00:00, run_after=2025-11-13 00:00:00+00:00
[2025-11-13T01:22:32.446+0000] {processor.py:183} INFO - Processing /opt/airflow/dags/transform_silver_gold_dbt_dag.py took 0.066 seconds
[2025-11-13T01:23:02.668+0000] {processor.py:161} INFO - Started process (PID=201) to work on /opt/airflow/dags/transform_silver_gold_dbt_dag.py
[2025-11-13T01:23:02.670+0000] {processor.py:830} INFO - Processing file /opt/airflow/dags/transform_silver_gold_dbt_dag.py for tasks to queue
[2025-11-13T01:23:02.671+0000] {logging_mixin.py:188} INFO - [2025-11-13T01:23:02.670+0000] {dagbag.py:538} INFO - Filling up the DagBag from /opt/airflow/dags/transform_silver_gold_dbt_dag.py
[2025-11-13T01:23:02.694+0000] {processor.py:840} INFO - DAG(s) 'transform_bronze_to_silver_gold' retrieved from /opt/airflow/dags/transform_silver_gold_dbt_dag.py
[2025-11-13T01:23:02.706+0000] {logging_mixin.py:188} INFO - [2025-11-13T01:23:02.706+0000] {dag.py:3036} INFO - Sync 1 DAGs
[2025-11-13T01:23:02.716+0000] {logging_mixin.py:188} INFO - [2025-11-13T01:23:02.716+0000] {dag.py:3823} INFO - Setting next_dagrun for transform_bronze_to_silver_gold to 2025-11-12 18:00:00+00:00, run_after=2025-11-13 00:00:00+00:00
[2025-11-13T01:23:02.730+0000] {processor.py:183} INFO - Processing /opt/airflow/dags/transform_silver_gold_dbt_dag.py took 0.063 seconds
[2025-11-13T01:23:32.967+0000] {processor.py:161} INFO - Started process (PID=203) to work on /opt/airflow/dags/transform_silver_gold_dbt_dag.py
[2025-11-13T01:23:32.968+0000] {processor.py:830} INFO - Processing file /opt/airflow/dags/transform_silver_gold_dbt_dag.py for tasks to queue
[2025-11-13T01:23:32.969+0000] {logging_mixin.py:188} INFO - [2025-11-13T01:23:32.969+0000] {dagbag.py:538} INFO - Filling up the DagBag from /opt/airflow/dags/transform_silver_gold_dbt_dag.py
[2025-11-13T01:23:32.998+0000] {processor.py:840} INFO - DAG(s) 'transform_bronze_to_silver_gold' retrieved from /opt/airflow/dags/transform_silver_gold_dbt_dag.py
[2025-11-13T01:23:33.009+0000] {logging_mixin.py:188} INFO - [2025-11-13T01:23:33.009+0000] {dag.py:3036} INFO - Sync 1 DAGs
[2025-11-13T01:23:33.020+0000] {logging_mixin.py:188} INFO - [2025-11-13T01:23:33.019+0000] {dag.py:3823} INFO - Setting next_dagrun for transform_bronze_to_silver_gold to 2025-11-12 18:00:00+00:00, run_after=2025-11-13 00:00:00+00:00
[2025-11-13T01:23:33.034+0000] {processor.py:183} INFO - Processing /opt/airflow/dags/transform_silver_gold_dbt_dag.py took 0.069 seconds
[2025-11-13T01:24:03.129+0000] {processor.py:161} INFO - Started process (PID=375) to work on /opt/airflow/dags/transform_silver_gold_dbt_dag.py
[2025-11-13T01:24:03.131+0000] {processor.py:830} INFO - Processing file /opt/airflow/dags/transform_silver_gold_dbt_dag.py for tasks to queue
[2025-11-13T01:24:03.132+0000] {logging_mixin.py:188} INFO - [2025-11-13T01:24:03.131+0000] {dagbag.py:538} INFO - Filling up the DagBag from /opt/airflow/dags/transform_silver_gold_dbt_dag.py
[2025-11-13T01:24:03.162+0000] {processor.py:840} INFO - DAG(s) 'transform_bronze_to_silver_gold' retrieved from /opt/airflow/dags/transform_silver_gold_dbt_dag.py
[2025-11-13T01:24:03.174+0000] {logging_mixin.py:188} INFO - [2025-11-13T01:24:03.174+0000] {dag.py:3036} INFO - Sync 1 DAGs
[2025-11-13T01:24:03.186+0000] {logging_mixin.py:188} INFO - [2025-11-13T01:24:03.186+0000] {dag.py:3823} INFO - Setting next_dagrun for transform_bronze_to_silver_gold to 2025-11-12 18:00:00+00:00, run_after=2025-11-13 00:00:00+00:00
[2025-11-13T01:24:03.200+0000] {processor.py:183} INFO - Processing /opt/airflow/dags/transform_silver_gold_dbt_dag.py took 0.073 seconds
[2025-11-13T01:24:34.519+0000] {processor.py:161} INFO - Started process (PID=411) to work on /opt/airflow/dags/transform_silver_gold_dbt_dag.py
[2025-11-13T01:24:34.520+0000] {processor.py:830} INFO - Processing file /opt/airflow/dags/transform_silver_gold_dbt_dag.py for tasks to queue
[2025-11-13T01:24:34.522+0000] {logging_mixin.py:188} INFO - [2025-11-13T01:24:34.521+0000] {dagbag.py:538} INFO - Filling up the DagBag from /opt/airflow/dags/transform_silver_gold_dbt_dag.py
[2025-11-13T01:24:34.548+0000] {processor.py:840} INFO - DAG(s) 'transform_bronze_to_silver_gold' retrieved from /opt/airflow/dags/transform_silver_gold_dbt_dag.py
[2025-11-13T01:24:34.560+0000] {logging_mixin.py:188} INFO - [2025-11-13T01:24:34.559+0000] {dag.py:3036} INFO - Sync 1 DAGs
[2025-11-13T01:24:34.570+0000] {logging_mixin.py:188} INFO - [2025-11-13T01:24:34.570+0000] {dag.py:3823} INFO - Setting next_dagrun for transform_bronze_to_silver_gold to 2025-11-13 00:00:00+00:00, run_after=2025-11-13 06:00:00+00:00
[2025-11-13T01:24:34.589+0000] {processor.py:183} INFO - Processing /opt/airflow/dags/transform_silver_gold_dbt_dag.py took 0.072 seconds
[2025-11-13T01:25:04.788+0000] {processor.py:161} INFO - Started process (PID=413) to work on /opt/airflow/dags/transform_silver_gold_dbt_dag.py
[2025-11-13T01:25:04.790+0000] {processor.py:830} INFO - Processing file /opt/airflow/dags/transform_silver_gold_dbt_dag.py for tasks to queue
[2025-11-13T01:25:04.791+0000] {logging_mixin.py:188} INFO - [2025-11-13T01:25:04.790+0000] {dagbag.py:538} INFO - Filling up the DagBag from /opt/airflow/dags/transform_silver_gold_dbt_dag.py
[2025-11-13T01:25:04.819+0000] {processor.py:840} INFO - DAG(s) 'transform_bronze_to_silver_gold' retrieved from /opt/airflow/dags/transform_silver_gold_dbt_dag.py
[2025-11-13T01:25:04.831+0000] {logging_mixin.py:188} INFO - [2025-11-13T01:25:04.831+0000] {dag.py:3036} INFO - Sync 1 DAGs
[2025-11-13T01:25:04.841+0000] {logging_mixin.py:188} INFO - [2025-11-13T01:25:04.841+0000] {dag.py:3823} INFO - Setting next_dagrun for transform_bronze_to_silver_gold to 2025-11-13 00:00:00+00:00, run_after=2025-11-13 06:00:00+00:00
[2025-11-13T01:25:04.856+0000] {processor.py:183} INFO - Processing /opt/airflow/dags/transform_silver_gold_dbt_dag.py took 0.070 seconds
[2025-11-13T01:25:35.030+0000] {processor.py:161} INFO - Started process (PID=415) to work on /opt/airflow/dags/transform_silver_gold_dbt_dag.py
[2025-11-13T01:25:35.032+0000] {processor.py:830} INFO - Processing file /opt/airflow/dags/transform_silver_gold_dbt_dag.py for tasks to queue
[2025-11-13T01:25:35.033+0000] {logging_mixin.py:188} INFO - [2025-11-13T01:25:35.032+0000] {dagbag.py:538} INFO - Filling up the DagBag from /opt/airflow/dags/transform_silver_gold_dbt_dag.py
[2025-11-13T01:25:35.052+0000] {processor.py:840} INFO - DAG(s) 'transform_bronze_to_silver_gold' retrieved from /opt/airflow/dags/transform_silver_gold_dbt_dag.py
[2025-11-13T01:25:35.063+0000] {logging_mixin.py:188} INFO - [2025-11-13T01:25:35.063+0000] {dag.py:3036} INFO - Sync 1 DAGs
[2025-11-13T01:25:35.074+0000] {logging_mixin.py:188} INFO - [2025-11-13T01:25:35.074+0000] {dag.py:3823} INFO - Setting next_dagrun for transform_bronze_to_silver_gold to 2025-11-13 00:00:00+00:00, run_after=2025-11-13 06:00:00+00:00
[2025-11-13T01:25:35.089+0000] {processor.py:183} INFO - Processing /opt/airflow/dags/transform_silver_gold_dbt_dag.py took 0.061 seconds
[2025-11-13T01:26:05.305+0000] {processor.py:161} INFO - Started process (PID=417) to work on /opt/airflow/dags/transform_silver_gold_dbt_dag.py
[2025-11-13T01:26:05.306+0000] {processor.py:830} INFO - Processing file /opt/airflow/dags/transform_silver_gold_dbt_dag.py for tasks to queue
[2025-11-13T01:26:05.307+0000] {logging_mixin.py:188} INFO - [2025-11-13T01:26:05.307+0000] {dagbag.py:538} INFO - Filling up the DagBag from /opt/airflow/dags/transform_silver_gold_dbt_dag.py
[2025-11-13T01:26:05.334+0000] {processor.py:840} INFO - DAG(s) 'transform_bronze_to_silver_gold' retrieved from /opt/airflow/dags/transform_silver_gold_dbt_dag.py
[2025-11-13T01:26:05.346+0000] {logging_mixin.py:188} INFO - [2025-11-13T01:26:05.346+0000] {dag.py:3036} INFO - Sync 1 DAGs
[2025-11-13T01:26:05.356+0000] {logging_mixin.py:188} INFO - [2025-11-13T01:26:05.356+0000] {dag.py:3823} INFO - Setting next_dagrun for transform_bronze_to_silver_gold to 2025-11-13 00:00:00+00:00, run_after=2025-11-13 06:00:00+00:00
[2025-11-13T01:26:05.372+0000] {processor.py:183} INFO - Processing /opt/airflow/dags/transform_silver_gold_dbt_dag.py took 0.068 seconds
[2025-11-13T01:26:35.564+0000] {processor.py:161} INFO - Started process (PID=419) to work on /opt/airflow/dags/transform_silver_gold_dbt_dag.py
[2025-11-13T01:26:35.565+0000] {processor.py:830} INFO - Processing file /opt/airflow/dags/transform_silver_gold_dbt_dag.py for tasks to queue
[2025-11-13T01:26:35.566+0000] {logging_mixin.py:188} INFO - [2025-11-13T01:26:35.566+0000] {dagbag.py:538} INFO - Filling up the DagBag from /opt/airflow/dags/transform_silver_gold_dbt_dag.py
[2025-11-13T01:26:35.595+0000] {processor.py:840} INFO - DAG(s) 'transform_bronze_to_silver_gold' retrieved from /opt/airflow/dags/transform_silver_gold_dbt_dag.py
[2025-11-13T01:26:35.607+0000] {logging_mixin.py:188} INFO - [2025-11-13T01:26:35.607+0000] {dag.py:3036} INFO - Sync 1 DAGs
[2025-11-13T01:26:35.618+0000] {logging_mixin.py:188} INFO - [2025-11-13T01:26:35.617+0000] {dag.py:3823} INFO - Setting next_dagrun for transform_bronze_to_silver_gold to 2025-11-13 00:00:00+00:00, run_after=2025-11-13 06:00:00+00:00
[2025-11-13T01:26:35.631+0000] {processor.py:183} INFO - Processing /opt/airflow/dags/transform_silver_gold_dbt_dag.py took 0.069 seconds
[2025-11-13T01:27:05.824+0000] {processor.py:161} INFO - Started process (PID=421) to work on /opt/airflow/dags/transform_silver_gold_dbt_dag.py
[2025-11-13T01:27:05.825+0000] {processor.py:830} INFO - Processing file /opt/airflow/dags/transform_silver_gold_dbt_dag.py for tasks to queue
[2025-11-13T01:27:05.827+0000] {logging_mixin.py:188} INFO - [2025-11-13T01:27:05.826+0000] {dagbag.py:538} INFO - Filling up the DagBag from /opt/airflow/dags/transform_silver_gold_dbt_dag.py
[2025-11-13T01:27:05.853+0000] {processor.py:840} INFO - DAG(s) 'transform_bronze_to_silver_gold' retrieved from /opt/airflow/dags/transform_silver_gold_dbt_dag.py
[2025-11-13T01:27:05.866+0000] {logging_mixin.py:188} INFO - [2025-11-13T01:27:05.866+0000] {dag.py:3036} INFO - Sync 1 DAGs
[2025-11-13T01:27:05.877+0000] {logging_mixin.py:188} INFO - [2025-11-13T01:27:05.877+0000] {dag.py:3823} INFO - Setting next_dagrun for transform_bronze_to_silver_gold to 2025-11-13 00:00:00+00:00, run_after=2025-11-13 06:00:00+00:00
[2025-11-13T01:27:05.890+0000] {processor.py:183} INFO - Processing /opt/airflow/dags/transform_silver_gold_dbt_dag.py took 0.067 seconds
[2025-11-13T01:27:36.087+0000] {processor.py:161} INFO - Started process (PID=442) to work on /opt/airflow/dags/transform_silver_gold_dbt_dag.py
[2025-11-13T01:27:36.088+0000] {processor.py:830} INFO - Processing file /opt/airflow/dags/transform_silver_gold_dbt_dag.py for tasks to queue
[2025-11-13T01:27:36.089+0000] {logging_mixin.py:188} INFO - [2025-11-13T01:27:36.089+0000] {dagbag.py:538} INFO - Filling up the DagBag from /opt/airflow/dags/transform_silver_gold_dbt_dag.py
[2025-11-13T01:27:36.108+0000] {processor.py:840} INFO - DAG(s) 'transform_bronze_to_silver_gold' retrieved from /opt/airflow/dags/transform_silver_gold_dbt_dag.py
[2025-11-13T01:27:36.121+0000] {logging_mixin.py:188} INFO - [2025-11-13T01:27:36.120+0000] {dag.py:3036} INFO - Sync 1 DAGs
[2025-11-13T01:27:36.131+0000] {logging_mixin.py:188} INFO - [2025-11-13T01:27:36.131+0000] {dag.py:3823} INFO - Setting next_dagrun for transform_bronze_to_silver_gold to 2025-11-13 00:00:00+00:00, run_after=2025-11-13 06:00:00+00:00
[2025-11-13T01:27:36.145+0000] {processor.py:183} INFO - Processing /opt/airflow/dags/transform_silver_gold_dbt_dag.py took 0.061 seconds
[2025-11-13T01:28:06.334+0000] {processor.py:161} INFO - Started process (PID=553) to work on /opt/airflow/dags/transform_silver_gold_dbt_dag.py
[2025-11-13T01:28:06.335+0000] {processor.py:830} INFO - Processing file /opt/airflow/dags/transform_silver_gold_dbt_dag.py for tasks to queue
[2025-11-13T01:28:06.336+0000] {logging_mixin.py:188} INFO - [2025-11-13T01:28:06.336+0000] {dagbag.py:538} INFO - Filling up the DagBag from /opt/airflow/dags/transform_silver_gold_dbt_dag.py
[2025-11-13T01:28:06.358+0000] {processor.py:840} INFO - DAG(s) 'transform_bronze_to_silver_gold' retrieved from /opt/airflow/dags/transform_silver_gold_dbt_dag.py
[2025-11-13T01:28:06.370+0000] {logging_mixin.py:188} INFO - [2025-11-13T01:28:06.370+0000] {dag.py:3036} INFO - Sync 1 DAGs
[2025-11-13T01:28:06.380+0000] {logging_mixin.py:188} INFO - [2025-11-13T01:28:06.380+0000] {dag.py:3823} INFO - Setting next_dagrun for transform_bronze_to_silver_gold to 2025-11-13 00:00:00+00:00, run_after=2025-11-13 06:00:00+00:00
[2025-11-13T01:28:06.397+0000] {processor.py:183} INFO - Processing /opt/airflow/dags/transform_silver_gold_dbt_dag.py took 0.065 seconds
[2025-11-13T01:28:36.619+0000] {processor.py:161} INFO - Started process (PID=555) to work on /opt/airflow/dags/transform_silver_gold_dbt_dag.py
[2025-11-13T01:28:36.620+0000] {processor.py:830} INFO - Processing file /opt/airflow/dags/transform_silver_gold_dbt_dag.py for tasks to queue
[2025-11-13T01:28:36.622+0000] {logging_mixin.py:188} INFO - [2025-11-13T01:28:36.621+0000] {dagbag.py:538} INFO - Filling up the DagBag from /opt/airflow/dags/transform_silver_gold_dbt_dag.py
[2025-11-13T01:28:36.649+0000] {processor.py:840} INFO - DAG(s) 'transform_bronze_to_silver_gold' retrieved from /opt/airflow/dags/transform_silver_gold_dbt_dag.py
[2025-11-13T01:28:36.661+0000] {logging_mixin.py:188} INFO - [2025-11-13T01:28:36.661+0000] {dag.py:3036} INFO - Sync 1 DAGs
[2025-11-13T01:28:36.671+0000] {logging_mixin.py:188} INFO - [2025-11-13T01:28:36.671+0000] {dag.py:3823} INFO - Setting next_dagrun for transform_bronze_to_silver_gold to 2025-11-13 00:00:00+00:00, run_after=2025-11-13 06:00:00+00:00
[2025-11-13T01:28:36.686+0000] {processor.py:183} INFO - Processing /opt/airflow/dags/transform_silver_gold_dbt_dag.py took 0.071 seconds
[2025-11-13T01:29:06.841+0000] {processor.py:161} INFO - Started process (PID=563) to work on /opt/airflow/dags/transform_silver_gold_dbt_dag.py
[2025-11-13T01:29:06.842+0000] {processor.py:830} INFO - Processing file /opt/airflow/dags/transform_silver_gold_dbt_dag.py for tasks to queue
[2025-11-13T01:29:06.843+0000] {logging_mixin.py:188} INFO - [2025-11-13T01:29:06.843+0000] {dagbag.py:538} INFO - Filling up the DagBag from /opt/airflow/dags/transform_silver_gold_dbt_dag.py
[2025-11-13T01:29:06.870+0000] {processor.py:840} INFO - DAG(s) 'transform_bronze_to_silver_gold' retrieved from /opt/airflow/dags/transform_silver_gold_dbt_dag.py
[2025-11-13T01:29:06.882+0000] {logging_mixin.py:188} INFO - [2025-11-13T01:29:06.882+0000] {dag.py:3036} INFO - Sync 1 DAGs
[2025-11-13T01:29:06.893+0000] {logging_mixin.py:188} INFO - [2025-11-13T01:29:06.893+0000] {dag.py:3823} INFO - Setting next_dagrun for transform_bronze_to_silver_gold to 2025-11-13 00:00:00+00:00, run_after=2025-11-13 06:00:00+00:00
[2025-11-13T01:29:06.908+0000] {processor.py:183} INFO - Processing /opt/airflow/dags/transform_silver_gold_dbt_dag.py took 0.069 seconds
[2025-11-13T01:29:37.090+0000] {processor.py:161} INFO - Started process (PID=571) to work on /opt/airflow/dags/transform_silver_gold_dbt_dag.py
[2025-11-13T01:29:37.091+0000] {processor.py:830} INFO - Processing file /opt/airflow/dags/transform_silver_gold_dbt_dag.py for tasks to queue
[2025-11-13T01:29:37.092+0000] {logging_mixin.py:188} INFO - [2025-11-13T01:29:37.091+0000] {dagbag.py:538} INFO - Filling up the DagBag from /opt/airflow/dags/transform_silver_gold_dbt_dag.py
[2025-11-13T01:29:37.111+0000] {processor.py:840} INFO - DAG(s) 'transform_bronze_to_silver_gold' retrieved from /opt/airflow/dags/transform_silver_gold_dbt_dag.py
[2025-11-13T01:29:37.123+0000] {logging_mixin.py:188} INFO - [2025-11-13T01:29:37.123+0000] {dag.py:3036} INFO - Sync 1 DAGs
[2025-11-13T01:29:37.134+0000] {logging_mixin.py:188} INFO - [2025-11-13T01:29:37.134+0000] {dag.py:3823} INFO - Setting next_dagrun for transform_bronze_to_silver_gold to 2025-11-13 00:00:00+00:00, run_after=2025-11-13 06:00:00+00:00
[2025-11-13T01:29:37.148+0000] {processor.py:183} INFO - Processing /opt/airflow/dags/transform_silver_gold_dbt_dag.py took 0.060 seconds
[2025-11-13T01:30:07.380+0000] {processor.py:161} INFO - Started process (PID=580) to work on /opt/airflow/dags/transform_silver_gold_dbt_dag.py
[2025-11-13T01:30:07.381+0000] {processor.py:830} INFO - Processing file /opt/airflow/dags/transform_silver_gold_dbt_dag.py for tasks to queue
[2025-11-13T01:30:07.382+0000] {logging_mixin.py:188} INFO - [2025-11-13T01:30:07.382+0000] {dagbag.py:538} INFO - Filling up the DagBag from /opt/airflow/dags/transform_silver_gold_dbt_dag.py
[2025-11-13T01:30:07.407+0000] {processor.py:840} INFO - DAG(s) 'transform_bronze_to_silver_gold' retrieved from /opt/airflow/dags/transform_silver_gold_dbt_dag.py
[2025-11-13T01:30:07.419+0000] {logging_mixin.py:188} INFO - [2025-11-13T01:30:07.419+0000] {dag.py:3036} INFO - Sync 1 DAGs
[2025-11-13T01:30:07.429+0000] {logging_mixin.py:188} INFO - [2025-11-13T01:30:07.429+0000] {dag.py:3823} INFO - Setting next_dagrun for transform_bronze_to_silver_gold to 2025-11-13 00:00:00+00:00, run_after=2025-11-13 06:00:00+00:00
[2025-11-13T01:30:07.444+0000] {processor.py:183} INFO - Processing /opt/airflow/dags/transform_silver_gold_dbt_dag.py took 0.066 seconds
[2025-11-13T01:30:37.617+0000] {processor.py:161} INFO - Started process (PID=588) to work on /opt/airflow/dags/transform_silver_gold_dbt_dag.py
[2025-11-13T01:30:37.618+0000] {processor.py:830} INFO - Processing file /opt/airflow/dags/transform_silver_gold_dbt_dag.py for tasks to queue
[2025-11-13T01:30:37.619+0000] {logging_mixin.py:188} INFO - [2025-11-13T01:30:37.619+0000] {dagbag.py:538} INFO - Filling up the DagBag from /opt/airflow/dags/transform_silver_gold_dbt_dag.py
[2025-11-13T01:30:37.638+0000] {processor.py:840} INFO - DAG(s) 'transform_bronze_to_silver_gold' retrieved from /opt/airflow/dags/transform_silver_gold_dbt_dag.py
[2025-11-13T01:30:37.650+0000] {logging_mixin.py:188} INFO - [2025-11-13T01:30:37.650+0000] {dag.py:3036} INFO - Sync 1 DAGs
[2025-11-13T01:30:37.660+0000] {logging_mixin.py:188} INFO - [2025-11-13T01:30:37.660+0000] {dag.py:3823} INFO - Setting next_dagrun for transform_bronze_to_silver_gold to 2025-11-13 00:00:00+00:00, run_after=2025-11-13 06:00:00+00:00
[2025-11-13T01:30:37.677+0000] {processor.py:183} INFO - Processing /opt/airflow/dags/transform_silver_gold_dbt_dag.py took 0.062 seconds
[2025-11-13T01:31:07.869+0000] {processor.py:161} INFO - Started process (PID=627) to work on /opt/airflow/dags/transform_silver_gold_dbt_dag.py
[2025-11-13T01:31:07.870+0000] {processor.py:830} INFO - Processing file /opt/airflow/dags/transform_silver_gold_dbt_dag.py for tasks to queue
[2025-11-13T01:31:07.871+0000] {logging_mixin.py:188} INFO - [2025-11-13T01:31:07.871+0000] {dagbag.py:538} INFO - Filling up the DagBag from /opt/airflow/dags/transform_silver_gold_dbt_dag.py
[2025-11-13T01:31:07.888+0000] {processor.py:840} INFO - DAG(s) 'transform_bronze_to_silver_gold' retrieved from /opt/airflow/dags/transform_silver_gold_dbt_dag.py
[2025-11-13T01:31:07.902+0000] {logging_mixin.py:188} INFO - [2025-11-13T01:31:07.902+0000] {dag.py:3036} INFO - Sync 1 DAGs
[2025-11-13T01:31:07.914+0000] {logging_mixin.py:188} INFO - [2025-11-13T01:31:07.914+0000] {dag.py:3823} INFO - Setting next_dagrun for transform_bronze_to_silver_gold to 2025-11-13 00:00:00+00:00, run_after=2025-11-13 06:00:00+00:00
[2025-11-13T01:31:07.928+0000] {processor.py:183} INFO - Processing /opt/airflow/dags/transform_silver_gold_dbt_dag.py took 0.062 seconds
[2025-11-13T01:31:38.057+0000] {processor.py:161} INFO - Started process (PID=635) to work on /opt/airflow/dags/transform_silver_gold_dbt_dag.py
[2025-11-13T01:31:38.058+0000] {processor.py:830} INFO - Processing file /opt/airflow/dags/transform_silver_gold_dbt_dag.py for tasks to queue
[2025-11-13T01:31:38.059+0000] {logging_mixin.py:188} INFO - [2025-11-13T01:31:38.059+0000] {dagbag.py:538} INFO - Filling up the DagBag from /opt/airflow/dags/transform_silver_gold_dbt_dag.py
[2025-11-13T01:31:38.085+0000] {processor.py:840} INFO - DAG(s) 'transform_bronze_to_silver_gold' retrieved from /opt/airflow/dags/transform_silver_gold_dbt_dag.py
[2025-11-13T01:31:38.099+0000] {logging_mixin.py:188} INFO - [2025-11-13T01:31:38.099+0000] {dag.py:3036} INFO - Sync 1 DAGs
[2025-11-13T01:31:38.110+0000] {logging_mixin.py:188} INFO - [2025-11-13T01:31:38.110+0000] {dag.py:3823} INFO - Setting next_dagrun for transform_bronze_to_silver_gold to 2025-11-13 00:00:00+00:00, run_after=2025-11-13 06:00:00+00:00
[2025-11-13T01:31:38.125+0000] {processor.py:183} INFO - Processing /opt/airflow/dags/transform_silver_gold_dbt_dag.py took 0.071 seconds
[2025-11-13T01:32:08.235+0000] {processor.py:161} INFO - Started process (PID=649) to work on /opt/airflow/dags/transform_silver_gold_dbt_dag.py
[2025-11-13T01:32:08.236+0000] {processor.py:830} INFO - Processing file /opt/airflow/dags/transform_silver_gold_dbt_dag.py for tasks to queue
[2025-11-13T01:32:08.237+0000] {logging_mixin.py:188} INFO - [2025-11-13T01:32:08.237+0000] {dagbag.py:538} INFO - Filling up the DagBag from /opt/airflow/dags/transform_silver_gold_dbt_dag.py
[2025-11-13T01:32:08.259+0000] {processor.py:840} INFO - DAG(s) 'transform_bronze_to_silver_gold' retrieved from /opt/airflow/dags/transform_silver_gold_dbt_dag.py
[2025-11-13T01:32:08.273+0000] {logging_mixin.py:188} INFO - [2025-11-13T01:32:08.272+0000] {dag.py:3036} INFO - Sync 1 DAGs
[2025-11-13T01:32:08.283+0000] {logging_mixin.py:188} INFO - [2025-11-13T01:32:08.283+0000] {dag.py:3823} INFO - Setting next_dagrun for transform_bronze_to_silver_gold to 2025-11-13 00:00:00+00:00, run_after=2025-11-13 06:00:00+00:00
[2025-11-13T01:32:08.297+0000] {processor.py:183} INFO - Processing /opt/airflow/dags/transform_silver_gold_dbt_dag.py took 0.065 seconds
[2025-11-13T01:32:37.426+0000] {processor.py:161} INFO - Started process (PID=688) to work on /opt/airflow/dags/transform_silver_gold_dbt_dag.py
[2025-11-13T01:32:37.427+0000] {processor.py:830} INFO - Processing file /opt/airflow/dags/transform_silver_gold_dbt_dag.py for tasks to queue
[2025-11-13T01:32:37.429+0000] {logging_mixin.py:188} INFO - [2025-11-13T01:32:37.428+0000] {dagbag.py:538} INFO - Filling up the DagBag from /opt/airflow/dags/transform_silver_gold_dbt_dag.py
[2025-11-13T01:32:37.465+0000] {processor.py:840} INFO - DAG(s) 'transform_bronze_to_silver_gold' retrieved from /opt/airflow/dags/transform_silver_gold_dbt_dag.py
[2025-11-13T01:32:37.545+0000] {logging_mixin.py:188} INFO - [2025-11-13T01:32:37.545+0000] {dag.py:3036} INFO - Sync 1 DAGs
[2025-11-13T01:32:37.556+0000] {logging_mixin.py:188} INFO - [2025-11-13T01:32:37.556+0000] {dag.py:3823} INFO - Setting next_dagrun for transform_bronze_to_silver_gold to 2025-11-13 00:00:00+00:00, run_after=2025-11-13 06:00:00+00:00
[2025-11-13T01:32:37.578+0000] {processor.py:183} INFO - Processing /opt/airflow/dags/transform_silver_gold_dbt_dag.py took 0.154 seconds
[2025-11-13T01:33:07.689+0000] {processor.py:161} INFO - Started process (PID=871) to work on /opt/airflow/dags/transform_silver_gold_dbt_dag.py
[2025-11-13T01:33:07.690+0000] {processor.py:830} INFO - Processing file /opt/airflow/dags/transform_silver_gold_dbt_dag.py for tasks to queue
[2025-11-13T01:33:07.691+0000] {logging_mixin.py:188} INFO - [2025-11-13T01:33:07.691+0000] {dagbag.py:538} INFO - Filling up the DagBag from /opt/airflow/dags/transform_silver_gold_dbt_dag.py
[2025-11-13T01:33:07.717+0000] {processor.py:840} INFO - DAG(s) 'transform_bronze_to_silver_gold' retrieved from /opt/airflow/dags/transform_silver_gold_dbt_dag.py
[2025-11-13T01:33:07.729+0000] {logging_mixin.py:188} INFO - [2025-11-13T01:33:07.729+0000] {dag.py:3036} INFO - Sync 1 DAGs
[2025-11-13T01:33:07.739+0000] {logging_mixin.py:188} INFO - [2025-11-13T01:33:07.739+0000] {dag.py:3823} INFO - Setting next_dagrun for transform_bronze_to_silver_gold to 2025-11-13 00:00:00+00:00, run_after=2025-11-13 06:00:00+00:00
[2025-11-13T01:33:07.754+0000] {processor.py:183} INFO - Processing /opt/airflow/dags/transform_silver_gold_dbt_dag.py took 0.067 seconds
[2025-11-13T01:33:37.841+0000] {processor.py:161} INFO - Started process (PID=885) to work on /opt/airflow/dags/transform_silver_gold_dbt_dag.py
[2025-11-13T01:33:37.842+0000] {processor.py:830} INFO - Processing file /opt/airflow/dags/transform_silver_gold_dbt_dag.py for tasks to queue
[2025-11-13T01:33:37.843+0000] {logging_mixin.py:188} INFO - [2025-11-13T01:33:37.843+0000] {dagbag.py:538} INFO - Filling up the DagBag from /opt/airflow/dags/transform_silver_gold_dbt_dag.py
[2025-11-13T01:33:37.866+0000] {processor.py:840} INFO - DAG(s) 'transform_bronze_to_silver_gold' retrieved from /opt/airflow/dags/transform_silver_gold_dbt_dag.py
[2025-11-13T01:33:37.879+0000] {logging_mixin.py:188} INFO - [2025-11-13T01:33:37.879+0000] {dag.py:3036} INFO - Sync 1 DAGs
[2025-11-13T01:33:37.889+0000] {logging_mixin.py:188} INFO - [2025-11-13T01:33:37.889+0000] {dag.py:3823} INFO - Setting next_dagrun for transform_bronze_to_silver_gold to 2025-11-13 00:00:00+00:00, run_after=2025-11-13 06:00:00+00:00
[2025-11-13T01:33:37.903+0000] {processor.py:183} INFO - Processing /opt/airflow/dags/transform_silver_gold_dbt_dag.py took 0.065 seconds
[2025-11-13T01:33:48.999+0000] {processor.py:161} INFO - Started process (PID=887) to work on /opt/airflow/dags/transform_silver_gold_dbt_dag.py
[2025-11-13T01:33:49.001+0000] {processor.py:830} INFO - Processing file /opt/airflow/dags/transform_silver_gold_dbt_dag.py for tasks to queue
[2025-11-13T01:33:49.002+0000] {logging_mixin.py:188} INFO - [2025-11-13T01:33:49.002+0000] {dagbag.py:538} INFO - Filling up the DagBag from /opt/airflow/dags/transform_silver_gold_dbt_dag.py
[2025-11-13T01:33:49.037+0000] {processor.py:840} INFO - DAG(s) 'transform_bronze_to_silver_gold' retrieved from /opt/airflow/dags/transform_silver_gold_dbt_dag.py
[2025-11-13T01:33:49.123+0000] {logging_mixin.py:188} INFO - [2025-11-13T01:33:49.123+0000] {dag.py:3036} INFO - Sync 1 DAGs
[2025-11-13T01:33:49.135+0000] {logging_mixin.py:188} INFO - [2025-11-13T01:33:49.135+0000] {dag.py:3823} INFO - Setting next_dagrun for transform_bronze_to_silver_gold to 2025-11-13 00:00:00+00:00, run_after=2025-11-13 06:00:00+00:00
[2025-11-13T01:33:49.156+0000] {processor.py:183} INFO - Processing /opt/airflow/dags/transform_silver_gold_dbt_dag.py took 0.159 seconds
[2025-11-13T01:34:20.165+0000] {processor.py:161} INFO - Started process (PID=1554) to work on /opt/airflow/dags/transform_silver_gold_dbt_dag.py
[2025-11-13T01:34:20.166+0000] {processor.py:830} INFO - Processing file /opt/airflow/dags/transform_silver_gold_dbt_dag.py for tasks to queue
[2025-11-13T01:34:20.167+0000] {logging_mixin.py:188} INFO - [2025-11-13T01:34:20.167+0000] {dagbag.py:538} INFO - Filling up the DagBag from /opt/airflow/dags/transform_silver_gold_dbt_dag.py
[2025-11-13T01:34:20.189+0000] {processor.py:840} INFO - DAG(s) 'transform_bronze_to_silver_gold' retrieved from /opt/airflow/dags/transform_silver_gold_dbt_dag.py
[2025-11-13T01:34:20.203+0000] {logging_mixin.py:188} INFO - [2025-11-13T01:34:20.203+0000] {dag.py:3036} INFO - Sync 1 DAGs
[2025-11-13T01:34:20.214+0000] {logging_mixin.py:188} INFO - [2025-11-13T01:34:20.213+0000] {dag.py:3823} INFO - Setting next_dagrun for transform_bronze_to_silver_gold to 2025-11-13 00:00:00+00:00, run_after=2025-11-13 06:00:00+00:00
[2025-11-13T01:34:20.227+0000] {processor.py:183} INFO - Processing /opt/airflow/dags/transform_silver_gold_dbt_dag.py took 0.064 seconds
[2025-11-13T01:34:54.892+0000] {processor.py:161} INFO - Started process (PID=126) to work on /opt/airflow/dags/transform_silver_gold_dbt_dag.py
[2025-11-13T01:34:54.893+0000] {processor.py:830} INFO - Processing file /opt/airflow/dags/transform_silver_gold_dbt_dag.py for tasks to queue
[2025-11-13T01:34:54.895+0000] {logging_mixin.py:188} INFO - [2025-11-13T01:34:54.894+0000] {dagbag.py:538} INFO - Filling up the DagBag from /opt/airflow/dags/transform_silver_gold_dbt_dag.py
[2025-11-13T01:34:54.920+0000] {processor.py:840} INFO - DAG(s) 'transform_bronze_to_silver_gold' retrieved from /opt/airflow/dags/transform_silver_gold_dbt_dag.py
[2025-11-13T01:34:54.926+0000] {logging_mixin.py:188} INFO - [2025-11-13T01:34:54.926+0000] {dag.py:3036} INFO - Sync 1 DAGs
[2025-11-13T01:34:54.940+0000] {logging_mixin.py:188} INFO - [2025-11-13T01:34:54.940+0000] {dag.py:3823} INFO - Setting next_dagrun for transform_bronze_to_silver_gold to 2025-11-13 00:00:00+00:00, run_after=2025-11-13 06:00:00+00:00
[2025-11-13T01:34:54.957+0000] {processor.py:183} INFO - Processing /opt/airflow/dags/transform_silver_gold_dbt_dag.py took 0.067 seconds
[2025-11-13T01:35:25.337+0000] {processor.py:161} INFO - Started process (PID=766) to work on /opt/airflow/dags/transform_silver_gold_dbt_dag.py
[2025-11-13T01:35:25.338+0000] {processor.py:830} INFO - Processing file /opt/airflow/dags/transform_silver_gold_dbt_dag.py for tasks to queue
[2025-11-13T01:35:25.339+0000] {logging_mixin.py:188} INFO - [2025-11-13T01:35:25.339+0000] {dagbag.py:538} INFO - Filling up the DagBag from /opt/airflow/dags/transform_silver_gold_dbt_dag.py
[2025-11-13T01:35:25.362+0000] {processor.py:840} INFO - DAG(s) 'transform_bronze_to_silver_gold' retrieved from /opt/airflow/dags/transform_silver_gold_dbt_dag.py
[2025-11-13T01:35:25.411+0000] {logging_mixin.py:188} INFO - [2025-11-13T01:35:25.410+0000] {dag.py:3036} INFO - Sync 1 DAGs
[2025-11-13T01:35:25.420+0000] {logging_mixin.py:188} INFO - [2025-11-13T01:35:25.419+0000] {dag.py:3823} INFO - Setting next_dagrun for transform_bronze_to_silver_gold to 2025-11-13 00:00:00+00:00, run_after=2025-11-13 06:00:00+00:00
[2025-11-13T01:35:25.435+0000] {processor.py:183} INFO - Processing /opt/airflow/dags/transform_silver_gold_dbt_dag.py took 0.100 seconds
[2025-11-13T01:35:55.633+0000] {processor.py:161} INFO - Started process (PID=768) to work on /opt/airflow/dags/transform_silver_gold_dbt_dag.py
[2025-11-13T01:35:55.634+0000] {processor.py:830} INFO - Processing file /opt/airflow/dags/transform_silver_gold_dbt_dag.py for tasks to queue
[2025-11-13T01:35:55.635+0000] {logging_mixin.py:188} INFO - [2025-11-13T01:35:55.635+0000] {dagbag.py:538} INFO - Filling up the DagBag from /opt/airflow/dags/transform_silver_gold_dbt_dag.py
[2025-11-13T01:35:55.667+0000] {processor.py:840} INFO - DAG(s) 'transform_bronze_to_silver_gold' retrieved from /opt/airflow/dags/transform_silver_gold_dbt_dag.py
[2025-11-13T01:35:55.685+0000] {logging_mixin.py:188} INFO - [2025-11-13T01:35:55.685+0000] {dag.py:3036} INFO - Sync 1 DAGs
[2025-11-13T01:35:55.698+0000] {logging_mixin.py:188} INFO - [2025-11-13T01:35:55.698+0000] {dag.py:3823} INFO - Setting next_dagrun for transform_bronze_to_silver_gold to 2025-11-13 00:00:00+00:00, run_after=2025-11-13 06:00:00+00:00
[2025-11-13T01:35:55.713+0000] {processor.py:183} INFO - Processing /opt/airflow/dags/transform_silver_gold_dbt_dag.py took 0.082 seconds
[2025-11-13T01:36:25.927+0000] {processor.py:161} INFO - Started process (PID=770) to work on /opt/airflow/dags/transform_silver_gold_dbt_dag.py
[2025-11-13T01:36:25.929+0000] {processor.py:830} INFO - Processing file /opt/airflow/dags/transform_silver_gold_dbt_dag.py for tasks to queue
[2025-11-13T01:36:25.930+0000] {logging_mixin.py:188} INFO - [2025-11-13T01:36:25.930+0000] {dagbag.py:538} INFO - Filling up the DagBag from /opt/airflow/dags/transform_silver_gold_dbt_dag.py
[2025-11-13T01:36:25.960+0000] {processor.py:840} INFO - DAG(s) 'transform_bronze_to_silver_gold' retrieved from /opt/airflow/dags/transform_silver_gold_dbt_dag.py
[2025-11-13T01:36:25.975+0000] {logging_mixin.py:188} INFO - [2025-11-13T01:36:25.974+0000] {dag.py:3036} INFO - Sync 1 DAGs
[2025-11-13T01:36:25.987+0000] {logging_mixin.py:188} INFO - [2025-11-13T01:36:25.987+0000] {dag.py:3823} INFO - Setting next_dagrun for transform_bronze_to_silver_gold to 2025-11-13 00:00:00+00:00, run_after=2025-11-13 06:00:00+00:00
[2025-11-13T01:36:26.006+0000] {processor.py:183} INFO - Processing /opt/airflow/dags/transform_silver_gold_dbt_dag.py took 0.081 seconds
[2025-11-13T01:36:56.212+0000] {processor.py:161} INFO - Started process (PID=1437) to work on /opt/airflow/dags/transform_silver_gold_dbt_dag.py
[2025-11-13T01:36:56.213+0000] {processor.py:830} INFO - Processing file /opt/airflow/dags/transform_silver_gold_dbt_dag.py for tasks to queue
[2025-11-13T01:36:56.214+0000] {logging_mixin.py:188} INFO - [2025-11-13T01:36:56.214+0000] {dagbag.py:538} INFO - Filling up the DagBag from /opt/airflow/dags/transform_silver_gold_dbt_dag.py
[2025-11-13T01:36:56.237+0000] {processor.py:840} INFO - DAG(s) 'transform_bronze_to_silver_gold' retrieved from /opt/airflow/dags/transform_silver_gold_dbt_dag.py
[2025-11-13T01:36:56.249+0000] {logging_mixin.py:188} INFO - [2025-11-13T01:36:56.249+0000] {dag.py:3036} INFO - Sync 1 DAGs
[2025-11-13T01:36:56.260+0000] {logging_mixin.py:188} INFO - [2025-11-13T01:36:56.260+0000] {dag.py:3823} INFO - Setting next_dagrun for transform_bronze_to_silver_gold to 2025-11-13 00:00:00+00:00, run_after=2025-11-13 06:00:00+00:00
[2025-11-13T01:36:56.276+0000] {processor.py:183} INFO - Processing /opt/airflow/dags/transform_silver_gold_dbt_dag.py took 0.066 seconds
[2025-11-13T01:37:26.394+0000] {processor.py:161} INFO - Started process (PID=1974) to work on /opt/airflow/dags/transform_silver_gold_dbt_dag.py
[2025-11-13T01:37:26.396+0000] {processor.py:830} INFO - Processing file /opt/airflow/dags/transform_silver_gold_dbt_dag.py for tasks to queue
[2025-11-13T01:37:26.397+0000] {logging_mixin.py:188} INFO - [2025-11-13T01:37:26.397+0000] {dagbag.py:538} INFO - Filling up the DagBag from /opt/airflow/dags/transform_silver_gold_dbt_dag.py
[2025-11-13T01:37:26.424+0000] {processor.py:840} INFO - DAG(s) 'transform_bronze_to_silver_gold' retrieved from /opt/airflow/dags/transform_silver_gold_dbt_dag.py
[2025-11-13T01:37:26.439+0000] {logging_mixin.py:188} INFO - [2025-11-13T01:37:26.438+0000] {dag.py:3036} INFO - Sync 1 DAGs
[2025-11-13T01:37:26.450+0000] {logging_mixin.py:188} INFO - [2025-11-13T01:37:26.450+0000] {dag.py:3823} INFO - Setting next_dagrun for transform_bronze_to_silver_gold to 2025-11-13 00:00:00+00:00, run_after=2025-11-13 06:00:00+00:00
[2025-11-13T01:37:26.463+0000] {processor.py:183} INFO - Processing /opt/airflow/dags/transform_silver_gold_dbt_dag.py took 0.070 seconds
[2025-11-13T01:37:56.591+0000] {processor.py:161} INFO - Started process (PID=1982) to work on /opt/airflow/dags/transform_silver_gold_dbt_dag.py
[2025-11-13T01:37:56.592+0000] {processor.py:830} INFO - Processing file /opt/airflow/dags/transform_silver_gold_dbt_dag.py for tasks to queue
[2025-11-13T01:37:56.593+0000] {logging_mixin.py:188} INFO - [2025-11-13T01:37:56.593+0000] {dagbag.py:538} INFO - Filling up the DagBag from /opt/airflow/dags/transform_silver_gold_dbt_dag.py
[2025-11-13T01:37:56.622+0000] {processor.py:840} INFO - DAG(s) 'transform_bronze_to_silver_gold' retrieved from /opt/airflow/dags/transform_silver_gold_dbt_dag.py
[2025-11-13T01:37:56.634+0000] {logging_mixin.py:188} INFO - [2025-11-13T01:37:56.634+0000] {dag.py:3036} INFO - Sync 1 DAGs
[2025-11-13T01:37:56.644+0000] {logging_mixin.py:188} INFO - [2025-11-13T01:37:56.644+0000] {dag.py:3823} INFO - Setting next_dagrun for transform_bronze_to_silver_gold to 2025-11-13 00:00:00+00:00, run_after=2025-11-13 06:00:00+00:00
[2025-11-13T01:37:56.658+0000] {processor.py:183} INFO - Processing /opt/airflow/dags/transform_silver_gold_dbt_dag.py took 0.069 seconds
[2025-11-13T01:38:26.749+0000] {processor.py:161} INFO - Started process (PID=1984) to work on /opt/airflow/dags/transform_silver_gold_dbt_dag.py
[2025-11-13T01:38:26.750+0000] {processor.py:830} INFO - Processing file /opt/airflow/dags/transform_silver_gold_dbt_dag.py for tasks to queue
[2025-11-13T01:38:26.751+0000] {logging_mixin.py:188} INFO - [2025-11-13T01:38:26.750+0000] {dagbag.py:538} INFO - Filling up the DagBag from /opt/airflow/dags/transform_silver_gold_dbt_dag.py
[2025-11-13T01:38:26.771+0000] {processor.py:840} INFO - DAG(s) 'transform_bronze_to_silver_gold' retrieved from /opt/airflow/dags/transform_silver_gold_dbt_dag.py
[2025-11-13T01:38:26.784+0000] {logging_mixin.py:188} INFO - [2025-11-13T01:38:26.784+0000] {dag.py:3036} INFO - Sync 1 DAGs
[2025-11-13T01:38:26.794+0000] {logging_mixin.py:188} INFO - [2025-11-13T01:38:26.794+0000] {dag.py:3823} INFO - Setting next_dagrun for transform_bronze_to_silver_gold to 2025-11-13 00:00:00+00:00, run_after=2025-11-13 06:00:00+00:00
[2025-11-13T01:38:26.813+0000] {processor.py:183} INFO - Processing /opt/airflow/dags/transform_silver_gold_dbt_dag.py took 0.066 seconds
[2025-11-13T01:38:56.940+0000] {processor.py:161} INFO - Started process (PID=2622) to work on /opt/airflow/dags/transform_silver_gold_dbt_dag.py
[2025-11-13T01:38:56.941+0000] {processor.py:830} INFO - Processing file /opt/airflow/dags/transform_silver_gold_dbt_dag.py for tasks to queue
[2025-11-13T01:38:56.943+0000] {logging_mixin.py:188} INFO - [2025-11-13T01:38:56.942+0000] {dagbag.py:538} INFO - Filling up the DagBag from /opt/airflow/dags/transform_silver_gold_dbt_dag.py
[2025-11-13T01:38:56.968+0000] {processor.py:840} INFO - DAG(s) 'transform_bronze_to_silver_gold' retrieved from /opt/airflow/dags/transform_silver_gold_dbt_dag.py
[2025-11-13T01:38:56.980+0000] {logging_mixin.py:188} INFO - [2025-11-13T01:38:56.980+0000] {dag.py:3036} INFO - Sync 1 DAGs
[2025-11-13T01:38:56.991+0000] {logging_mixin.py:188} INFO - [2025-11-13T01:38:56.991+0000] {dag.py:3823} INFO - Setting next_dagrun for transform_bronze_to_silver_gold to 2025-11-13 00:00:00+00:00, run_after=2025-11-13 06:00:00+00:00
[2025-11-13T01:38:57.005+0000] {processor.py:183} INFO - Processing /opt/airflow/dags/transform_silver_gold_dbt_dag.py took 0.067 seconds
[2025-11-13T01:39:27.120+0000] {processor.py:161} INFO - Started process (PID=2624) to work on /opt/airflow/dags/transform_silver_gold_dbt_dag.py
[2025-11-13T01:39:27.121+0000] {processor.py:830} INFO - Processing file /opt/airflow/dags/transform_silver_gold_dbt_dag.py for tasks to queue
[2025-11-13T01:39:27.122+0000] {logging_mixin.py:188} INFO - [2025-11-13T01:39:27.122+0000] {dagbag.py:538} INFO - Filling up the DagBag from /opt/airflow/dags/transform_silver_gold_dbt_dag.py
[2025-11-13T01:39:27.144+0000] {processor.py:840} INFO - DAG(s) 'transform_bronze_to_silver_gold' retrieved from /opt/airflow/dags/transform_silver_gold_dbt_dag.py
[2025-11-13T01:39:27.158+0000] {logging_mixin.py:188} INFO - [2025-11-13T01:39:27.158+0000] {dag.py:3036} INFO - Sync 1 DAGs
[2025-11-13T01:39:27.170+0000] {logging_mixin.py:188} INFO - [2025-11-13T01:39:27.170+0000] {dag.py:3823} INFO - Setting next_dagrun for transform_bronze_to_silver_gold to 2025-11-13 00:00:00+00:00, run_after=2025-11-13 06:00:00+00:00
[2025-11-13T01:39:27.184+0000] {processor.py:183} INFO - Processing /opt/airflow/dags/transform_silver_gold_dbt_dag.py took 0.066 seconds
[2025-11-13T01:39:57.303+0000] {processor.py:161} INFO - Started process (PID=2626) to work on /opt/airflow/dags/transform_silver_gold_dbt_dag.py
[2025-11-13T01:39:57.304+0000] {processor.py:830} INFO - Processing file /opt/airflow/dags/transform_silver_gold_dbt_dag.py for tasks to queue
[2025-11-13T01:39:57.305+0000] {logging_mixin.py:188} INFO - [2025-11-13T01:39:57.304+0000] {dagbag.py:538} INFO - Filling up the DagBag from /opt/airflow/dags/transform_silver_gold_dbt_dag.py
[2025-11-13T01:39:57.328+0000] {processor.py:840} INFO - DAG(s) 'transform_bronze_to_silver_gold' retrieved from /opt/airflow/dags/transform_silver_gold_dbt_dag.py
[2025-11-13T01:39:57.340+0000] {logging_mixin.py:188} INFO - [2025-11-13T01:39:57.340+0000] {dag.py:3036} INFO - Sync 1 DAGs
[2025-11-13T01:39:57.351+0000] {logging_mixin.py:188} INFO - [2025-11-13T01:39:57.351+0000] {dag.py:3823} INFO - Setting next_dagrun for transform_bronze_to_silver_gold to 2025-11-13 00:00:00+00:00, run_after=2025-11-13 06:00:00+00:00
[2025-11-13T01:39:57.365+0000] {processor.py:183} INFO - Processing /opt/airflow/dags/transform_silver_gold_dbt_dag.py took 0.064 seconds
[2025-11-13T01:40:27.488+0000] {processor.py:161} INFO - Started process (PID=2628) to work on /opt/airflow/dags/transform_silver_gold_dbt_dag.py
[2025-11-13T01:40:27.489+0000] {processor.py:830} INFO - Processing file /opt/airflow/dags/transform_silver_gold_dbt_dag.py for tasks to queue
[2025-11-13T01:40:27.490+0000] {logging_mixin.py:188} INFO - [2025-11-13T01:40:27.490+0000] {dagbag.py:538} INFO - Filling up the DagBag from /opt/airflow/dags/transform_silver_gold_dbt_dag.py
[2025-11-13T01:40:27.507+0000] {processor.py:840} INFO - DAG(s) 'transform_bronze_to_silver_gold' retrieved from /opt/airflow/dags/transform_silver_gold_dbt_dag.py
[2025-11-13T01:40:27.520+0000] {logging_mixin.py:188} INFO - [2025-11-13T01:40:27.519+0000] {dag.py:3036} INFO - Sync 1 DAGs
[2025-11-13T01:40:27.531+0000] {logging_mixin.py:188} INFO - [2025-11-13T01:40:27.530+0000] {dag.py:3823} INFO - Setting next_dagrun for transform_bronze_to_silver_gold to 2025-11-13 00:00:00+00:00, run_after=2025-11-13 06:00:00+00:00
[2025-11-13T01:40:27.543+0000] {processor.py:183} INFO - Processing /opt/airflow/dags/transform_silver_gold_dbt_dag.py took 0.057 seconds
[2025-11-13T01:40:57.670+0000] {processor.py:161} INFO - Started process (PID=3198) to work on /opt/airflow/dags/transform_silver_gold_dbt_dag.py
[2025-11-13T01:40:57.671+0000] {processor.py:830} INFO - Processing file /opt/airflow/dags/transform_silver_gold_dbt_dag.py for tasks to queue
[2025-11-13T01:40:57.672+0000] {logging_mixin.py:188} INFO - [2025-11-13T01:40:57.672+0000] {dagbag.py:538} INFO - Filling up the DagBag from /opt/airflow/dags/transform_silver_gold_dbt_dag.py
[2025-11-13T01:40:57.696+0000] {processor.py:840} INFO - DAG(s) 'transform_bronze_to_silver_gold' retrieved from /opt/airflow/dags/transform_silver_gold_dbt_dag.py
[2025-11-13T01:40:57.709+0000] {logging_mixin.py:188} INFO - [2025-11-13T01:40:57.709+0000] {dag.py:3036} INFO - Sync 1 DAGs
[2025-11-13T01:40:57.720+0000] {logging_mixin.py:188} INFO - [2025-11-13T01:40:57.719+0000] {dag.py:3823} INFO - Setting next_dagrun for transform_bronze_to_silver_gold to 2025-11-13 00:00:00+00:00, run_after=2025-11-13 06:00:00+00:00
[2025-11-13T01:40:57.735+0000] {processor.py:183} INFO - Processing /opt/airflow/dags/transform_silver_gold_dbt_dag.py took 0.067 seconds
[2025-11-13T01:41:27.860+0000] {processor.py:161} INFO - Started process (PID=3200) to work on /opt/airflow/dags/transform_silver_gold_dbt_dag.py
[2025-11-13T01:41:27.861+0000] {processor.py:830} INFO - Processing file /opt/airflow/dags/transform_silver_gold_dbt_dag.py for tasks to queue
[2025-11-13T01:41:27.862+0000] {logging_mixin.py:188} INFO - [2025-11-13T01:41:27.862+0000] {dagbag.py:538} INFO - Filling up the DagBag from /opt/airflow/dags/transform_silver_gold_dbt_dag.py
[2025-11-13T01:41:27.883+0000] {processor.py:840} INFO - DAG(s) 'transform_bronze_to_silver_gold' retrieved from /opt/airflow/dags/transform_silver_gold_dbt_dag.py
[2025-11-13T01:41:27.896+0000] {logging_mixin.py:188} INFO - [2025-11-13T01:41:27.895+0000] {dag.py:3036} INFO - Sync 1 DAGs
[2025-11-13T01:41:27.905+0000] {logging_mixin.py:188} INFO - [2025-11-13T01:41:27.905+0000] {dag.py:3823} INFO - Setting next_dagrun for transform_bronze_to_silver_gold to 2025-11-13 00:00:00+00:00, run_after=2025-11-13 06:00:00+00:00
[2025-11-13T01:41:27.921+0000] {processor.py:183} INFO - Processing /opt/airflow/dags/transform_silver_gold_dbt_dag.py took 0.063 seconds
[2025-11-13T01:41:58.041+0000] {processor.py:161} INFO - Started process (PID=3270) to work on /opt/airflow/dags/transform_silver_gold_dbt_dag.py
[2025-11-13T01:41:58.042+0000] {processor.py:830} INFO - Processing file /opt/airflow/dags/transform_silver_gold_dbt_dag.py for tasks to queue
[2025-11-13T01:41:58.043+0000] {logging_mixin.py:188} INFO - [2025-11-13T01:41:58.043+0000] {dagbag.py:538} INFO - Filling up the DagBag from /opt/airflow/dags/transform_silver_gold_dbt_dag.py
[2025-11-13T01:41:58.060+0000] {processor.py:840} INFO - DAG(s) 'transform_bronze_to_silver_gold' retrieved from /opt/airflow/dags/transform_silver_gold_dbt_dag.py
[2025-11-13T01:41:58.073+0000] {logging_mixin.py:188} INFO - [2025-11-13T01:41:58.073+0000] {dag.py:3036} INFO - Sync 1 DAGs
[2025-11-13T01:41:58.083+0000] {logging_mixin.py:188} INFO - [2025-11-13T01:41:58.083+0000] {dag.py:3823} INFO - Setting next_dagrun for transform_bronze_to_silver_gold to 2025-11-13 00:00:00+00:00, run_after=2025-11-13 06:00:00+00:00
[2025-11-13T01:41:58.098+0000] {processor.py:183} INFO - Processing /opt/airflow/dags/transform_silver_gold_dbt_dag.py took 0.059 seconds
[2025-11-13T01:42:28.227+0000] {processor.py:161} INFO - Started process (PID=3272) to work on /opt/airflow/dags/transform_silver_gold_dbt_dag.py
[2025-11-13T01:42:28.228+0000] {processor.py:830} INFO - Processing file /opt/airflow/dags/transform_silver_gold_dbt_dag.py for tasks to queue
[2025-11-13T01:42:28.229+0000] {logging_mixin.py:188} INFO - [2025-11-13T01:42:28.229+0000] {dagbag.py:538} INFO - Filling up the DagBag from /opt/airflow/dags/transform_silver_gold_dbt_dag.py
[2025-11-13T01:42:28.251+0000] {processor.py:840} INFO - DAG(s) 'transform_bronze_to_silver_gold' retrieved from /opt/airflow/dags/transform_silver_gold_dbt_dag.py
[2025-11-13T01:42:28.263+0000] {logging_mixin.py:188} INFO - [2025-11-13T01:42:28.263+0000] {dag.py:3036} INFO - Sync 1 DAGs
[2025-11-13T01:42:28.274+0000] {logging_mixin.py:188} INFO - [2025-11-13T01:42:28.274+0000] {dag.py:3823} INFO - Setting next_dagrun for transform_bronze_to_silver_gold to 2025-11-13 00:00:00+00:00, run_after=2025-11-13 06:00:00+00:00
[2025-11-13T01:42:28.287+0000] {processor.py:183} INFO - Processing /opt/airflow/dags/transform_silver_gold_dbt_dag.py took 0.063 seconds
[2025-11-13T01:42:58.407+0000] {processor.py:161} INFO - Started process (PID=3274) to work on /opt/airflow/dags/transform_silver_gold_dbt_dag.py
[2025-11-13T01:42:58.408+0000] {processor.py:830} INFO - Processing file /opt/airflow/dags/transform_silver_gold_dbt_dag.py for tasks to queue
[2025-11-13T01:42:58.409+0000] {logging_mixin.py:188} INFO - [2025-11-13T01:42:58.409+0000] {dagbag.py:538} INFO - Filling up the DagBag from /opt/airflow/dags/transform_silver_gold_dbt_dag.py
[2025-11-13T01:42:58.433+0000] {processor.py:840} INFO - DAG(s) 'transform_bronze_to_silver_gold' retrieved from /opt/airflow/dags/transform_silver_gold_dbt_dag.py
[2025-11-13T01:42:58.446+0000] {logging_mixin.py:188} INFO - [2025-11-13T01:42:58.445+0000] {dag.py:3036} INFO - Sync 1 DAGs
[2025-11-13T01:42:58.456+0000] {logging_mixin.py:188} INFO - [2025-11-13T01:42:58.456+0000] {dag.py:3823} INFO - Setting next_dagrun for transform_bronze_to_silver_gold to 2025-11-13 00:00:00+00:00, run_after=2025-11-13 06:00:00+00:00
[2025-11-13T01:42:58.470+0000] {processor.py:183} INFO - Processing /opt/airflow/dags/transform_silver_gold_dbt_dag.py took 0.065 seconds
[2025-11-13T01:43:28.591+0000] {processor.py:161} INFO - Started process (PID=3276) to work on /opt/airflow/dags/transform_silver_gold_dbt_dag.py
[2025-11-13T01:43:28.592+0000] {processor.py:830} INFO - Processing file /opt/airflow/dags/transform_silver_gold_dbt_dag.py for tasks to queue
[2025-11-13T01:43:28.593+0000] {logging_mixin.py:188} INFO - [2025-11-13T01:43:28.593+0000] {dagbag.py:538} INFO - Filling up the DagBag from /opt/airflow/dags/transform_silver_gold_dbt_dag.py
[2025-11-13T01:43:28.627+0000] {processor.py:840} INFO - DAG(s) 'transform_bronze_to_silver_gold' retrieved from /opt/airflow/dags/transform_silver_gold_dbt_dag.py
[2025-11-13T01:43:28.647+0000] {logging_mixin.py:188} INFO - [2025-11-13T01:43:28.647+0000] {dag.py:3036} INFO - Sync 1 DAGs
[2025-11-13T01:43:28.660+0000] {logging_mixin.py:188} INFO - [2025-11-13T01:43:28.660+0000] {dag.py:3823} INFO - Setting next_dagrun for transform_bronze_to_silver_gold to 2025-11-13 00:00:00+00:00, run_after=2025-11-13 06:00:00+00:00
[2025-11-13T01:43:28.674+0000] {processor.py:183} INFO - Processing /opt/airflow/dags/transform_silver_gold_dbt_dag.py took 0.085 seconds
[2025-11-13T01:43:58.783+0000] {processor.py:161} INFO - Started process (PID=3849) to work on /opt/airflow/dags/transform_silver_gold_dbt_dag.py
[2025-11-13T01:43:58.785+0000] {processor.py:830} INFO - Processing file /opt/airflow/dags/transform_silver_gold_dbt_dag.py for tasks to queue
[2025-11-13T01:43:58.786+0000] {logging_mixin.py:188} INFO - [2025-11-13T01:43:58.785+0000] {dagbag.py:538} INFO - Filling up the DagBag from /opt/airflow/dags/transform_silver_gold_dbt_dag.py
[2025-11-13T01:43:58.808+0000] {processor.py:840} INFO - DAG(s) 'transform_bronze_to_silver_gold' retrieved from /opt/airflow/dags/transform_silver_gold_dbt_dag.py
[2025-11-13T01:43:58.822+0000] {logging_mixin.py:188} INFO - [2025-11-13T01:43:58.821+0000] {dag.py:3036} INFO - Sync 1 DAGs
[2025-11-13T01:43:58.832+0000] {logging_mixin.py:188} INFO - [2025-11-13T01:43:58.832+0000] {dag.py:3823} INFO - Setting next_dagrun for transform_bronze_to_silver_gold to 2025-11-13 00:00:00+00:00, run_after=2025-11-13 06:00:00+00:00
[2025-11-13T01:43:58.847+0000] {processor.py:183} INFO - Processing /opt/airflow/dags/transform_silver_gold_dbt_dag.py took 0.065 seconds
[2025-11-13T01:44:28.967+0000] {processor.py:161} INFO - Started process (PID=3851) to work on /opt/airflow/dags/transform_silver_gold_dbt_dag.py
[2025-11-13T01:44:28.968+0000] {processor.py:830} INFO - Processing file /opt/airflow/dags/transform_silver_gold_dbt_dag.py for tasks to queue
[2025-11-13T01:44:28.969+0000] {logging_mixin.py:188} INFO - [2025-11-13T01:44:28.969+0000] {dagbag.py:538} INFO - Filling up the DagBag from /opt/airflow/dags/transform_silver_gold_dbt_dag.py
[2025-11-13T01:44:28.997+0000] {processor.py:840} INFO - DAG(s) 'transform_bronze_to_silver_gold' retrieved from /opt/airflow/dags/transform_silver_gold_dbt_dag.py
[2025-11-13T01:44:29.011+0000] {logging_mixin.py:188} INFO - [2025-11-13T01:44:29.010+0000] {dag.py:3036} INFO - Sync 1 DAGs
[2025-11-13T01:44:29.021+0000] {logging_mixin.py:188} INFO - [2025-11-13T01:44:29.021+0000] {dag.py:3823} INFO - Setting next_dagrun for transform_bronze_to_silver_gold to 2025-11-13 00:00:00+00:00, run_after=2025-11-13 06:00:00+00:00
[2025-11-13T01:44:29.037+0000] {processor.py:183} INFO - Processing /opt/airflow/dags/transform_silver_gold_dbt_dag.py took 0.072 seconds
[2025-11-13T01:44:59.096+0000] {processor.py:161} INFO - Started process (PID=4454) to work on /opt/airflow/dags/transform_silver_gold_dbt_dag.py
[2025-11-13T01:44:59.097+0000] {processor.py:830} INFO - Processing file /opt/airflow/dags/transform_silver_gold_dbt_dag.py for tasks to queue
[2025-11-13T01:44:59.098+0000] {logging_mixin.py:188} INFO - [2025-11-13T01:44:59.098+0000] {dagbag.py:538} INFO - Filling up the DagBag from /opt/airflow/dags/transform_silver_gold_dbt_dag.py
[2025-11-13T01:44:59.120+0000] {processor.py:840} INFO - DAG(s) 'transform_bronze_to_silver_gold' retrieved from /opt/airflow/dags/transform_silver_gold_dbt_dag.py
[2025-11-13T01:44:59.136+0000] {logging_mixin.py:188} INFO - [2025-11-13T01:44:59.136+0000] {dag.py:3036} INFO - Sync 1 DAGs
[2025-11-13T01:44:59.147+0000] {logging_mixin.py:188} INFO - [2025-11-13T01:44:59.147+0000] {dag.py:3823} INFO - Setting next_dagrun for transform_bronze_to_silver_gold to 2025-11-13 00:00:00+00:00, run_after=2025-11-13 06:00:00+00:00
[2025-11-13T01:44:59.161+0000] {processor.py:183} INFO - Processing /opt/airflow/dags/transform_silver_gold_dbt_dag.py took 0.067 seconds
[2025-11-13T01:45:29.411+0000] {processor.py:161} INFO - Started process (PID=4456) to work on /opt/airflow/dags/transform_silver_gold_dbt_dag.py
[2025-11-13T01:45:29.413+0000] {processor.py:830} INFO - Processing file /opt/airflow/dags/transform_silver_gold_dbt_dag.py for tasks to queue
[2025-11-13T01:45:29.414+0000] {logging_mixin.py:188} INFO - [2025-11-13T01:45:29.413+0000] {dagbag.py:538} INFO - Filling up the DagBag from /opt/airflow/dags/transform_silver_gold_dbt_dag.py
[2025-11-13T01:45:29.439+0000] {processor.py:840} INFO - DAG(s) 'transform_bronze_to_silver_gold' retrieved from /opt/airflow/dags/transform_silver_gold_dbt_dag.py
[2025-11-13T01:45:29.451+0000] {logging_mixin.py:188} INFO - [2025-11-13T01:45:29.451+0000] {dag.py:3036} INFO - Sync 1 DAGs
[2025-11-13T01:45:29.461+0000] {logging_mixin.py:188} INFO - [2025-11-13T01:45:29.461+0000] {dag.py:3823} INFO - Setting next_dagrun for transform_bronze_to_silver_gold to 2025-11-13 00:00:00+00:00, run_after=2025-11-13 06:00:00+00:00
[2025-11-13T01:45:29.476+0000] {processor.py:183} INFO - Processing /opt/airflow/dags/transform_silver_gold_dbt_dag.py took 0.067 seconds
[2025-11-13T01:45:59.781+0000] {processor.py:161} INFO - Started process (PID=4458) to work on /opt/airflow/dags/transform_silver_gold_dbt_dag.py
[2025-11-13T01:45:59.782+0000] {processor.py:830} INFO - Processing file /opt/airflow/dags/transform_silver_gold_dbt_dag.py for tasks to queue
[2025-11-13T01:45:59.783+0000] {logging_mixin.py:188} INFO - [2025-11-13T01:45:59.783+0000] {dagbag.py:538} INFO - Filling up the DagBag from /opt/airflow/dags/transform_silver_gold_dbt_dag.py
[2025-11-13T01:45:59.811+0000] {processor.py:840} INFO - DAG(s) 'transform_bronze_to_silver_gold' retrieved from /opt/airflow/dags/transform_silver_gold_dbt_dag.py
[2025-11-13T01:45:59.826+0000] {logging_mixin.py:188} INFO - [2025-11-13T01:45:59.826+0000] {dag.py:3036} INFO - Sync 1 DAGs
[2025-11-13T01:45:59.838+0000] {logging_mixin.py:188} INFO - [2025-11-13T01:45:59.837+0000] {dag.py:3823} INFO - Setting next_dagrun for transform_bronze_to_silver_gold to 2025-11-13 00:00:00+00:00, run_after=2025-11-13 06:00:00+00:00
[2025-11-13T01:45:59.852+0000] {processor.py:183} INFO - Processing /opt/airflow/dags/transform_silver_gold_dbt_dag.py took 0.072 seconds
[2025-11-13T01:46:30.170+0000] {processor.py:161} INFO - Started process (PID=4460) to work on /opt/airflow/dags/transform_silver_gold_dbt_dag.py
[2025-11-13T01:46:30.172+0000] {processor.py:830} INFO - Processing file /opt/airflow/dags/transform_silver_gold_dbt_dag.py for tasks to queue
[2025-11-13T01:46:30.173+0000] {logging_mixin.py:188} INFO - [2025-11-13T01:46:30.172+0000] {dagbag.py:538} INFO - Filling up the DagBag from /opt/airflow/dags/transform_silver_gold_dbt_dag.py
[2025-11-13T01:46:30.203+0000] {processor.py:840} INFO - DAG(s) 'transform_bronze_to_silver_gold' retrieved from /opt/airflow/dags/transform_silver_gold_dbt_dag.py
[2025-11-13T01:46:30.219+0000] {logging_mixin.py:188} INFO - [2025-11-13T01:46:30.219+0000] {dag.py:3036} INFO - Sync 1 DAGs
[2025-11-13T01:46:30.231+0000] {logging_mixin.py:188} INFO - [2025-11-13T01:46:30.231+0000] {dag.py:3823} INFO - Setting next_dagrun for transform_bronze_to_silver_gold to 2025-11-13 00:00:00+00:00, run_after=2025-11-13 06:00:00+00:00
[2025-11-13T01:46:30.245+0000] {processor.py:183} INFO - Processing /opt/airflow/dags/transform_silver_gold_dbt_dag.py took 0.077 seconds
[2025-11-13T01:47:00.577+0000] {processor.py:161} INFO - Started process (PID=4462) to work on /opt/airflow/dags/transform_silver_gold_dbt_dag.py
[2025-11-13T01:47:00.578+0000] {processor.py:830} INFO - Processing file /opt/airflow/dags/transform_silver_gold_dbt_dag.py for tasks to queue
[2025-11-13T01:47:00.579+0000] {logging_mixin.py:188} INFO - [2025-11-13T01:47:00.579+0000] {dagbag.py:538} INFO - Filling up the DagBag from /opt/airflow/dags/transform_silver_gold_dbt_dag.py
[2025-11-13T01:47:00.601+0000] {processor.py:840} INFO - DAG(s) 'transform_bronze_to_silver_gold' retrieved from /opt/airflow/dags/transform_silver_gold_dbt_dag.py
[2025-11-13T01:47:00.614+0000] {logging_mixin.py:188} INFO - [2025-11-13T01:47:00.614+0000] {dag.py:3036} INFO - Sync 1 DAGs
[2025-11-13T01:47:00.625+0000] {logging_mixin.py:188} INFO - [2025-11-13T01:47:00.624+0000] {dag.py:3823} INFO - Setting next_dagrun for transform_bronze_to_silver_gold to 2025-11-13 00:00:00+00:00, run_after=2025-11-13 06:00:00+00:00
[2025-11-13T01:47:00.639+0000] {processor.py:183} INFO - Processing /opt/airflow/dags/transform_silver_gold_dbt_dag.py took 0.064 seconds
[2025-11-13T01:47:30.945+0000] {processor.py:161} INFO - Started process (PID=4470) to work on /opt/airflow/dags/transform_silver_gold_dbt_dag.py
[2025-11-13T01:47:30.946+0000] {processor.py:830} INFO - Processing file /opt/airflow/dags/transform_silver_gold_dbt_dag.py for tasks to queue
[2025-11-13T01:47:30.947+0000] {logging_mixin.py:188} INFO - [2025-11-13T01:47:30.947+0000] {dagbag.py:538} INFO - Filling up the DagBag from /opt/airflow/dags/transform_silver_gold_dbt_dag.py
[2025-11-13T01:47:30.971+0000] {processor.py:840} INFO - DAG(s) 'transform_bronze_to_silver_gold' retrieved from /opt/airflow/dags/transform_silver_gold_dbt_dag.py
[2025-11-13T01:47:30.987+0000] {logging_mixin.py:188} INFO - [2025-11-13T01:47:30.987+0000] {dag.py:3036} INFO - Sync 1 DAGs
[2025-11-13T01:47:31.000+0000] {logging_mixin.py:188} INFO - [2025-11-13T01:47:31.000+0000] {dag.py:3823} INFO - Setting next_dagrun for transform_bronze_to_silver_gold to 2025-11-13 00:00:00+00:00, run_after=2025-11-13 06:00:00+00:00
[2025-11-13T01:47:31.016+0000] {processor.py:183} INFO - Processing /opt/airflow/dags/transform_silver_gold_dbt_dag.py took 0.073 seconds
[2025-11-13T01:48:01.337+0000] {processor.py:161} INFO - Started process (PID=4472) to work on /opt/airflow/dags/transform_silver_gold_dbt_dag.py
[2025-11-13T01:48:01.339+0000] {processor.py:830} INFO - Processing file /opt/airflow/dags/transform_silver_gold_dbt_dag.py for tasks to queue
[2025-11-13T01:48:01.340+0000] {logging_mixin.py:188} INFO - [2025-11-13T01:48:01.340+0000] {dagbag.py:538} INFO - Filling up the DagBag from /opt/airflow/dags/transform_silver_gold_dbt_dag.py
[2025-11-13T01:48:01.370+0000] {processor.py:840} INFO - DAG(s) 'transform_bronze_to_silver_gold' retrieved from /opt/airflow/dags/transform_silver_gold_dbt_dag.py
[2025-11-13T01:48:01.387+0000] {logging_mixin.py:188} INFO - [2025-11-13T01:48:01.387+0000] {dag.py:3036} INFO - Sync 1 DAGs
[2025-11-13T01:48:01.402+0000] {logging_mixin.py:188} INFO - [2025-11-13T01:48:01.402+0000] {dag.py:3823} INFO - Setting next_dagrun for transform_bronze_to_silver_gold to 2025-11-13 00:00:00+00:00, run_after=2025-11-13 06:00:00+00:00
[2025-11-13T01:48:01.420+0000] {processor.py:183} INFO - Processing /opt/airflow/dags/transform_silver_gold_dbt_dag.py took 0.086 seconds
[2025-11-13T01:48:31.730+0000] {processor.py:161} INFO - Started process (PID=4474) to work on /opt/airflow/dags/transform_silver_gold_dbt_dag.py
[2025-11-13T01:48:31.731+0000] {processor.py:830} INFO - Processing file /opt/airflow/dags/transform_silver_gold_dbt_dag.py for tasks to queue
[2025-11-13T01:48:31.732+0000] {logging_mixin.py:188} INFO - [2025-11-13T01:48:31.732+0000] {dagbag.py:538} INFO - Filling up the DagBag from /opt/airflow/dags/transform_silver_gold_dbt_dag.py
[2025-11-13T01:48:31.749+0000] {processor.py:840} INFO - DAG(s) 'transform_bronze_to_silver_gold' retrieved from /opt/airflow/dags/transform_silver_gold_dbt_dag.py
[2025-11-13T01:48:31.762+0000] {logging_mixin.py:188} INFO - [2025-11-13T01:48:31.762+0000] {dag.py:3036} INFO - Sync 1 DAGs
[2025-11-13T01:48:31.772+0000] {logging_mixin.py:188} INFO - [2025-11-13T01:48:31.772+0000] {dag.py:3823} INFO - Setting next_dagrun for transform_bronze_to_silver_gold to 2025-11-13 00:00:00+00:00, run_after=2025-11-13 06:00:00+00:00
[2025-11-13T01:48:31.785+0000] {processor.py:183} INFO - Processing /opt/airflow/dags/transform_silver_gold_dbt_dag.py took 0.057 seconds
[2025-11-13T01:49:02.116+0000] {processor.py:161} INFO - Started process (PID=4476) to work on /opt/airflow/dags/transform_silver_gold_dbt_dag.py
[2025-11-13T01:49:02.118+0000] {processor.py:830} INFO - Processing file /opt/airflow/dags/transform_silver_gold_dbt_dag.py for tasks to queue
[2025-11-13T01:49:02.119+0000] {logging_mixin.py:188} INFO - [2025-11-13T01:49:02.118+0000] {dagbag.py:538} INFO - Filling up the DagBag from /opt/airflow/dags/transform_silver_gold_dbt_dag.py
[2025-11-13T01:49:02.141+0000] {processor.py:840} INFO - DAG(s) 'transform_bronze_to_silver_gold' retrieved from /opt/airflow/dags/transform_silver_gold_dbt_dag.py
[2025-11-13T01:49:02.156+0000] {logging_mixin.py:188} INFO - [2025-11-13T01:49:02.155+0000] {dag.py:3036} INFO - Sync 1 DAGs
[2025-11-13T01:49:02.167+0000] {logging_mixin.py:188} INFO - [2025-11-13T01:49:02.167+0000] {dag.py:3823} INFO - Setting next_dagrun for transform_bronze_to_silver_gold to 2025-11-13 00:00:00+00:00, run_after=2025-11-13 06:00:00+00:00
[2025-11-13T01:49:02.182+0000] {processor.py:183} INFO - Processing /opt/airflow/dags/transform_silver_gold_dbt_dag.py took 0.068 seconds
[2025-11-13T01:49:32.498+0000] {processor.py:161} INFO - Started process (PID=5051) to work on /opt/airflow/dags/transform_silver_gold_dbt_dag.py
[2025-11-13T01:49:32.499+0000] {processor.py:830} INFO - Processing file /opt/airflow/dags/transform_silver_gold_dbt_dag.py for tasks to queue
[2025-11-13T01:49:32.500+0000] {logging_mixin.py:188} INFO - [2025-11-13T01:49:32.500+0000] {dagbag.py:538} INFO - Filling up the DagBag from /opt/airflow/dags/transform_silver_gold_dbt_dag.py
[2025-11-13T01:49:32.518+0000] {processor.py:840} INFO - DAG(s) 'transform_bronze_to_silver_gold' retrieved from /opt/airflow/dags/transform_silver_gold_dbt_dag.py
[2025-11-13T01:49:32.530+0000] {logging_mixin.py:188} INFO - [2025-11-13T01:49:32.530+0000] {dag.py:3036} INFO - Sync 1 DAGs
[2025-11-13T01:49:32.541+0000] {logging_mixin.py:188} INFO - [2025-11-13T01:49:32.541+0000] {dag.py:3823} INFO - Setting next_dagrun for transform_bronze_to_silver_gold to 2025-11-13 00:00:00+00:00, run_after=2025-11-13 06:00:00+00:00
[2025-11-13T01:49:32.559+0000] {processor.py:183} INFO - Processing /opt/airflow/dags/transform_silver_gold_dbt_dag.py took 0.063 seconds
[2025-11-13T01:50:02.692+0000] {processor.py:161} INFO - Started process (PID=5627) to work on /opt/airflow/dags/transform_silver_gold_dbt_dag.py
[2025-11-13T01:50:02.693+0000] {processor.py:830} INFO - Processing file /opt/airflow/dags/transform_silver_gold_dbt_dag.py for tasks to queue
[2025-11-13T01:50:02.694+0000] {logging_mixin.py:188} INFO - [2025-11-13T01:50:02.694+0000] {dagbag.py:538} INFO - Filling up the DagBag from /opt/airflow/dags/transform_silver_gold_dbt_dag.py
[2025-11-13T01:50:02.725+0000] {processor.py:840} INFO - DAG(s) 'transform_bronze_to_silver_gold' retrieved from /opt/airflow/dags/transform_silver_gold_dbt_dag.py
[2025-11-13T01:50:02.737+0000] {logging_mixin.py:188} INFO - [2025-11-13T01:50:02.737+0000] {dag.py:3036} INFO - Sync 1 DAGs
[2025-11-13T01:50:02.747+0000] {logging_mixin.py:188} INFO - [2025-11-13T01:50:02.747+0000] {dag.py:3823} INFO - Setting next_dagrun for transform_bronze_to_silver_gold to 2025-11-13 00:00:00+00:00, run_after=2025-11-13 06:00:00+00:00
[2025-11-13T01:50:02.762+0000] {processor.py:183} INFO - Processing /opt/airflow/dags/transform_silver_gold_dbt_dag.py took 0.072 seconds
[2025-11-13T01:50:37.181+0000] {processor.py:161} INFO - Started process (PID=6903) to work on /opt/airflow/dags/transform_silver_gold_dbt_dag.py
[2025-11-13T01:50:37.183+0000] {processor.py:830} INFO - Processing file /opt/airflow/dags/transform_silver_gold_dbt_dag.py for tasks to queue
[2025-11-13T01:50:37.184+0000] {logging_mixin.py:188} INFO - [2025-11-13T01:50:37.183+0000] {dagbag.py:538} INFO - Filling up the DagBag from /opt/airflow/dags/transform_silver_gold_dbt_dag.py
[2025-11-13T01:50:37.210+0000] {processor.py:840} INFO - DAG(s) 'transform_bronze_to_silver_gold' retrieved from /opt/airflow/dags/transform_silver_gold_dbt_dag.py
[2025-11-13T01:50:37.228+0000] {logging_mixin.py:188} INFO - [2025-11-13T01:50:37.227+0000] {dag.py:3036} INFO - Sync 1 DAGs
[2025-11-13T01:50:37.240+0000] {logging_mixin.py:188} INFO - [2025-11-13T01:50:37.239+0000] {dag.py:3823} INFO - Setting next_dagrun for transform_bronze_to_silver_gold to 2025-11-13 00:00:00+00:00, run_after=2025-11-13 06:00:00+00:00
[2025-11-13T01:50:37.254+0000] {processor.py:183} INFO - Processing /opt/airflow/dags/transform_silver_gold_dbt_dag.py took 0.075 seconds
[2025-11-13T01:51:07.304+0000] {processor.py:161} INFO - Started process (PID=6911) to work on /opt/airflow/dags/transform_silver_gold_dbt_dag.py
[2025-11-13T01:51:07.305+0000] {processor.py:830} INFO - Processing file /opt/airflow/dags/transform_silver_gold_dbt_dag.py for tasks to queue
[2025-11-13T01:51:07.307+0000] {logging_mixin.py:188} INFO - [2025-11-13T01:51:07.306+0000] {dagbag.py:538} INFO - Filling up the DagBag from /opt/airflow/dags/transform_silver_gold_dbt_dag.py
[2025-11-13T01:51:07.331+0000] {processor.py:840} INFO - DAG(s) 'transform_bronze_to_silver_gold' retrieved from /opt/airflow/dags/transform_silver_gold_dbt_dag.py
[2025-11-13T01:51:07.344+0000] {logging_mixin.py:188} INFO - [2025-11-13T01:51:07.344+0000] {dag.py:3036} INFO - Sync 1 DAGs
[2025-11-13T01:51:07.355+0000] {logging_mixin.py:188} INFO - [2025-11-13T01:51:07.355+0000] {dag.py:3823} INFO - Setting next_dagrun for transform_bronze_to_silver_gold to 2025-11-13 00:00:00+00:00, run_after=2025-11-13 06:00:00+00:00
[2025-11-13T01:51:07.370+0000] {processor.py:183} INFO - Processing /opt/airflow/dags/transform_silver_gold_dbt_dag.py took 0.068 seconds
[2025-11-13T01:51:37.584+0000] {processor.py:161} INFO - Started process (PID=6913) to work on /opt/airflow/dags/transform_silver_gold_dbt_dag.py
[2025-11-13T01:51:37.586+0000] {processor.py:830} INFO - Processing file /opt/airflow/dags/transform_silver_gold_dbt_dag.py for tasks to queue
[2025-11-13T01:51:37.587+0000] {logging_mixin.py:188} INFO - [2025-11-13T01:51:37.586+0000] {dagbag.py:538} INFO - Filling up the DagBag from /opt/airflow/dags/transform_silver_gold_dbt_dag.py
[2025-11-13T01:51:37.611+0000] {processor.py:840} INFO - DAG(s) 'transform_bronze_to_silver_gold' retrieved from /opt/airflow/dags/transform_silver_gold_dbt_dag.py
[2025-11-13T01:51:37.641+0000] {logging_mixin.py:188} INFO - [2025-11-13T01:51:37.640+0000] {dag.py:3036} INFO - Sync 1 DAGs
[2025-11-13T01:51:37.654+0000] {logging_mixin.py:188} INFO - [2025-11-13T01:51:37.654+0000] {dag.py:3823} INFO - Setting next_dagrun for transform_bronze_to_silver_gold to 2025-11-13 00:00:00+00:00, run_after=2025-11-13 06:00:00+00:00
[2025-11-13T01:51:37.667+0000] {processor.py:183} INFO - Processing /opt/airflow/dags/transform_silver_gold_dbt_dag.py took 0.085 seconds
[2025-11-13T01:52:07.978+0000] {processor.py:161} INFO - Started process (PID=6915) to work on /opt/airflow/dags/transform_silver_gold_dbt_dag.py
[2025-11-13T01:52:07.979+0000] {processor.py:830} INFO - Processing file /opt/airflow/dags/transform_silver_gold_dbt_dag.py for tasks to queue
[2025-11-13T01:52:07.980+0000] {logging_mixin.py:188} INFO - [2025-11-13T01:52:07.980+0000] {dagbag.py:538} INFO - Filling up the DagBag from /opt/airflow/dags/transform_silver_gold_dbt_dag.py
[2025-11-13T01:52:08.000+0000] {processor.py:840} INFO - DAG(s) 'transform_bronze_to_silver_gold' retrieved from /opt/airflow/dags/transform_silver_gold_dbt_dag.py
[2025-11-13T01:52:08.012+0000] {logging_mixin.py:188} INFO - [2025-11-13T01:52:08.012+0000] {dag.py:3036} INFO - Sync 1 DAGs
[2025-11-13T01:52:08.023+0000] {logging_mixin.py:188} INFO - [2025-11-13T01:52:08.023+0000] {dag.py:3823} INFO - Setting next_dagrun for transform_bronze_to_silver_gold to 2025-11-13 00:00:00+00:00, run_after=2025-11-13 06:00:00+00:00
[2025-11-13T01:52:08.036+0000] {processor.py:183} INFO - Processing /opt/airflow/dags/transform_silver_gold_dbt_dag.py took 0.060 seconds
[2025-11-13T01:52:38.264+0000] {processor.py:161} INFO - Started process (PID=6917) to work on /opt/airflow/dags/transform_silver_gold_dbt_dag.py
[2025-11-13T01:52:38.265+0000] {processor.py:830} INFO - Processing file /opt/airflow/dags/transform_silver_gold_dbt_dag.py for tasks to queue
[2025-11-13T01:52:38.266+0000] {logging_mixin.py:188} INFO - [2025-11-13T01:52:38.265+0000] {dagbag.py:538} INFO - Filling up the DagBag from /opt/airflow/dags/transform_silver_gold_dbt_dag.py
[2025-11-13T01:52:38.285+0000] {processor.py:840} INFO - DAG(s) 'transform_bronze_to_silver_gold' retrieved from /opt/airflow/dags/transform_silver_gold_dbt_dag.py
[2025-11-13T01:52:38.297+0000] {logging_mixin.py:188} INFO - [2025-11-13T01:52:38.297+0000] {dag.py:3036} INFO - Sync 1 DAGs
[2025-11-13T01:52:38.308+0000] {logging_mixin.py:188} INFO - [2025-11-13T01:52:38.307+0000] {dag.py:3823} INFO - Setting next_dagrun for transform_bronze_to_silver_gold to 2025-11-13 00:00:00+00:00, run_after=2025-11-13 06:00:00+00:00
[2025-11-13T01:52:38.323+0000] {processor.py:183} INFO - Processing /opt/airflow/dags/transform_silver_gold_dbt_dag.py took 0.061 seconds
[2025-11-13T01:53:08.520+0000] {processor.py:161} INFO - Started process (PID=6925) to work on /opt/airflow/dags/transform_silver_gold_dbt_dag.py
[2025-11-13T01:53:08.521+0000] {processor.py:830} INFO - Processing file /opt/airflow/dags/transform_silver_gold_dbt_dag.py for tasks to queue
[2025-11-13T01:53:08.522+0000] {logging_mixin.py:188} INFO - [2025-11-13T01:53:08.522+0000] {dagbag.py:538} INFO - Filling up the DagBag from /opt/airflow/dags/transform_silver_gold_dbt_dag.py
[2025-11-13T01:53:08.544+0000] {processor.py:840} INFO - DAG(s) 'transform_bronze_to_silver_gold' retrieved from /opt/airflow/dags/transform_silver_gold_dbt_dag.py
[2025-11-13T01:53:08.556+0000] {logging_mixin.py:188} INFO - [2025-11-13T01:53:08.556+0000] {dag.py:3036} INFO - Sync 1 DAGs
[2025-11-13T01:53:08.567+0000] {logging_mixin.py:188} INFO - [2025-11-13T01:53:08.567+0000] {dag.py:3823} INFO - Setting next_dagrun for transform_bronze_to_silver_gold to 2025-11-13 00:00:00+00:00, run_after=2025-11-13 06:00:00+00:00
[2025-11-13T01:53:08.582+0000] {processor.py:183} INFO - Processing /opt/airflow/dags/transform_silver_gold_dbt_dag.py took 0.063 seconds
[2025-11-13T01:53:38.806+0000] {processor.py:161} INFO - Started process (PID=6933) to work on /opt/airflow/dags/transform_silver_gold_dbt_dag.py
[2025-11-13T01:53:38.807+0000] {processor.py:830} INFO - Processing file /opt/airflow/dags/transform_silver_gold_dbt_dag.py for tasks to queue
[2025-11-13T01:53:38.808+0000] {logging_mixin.py:188} INFO - [2025-11-13T01:53:38.808+0000] {dagbag.py:538} INFO - Filling up the DagBag from /opt/airflow/dags/transform_silver_gold_dbt_dag.py
[2025-11-13T01:53:38.823+0000] {processor.py:840} INFO - DAG(s) 'transform_bronze_to_silver_gold' retrieved from /opt/airflow/dags/transform_silver_gold_dbt_dag.py
[2025-11-13T01:53:38.836+0000] {logging_mixin.py:188} INFO - [2025-11-13T01:53:38.835+0000] {dag.py:3036} INFO - Sync 1 DAGs
[2025-11-13T01:53:38.846+0000] {logging_mixin.py:188} INFO - [2025-11-13T01:53:38.846+0000] {dag.py:3823} INFO - Setting next_dagrun for transform_bronze_to_silver_gold to 2025-11-13 00:00:00+00:00, run_after=2025-11-13 06:00:00+00:00
[2025-11-13T01:53:38.862+0000] {processor.py:183} INFO - Processing /opt/airflow/dags/transform_silver_gold_dbt_dag.py took 0.058 seconds
[2025-11-13T01:54:09.094+0000] {processor.py:161} INFO - Started process (PID=6935) to work on /opt/airflow/dags/transform_silver_gold_dbt_dag.py
[2025-11-13T01:54:09.095+0000] {processor.py:830} INFO - Processing file /opt/airflow/dags/transform_silver_gold_dbt_dag.py for tasks to queue
[2025-11-13T01:54:09.096+0000] {logging_mixin.py:188} INFO - [2025-11-13T01:54:09.096+0000] {dagbag.py:538} INFO - Filling up the DagBag from /opt/airflow/dags/transform_silver_gold_dbt_dag.py
[2025-11-13T01:54:09.120+0000] {processor.py:840} INFO - DAG(s) 'transform_bronze_to_silver_gold' retrieved from /opt/airflow/dags/transform_silver_gold_dbt_dag.py
[2025-11-13T01:54:09.132+0000] {logging_mixin.py:188} INFO - [2025-11-13T01:54:09.132+0000] {dag.py:3036} INFO - Sync 1 DAGs
[2025-11-13T01:54:09.143+0000] {logging_mixin.py:188} INFO - [2025-11-13T01:54:09.142+0000] {dag.py:3823} INFO - Setting next_dagrun for transform_bronze_to_silver_gold to 2025-11-13 00:00:00+00:00, run_after=2025-11-13 06:00:00+00:00
[2025-11-13T01:54:09.158+0000] {processor.py:183} INFO - Processing /opt/airflow/dags/transform_silver_gold_dbt_dag.py took 0.066 seconds
[2025-11-13T01:54:39.389+0000] {processor.py:161} INFO - Started process (PID=6937) to work on /opt/airflow/dags/transform_silver_gold_dbt_dag.py
[2025-11-13T01:54:39.391+0000] {processor.py:830} INFO - Processing file /opt/airflow/dags/transform_silver_gold_dbt_dag.py for tasks to queue
[2025-11-13T01:54:39.392+0000] {logging_mixin.py:188} INFO - [2025-11-13T01:54:39.392+0000] {dagbag.py:538} INFO - Filling up the DagBag from /opt/airflow/dags/transform_silver_gold_dbt_dag.py
[2025-11-13T01:54:39.415+0000] {processor.py:840} INFO - DAG(s) 'transform_bronze_to_silver_gold' retrieved from /opt/airflow/dags/transform_silver_gold_dbt_dag.py
[2025-11-13T01:54:39.427+0000] {logging_mixin.py:188} INFO - [2025-11-13T01:54:39.427+0000] {dag.py:3036} INFO - Sync 1 DAGs
[2025-11-13T01:54:39.437+0000] {logging_mixin.py:188} INFO - [2025-11-13T01:54:39.437+0000] {dag.py:3823} INFO - Setting next_dagrun for transform_bronze_to_silver_gold to 2025-11-13 00:00:00+00:00, run_after=2025-11-13 06:00:00+00:00
[2025-11-13T01:54:39.453+0000] {processor.py:183} INFO - Processing /opt/airflow/dags/transform_silver_gold_dbt_dag.py took 0.066 seconds
[2025-11-13T01:55:09.677+0000] {processor.py:161} INFO - Started process (PID=6945) to work on /opt/airflow/dags/transform_silver_gold_dbt_dag.py
[2025-11-13T01:55:09.678+0000] {processor.py:830} INFO - Processing file /opt/airflow/dags/transform_silver_gold_dbt_dag.py for tasks to queue
[2025-11-13T01:55:09.680+0000] {logging_mixin.py:188} INFO - [2025-11-13T01:55:09.679+0000] {dagbag.py:538} INFO - Filling up the DagBag from /opt/airflow/dags/transform_silver_gold_dbt_dag.py
[2025-11-13T01:55:09.702+0000] {processor.py:840} INFO - DAG(s) 'transform_bronze_to_silver_gold' retrieved from /opt/airflow/dags/transform_silver_gold_dbt_dag.py
[2025-11-13T01:55:09.715+0000] {logging_mixin.py:188} INFO - [2025-11-13T01:55:09.715+0000] {dag.py:3036} INFO - Sync 1 DAGs
[2025-11-13T01:55:09.724+0000] {logging_mixin.py:188} INFO - [2025-11-13T01:55:09.724+0000] {dag.py:3823} INFO - Setting next_dagrun for transform_bronze_to_silver_gold to 2025-11-13 00:00:00+00:00, run_after=2025-11-13 06:00:00+00:00
[2025-11-13T01:55:09.741+0000] {processor.py:183} INFO - Processing /opt/airflow/dags/transform_silver_gold_dbt_dag.py took 0.066 seconds
[2025-11-13T01:55:39.879+0000] {processor.py:161} INFO - Started process (PID=8116) to work on /opt/airflow/dags/transform_silver_gold_dbt_dag.py
[2025-11-13T01:55:39.881+0000] {processor.py:830} INFO - Processing file /opt/airflow/dags/transform_silver_gold_dbt_dag.py for tasks to queue
[2025-11-13T01:55:39.882+0000] {logging_mixin.py:188} INFO - [2025-11-13T01:55:39.881+0000] {dagbag.py:538} INFO - Filling up the DagBag from /opt/airflow/dags/transform_silver_gold_dbt_dag.py
[2025-11-13T01:55:39.903+0000] {processor.py:840} INFO - DAG(s) 'transform_bronze_to_silver_gold' retrieved from /opt/airflow/dags/transform_silver_gold_dbt_dag.py
[2025-11-13T01:55:39.916+0000] {logging_mixin.py:188} INFO - [2025-11-13T01:55:39.916+0000] {dag.py:3036} INFO - Sync 1 DAGs
[2025-11-13T01:55:39.926+0000] {logging_mixin.py:188} INFO - [2025-11-13T01:55:39.926+0000] {dag.py:3823} INFO - Setting next_dagrun for transform_bronze_to_silver_gold to 2025-11-13 00:00:00+00:00, run_after=2025-11-13 06:00:00+00:00
[2025-11-13T01:55:39.938+0000] {processor.py:183} INFO - Processing /opt/airflow/dags/transform_silver_gold_dbt_dag.py took 0.061 seconds
[2025-11-13T01:56:10.696+0000] {processor.py:161} INFO - Started process (PID=9393) to work on /opt/airflow/dags/transform_silver_gold_dbt_dag.py
[2025-11-13T01:56:10.697+0000] {processor.py:830} INFO - Processing file /opt/airflow/dags/transform_silver_gold_dbt_dag.py for tasks to queue
[2025-11-13T01:56:10.698+0000] {logging_mixin.py:188} INFO - [2025-11-13T01:56:10.698+0000] {dagbag.py:538} INFO - Filling up the DagBag from /opt/airflow/dags/transform_silver_gold_dbt_dag.py
[2025-11-13T01:56:10.726+0000] {processor.py:840} INFO - DAG(s) 'transform_bronze_to_silver_gold' retrieved from /opt/airflow/dags/transform_silver_gold_dbt_dag.py
[2025-11-13T01:56:10.742+0000] {logging_mixin.py:188} INFO - [2025-11-13T01:56:10.741+0000] {dag.py:3036} INFO - Sync 1 DAGs
[2025-11-13T01:56:10.753+0000] {logging_mixin.py:188} INFO - [2025-11-13T01:56:10.753+0000] {dag.py:3823} INFO - Setting next_dagrun for transform_bronze_to_silver_gold to 2025-11-13 00:00:00+00:00, run_after=2025-11-13 06:00:00+00:00
[2025-11-13T01:56:10.768+0000] {processor.py:183} INFO - Processing /opt/airflow/dags/transform_silver_gold_dbt_dag.py took 0.075 seconds
[2025-11-13T01:56:40.869+0000] {processor.py:161} INFO - Started process (PID=9401) to work on /opt/airflow/dags/transform_silver_gold_dbt_dag.py
[2025-11-13T01:56:40.870+0000] {processor.py:830} INFO - Processing file /opt/airflow/dags/transform_silver_gold_dbt_dag.py for tasks to queue
[2025-11-13T01:56:40.871+0000] {logging_mixin.py:188} INFO - [2025-11-13T01:56:40.871+0000] {dagbag.py:538} INFO - Filling up the DagBag from /opt/airflow/dags/transform_silver_gold_dbt_dag.py
[2025-11-13T01:56:40.894+0000] {processor.py:840} INFO - DAG(s) 'transform_bronze_to_silver_gold' retrieved from /opt/airflow/dags/transform_silver_gold_dbt_dag.py
[2025-11-13T01:56:40.906+0000] {logging_mixin.py:188} INFO - [2025-11-13T01:56:40.906+0000] {dag.py:3036} INFO - Sync 1 DAGs
[2025-11-13T01:56:40.917+0000] {logging_mixin.py:188} INFO - [2025-11-13T01:56:40.917+0000] {dag.py:3823} INFO - Setting next_dagrun for transform_bronze_to_silver_gold to 2025-11-13 00:00:00+00:00, run_after=2025-11-13 06:00:00+00:00
[2025-11-13T01:56:40.936+0000] {processor.py:183} INFO - Processing /opt/airflow/dags/transform_silver_gold_dbt_dag.py took 0.070 seconds
[2025-11-13T01:57:11.037+0000] {processor.py:161} INFO - Started process (PID=9415) to work on /opt/airflow/dags/transform_silver_gold_dbt_dag.py
[2025-11-13T01:57:11.038+0000] {processor.py:830} INFO - Processing file /opt/airflow/dags/transform_silver_gold_dbt_dag.py for tasks to queue
[2025-11-13T01:57:11.039+0000] {logging_mixin.py:188} INFO - [2025-11-13T01:57:11.039+0000] {dagbag.py:538} INFO - Filling up the DagBag from /opt/airflow/dags/transform_silver_gold_dbt_dag.py
[2025-11-13T01:57:11.069+0000] {processor.py:840} INFO - DAG(s) 'transform_bronze_to_silver_gold' retrieved from /opt/airflow/dags/transform_silver_gold_dbt_dag.py
[2025-11-13T01:57:11.086+0000] {logging_mixin.py:188} INFO - [2025-11-13T01:57:11.086+0000] {dag.py:3036} INFO - Sync 1 DAGs
[2025-11-13T01:57:11.098+0000] {logging_mixin.py:188} INFO - [2025-11-13T01:57:11.098+0000] {dag.py:3823} INFO - Setting next_dagrun for transform_bronze_to_silver_gold to 2025-11-13 00:00:00+00:00, run_after=2025-11-13 06:00:00+00:00
[2025-11-13T01:57:11.114+0000] {processor.py:183} INFO - Processing /opt/airflow/dags/transform_silver_gold_dbt_dag.py took 0.079 seconds
[2025-11-13T01:57:41.202+0000] {processor.py:161} INFO - Started process (PID=9417) to work on /opt/airflow/dags/transform_silver_gold_dbt_dag.py
[2025-11-13T01:57:41.203+0000] {processor.py:830} INFO - Processing file /opt/airflow/dags/transform_silver_gold_dbt_dag.py for tasks to queue
[2025-11-13T01:57:41.205+0000] {logging_mixin.py:188} INFO - [2025-11-13T01:57:41.204+0000] {dagbag.py:538} INFO - Filling up the DagBag from /opt/airflow/dags/transform_silver_gold_dbt_dag.py
[2025-11-13T01:57:41.228+0000] {processor.py:840} INFO - DAG(s) 'transform_bronze_to_silver_gold' retrieved from /opt/airflow/dags/transform_silver_gold_dbt_dag.py
[2025-11-13T01:57:41.242+0000] {logging_mixin.py:188} INFO - [2025-11-13T01:57:41.241+0000] {dag.py:3036} INFO - Sync 1 DAGs
[2025-11-13T01:57:41.254+0000] {logging_mixin.py:188} INFO - [2025-11-13T01:57:41.254+0000] {dag.py:3823} INFO - Setting next_dagrun for transform_bronze_to_silver_gold to 2025-11-13 00:00:00+00:00, run_after=2025-11-13 06:00:00+00:00
[2025-11-13T01:57:41.270+0000] {processor.py:183} INFO - Processing /opt/airflow/dags/transform_silver_gold_dbt_dag.py took 0.070 seconds
[2025-11-13T01:58:11.383+0000] {processor.py:161} INFO - Started process (PID=9425) to work on /opt/airflow/dags/transform_silver_gold_dbt_dag.py
[2025-11-13T01:58:11.384+0000] {processor.py:830} INFO - Processing file /opt/airflow/dags/transform_silver_gold_dbt_dag.py for tasks to queue
[2025-11-13T01:58:11.384+0000] {logging_mixin.py:188} INFO - [2025-11-13T01:58:11.384+0000] {dagbag.py:538} INFO - Filling up the DagBag from /opt/airflow/dags/transform_silver_gold_dbt_dag.py
[2025-11-13T01:58:11.405+0000] {processor.py:840} INFO - DAG(s) 'transform_bronze_to_silver_gold' retrieved from /opt/airflow/dags/transform_silver_gold_dbt_dag.py
[2025-11-13T01:58:11.417+0000] {logging_mixin.py:188} INFO - [2025-11-13T01:58:11.417+0000] {dag.py:3036} INFO - Sync 1 DAGs
[2025-11-13T01:58:11.428+0000] {logging_mixin.py:188} INFO - [2025-11-13T01:58:11.428+0000] {dag.py:3823} INFO - Setting next_dagrun for transform_bronze_to_silver_gold to 2025-11-13 00:00:00+00:00, run_after=2025-11-13 06:00:00+00:00
[2025-11-13T01:58:11.442+0000] {processor.py:183} INFO - Processing /opt/airflow/dags/transform_silver_gold_dbt_dag.py took 0.061 seconds
[2025-11-13T01:58:41.551+0000] {processor.py:161} INFO - Started process (PID=9933) to work on /opt/airflow/dags/transform_silver_gold_dbt_dag.py
[2025-11-13T01:58:41.552+0000] {processor.py:830} INFO - Processing file /opt/airflow/dags/transform_silver_gold_dbt_dag.py for tasks to queue
[2025-11-13T01:58:41.553+0000] {logging_mixin.py:188} INFO - [2025-11-13T01:58:41.553+0000] {dagbag.py:538} INFO - Filling up the DagBag from /opt/airflow/dags/transform_silver_gold_dbt_dag.py
[2025-11-13T01:58:41.574+0000] {processor.py:840} INFO - DAG(s) 'transform_bronze_to_silver_gold' retrieved from /opt/airflow/dags/transform_silver_gold_dbt_dag.py
[2025-11-13T01:58:41.590+0000] {logging_mixin.py:188} INFO - [2025-11-13T01:58:41.590+0000] {dag.py:3036} INFO - Sync 1 DAGs
[2025-11-13T01:58:41.605+0000] {logging_mixin.py:188} INFO - [2025-11-13T01:58:41.605+0000] {dag.py:3823} INFO - Setting next_dagrun for transform_bronze_to_silver_gold to 2025-11-13 00:00:00+00:00, run_after=2025-11-13 06:00:00+00:00
[2025-11-13T01:58:41.622+0000] {processor.py:183} INFO - Processing /opt/airflow/dags/transform_silver_gold_dbt_dag.py took 0.074 seconds
[2025-11-13T01:59:11.724+0000] {processor.py:161} INFO - Started process (PID=10641) to work on /opt/airflow/dags/transform_silver_gold_dbt_dag.py
[2025-11-13T01:59:11.725+0000] {processor.py:830} INFO - Processing file /opt/airflow/dags/transform_silver_gold_dbt_dag.py for tasks to queue
[2025-11-13T01:59:11.726+0000] {logging_mixin.py:188} INFO - [2025-11-13T01:59:11.726+0000] {dagbag.py:538} INFO - Filling up the DagBag from /opt/airflow/dags/transform_silver_gold_dbt_dag.py
[2025-11-13T01:59:11.746+0000] {processor.py:840} INFO - DAG(s) 'transform_bronze_to_silver_gold' retrieved from /opt/airflow/dags/transform_silver_gold_dbt_dag.py
[2025-11-13T01:59:11.758+0000] {logging_mixin.py:188} INFO - [2025-11-13T01:59:11.758+0000] {dag.py:3036} INFO - Sync 1 DAGs
[2025-11-13T01:59:11.769+0000] {logging_mixin.py:188} INFO - [2025-11-13T01:59:11.769+0000] {dag.py:3823} INFO - Setting next_dagrun for transform_bronze_to_silver_gold to 2025-11-13 00:00:00+00:00, run_after=2025-11-13 06:00:00+00:00
[2025-11-13T01:59:11.783+0000] {processor.py:183} INFO - Processing /opt/airflow/dags/transform_silver_gold_dbt_dag.py took 0.061 seconds
[2025-11-13T01:59:41.897+0000] {processor.py:161} INFO - Started process (PID=11881) to work on /opt/airflow/dags/transform_silver_gold_dbt_dag.py
[2025-11-13T01:59:41.898+0000] {processor.py:830} INFO - Processing file /opt/airflow/dags/transform_silver_gold_dbt_dag.py for tasks to queue
[2025-11-13T01:59:41.899+0000] {logging_mixin.py:188} INFO - [2025-11-13T01:59:41.899+0000] {dagbag.py:538} INFO - Filling up the DagBag from /opt/airflow/dags/transform_silver_gold_dbt_dag.py
[2025-11-13T01:59:41.922+0000] {processor.py:840} INFO - DAG(s) 'transform_bronze_to_silver_gold' retrieved from /opt/airflow/dags/transform_silver_gold_dbt_dag.py
[2025-11-13T01:59:41.934+0000] {logging_mixin.py:188} INFO - [2025-11-13T01:59:41.934+0000] {dag.py:3036} INFO - Sync 1 DAGs
[2025-11-13T01:59:41.945+0000] {logging_mixin.py:188} INFO - [2025-11-13T01:59:41.945+0000] {dag.py:3823} INFO - Setting next_dagrun for transform_bronze_to_silver_gold to 2025-11-13 00:00:00+00:00, run_after=2025-11-13 06:00:00+00:00
[2025-11-13T01:59:41.960+0000] {processor.py:183} INFO - Processing /opt/airflow/dags/transform_silver_gold_dbt_dag.py took 0.066 seconds
[2025-11-13T02:00:12.074+0000] {processor.py:161} INFO - Started process (PID=11889) to work on /opt/airflow/dags/transform_silver_gold_dbt_dag.py
[2025-11-13T02:00:12.075+0000] {processor.py:830} INFO - Processing file /opt/airflow/dags/transform_silver_gold_dbt_dag.py for tasks to queue
[2025-11-13T02:00:12.076+0000] {logging_mixin.py:188} INFO - [2025-11-13T02:00:12.076+0000] {dagbag.py:538} INFO - Filling up the DagBag from /opt/airflow/dags/transform_silver_gold_dbt_dag.py
[2025-11-13T02:00:12.103+0000] {processor.py:840} INFO - DAG(s) 'transform_bronze_to_silver_gold' retrieved from /opt/airflow/dags/transform_silver_gold_dbt_dag.py
[2025-11-13T02:00:12.116+0000] {logging_mixin.py:188} INFO - [2025-11-13T02:00:12.115+0000] {dag.py:3036} INFO - Sync 1 DAGs
[2025-11-13T02:00:12.125+0000] {logging_mixin.py:188} INFO - [2025-11-13T02:00:12.125+0000] {dag.py:3823} INFO - Setting next_dagrun for transform_bronze_to_silver_gold to 2025-11-13 00:00:00+00:00, run_after=2025-11-13 06:00:00+00:00
[2025-11-13T02:00:12.142+0000] {processor.py:183} INFO - Processing /opt/airflow/dags/transform_silver_gold_dbt_dag.py took 0.070 seconds
[2025-11-13T02:00:42.260+0000] {processor.py:161} INFO - Started process (PID=11891) to work on /opt/airflow/dags/transform_silver_gold_dbt_dag.py
[2025-11-13T02:00:42.261+0000] {processor.py:830} INFO - Processing file /opt/airflow/dags/transform_silver_gold_dbt_dag.py for tasks to queue
[2025-11-13T02:00:42.262+0000] {logging_mixin.py:188} INFO - [2025-11-13T02:00:42.262+0000] {dagbag.py:538} INFO - Filling up the DagBag from /opt/airflow/dags/transform_silver_gold_dbt_dag.py
[2025-11-13T02:00:42.285+0000] {processor.py:840} INFO - DAG(s) 'transform_bronze_to_silver_gold' retrieved from /opt/airflow/dags/transform_silver_gold_dbt_dag.py
[2025-11-13T02:00:42.297+0000] {logging_mixin.py:188} INFO - [2025-11-13T02:00:42.297+0000] {dag.py:3036} INFO - Sync 1 DAGs
[2025-11-13T02:00:42.307+0000] {logging_mixin.py:188} INFO - [2025-11-13T02:00:42.307+0000] {dag.py:3823} INFO - Setting next_dagrun for transform_bronze_to_silver_gold to 2025-11-13 00:00:00+00:00, run_after=2025-11-13 06:00:00+00:00
[2025-11-13T02:00:42.322+0000] {processor.py:183} INFO - Processing /opt/airflow/dags/transform_silver_gold_dbt_dag.py took 0.065 seconds
[2025-11-13T02:01:12.468+0000] {processor.py:161} INFO - Started process (PID=11893) to work on /opt/airflow/dags/transform_silver_gold_dbt_dag.py
[2025-11-13T02:01:12.470+0000] {processor.py:830} INFO - Processing file /opt/airflow/dags/transform_silver_gold_dbt_dag.py for tasks to queue
[2025-11-13T02:01:12.471+0000] {logging_mixin.py:188} INFO - [2025-11-13T02:01:12.470+0000] {dagbag.py:538} INFO - Filling up the DagBag from /opt/airflow/dags/transform_silver_gold_dbt_dag.py
[2025-11-13T02:01:12.495+0000] {processor.py:840} INFO - DAG(s) 'transform_bronze_to_silver_gold' retrieved from /opt/airflow/dags/transform_silver_gold_dbt_dag.py
[2025-11-13T02:01:12.507+0000] {logging_mixin.py:188} INFO - [2025-11-13T02:01:12.506+0000] {dag.py:3036} INFO - Sync 1 DAGs
[2025-11-13T02:01:12.517+0000] {logging_mixin.py:188} INFO - [2025-11-13T02:01:12.517+0000] {dag.py:3823} INFO - Setting next_dagrun for transform_bronze_to_silver_gold to 2025-11-13 00:00:00+00:00, run_after=2025-11-13 06:00:00+00:00
[2025-11-13T02:01:12.535+0000] {processor.py:183} INFO - Processing /opt/airflow/dags/transform_silver_gold_dbt_dag.py took 0.069 seconds
[2025-11-13T02:01:42.754+0000] {processor.py:161} INFO - Started process (PID=11895) to work on /opt/airflow/dags/transform_silver_gold_dbt_dag.py
[2025-11-13T02:01:42.755+0000] {processor.py:830} INFO - Processing file /opt/airflow/dags/transform_silver_gold_dbt_dag.py for tasks to queue
[2025-11-13T02:01:42.756+0000] {logging_mixin.py:188} INFO - [2025-11-13T02:01:42.756+0000] {dagbag.py:538} INFO - Filling up the DagBag from /opt/airflow/dags/transform_silver_gold_dbt_dag.py
[2025-11-13T02:01:42.780+0000] {processor.py:840} INFO - DAG(s) 'transform_bronze_to_silver_gold' retrieved from /opt/airflow/dags/transform_silver_gold_dbt_dag.py
[2025-11-13T02:01:42.795+0000] {logging_mixin.py:188} INFO - [2025-11-13T02:01:42.795+0000] {dag.py:3036} INFO - Sync 1 DAGs
[2025-11-13T02:01:42.806+0000] {logging_mixin.py:188} INFO - [2025-11-13T02:01:42.806+0000] {dag.py:3823} INFO - Setting next_dagrun for transform_bronze_to_silver_gold to 2025-11-13 00:00:00+00:00, run_after=2025-11-13 06:00:00+00:00
[2025-11-13T02:01:42.820+0000] {processor.py:183} INFO - Processing /opt/airflow/dags/transform_silver_gold_dbt_dag.py took 0.068 seconds
[2025-11-13T02:02:13.045+0000] {processor.py:161} INFO - Started process (PID=11897) to work on /opt/airflow/dags/transform_silver_gold_dbt_dag.py
[2025-11-13T02:02:13.047+0000] {processor.py:830} INFO - Processing file /opt/airflow/dags/transform_silver_gold_dbt_dag.py for tasks to queue
[2025-11-13T02:02:13.048+0000] {logging_mixin.py:188} INFO - [2025-11-13T02:02:13.047+0000] {dagbag.py:538} INFO - Filling up the DagBag from /opt/airflow/dags/transform_silver_gold_dbt_dag.py
[2025-11-13T02:02:13.075+0000] {processor.py:840} INFO - DAG(s) 'transform_bronze_to_silver_gold' retrieved from /opt/airflow/dags/transform_silver_gold_dbt_dag.py
[2025-11-13T02:02:13.088+0000] {logging_mixin.py:188} INFO - [2025-11-13T02:02:13.088+0000] {dag.py:3036} INFO - Sync 1 DAGs
[2025-11-13T02:02:13.098+0000] {logging_mixin.py:188} INFO - [2025-11-13T02:02:13.098+0000] {dag.py:3823} INFO - Setting next_dagrun for transform_bronze_to_silver_gold to 2025-11-13 00:00:00+00:00, run_after=2025-11-13 06:00:00+00:00
[2025-11-13T02:02:13.118+0000] {processor.py:183} INFO - Processing /opt/airflow/dags/transform_silver_gold_dbt_dag.py took 0.074 seconds
[2025-11-13T02:02:43.331+0000] {processor.py:161} INFO - Started process (PID=11899) to work on /opt/airflow/dags/transform_silver_gold_dbt_dag.py
[2025-11-13T02:02:43.333+0000] {processor.py:830} INFO - Processing file /opt/airflow/dags/transform_silver_gold_dbt_dag.py for tasks to queue
[2025-11-13T02:02:43.334+0000] {logging_mixin.py:188} INFO - [2025-11-13T02:02:43.334+0000] {dagbag.py:538} INFO - Filling up the DagBag from /opt/airflow/dags/transform_silver_gold_dbt_dag.py
[2025-11-13T02:02:43.360+0000] {processor.py:840} INFO - DAG(s) 'transform_bronze_to_silver_gold' retrieved from /opt/airflow/dags/transform_silver_gold_dbt_dag.py
[2025-11-13T02:02:43.374+0000] {logging_mixin.py:188} INFO - [2025-11-13T02:02:43.374+0000] {dag.py:3036} INFO - Sync 1 DAGs
[2025-11-13T02:02:43.388+0000] {logging_mixin.py:188} INFO - [2025-11-13T02:02:43.388+0000] {dag.py:3823} INFO - Setting next_dagrun for transform_bronze_to_silver_gold to 2025-11-13 00:00:00+00:00, run_after=2025-11-13 06:00:00+00:00
[2025-11-13T02:02:43.407+0000] {processor.py:183} INFO - Processing /opt/airflow/dags/transform_silver_gold_dbt_dag.py took 0.079 seconds
[2025-11-13T02:03:13.620+0000] {processor.py:161} INFO - Started process (PID=11901) to work on /opt/airflow/dags/transform_silver_gold_dbt_dag.py
[2025-11-13T02:03:13.621+0000] {processor.py:830} INFO - Processing file /opt/airflow/dags/transform_silver_gold_dbt_dag.py for tasks to queue
[2025-11-13T02:03:13.622+0000] {logging_mixin.py:188} INFO - [2025-11-13T02:03:13.622+0000] {dagbag.py:538} INFO - Filling up the DagBag from /opt/airflow/dags/transform_silver_gold_dbt_dag.py
[2025-11-13T02:03:13.645+0000] {processor.py:840} INFO - DAG(s) 'transform_bronze_to_silver_gold' retrieved from /opt/airflow/dags/transform_silver_gold_dbt_dag.py
[2025-11-13T02:03:13.657+0000] {logging_mixin.py:188} INFO - [2025-11-13T02:03:13.657+0000] {dag.py:3036} INFO - Sync 1 DAGs
[2025-11-13T02:03:13.667+0000] {logging_mixin.py:188} INFO - [2025-11-13T02:03:13.667+0000] {dag.py:3823} INFO - Setting next_dagrun for transform_bronze_to_silver_gold to 2025-11-13 00:00:00+00:00, run_after=2025-11-13 06:00:00+00:00
[2025-11-13T02:03:13.681+0000] {processor.py:183} INFO - Processing /opt/airflow/dags/transform_silver_gold_dbt_dag.py took 0.063 seconds
[2025-11-13T02:03:43.913+0000] {processor.py:161} INFO - Started process (PID=11903) to work on /opt/airflow/dags/transform_silver_gold_dbt_dag.py
[2025-11-13T02:03:43.914+0000] {processor.py:830} INFO - Processing file /opt/airflow/dags/transform_silver_gold_dbt_dag.py for tasks to queue
[2025-11-13T02:03:43.915+0000] {logging_mixin.py:188} INFO - [2025-11-13T02:03:43.914+0000] {dagbag.py:538} INFO - Filling up the DagBag from /opt/airflow/dags/transform_silver_gold_dbt_dag.py
[2025-11-13T02:03:43.937+0000] {processor.py:840} INFO - DAG(s) 'transform_bronze_to_silver_gold' retrieved from /opt/airflow/dags/transform_silver_gold_dbt_dag.py
[2025-11-13T02:03:43.949+0000] {logging_mixin.py:188} INFO - [2025-11-13T02:03:43.948+0000] {dag.py:3036} INFO - Sync 1 DAGs
[2025-11-13T02:03:43.959+0000] {logging_mixin.py:188} INFO - [2025-11-13T02:03:43.959+0000] {dag.py:3823} INFO - Setting next_dagrun for transform_bronze_to_silver_gold to 2025-11-13 00:00:00+00:00, run_after=2025-11-13 06:00:00+00:00
[2025-11-13T02:03:43.975+0000] {processor.py:183} INFO - Processing /opt/airflow/dags/transform_silver_gold_dbt_dag.py took 0.064 seconds
[2025-11-13T02:04:14.194+0000] {processor.py:161} INFO - Started process (PID=11905) to work on /opt/airflow/dags/transform_silver_gold_dbt_dag.py
[2025-11-13T02:04:14.195+0000] {processor.py:830} INFO - Processing file /opt/airflow/dags/transform_silver_gold_dbt_dag.py for tasks to queue
[2025-11-13T02:04:14.196+0000] {logging_mixin.py:188} INFO - [2025-11-13T02:04:14.195+0000] {dagbag.py:538} INFO - Filling up the DagBag from /opt/airflow/dags/transform_silver_gold_dbt_dag.py
[2025-11-13T02:04:14.227+0000] {processor.py:840} INFO - DAG(s) 'transform_bronze_to_silver_gold' retrieved from /opt/airflow/dags/transform_silver_gold_dbt_dag.py
[2025-11-13T02:04:14.239+0000] {logging_mixin.py:188} INFO - [2025-11-13T02:04:14.238+0000] {dag.py:3036} INFO - Sync 1 DAGs
[2025-11-13T02:04:14.249+0000] {logging_mixin.py:188} INFO - [2025-11-13T02:04:14.249+0000] {dag.py:3823} INFO - Setting next_dagrun for transform_bronze_to_silver_gold to 2025-11-13 00:00:00+00:00, run_after=2025-11-13 06:00:00+00:00
[2025-11-13T02:04:14.264+0000] {processor.py:183} INFO - Processing /opt/airflow/dags/transform_silver_gold_dbt_dag.py took 0.072 seconds
[2025-11-13T02:04:44.489+0000] {processor.py:161} INFO - Started process (PID=11907) to work on /opt/airflow/dags/transform_silver_gold_dbt_dag.py
[2025-11-13T02:04:44.490+0000] {processor.py:830} INFO - Processing file /opt/airflow/dags/transform_silver_gold_dbt_dag.py for tasks to queue
[2025-11-13T02:04:44.492+0000] {logging_mixin.py:188} INFO - [2025-11-13T02:04:44.491+0000] {dagbag.py:538} INFO - Filling up the DagBag from /opt/airflow/dags/transform_silver_gold_dbt_dag.py
[2025-11-13T02:04:44.521+0000] {processor.py:840} INFO - DAG(s) 'transform_bronze_to_silver_gold' retrieved from /opt/airflow/dags/transform_silver_gold_dbt_dag.py
[2025-11-13T02:04:44.536+0000] {logging_mixin.py:188} INFO - [2025-11-13T02:04:44.536+0000] {dag.py:3036} INFO - Sync 1 DAGs
[2025-11-13T02:04:44.548+0000] {logging_mixin.py:188} INFO - [2025-11-13T02:04:44.548+0000] {dag.py:3823} INFO - Setting next_dagrun for transform_bronze_to_silver_gold to 2025-11-13 00:00:00+00:00, run_after=2025-11-13 06:00:00+00:00
[2025-11-13T02:04:44.563+0000] {processor.py:183} INFO - Processing /opt/airflow/dags/transform_silver_gold_dbt_dag.py took 0.076 seconds
[2025-11-13T02:05:14.785+0000] {processor.py:161} INFO - Started process (PID=11909) to work on /opt/airflow/dags/transform_silver_gold_dbt_dag.py
[2025-11-13T02:05:14.786+0000] {processor.py:830} INFO - Processing file /opt/airflow/dags/transform_silver_gold_dbt_dag.py for tasks to queue
[2025-11-13T02:05:14.787+0000] {logging_mixin.py:188} INFO - [2025-11-13T02:05:14.787+0000] {dagbag.py:538} INFO - Filling up the DagBag from /opt/airflow/dags/transform_silver_gold_dbt_dag.py
[2025-11-13T02:05:14.815+0000] {processor.py:840} INFO - DAG(s) 'transform_bronze_to_silver_gold' retrieved from /opt/airflow/dags/transform_silver_gold_dbt_dag.py
[2025-11-13T02:05:14.829+0000] {logging_mixin.py:188} INFO - [2025-11-13T02:05:14.829+0000] {dag.py:3036} INFO - Sync 1 DAGs
[2025-11-13T02:05:14.840+0000] {logging_mixin.py:188} INFO - [2025-11-13T02:05:14.840+0000] {dag.py:3823} INFO - Setting next_dagrun for transform_bronze_to_silver_gold to 2025-11-13 00:00:00+00:00, run_after=2025-11-13 06:00:00+00:00
[2025-11-13T02:05:14.855+0000] {processor.py:183} INFO - Processing /opt/airflow/dags/transform_silver_gold_dbt_dag.py took 0.072 seconds
[2025-11-13T02:05:45.075+0000] {processor.py:161} INFO - Started process (PID=11911) to work on /opt/airflow/dags/transform_silver_gold_dbt_dag.py
[2025-11-13T02:05:45.076+0000] {processor.py:830} INFO - Processing file /opt/airflow/dags/transform_silver_gold_dbt_dag.py for tasks to queue
[2025-11-13T02:05:45.077+0000] {logging_mixin.py:188} INFO - [2025-11-13T02:05:45.077+0000] {dagbag.py:538} INFO - Filling up the DagBag from /opt/airflow/dags/transform_silver_gold_dbt_dag.py
[2025-11-13T02:05:45.107+0000] {processor.py:840} INFO - DAG(s) 'transform_bronze_to_silver_gold' retrieved from /opt/airflow/dags/transform_silver_gold_dbt_dag.py
[2025-11-13T02:05:45.122+0000] {logging_mixin.py:188} INFO - [2025-11-13T02:05:45.122+0000] {dag.py:3036} INFO - Sync 1 DAGs
[2025-11-13T02:05:45.135+0000] {logging_mixin.py:188} INFO - [2025-11-13T02:05:45.135+0000] {dag.py:3823} INFO - Setting next_dagrun for transform_bronze_to_silver_gold to 2025-11-13 00:00:00+00:00, run_after=2025-11-13 06:00:00+00:00
[2025-11-13T02:05:45.150+0000] {processor.py:183} INFO - Processing /opt/airflow/dags/transform_silver_gold_dbt_dag.py took 0.078 seconds
[2025-11-13T02:06:15.365+0000] {processor.py:161} INFO - Started process (PID=11913) to work on /opt/airflow/dags/transform_silver_gold_dbt_dag.py
[2025-11-13T02:06:15.367+0000] {processor.py:830} INFO - Processing file /opt/airflow/dags/transform_silver_gold_dbt_dag.py for tasks to queue
[2025-11-13T02:06:15.368+0000] {logging_mixin.py:188} INFO - [2025-11-13T02:06:15.367+0000] {dagbag.py:538} INFO - Filling up the DagBag from /opt/airflow/dags/transform_silver_gold_dbt_dag.py
[2025-11-13T02:06:15.390+0000] {processor.py:840} INFO - DAG(s) 'transform_bronze_to_silver_gold' retrieved from /opt/airflow/dags/transform_silver_gold_dbt_dag.py
[2025-11-13T02:06:15.403+0000] {logging_mixin.py:188} INFO - [2025-11-13T02:06:15.403+0000] {dag.py:3036} INFO - Sync 1 DAGs
[2025-11-13T02:06:15.414+0000] {logging_mixin.py:188} INFO - [2025-11-13T02:06:15.414+0000] {dag.py:3823} INFO - Setting next_dagrun for transform_bronze_to_silver_gold to 2025-11-13 00:00:00+00:00, run_after=2025-11-13 06:00:00+00:00
[2025-11-13T02:06:15.432+0000] {processor.py:183} INFO - Processing /opt/airflow/dags/transform_silver_gold_dbt_dag.py took 0.069 seconds
[2025-11-13T02:06:45.687+0000] {processor.py:161} INFO - Started process (PID=11915) to work on /opt/airflow/dags/transform_silver_gold_dbt_dag.py
[2025-11-13T02:06:45.688+0000] {processor.py:830} INFO - Processing file /opt/airflow/dags/transform_silver_gold_dbt_dag.py for tasks to queue
[2025-11-13T02:06:45.689+0000] {logging_mixin.py:188} INFO - [2025-11-13T02:06:45.689+0000] {dagbag.py:538} INFO - Filling up the DagBag from /opt/airflow/dags/transform_silver_gold_dbt_dag.py
[2025-11-13T02:06:45.717+0000] {processor.py:840} INFO - DAG(s) 'transform_bronze_to_silver_gold' retrieved from /opt/airflow/dags/transform_silver_gold_dbt_dag.py
[2025-11-13T02:06:45.730+0000] {logging_mixin.py:188} INFO - [2025-11-13T02:06:45.730+0000] {dag.py:3036} INFO - Sync 1 DAGs
[2025-11-13T02:06:45.742+0000] {logging_mixin.py:188} INFO - [2025-11-13T02:06:45.741+0000] {dag.py:3823} INFO - Setting next_dagrun for transform_bronze_to_silver_gold to 2025-11-13 00:00:00+00:00, run_after=2025-11-13 06:00:00+00:00
[2025-11-13T02:06:45.757+0000] {processor.py:183} INFO - Processing /opt/airflow/dags/transform_silver_gold_dbt_dag.py took 0.072 seconds
[2025-11-13T02:07:15.956+0000] {processor.py:161} INFO - Started process (PID=11917) to work on /opt/airflow/dags/transform_silver_gold_dbt_dag.py
[2025-11-13T02:07:15.957+0000] {processor.py:830} INFO - Processing file /opt/airflow/dags/transform_silver_gold_dbt_dag.py for tasks to queue
[2025-11-13T02:07:15.958+0000] {logging_mixin.py:188} INFO - [2025-11-13T02:07:15.958+0000] {dagbag.py:538} INFO - Filling up the DagBag from /opt/airflow/dags/transform_silver_gold_dbt_dag.py
[2025-11-13T02:07:15.980+0000] {processor.py:840} INFO - DAG(s) 'transform_bronze_to_silver_gold' retrieved from /opt/airflow/dags/transform_silver_gold_dbt_dag.py
[2025-11-13T02:07:15.995+0000] {logging_mixin.py:188} INFO - [2025-11-13T02:07:15.995+0000] {dag.py:3036} INFO - Sync 1 DAGs
[2025-11-13T02:07:16.008+0000] {logging_mixin.py:188} INFO - [2025-11-13T02:07:16.007+0000] {dag.py:3823} INFO - Setting next_dagrun for transform_bronze_to_silver_gold to 2025-11-13 00:00:00+00:00, run_after=2025-11-13 06:00:00+00:00
[2025-11-13T02:07:16.023+0000] {processor.py:183} INFO - Processing /opt/airflow/dags/transform_silver_gold_dbt_dag.py took 0.070 seconds
[2025-11-13T02:07:46.254+0000] {processor.py:161} INFO - Started process (PID=11919) to work on /opt/airflow/dags/transform_silver_gold_dbt_dag.py
[2025-11-13T02:07:46.255+0000] {processor.py:830} INFO - Processing file /opt/airflow/dags/transform_silver_gold_dbt_dag.py for tasks to queue
[2025-11-13T02:07:46.256+0000] {logging_mixin.py:188} INFO - [2025-11-13T02:07:46.256+0000] {dagbag.py:538} INFO - Filling up the DagBag from /opt/airflow/dags/transform_silver_gold_dbt_dag.py
[2025-11-13T02:07:46.277+0000] {processor.py:840} INFO - DAG(s) 'transform_bronze_to_silver_gold' retrieved from /opt/airflow/dags/transform_silver_gold_dbt_dag.py
[2025-11-13T02:07:46.291+0000] {logging_mixin.py:188} INFO - [2025-11-13T02:07:46.291+0000] {dag.py:3036} INFO - Sync 1 DAGs
[2025-11-13T02:07:46.301+0000] {logging_mixin.py:188} INFO - [2025-11-13T02:07:46.301+0000] {dag.py:3823} INFO - Setting next_dagrun for transform_bronze_to_silver_gold to 2025-11-13 00:00:00+00:00, run_after=2025-11-13 06:00:00+00:00
[2025-11-13T02:07:46.316+0000] {processor.py:183} INFO - Processing /opt/airflow/dags/transform_silver_gold_dbt_dag.py took 0.064 seconds
[2025-11-13T02:08:16.420+0000] {processor.py:161} INFO - Started process (PID=11921) to work on /opt/airflow/dags/transform_silver_gold_dbt_dag.py
[2025-11-13T02:08:16.422+0000] {processor.py:830} INFO - Processing file /opt/airflow/dags/transform_silver_gold_dbt_dag.py for tasks to queue
[2025-11-13T02:08:16.423+0000] {logging_mixin.py:188} INFO - [2025-11-13T02:08:16.423+0000] {dagbag.py:538} INFO - Filling up the DagBag from /opt/airflow/dags/transform_silver_gold_dbt_dag.py
[2025-11-13T02:08:16.453+0000] {processor.py:840} INFO - DAG(s) 'transform_bronze_to_silver_gold' retrieved from /opt/airflow/dags/transform_silver_gold_dbt_dag.py
[2025-11-13T02:08:16.467+0000] {logging_mixin.py:188} INFO - [2025-11-13T02:08:16.467+0000] {dag.py:3036} INFO - Sync 1 DAGs
[2025-11-13T02:08:16.478+0000] {logging_mixin.py:188} INFO - [2025-11-13T02:08:16.478+0000] {dag.py:3823} INFO - Setting next_dagrun for transform_bronze_to_silver_gold to 2025-11-13 00:00:00+00:00, run_after=2025-11-13 06:00:00+00:00
[2025-11-13T02:08:16.493+0000] {processor.py:183} INFO - Processing /opt/airflow/dags/transform_silver_gold_dbt_dag.py took 0.075 seconds
[2025-11-13T02:08:46.589+0000] {processor.py:161} INFO - Started process (PID=11923) to work on /opt/airflow/dags/transform_silver_gold_dbt_dag.py
[2025-11-13T02:08:46.590+0000] {processor.py:830} INFO - Processing file /opt/airflow/dags/transform_silver_gold_dbt_dag.py for tasks to queue
[2025-11-13T02:08:46.591+0000] {logging_mixin.py:188} INFO - [2025-11-13T02:08:46.591+0000] {dagbag.py:538} INFO - Filling up the DagBag from /opt/airflow/dags/transform_silver_gold_dbt_dag.py
[2025-11-13T02:08:46.622+0000] {processor.py:840} INFO - DAG(s) 'transform_bronze_to_silver_gold' retrieved from /opt/airflow/dags/transform_silver_gold_dbt_dag.py
[2025-11-13T02:08:46.636+0000] {logging_mixin.py:188} INFO - [2025-11-13T02:08:46.636+0000] {dag.py:3036} INFO - Sync 1 DAGs
[2025-11-13T02:08:46.647+0000] {logging_mixin.py:188} INFO - [2025-11-13T02:08:46.647+0000] {dag.py:3823} INFO - Setting next_dagrun for transform_bronze_to_silver_gold to 2025-11-13 00:00:00+00:00, run_after=2025-11-13 06:00:00+00:00
[2025-11-13T02:08:46.663+0000] {processor.py:183} INFO - Processing /opt/airflow/dags/transform_silver_gold_dbt_dag.py took 0.076 seconds
[2025-11-13T02:09:16.758+0000] {processor.py:161} INFO - Started process (PID=11925) to work on /opt/airflow/dags/transform_silver_gold_dbt_dag.py
[2025-11-13T02:09:16.760+0000] {processor.py:830} INFO - Processing file /opt/airflow/dags/transform_silver_gold_dbt_dag.py for tasks to queue
[2025-11-13T02:09:16.761+0000] {logging_mixin.py:188} INFO - [2025-11-13T02:09:16.761+0000] {dagbag.py:538} INFO - Filling up the DagBag from /opt/airflow/dags/transform_silver_gold_dbt_dag.py
[2025-11-13T02:09:16.796+0000] {processor.py:840} INFO - DAG(s) 'transform_bronze_to_silver_gold' retrieved from /opt/airflow/dags/transform_silver_gold_dbt_dag.py
[2025-11-13T02:09:16.813+0000] {logging_mixin.py:188} INFO - [2025-11-13T02:09:16.813+0000] {dag.py:3036} INFO - Sync 1 DAGs
[2025-11-13T02:09:16.826+0000] {logging_mixin.py:188} INFO - [2025-11-13T02:09:16.826+0000] {dag.py:3823} INFO - Setting next_dagrun for transform_bronze_to_silver_gold to 2025-11-13 00:00:00+00:00, run_after=2025-11-13 06:00:00+00:00
[2025-11-13T02:09:16.841+0000] {processor.py:183} INFO - Processing /opt/airflow/dags/transform_silver_gold_dbt_dag.py took 0.085 seconds
[2025-11-13T02:09:47.019+0000] {processor.py:161} INFO - Started process (PID=11927) to work on /opt/airflow/dags/transform_silver_gold_dbt_dag.py
[2025-11-13T02:09:47.020+0000] {processor.py:830} INFO - Processing file /opt/airflow/dags/transform_silver_gold_dbt_dag.py for tasks to queue
[2025-11-13T02:09:47.021+0000] {logging_mixin.py:188} INFO - [2025-11-13T02:09:47.021+0000] {dagbag.py:538} INFO - Filling up the DagBag from /opt/airflow/dags/transform_silver_gold_dbt_dag.py
[2025-11-13T02:09:47.051+0000] {processor.py:840} INFO - DAG(s) 'transform_bronze_to_silver_gold' retrieved from /opt/airflow/dags/transform_silver_gold_dbt_dag.py
[2025-11-13T02:09:47.064+0000] {logging_mixin.py:188} INFO - [2025-11-13T02:09:47.064+0000] {dag.py:3036} INFO - Sync 1 DAGs
[2025-11-13T02:09:47.076+0000] {logging_mixin.py:188} INFO - [2025-11-13T02:09:47.076+0000] {dag.py:3823} INFO - Setting next_dagrun for transform_bronze_to_silver_gold to 2025-11-13 00:00:00+00:00, run_after=2025-11-13 06:00:00+00:00
[2025-11-13T02:09:47.091+0000] {processor.py:183} INFO - Processing /opt/airflow/dags/transform_silver_gold_dbt_dag.py took 0.074 seconds
[2025-11-13T02:10:17.190+0000] {processor.py:161} INFO - Started process (PID=11929) to work on /opt/airflow/dags/transform_silver_gold_dbt_dag.py
[2025-11-13T02:10:17.191+0000] {processor.py:830} INFO - Processing file /opt/airflow/dags/transform_silver_gold_dbt_dag.py for tasks to queue
[2025-11-13T02:10:17.193+0000] {logging_mixin.py:188} INFO - [2025-11-13T02:10:17.192+0000] {dagbag.py:538} INFO - Filling up the DagBag from /opt/airflow/dags/transform_silver_gold_dbt_dag.py
[2025-11-13T02:10:17.230+0000] {processor.py:840} INFO - DAG(s) 'transform_bronze_to_silver_gold' retrieved from /opt/airflow/dags/transform_silver_gold_dbt_dag.py
[2025-11-13T02:10:17.250+0000] {logging_mixin.py:188} INFO - [2025-11-13T02:10:17.249+0000] {dag.py:3036} INFO - Sync 1 DAGs
[2025-11-13T02:10:17.264+0000] {logging_mixin.py:188} INFO - [2025-11-13T02:10:17.264+0000] {dag.py:3823} INFO - Setting next_dagrun for transform_bronze_to_silver_gold to 2025-11-13 00:00:00+00:00, run_after=2025-11-13 06:00:00+00:00
[2025-11-13T02:10:17.280+0000] {processor.py:183} INFO - Processing /opt/airflow/dags/transform_silver_gold_dbt_dag.py took 0.093 seconds
[2025-11-13T02:10:47.452+0000] {processor.py:161} INFO - Started process (PID=11931) to work on /opt/airflow/dags/transform_silver_gold_dbt_dag.py
[2025-11-13T02:10:47.453+0000] {processor.py:830} INFO - Processing file /opt/airflow/dags/transform_silver_gold_dbt_dag.py for tasks to queue
[2025-11-13T02:10:47.454+0000] {logging_mixin.py:188} INFO - [2025-11-13T02:10:47.454+0000] {dagbag.py:538} INFO - Filling up the DagBag from /opt/airflow/dags/transform_silver_gold_dbt_dag.py
[2025-11-13T02:10:47.482+0000] {processor.py:840} INFO - DAG(s) 'transform_bronze_to_silver_gold' retrieved from /opt/airflow/dags/transform_silver_gold_dbt_dag.py
[2025-11-13T02:10:47.495+0000] {logging_mixin.py:188} INFO - [2025-11-13T02:10:47.494+0000] {dag.py:3036} INFO - Sync 1 DAGs
[2025-11-13T02:10:47.505+0000] {logging_mixin.py:188} INFO - [2025-11-13T02:10:47.505+0000] {dag.py:3823} INFO - Setting next_dagrun for transform_bronze_to_silver_gold to 2025-11-13 00:00:00+00:00, run_after=2025-11-13 06:00:00+00:00
[2025-11-13T02:10:47.523+0000] {processor.py:183} INFO - Processing /opt/airflow/dags/transform_silver_gold_dbt_dag.py took 0.073 seconds
[2025-11-13T02:11:17.611+0000] {processor.py:161} INFO - Started process (PID=11933) to work on /opt/airflow/dags/transform_silver_gold_dbt_dag.py
[2025-11-13T02:11:17.612+0000] {processor.py:830} INFO - Processing file /opt/airflow/dags/transform_silver_gold_dbt_dag.py for tasks to queue
[2025-11-13T02:11:17.613+0000] {logging_mixin.py:188} INFO - [2025-11-13T02:11:17.613+0000] {dagbag.py:538} INFO - Filling up the DagBag from /opt/airflow/dags/transform_silver_gold_dbt_dag.py
[2025-11-13T02:11:17.643+0000] {processor.py:840} INFO - DAG(s) 'transform_bronze_to_silver_gold' retrieved from /opt/airflow/dags/transform_silver_gold_dbt_dag.py
[2025-11-13T02:11:17.658+0000] {logging_mixin.py:188} INFO - [2025-11-13T02:11:17.658+0000] {dag.py:3036} INFO - Sync 1 DAGs
[2025-11-13T02:11:17.670+0000] {logging_mixin.py:188} INFO - [2025-11-13T02:11:17.670+0000] {dag.py:3823} INFO - Setting next_dagrun for transform_bronze_to_silver_gold to 2025-11-13 00:00:00+00:00, run_after=2025-11-13 06:00:00+00:00
[2025-11-13T02:11:17.684+0000] {processor.py:183} INFO - Processing /opt/airflow/dags/transform_silver_gold_dbt_dag.py took 0.075 seconds
[2025-11-13T02:11:47.781+0000] {processor.py:161} INFO - Started process (PID=11935) to work on /opt/airflow/dags/transform_silver_gold_dbt_dag.py
[2025-11-13T02:11:47.782+0000] {processor.py:830} INFO - Processing file /opt/airflow/dags/transform_silver_gold_dbt_dag.py for tasks to queue
[2025-11-13T02:11:47.783+0000] {logging_mixin.py:188} INFO - [2025-11-13T02:11:47.783+0000] {dagbag.py:538} INFO - Filling up the DagBag from /opt/airflow/dags/transform_silver_gold_dbt_dag.py
[2025-11-13T02:11:47.815+0000] {processor.py:840} INFO - DAG(s) 'transform_bronze_to_silver_gold' retrieved from /opt/airflow/dags/transform_silver_gold_dbt_dag.py
[2025-11-13T02:11:47.828+0000] {logging_mixin.py:188} INFO - [2025-11-13T02:11:47.828+0000] {dag.py:3036} INFO - Sync 1 DAGs
[2025-11-13T02:11:47.839+0000] {logging_mixin.py:188} INFO - [2025-11-13T02:11:47.839+0000] {dag.py:3823} INFO - Setting next_dagrun for transform_bronze_to_silver_gold to 2025-11-13 00:00:00+00:00, run_after=2025-11-13 06:00:00+00:00
[2025-11-13T02:11:47.854+0000] {processor.py:183} INFO - Processing /opt/airflow/dags/transform_silver_gold_dbt_dag.py took 0.075 seconds
[2025-11-13T02:12:17.946+0000] {processor.py:161} INFO - Started process (PID=11937) to work on /opt/airflow/dags/transform_silver_gold_dbt_dag.py
[2025-11-13T02:12:17.947+0000] {processor.py:830} INFO - Processing file /opt/airflow/dags/transform_silver_gold_dbt_dag.py for tasks to queue
[2025-11-13T02:12:17.948+0000] {logging_mixin.py:188} INFO - [2025-11-13T02:12:17.948+0000] {dagbag.py:538} INFO - Filling up the DagBag from /opt/airflow/dags/transform_silver_gold_dbt_dag.py
[2025-11-13T02:12:17.987+0000] {processor.py:840} INFO - DAG(s) 'transform_bronze_to_silver_gold' retrieved from /opt/airflow/dags/transform_silver_gold_dbt_dag.py
[2025-11-13T02:12:18.003+0000] {logging_mixin.py:188} INFO - [2025-11-13T02:12:18.003+0000] {dag.py:3036} INFO - Sync 1 DAGs
[2025-11-13T02:12:18.015+0000] {logging_mixin.py:188} INFO - [2025-11-13T02:12:18.015+0000] {dag.py:3823} INFO - Setting next_dagrun for transform_bronze_to_silver_gold to 2025-11-13 00:00:00+00:00, run_after=2025-11-13 06:00:00+00:00
[2025-11-13T02:12:18.029+0000] {processor.py:183} INFO - Processing /opt/airflow/dags/transform_silver_gold_dbt_dag.py took 0.085 seconds
[2025-11-13T02:12:49.090+0000] {processor.py:161} INFO - Started process (PID=12543) to work on /opt/airflow/dags/transform_silver_gold_dbt_dag.py
[2025-11-13T02:12:49.091+0000] {processor.py:830} INFO - Processing file /opt/airflow/dags/transform_silver_gold_dbt_dag.py for tasks to queue
[2025-11-13T02:12:49.092+0000] {logging_mixin.py:188} INFO - [2025-11-13T02:12:49.092+0000] {dagbag.py:538} INFO - Filling up the DagBag from /opt/airflow/dags/transform_silver_gold_dbt_dag.py
[2025-11-13T02:12:49.118+0000] {processor.py:840} INFO - DAG(s) 'transform_bronze_to_silver_gold' retrieved from /opt/airflow/dags/transform_silver_gold_dbt_dag.py
[2025-11-13T02:12:49.134+0000] {logging_mixin.py:188} INFO - [2025-11-13T02:12:49.134+0000] {dag.py:3036} INFO - Sync 1 DAGs
[2025-11-13T02:12:49.148+0000] {logging_mixin.py:188} INFO - [2025-11-13T02:12:49.148+0000] {dag.py:3823} INFO - Setting next_dagrun for transform_bronze_to_silver_gold to 2025-11-13 00:00:00+00:00, run_after=2025-11-13 06:00:00+00:00
[2025-11-13T02:12:49.166+0000] {processor.py:183} INFO - Processing /opt/airflow/dags/transform_silver_gold_dbt_dag.py took 0.079 seconds
[2025-11-13T02:13:20.141+0000] {processor.py:161} INFO - Started process (PID=13173) to work on /opt/airflow/dags/transform_silver_gold_dbt_dag.py
[2025-11-13T02:13:20.141+0000] {processor.py:830} INFO - Processing file /opt/airflow/dags/transform_silver_gold_dbt_dag.py for tasks to queue
[2025-11-13T02:13:20.142+0000] {logging_mixin.py:188} INFO - [2025-11-13T02:13:20.142+0000] {dagbag.py:538} INFO - Filling up the DagBag from /opt/airflow/dags/transform_silver_gold_dbt_dag.py
[2025-11-13T02:13:20.171+0000] {processor.py:840} INFO - DAG(s) 'transform_bronze_to_silver_gold' retrieved from /opt/airflow/dags/transform_silver_gold_dbt_dag.py
[2025-11-13T02:13:20.183+0000] {logging_mixin.py:188} INFO - [2025-11-13T02:13:20.183+0000] {dag.py:3036} INFO - Sync 1 DAGs
[2025-11-13T02:13:20.193+0000] {logging_mixin.py:188} INFO - [2025-11-13T02:13:20.193+0000] {dag.py:3823} INFO - Setting next_dagrun for transform_bronze_to_silver_gold to 2025-11-13 00:00:00+00:00, run_after=2025-11-13 06:00:00+00:00
[2025-11-13T02:13:20.208+0000] {processor.py:183} INFO - Processing /opt/airflow/dags/transform_silver_gold_dbt_dag.py took 0.070 seconds
[2025-11-13T02:13:50.615+0000] {processor.py:161} INFO - Started process (PID=13175) to work on /opt/airflow/dags/transform_silver_gold_dbt_dag.py
[2025-11-13T02:13:50.617+0000] {processor.py:830} INFO - Processing file /opt/airflow/dags/transform_silver_gold_dbt_dag.py for tasks to queue
[2025-11-13T02:13:50.618+0000] {logging_mixin.py:188} INFO - [2025-11-13T02:13:50.618+0000] {dagbag.py:538} INFO - Filling up the DagBag from /opt/airflow/dags/transform_silver_gold_dbt_dag.py
[2025-11-13T02:13:50.653+0000] {processor.py:840} INFO - DAG(s) 'transform_bronze_to_silver_gold' retrieved from /opt/airflow/dags/transform_silver_gold_dbt_dag.py
[2025-11-13T02:13:50.670+0000] {logging_mixin.py:188} INFO - [2025-11-13T02:13:50.670+0000] {dag.py:3036} INFO - Sync 1 DAGs
[2025-11-13T02:13:50.684+0000] {logging_mixin.py:188} INFO - [2025-11-13T02:13:50.683+0000] {dag.py:3823} INFO - Setting next_dagrun for transform_bronze_to_silver_gold to 2025-11-13 00:00:00+00:00, run_after=2025-11-13 06:00:00+00:00
[2025-11-13T02:13:50.699+0000] {processor.py:183} INFO - Processing /opt/airflow/dags/transform_silver_gold_dbt_dag.py took 0.085 seconds
[2025-11-13T02:14:21.012+0000] {processor.py:161} INFO - Started process (PID=13177) to work on /opt/airflow/dags/transform_silver_gold_dbt_dag.py
[2025-11-13T02:14:21.014+0000] {processor.py:830} INFO - Processing file /opt/airflow/dags/transform_silver_gold_dbt_dag.py for tasks to queue
[2025-11-13T02:14:21.015+0000] {logging_mixin.py:188} INFO - [2025-11-13T02:14:21.015+0000] {dagbag.py:538} INFO - Filling up the DagBag from /opt/airflow/dags/transform_silver_gold_dbt_dag.py
[2025-11-13T02:14:21.045+0000] {processor.py:840} INFO - DAG(s) 'transform_bronze_to_silver_gold' retrieved from /opt/airflow/dags/transform_silver_gold_dbt_dag.py
[2025-11-13T02:14:21.057+0000] {logging_mixin.py:188} INFO - [2025-11-13T02:14:21.057+0000] {dag.py:3036} INFO - Sync 1 DAGs
[2025-11-13T02:14:21.068+0000] {logging_mixin.py:188} INFO - [2025-11-13T02:14:21.068+0000] {dag.py:3823} INFO - Setting next_dagrun for transform_bronze_to_silver_gold to 2025-11-13 00:00:00+00:00, run_after=2025-11-13 06:00:00+00:00
[2025-11-13T02:14:21.085+0000] {processor.py:183} INFO - Processing /opt/airflow/dags/transform_silver_gold_dbt_dag.py took 0.074 seconds
[2025-11-13T02:14:51.294+0000] {processor.py:161} INFO - Started process (PID=13179) to work on /opt/airflow/dags/transform_silver_gold_dbt_dag.py
[2025-11-13T02:14:51.295+0000] {processor.py:830} INFO - Processing file /opt/airflow/dags/transform_silver_gold_dbt_dag.py for tasks to queue
[2025-11-13T02:14:51.296+0000] {logging_mixin.py:188} INFO - [2025-11-13T02:14:51.296+0000] {dagbag.py:538} INFO - Filling up the DagBag from /opt/airflow/dags/transform_silver_gold_dbt_dag.py
[2025-11-13T02:14:51.325+0000] {processor.py:840} INFO - DAG(s) 'transform_bronze_to_silver_gold' retrieved from /opt/airflow/dags/transform_silver_gold_dbt_dag.py
[2025-11-13T02:14:51.337+0000] {logging_mixin.py:188} INFO - [2025-11-13T02:14:51.337+0000] {dag.py:3036} INFO - Sync 1 DAGs
[2025-11-13T02:14:51.348+0000] {logging_mixin.py:188} INFO - [2025-11-13T02:14:51.348+0000] {dag.py:3823} INFO - Setting next_dagrun for transform_bronze_to_silver_gold to 2025-11-13 00:00:00+00:00, run_after=2025-11-13 06:00:00+00:00
[2025-11-13T02:14:51.360+0000] {processor.py:183} INFO - Processing /opt/airflow/dags/transform_silver_gold_dbt_dag.py took 0.068 seconds
[2025-11-13T02:15:21.416+0000] {processor.py:161} INFO - Started process (PID=13181) to work on /opt/airflow/dags/transform_silver_gold_dbt_dag.py
[2025-11-13T02:15:21.418+0000] {processor.py:830} INFO - Processing file /opt/airflow/dags/transform_silver_gold_dbt_dag.py for tasks to queue
[2025-11-13T02:15:21.419+0000] {logging_mixin.py:188} INFO - [2025-11-13T02:15:21.419+0000] {dagbag.py:538} INFO - Filling up the DagBag from /opt/airflow/dags/transform_silver_gold_dbt_dag.py
[2025-11-13T02:15:21.454+0000] {processor.py:840} INFO - DAG(s) 'transform_bronze_to_silver_gold' retrieved from /opt/airflow/dags/transform_silver_gold_dbt_dag.py
[2025-11-13T02:15:21.468+0000] {logging_mixin.py:188} INFO - [2025-11-13T02:15:21.468+0000] {dag.py:3036} INFO - Sync 1 DAGs
[2025-11-13T02:15:21.479+0000] {logging_mixin.py:188} INFO - [2025-11-13T02:15:21.479+0000] {dag.py:3823} INFO - Setting next_dagrun for transform_bronze_to_silver_gold to 2025-11-13 00:00:00+00:00, run_after=2025-11-13 06:00:00+00:00
[2025-11-13T02:15:21.492+0000] {processor.py:183} INFO - Processing /opt/airflow/dags/transform_silver_gold_dbt_dag.py took 0.079 seconds
[2025-11-13T02:15:51.766+0000] {processor.py:161} INFO - Started process (PID=13183) to work on /opt/airflow/dags/transform_silver_gold_dbt_dag.py
[2025-11-13T02:15:51.767+0000] {processor.py:830} INFO - Processing file /opt/airflow/dags/transform_silver_gold_dbt_dag.py for tasks to queue
[2025-11-13T02:15:51.768+0000] {logging_mixin.py:188} INFO - [2025-11-13T02:15:51.768+0000] {dagbag.py:538} INFO - Filling up the DagBag from /opt/airflow/dags/transform_silver_gold_dbt_dag.py
[2025-11-13T02:15:51.799+0000] {processor.py:840} INFO - DAG(s) 'transform_bronze_to_silver_gold' retrieved from /opt/airflow/dags/transform_silver_gold_dbt_dag.py
[2025-11-13T02:15:51.812+0000] {logging_mixin.py:188} INFO - [2025-11-13T02:15:51.812+0000] {dag.py:3036} INFO - Sync 1 DAGs
[2025-11-13T02:15:51.823+0000] {logging_mixin.py:188} INFO - [2025-11-13T02:15:51.823+0000] {dag.py:3823} INFO - Setting next_dagrun for transform_bronze_to_silver_gold to 2025-11-13 00:00:00+00:00, run_after=2025-11-13 06:00:00+00:00
[2025-11-13T02:15:51.839+0000] {processor.py:183} INFO - Processing /opt/airflow/dags/transform_silver_gold_dbt_dag.py took 0.076 seconds
[2025-11-13T02:16:25.153+0000] {processor.py:161} INFO - Started process (PID=13789) to work on /opt/airflow/dags/transform_silver_gold_dbt_dag.py
[2025-11-13T02:16:25.154+0000] {processor.py:830} INFO - Processing file /opt/airflow/dags/transform_silver_gold_dbt_dag.py for tasks to queue
[2025-11-13T02:16:25.156+0000] {logging_mixin.py:188} INFO - [2025-11-13T02:16:25.155+0000] {dagbag.py:538} INFO - Filling up the DagBag from /opt/airflow/dags/transform_silver_gold_dbt_dag.py
[2025-11-13T02:16:25.176+0000] {processor.py:840} INFO - DAG(s) 'transform_bronze_to_silver_gold' retrieved from /opt/airflow/dags/transform_silver_gold_dbt_dag.py
[2025-11-13T02:16:25.189+0000] {logging_mixin.py:188} INFO - [2025-11-13T02:16:25.189+0000] {dag.py:3036} INFO - Sync 1 DAGs
[2025-11-13T02:16:25.200+0000] {logging_mixin.py:188} INFO - [2025-11-13T02:16:25.200+0000] {dag.py:3823} INFO - Setting next_dagrun for transform_bronze_to_silver_gold to 2025-11-13 00:00:00+00:00, run_after=2025-11-13 06:00:00+00:00
[2025-11-13T02:16:25.214+0000] {processor.py:183} INFO - Processing /opt/airflow/dags/transform_silver_gold_dbt_dag.py took 0.063 seconds
[2025-11-13T02:16:55.717+0000] {processor.py:161} INFO - Started process (PID=14419) to work on /opt/airflow/dags/transform_silver_gold_dbt_dag.py
[2025-11-13T02:16:55.718+0000] {processor.py:830} INFO - Processing file /opt/airflow/dags/transform_silver_gold_dbt_dag.py for tasks to queue
[2025-11-13T02:16:55.719+0000] {logging_mixin.py:188} INFO - [2025-11-13T02:16:55.719+0000] {dagbag.py:538} INFO - Filling up the DagBag from /opt/airflow/dags/transform_silver_gold_dbt_dag.py
[2025-11-13T02:16:55.743+0000] {processor.py:840} INFO - DAG(s) 'transform_bronze_to_silver_gold' retrieved from /opt/airflow/dags/transform_silver_gold_dbt_dag.py
[2025-11-13T02:16:55.754+0000] {logging_mixin.py:188} INFO - [2025-11-13T02:16:55.754+0000] {dag.py:3036} INFO - Sync 1 DAGs
[2025-11-13T02:16:55.765+0000] {logging_mixin.py:188} INFO - [2025-11-13T02:16:55.765+0000] {dag.py:3823} INFO - Setting next_dagrun for transform_bronze_to_silver_gold to 2025-11-13 00:00:00+00:00, run_after=2025-11-13 06:00:00+00:00
[2025-11-13T02:16:55.780+0000] {processor.py:183} INFO - Processing /opt/airflow/dags/transform_silver_gold_dbt_dag.py took 0.065 seconds
[2025-11-13T02:17:26.207+0000] {processor.py:161} INFO - Started process (PID=14421) to work on /opt/airflow/dags/transform_silver_gold_dbt_dag.py
[2025-11-13T02:17:26.208+0000] {processor.py:830} INFO - Processing file /opt/airflow/dags/transform_silver_gold_dbt_dag.py for tasks to queue
[2025-11-13T02:17:26.209+0000] {logging_mixin.py:188} INFO - [2025-11-13T02:17:26.209+0000] {dagbag.py:538} INFO - Filling up the DagBag from /opt/airflow/dags/transform_silver_gold_dbt_dag.py
[2025-11-13T02:17:26.236+0000] {processor.py:840} INFO - DAG(s) 'transform_bronze_to_silver_gold' retrieved from /opt/airflow/dags/transform_silver_gold_dbt_dag.py
[2025-11-13T02:17:26.256+0000] {logging_mixin.py:188} INFO - [2025-11-13T02:17:26.256+0000] {dag.py:3036} INFO - Sync 1 DAGs
[2025-11-13T02:17:26.269+0000] {logging_mixin.py:188} INFO - [2025-11-13T02:17:26.269+0000] {dag.py:3823} INFO - Setting next_dagrun for transform_bronze_to_silver_gold to 2025-11-13 00:00:00+00:00, run_after=2025-11-13 06:00:00+00:00
[2025-11-13T02:17:26.283+0000] {processor.py:183} INFO - Processing /opt/airflow/dags/transform_silver_gold_dbt_dag.py took 0.078 seconds
[2025-11-13T02:17:56.337+0000] {processor.py:161} INFO - Started process (PID=14429) to work on /opt/airflow/dags/transform_silver_gold_dbt_dag.py
[2025-11-13T02:17:56.338+0000] {processor.py:830} INFO - Processing file /opt/airflow/dags/transform_silver_gold_dbt_dag.py for tasks to queue
[2025-11-13T02:17:56.339+0000] {logging_mixin.py:188} INFO - [2025-11-13T02:17:56.339+0000] {dagbag.py:538} INFO - Filling up the DagBag from /opt/airflow/dags/transform_silver_gold_dbt_dag.py
[2025-11-13T02:17:56.368+0000] {processor.py:840} INFO - DAG(s) 'transform_bronze_to_silver_gold' retrieved from /opt/airflow/dags/transform_silver_gold_dbt_dag.py
[2025-11-13T02:17:56.379+0000] {logging_mixin.py:188} INFO - [2025-11-13T02:17:56.379+0000] {dag.py:3036} INFO - Sync 1 DAGs
[2025-11-13T02:17:56.389+0000] {logging_mixin.py:188} INFO - [2025-11-13T02:17:56.389+0000] {dag.py:3823} INFO - Setting next_dagrun for transform_bronze_to_silver_gold to 2025-11-13 00:00:00+00:00, run_after=2025-11-13 06:00:00+00:00
[2025-11-13T02:17:56.404+0000] {processor.py:183} INFO - Processing /opt/airflow/dags/transform_silver_gold_dbt_dag.py took 0.069 seconds
[2025-11-13T02:18:27.110+0000] {processor.py:161} INFO - Started process (PID=14431) to work on /opt/airflow/dags/transform_silver_gold_dbt_dag.py
[2025-11-13T02:18:27.111+0000] {processor.py:830} INFO - Processing file /opt/airflow/dags/transform_silver_gold_dbt_dag.py for tasks to queue
[2025-11-13T02:18:27.112+0000] {logging_mixin.py:188} INFO - [2025-11-13T02:18:27.112+0000] {dagbag.py:538} INFO - Filling up the DagBag from /opt/airflow/dags/transform_silver_gold_dbt_dag.py
[2025-11-13T02:18:27.140+0000] {processor.py:840} INFO - DAG(s) 'transform_bronze_to_silver_gold' retrieved from /opt/airflow/dags/transform_silver_gold_dbt_dag.py
[2025-11-13T02:18:27.152+0000] {logging_mixin.py:188} INFO - [2025-11-13T02:18:27.152+0000] {dag.py:3036} INFO - Sync 1 DAGs
[2025-11-13T02:18:27.162+0000] {logging_mixin.py:188} INFO - [2025-11-13T02:18:27.162+0000] {dag.py:3823} INFO - Setting next_dagrun for transform_bronze_to_silver_gold to 2025-11-13 00:00:00+00:00, run_after=2025-11-13 06:00:00+00:00
[2025-11-13T02:18:27.176+0000] {processor.py:183} INFO - Processing /opt/airflow/dags/transform_silver_gold_dbt_dag.py took 0.069 seconds
[2025-11-13T02:18:57.510+0000] {processor.py:161} INFO - Started process (PID=14433) to work on /opt/airflow/dags/transform_silver_gold_dbt_dag.py
[2025-11-13T02:18:57.512+0000] {processor.py:830} INFO - Processing file /opt/airflow/dags/transform_silver_gold_dbt_dag.py for tasks to queue
[2025-11-13T02:18:57.513+0000] {logging_mixin.py:188} INFO - [2025-11-13T02:18:57.513+0000] {dagbag.py:538} INFO - Filling up the DagBag from /opt/airflow/dags/transform_silver_gold_dbt_dag.py
[2025-11-13T02:18:57.544+0000] {processor.py:840} INFO - DAG(s) 'transform_bronze_to_silver_gold' retrieved from /opt/airflow/dags/transform_silver_gold_dbt_dag.py
[2025-11-13T02:18:57.556+0000] {logging_mixin.py:188} INFO - [2025-11-13T02:18:57.556+0000] {dag.py:3036} INFO - Sync 1 DAGs
[2025-11-13T02:18:57.566+0000] {logging_mixin.py:188} INFO - [2025-11-13T02:18:57.566+0000] {dag.py:3823} INFO - Setting next_dagrun for transform_bronze_to_silver_gold to 2025-11-13 00:00:00+00:00, run_after=2025-11-13 06:00:00+00:00
[2025-11-13T02:18:57.581+0000] {processor.py:183} INFO - Processing /opt/airflow/dags/transform_silver_gold_dbt_dag.py took 0.074 seconds
[2025-11-13T02:19:28.009+0000] {processor.py:161} INFO - Started process (PID=14435) to work on /opt/airflow/dags/transform_silver_gold_dbt_dag.py
[2025-11-13T02:19:28.011+0000] {processor.py:830} INFO - Processing file /opt/airflow/dags/transform_silver_gold_dbt_dag.py for tasks to queue
[2025-11-13T02:19:28.012+0000] {logging_mixin.py:188} INFO - [2025-11-13T02:19:28.011+0000] {dagbag.py:538} INFO - Filling up the DagBag from /opt/airflow/dags/transform_silver_gold_dbt_dag.py
[2025-11-13T02:19:28.032+0000] {processor.py:840} INFO - DAG(s) 'transform_bronze_to_silver_gold' retrieved from /opt/airflow/dags/transform_silver_gold_dbt_dag.py
[2025-11-13T02:19:28.043+0000] {logging_mixin.py:188} INFO - [2025-11-13T02:19:28.043+0000] {dag.py:3036} INFO - Sync 1 DAGs
[2025-11-13T02:19:28.053+0000] {logging_mixin.py:188} INFO - [2025-11-13T02:19:28.053+0000] {dag.py:3823} INFO - Setting next_dagrun for transform_bronze_to_silver_gold to 2025-11-13 00:00:00+00:00, run_after=2025-11-13 06:00:00+00:00
[2025-11-13T02:19:28.067+0000] {processor.py:183} INFO - Processing /opt/airflow/dags/transform_silver_gold_dbt_dag.py took 0.060 seconds
[2025-11-13T02:19:58.516+0000] {processor.py:161} INFO - Started process (PID=14437) to work on /opt/airflow/dags/transform_silver_gold_dbt_dag.py
[2025-11-13T02:19:58.517+0000] {processor.py:830} INFO - Processing file /opt/airflow/dags/transform_silver_gold_dbt_dag.py for tasks to queue
[2025-11-13T02:19:58.518+0000] {logging_mixin.py:188} INFO - [2025-11-13T02:19:58.518+0000] {dagbag.py:538} INFO - Filling up the DagBag from /opt/airflow/dags/transform_silver_gold_dbt_dag.py
[2025-11-13T02:19:58.545+0000] {processor.py:840} INFO - DAG(s) 'transform_bronze_to_silver_gold' retrieved from /opt/airflow/dags/transform_silver_gold_dbt_dag.py
[2025-11-13T02:19:58.557+0000] {logging_mixin.py:188} INFO - [2025-11-13T02:19:58.557+0000] {dag.py:3036} INFO - Sync 1 DAGs
[2025-11-13T02:19:58.569+0000] {logging_mixin.py:188} INFO - [2025-11-13T02:19:58.568+0000] {dag.py:3823} INFO - Setting next_dagrun for transform_bronze_to_silver_gold to 2025-11-13 00:00:00+00:00, run_after=2025-11-13 06:00:00+00:00
[2025-11-13T02:19:58.587+0000] {processor.py:183} INFO - Processing /opt/airflow/dags/transform_silver_gold_dbt_dag.py took 0.073 seconds
[2025-11-13T02:20:28.739+0000] {processor.py:161} INFO - Started process (PID=14439) to work on /opt/airflow/dags/transform_silver_gold_dbt_dag.py
[2025-11-13T02:20:28.740+0000] {processor.py:830} INFO - Processing file /opt/airflow/dags/transform_silver_gold_dbt_dag.py for tasks to queue
[2025-11-13T02:20:28.741+0000] {logging_mixin.py:188} INFO - [2025-11-13T02:20:28.741+0000] {dagbag.py:538} INFO - Filling up the DagBag from /opt/airflow/dags/transform_silver_gold_dbt_dag.py
[2025-11-13T02:20:28.763+0000] {processor.py:840} INFO - DAG(s) 'transform_bronze_to_silver_gold' retrieved from /opt/airflow/dags/transform_silver_gold_dbt_dag.py
[2025-11-13T02:20:28.778+0000] {logging_mixin.py:188} INFO - [2025-11-13T02:20:28.778+0000] {dag.py:3036} INFO - Sync 1 DAGs
[2025-11-13T02:20:28.789+0000] {logging_mixin.py:188} INFO - [2025-11-13T02:20:28.789+0000] {dag.py:3823} INFO - Setting next_dagrun for transform_bronze_to_silver_gold to 2025-11-13 00:00:00+00:00, run_after=2025-11-13 06:00:00+00:00
[2025-11-13T02:20:28.802+0000] {processor.py:183} INFO - Processing /opt/airflow/dags/transform_silver_gold_dbt_dag.py took 0.065 seconds
[2025-11-13T02:20:59.304+0000] {processor.py:161} INFO - Started process (PID=14441) to work on /opt/airflow/dags/transform_silver_gold_dbt_dag.py
[2025-11-13T02:20:59.304+0000] {processor.py:830} INFO - Processing file /opt/airflow/dags/transform_silver_gold_dbt_dag.py for tasks to queue
[2025-11-13T02:20:59.305+0000] {logging_mixin.py:188} INFO - [2025-11-13T02:20:59.305+0000] {dagbag.py:538} INFO - Filling up the DagBag from /opt/airflow/dags/transform_silver_gold_dbt_dag.py
[2025-11-13T02:20:59.329+0000] {processor.py:840} INFO - DAG(s) 'transform_bronze_to_silver_gold' retrieved from /opt/airflow/dags/transform_silver_gold_dbt_dag.py
[2025-11-13T02:20:59.343+0000] {logging_mixin.py:188} INFO - [2025-11-13T02:20:59.342+0000] {dag.py:3036} INFO - Sync 1 DAGs
[2025-11-13T02:20:59.354+0000] {logging_mixin.py:188} INFO - [2025-11-13T02:20:59.354+0000] {dag.py:3823} INFO - Setting next_dagrun for transform_bronze_to_silver_gold to 2025-11-13 00:00:00+00:00, run_after=2025-11-13 06:00:00+00:00
[2025-11-13T02:20:59.368+0000] {processor.py:183} INFO - Processing /opt/airflow/dags/transform_silver_gold_dbt_dag.py took 0.066 seconds
[2025-11-13T02:21:29.713+0000] {processor.py:161} INFO - Started process (PID=14443) to work on /opt/airflow/dags/transform_silver_gold_dbt_dag.py
[2025-11-13T02:21:29.715+0000] {processor.py:830} INFO - Processing file /opt/airflow/dags/transform_silver_gold_dbt_dag.py for tasks to queue
[2025-11-13T02:21:29.716+0000] {logging_mixin.py:188} INFO - [2025-11-13T02:21:29.715+0000] {dagbag.py:538} INFO - Filling up the DagBag from /opt/airflow/dags/transform_silver_gold_dbt_dag.py
[2025-11-13T02:21:29.744+0000] {processor.py:840} INFO - DAG(s) 'transform_bronze_to_silver_gold' retrieved from /opt/airflow/dags/transform_silver_gold_dbt_dag.py
[2025-11-13T02:21:29.759+0000] {logging_mixin.py:188} INFO - [2025-11-13T02:21:29.759+0000] {dag.py:3036} INFO - Sync 1 DAGs
[2025-11-13T02:21:29.771+0000] {logging_mixin.py:188} INFO - [2025-11-13T02:21:29.771+0000] {dag.py:3823} INFO - Setting next_dagrun for transform_bronze_to_silver_gold to 2025-11-13 00:00:00+00:00, run_after=2025-11-13 06:00:00+00:00
[2025-11-13T02:21:29.785+0000] {processor.py:183} INFO - Processing /opt/airflow/dags/transform_silver_gold_dbt_dag.py took 0.074 seconds
[2025-11-13T02:21:59.959+0000] {processor.py:161} INFO - Started process (PID=14445) to work on /opt/airflow/dags/transform_silver_gold_dbt_dag.py
[2025-11-13T02:21:59.960+0000] {processor.py:830} INFO - Processing file /opt/airflow/dags/transform_silver_gold_dbt_dag.py for tasks to queue
[2025-11-13T02:21:59.962+0000] {logging_mixin.py:188} INFO - [2025-11-13T02:21:59.961+0000] {dagbag.py:538} INFO - Filling up the DagBag from /opt/airflow/dags/transform_silver_gold_dbt_dag.py
[2025-11-13T02:21:59.988+0000] {processor.py:840} INFO - DAG(s) 'transform_bronze_to_silver_gold' retrieved from /opt/airflow/dags/transform_silver_gold_dbt_dag.py
[2025-11-13T02:22:00.006+0000] {logging_mixin.py:188} INFO - [2025-11-13T02:22:00.006+0000] {dag.py:3036} INFO - Sync 1 DAGs
[2025-11-13T02:22:00.019+0000] {logging_mixin.py:188} INFO - [2025-11-13T02:22:00.018+0000] {dag.py:3823} INFO - Setting next_dagrun for transform_bronze_to_silver_gold to 2025-11-13 00:00:00+00:00, run_after=2025-11-13 06:00:00+00:00
[2025-11-13T02:22:00.035+0000] {processor.py:183} INFO - Processing /opt/airflow/dags/transform_silver_gold_dbt_dag.py took 0.078 seconds
[2025-11-13T02:22:30.599+0000] {processor.py:161} INFO - Started process (PID=14447) to work on /opt/airflow/dags/transform_silver_gold_dbt_dag.py
[2025-11-13T02:22:30.600+0000] {processor.py:830} INFO - Processing file /opt/airflow/dags/transform_silver_gold_dbt_dag.py for tasks to queue
[2025-11-13T02:22:30.602+0000] {logging_mixin.py:188} INFO - [2025-11-13T02:22:30.601+0000] {dagbag.py:538} INFO - Filling up the DagBag from /opt/airflow/dags/transform_silver_gold_dbt_dag.py
[2025-11-13T02:22:30.633+0000] {processor.py:840} INFO - DAG(s) 'transform_bronze_to_silver_gold' retrieved from /opt/airflow/dags/transform_silver_gold_dbt_dag.py
[2025-11-13T02:22:30.651+0000] {logging_mixin.py:188} INFO - [2025-11-13T02:22:30.651+0000] {dag.py:3036} INFO - Sync 1 DAGs
[2025-11-13T02:22:30.662+0000] {logging_mixin.py:188} INFO - [2025-11-13T02:22:30.662+0000] {dag.py:3823} INFO - Setting next_dagrun for transform_bronze_to_silver_gold to 2025-11-13 00:00:00+00:00, run_after=2025-11-13 06:00:00+00:00
[2025-11-13T02:22:30.686+0000] {processor.py:183} INFO - Processing /opt/airflow/dags/transform_silver_gold_dbt_dag.py took 0.089 seconds
[2025-11-13T02:23:01.213+0000] {processor.py:161} INFO - Started process (PID=14449) to work on /opt/airflow/dags/transform_silver_gold_dbt_dag.py
[2025-11-13T02:23:01.214+0000] {processor.py:830} INFO - Processing file /opt/airflow/dags/transform_silver_gold_dbt_dag.py for tasks to queue
[2025-11-13T02:23:01.216+0000] {logging_mixin.py:188} INFO - [2025-11-13T02:23:01.215+0000] {dagbag.py:538} INFO - Filling up the DagBag from /opt/airflow/dags/transform_silver_gold_dbt_dag.py
[2025-11-13T02:23:01.238+0000] {processor.py:840} INFO - DAG(s) 'transform_bronze_to_silver_gold' retrieved from /opt/airflow/dags/transform_silver_gold_dbt_dag.py
[2025-11-13T02:23:01.255+0000] {logging_mixin.py:188} INFO - [2025-11-13T02:23:01.255+0000] {dag.py:3036} INFO - Sync 1 DAGs
[2025-11-13T02:23:01.265+0000] {logging_mixin.py:188} INFO - [2025-11-13T02:23:01.265+0000] {dag.py:3823} INFO - Setting next_dagrun for transform_bronze_to_silver_gold to 2025-11-13 00:00:00+00:00, run_after=2025-11-13 06:00:00+00:00
[2025-11-13T02:23:01.283+0000] {processor.py:183} INFO - Processing /opt/airflow/dags/transform_silver_gold_dbt_dag.py took 0.072 seconds
[2025-11-13T02:23:31.509+0000] {processor.py:161} INFO - Started process (PID=14451) to work on /opt/airflow/dags/transform_silver_gold_dbt_dag.py
[2025-11-13T02:23:31.510+0000] {processor.py:830} INFO - Processing file /opt/airflow/dags/transform_silver_gold_dbt_dag.py for tasks to queue
[2025-11-13T02:23:31.511+0000] {logging_mixin.py:188} INFO - [2025-11-13T02:23:31.510+0000] {dagbag.py:538} INFO - Filling up the DagBag from /opt/airflow/dags/transform_silver_gold_dbt_dag.py
[2025-11-13T02:23:31.535+0000] {processor.py:840} INFO - DAG(s) 'transform_bronze_to_silver_gold' retrieved from /opt/airflow/dags/transform_silver_gold_dbt_dag.py
[2025-11-13T02:23:31.547+0000] {logging_mixin.py:188} INFO - [2025-11-13T02:23:31.547+0000] {dag.py:3036} INFO - Sync 1 DAGs
[2025-11-13T02:23:31.558+0000] {logging_mixin.py:188} INFO - [2025-11-13T02:23:31.558+0000] {dag.py:3823} INFO - Setting next_dagrun for transform_bronze_to_silver_gold to 2025-11-13 00:00:00+00:00, run_after=2025-11-13 06:00:00+00:00
[2025-11-13T02:23:31.572+0000] {processor.py:183} INFO - Processing /opt/airflow/dags/transform_silver_gold_dbt_dag.py took 0.065 seconds
[2025-11-13T02:24:01.790+0000] {processor.py:161} INFO - Started process (PID=14453) to work on /opt/airflow/dags/transform_silver_gold_dbt_dag.py
[2025-11-13T02:24:01.791+0000] {processor.py:830} INFO - Processing file /opt/airflow/dags/transform_silver_gold_dbt_dag.py for tasks to queue
[2025-11-13T02:24:01.792+0000] {logging_mixin.py:188} INFO - [2025-11-13T02:24:01.792+0000] {dagbag.py:538} INFO - Filling up the DagBag from /opt/airflow/dags/transform_silver_gold_dbt_dag.py
[2025-11-13T02:24:01.818+0000] {processor.py:840} INFO - DAG(s) 'transform_bronze_to_silver_gold' retrieved from /opt/airflow/dags/transform_silver_gold_dbt_dag.py
[2025-11-13T02:24:01.832+0000] {logging_mixin.py:188} INFO - [2025-11-13T02:24:01.831+0000] {dag.py:3036} INFO - Sync 1 DAGs
[2025-11-13T02:24:01.844+0000] {logging_mixin.py:188} INFO - [2025-11-13T02:24:01.844+0000] {dag.py:3823} INFO - Setting next_dagrun for transform_bronze_to_silver_gold to 2025-11-13 00:00:00+00:00, run_after=2025-11-13 06:00:00+00:00
[2025-11-13T02:24:01.860+0000] {processor.py:183} INFO - Processing /opt/airflow/dags/transform_silver_gold_dbt_dag.py took 0.071 seconds
[2025-11-13T02:24:32.075+0000] {processor.py:161} INFO - Started process (PID=14455) to work on /opt/airflow/dags/transform_silver_gold_dbt_dag.py
[2025-11-13T02:24:32.075+0000] {processor.py:830} INFO - Processing file /opt/airflow/dags/transform_silver_gold_dbt_dag.py for tasks to queue
[2025-11-13T02:24:32.077+0000] {logging_mixin.py:188} INFO - [2025-11-13T02:24:32.076+0000] {dagbag.py:538} INFO - Filling up the DagBag from /opt/airflow/dags/transform_silver_gold_dbt_dag.py
[2025-11-13T02:24:32.104+0000] {processor.py:840} INFO - DAG(s) 'transform_bronze_to_silver_gold' retrieved from /opt/airflow/dags/transform_silver_gold_dbt_dag.py
[2025-11-13T02:24:32.117+0000] {logging_mixin.py:188} INFO - [2025-11-13T02:24:32.117+0000] {dag.py:3036} INFO - Sync 1 DAGs
[2025-11-13T02:24:32.129+0000] {logging_mixin.py:188} INFO - [2025-11-13T02:24:32.128+0000] {dag.py:3823} INFO - Setting next_dagrun for transform_bronze_to_silver_gold to 2025-11-13 00:00:00+00:00, run_after=2025-11-13 06:00:00+00:00
[2025-11-13T02:24:32.144+0000] {processor.py:183} INFO - Processing /opt/airflow/dags/transform_silver_gold_dbt_dag.py took 0.071 seconds
[2025-11-13T02:25:02.359+0000] {processor.py:161} INFO - Started process (PID=14457) to work on /opt/airflow/dags/transform_silver_gold_dbt_dag.py
[2025-11-13T02:25:02.360+0000] {processor.py:830} INFO - Processing file /opt/airflow/dags/transform_silver_gold_dbt_dag.py for tasks to queue
[2025-11-13T02:25:02.362+0000] {logging_mixin.py:188} INFO - [2025-11-13T02:25:02.361+0000] {dagbag.py:538} INFO - Filling up the DagBag from /opt/airflow/dags/transform_silver_gold_dbt_dag.py
[2025-11-13T02:25:02.387+0000] {processor.py:840} INFO - DAG(s) 'transform_bronze_to_silver_gold' retrieved from /opt/airflow/dags/transform_silver_gold_dbt_dag.py
[2025-11-13T02:25:02.402+0000] {logging_mixin.py:188} INFO - [2025-11-13T02:25:02.401+0000] {dag.py:3036} INFO - Sync 1 DAGs
[2025-11-13T02:25:02.413+0000] {logging_mixin.py:188} INFO - [2025-11-13T02:25:02.413+0000] {dag.py:3823} INFO - Setting next_dagrun for transform_bronze_to_silver_gold to 2025-11-13 00:00:00+00:00, run_after=2025-11-13 06:00:00+00:00
[2025-11-13T02:25:02.432+0000] {processor.py:183} INFO - Processing /opt/airflow/dags/transform_silver_gold_dbt_dag.py took 0.074 seconds
[2025-11-13T02:25:32.646+0000] {processor.py:161} INFO - Started process (PID=14534) to work on /opt/airflow/dags/transform_silver_gold_dbt_dag.py
[2025-11-13T02:25:32.647+0000] {processor.py:830} INFO - Processing file /opt/airflow/dags/transform_silver_gold_dbt_dag.py for tasks to queue
[2025-11-13T02:25:32.649+0000] {logging_mixin.py:188} INFO - [2025-11-13T02:25:32.648+0000] {dagbag.py:538} INFO - Filling up the DagBag from /opt/airflow/dags/transform_silver_gold_dbt_dag.py
[2025-11-13T02:25:32.675+0000] {processor.py:840} INFO - DAG(s) 'transform_bronze_to_silver_gold' retrieved from /opt/airflow/dags/transform_silver_gold_dbt_dag.py
[2025-11-13T02:25:32.687+0000] {logging_mixin.py:188} INFO - [2025-11-13T02:25:32.687+0000] {dag.py:3036} INFO - Sync 1 DAGs
[2025-11-13T02:25:32.698+0000] {logging_mixin.py:188} INFO - [2025-11-13T02:25:32.698+0000] {dag.py:3823} INFO - Setting next_dagrun for transform_bronze_to_silver_gold to 2025-11-13 00:00:00+00:00, run_after=2025-11-13 06:00:00+00:00
[2025-11-13T02:25:32.714+0000] {processor.py:183} INFO - Processing /opt/airflow/dags/transform_silver_gold_dbt_dag.py took 0.069 seconds
[2025-11-13T02:26:02.930+0000] {processor.py:161} INFO - Started process (PID=14536) to work on /opt/airflow/dags/transform_silver_gold_dbt_dag.py
[2025-11-13T02:26:02.931+0000] {processor.py:830} INFO - Processing file /opt/airflow/dags/transform_silver_gold_dbt_dag.py for tasks to queue
[2025-11-13T02:26:02.932+0000] {logging_mixin.py:188} INFO - [2025-11-13T02:26:02.932+0000] {dagbag.py:538} INFO - Filling up the DagBag from /opt/airflow/dags/transform_silver_gold_dbt_dag.py
[2025-11-13T02:26:02.952+0000] {processor.py:840} INFO - DAG(s) 'transform_bronze_to_silver_gold' retrieved from /opt/airflow/dags/transform_silver_gold_dbt_dag.py
[2025-11-13T02:26:02.966+0000] {logging_mixin.py:188} INFO - [2025-11-13T02:26:02.966+0000] {dag.py:3036} INFO - Sync 1 DAGs
[2025-11-13T02:26:02.978+0000] {logging_mixin.py:188} INFO - [2025-11-13T02:26:02.978+0000] {dag.py:3823} INFO - Setting next_dagrun for transform_bronze_to_silver_gold to 2025-11-13 00:00:00+00:00, run_after=2025-11-13 06:00:00+00:00
[2025-11-13T02:26:02.994+0000] {processor.py:183} INFO - Processing /opt/airflow/dags/transform_silver_gold_dbt_dag.py took 0.065 seconds
[2025-11-13T02:26:33.212+0000] {processor.py:161} INFO - Started process (PID=14538) to work on /opt/airflow/dags/transform_silver_gold_dbt_dag.py
[2025-11-13T02:26:33.213+0000] {processor.py:830} INFO - Processing file /opt/airflow/dags/transform_silver_gold_dbt_dag.py for tasks to queue
[2025-11-13T02:26:33.214+0000] {logging_mixin.py:188} INFO - [2025-11-13T02:26:33.214+0000] {dagbag.py:538} INFO - Filling up the DagBag from /opt/airflow/dags/transform_silver_gold_dbt_dag.py
[2025-11-13T02:26:33.241+0000] {processor.py:840} INFO - DAG(s) 'transform_bronze_to_silver_gold' retrieved from /opt/airflow/dags/transform_silver_gold_dbt_dag.py
[2025-11-13T02:26:33.254+0000] {logging_mixin.py:188} INFO - [2025-11-13T02:26:33.254+0000] {dag.py:3036} INFO - Sync 1 DAGs
[2025-11-13T02:26:33.265+0000] {logging_mixin.py:188} INFO - [2025-11-13T02:26:33.265+0000] {dag.py:3823} INFO - Setting next_dagrun for transform_bronze_to_silver_gold to 2025-11-13 00:00:00+00:00, run_after=2025-11-13 06:00:00+00:00
[2025-11-13T02:26:33.283+0000] {processor.py:183} INFO - Processing /opt/airflow/dags/transform_silver_gold_dbt_dag.py took 0.073 seconds
[2025-11-13T02:27:03.488+0000] {processor.py:161} INFO - Started process (PID=14540) to work on /opt/airflow/dags/transform_silver_gold_dbt_dag.py
[2025-11-13T02:27:03.489+0000] {processor.py:830} INFO - Processing file /opt/airflow/dags/transform_silver_gold_dbt_dag.py for tasks to queue
[2025-11-13T02:27:03.491+0000] {logging_mixin.py:188} INFO - [2025-11-13T02:27:03.490+0000] {dagbag.py:538} INFO - Filling up the DagBag from /opt/airflow/dags/transform_silver_gold_dbt_dag.py
[2025-11-13T02:27:03.509+0000] {processor.py:840} INFO - DAG(s) 'transform_bronze_to_silver_gold' retrieved from /opt/airflow/dags/transform_silver_gold_dbt_dag.py
[2025-11-13T02:27:03.522+0000] {logging_mixin.py:188} INFO - [2025-11-13T02:27:03.522+0000] {dag.py:3036} INFO - Sync 1 DAGs
[2025-11-13T02:27:03.533+0000] {logging_mixin.py:188} INFO - [2025-11-13T02:27:03.533+0000] {dag.py:3823} INFO - Setting next_dagrun for transform_bronze_to_silver_gold to 2025-11-13 00:00:00+00:00, run_after=2025-11-13 06:00:00+00:00
[2025-11-13T02:27:03.550+0000] {processor.py:183} INFO - Processing /opt/airflow/dags/transform_silver_gold_dbt_dag.py took 0.063 seconds
[2025-11-13T02:27:33.823+0000] {processor.py:161} INFO - Started process (PID=14542) to work on /opt/airflow/dags/transform_silver_gold_dbt_dag.py
[2025-11-13T02:27:33.824+0000] {processor.py:830} INFO - Processing file /opt/airflow/dags/transform_silver_gold_dbt_dag.py for tasks to queue
[2025-11-13T02:27:33.824+0000] {logging_mixin.py:188} INFO - [2025-11-13T02:27:33.824+0000] {dagbag.py:538} INFO - Filling up the DagBag from /opt/airflow/dags/transform_silver_gold_dbt_dag.py
[2025-11-13T02:27:33.846+0000] {processor.py:840} INFO - DAG(s) 'transform_bronze_to_silver_gold' retrieved from /opt/airflow/dags/transform_silver_gold_dbt_dag.py
[2025-11-13T02:27:33.860+0000] {logging_mixin.py:188} INFO - [2025-11-13T02:27:33.860+0000] {dag.py:3036} INFO - Sync 1 DAGs
[2025-11-13T02:27:33.873+0000] {logging_mixin.py:188} INFO - [2025-11-13T02:27:33.872+0000] {dag.py:3823} INFO - Setting next_dagrun for transform_bronze_to_silver_gold to 2025-11-13 00:00:00+00:00, run_after=2025-11-13 06:00:00+00:00
[2025-11-13T02:27:33.891+0000] {processor.py:183} INFO - Processing /opt/airflow/dags/transform_silver_gold_dbt_dag.py took 0.070 seconds
[2025-11-13T02:28:04.112+0000] {processor.py:161} INFO - Started process (PID=14544) to work on /opt/airflow/dags/transform_silver_gold_dbt_dag.py
[2025-11-13T02:28:04.113+0000] {processor.py:830} INFO - Processing file /opt/airflow/dags/transform_silver_gold_dbt_dag.py for tasks to queue
[2025-11-13T02:28:04.114+0000] {logging_mixin.py:188} INFO - [2025-11-13T02:28:04.114+0000] {dagbag.py:538} INFO - Filling up the DagBag from /opt/airflow/dags/transform_silver_gold_dbt_dag.py
[2025-11-13T02:28:04.133+0000] {processor.py:840} INFO - DAG(s) 'transform_bronze_to_silver_gold' retrieved from /opt/airflow/dags/transform_silver_gold_dbt_dag.py
[2025-11-13T02:28:04.146+0000] {logging_mixin.py:188} INFO - [2025-11-13T02:28:04.146+0000] {dag.py:3036} INFO - Sync 1 DAGs
[2025-11-13T02:28:04.157+0000] {logging_mixin.py:188} INFO - [2025-11-13T02:28:04.157+0000] {dag.py:3823} INFO - Setting next_dagrun for transform_bronze_to_silver_gold to 2025-11-13 00:00:00+00:00, run_after=2025-11-13 06:00:00+00:00
[2025-11-13T02:28:04.172+0000] {processor.py:183} INFO - Processing /opt/airflow/dags/transform_silver_gold_dbt_dag.py took 0.062 seconds
[2025-11-13T02:28:34.407+0000] {processor.py:161} INFO - Started process (PID=14546) to work on /opt/airflow/dags/transform_silver_gold_dbt_dag.py
[2025-11-13T02:28:34.408+0000] {processor.py:830} INFO - Processing file /opt/airflow/dags/transform_silver_gold_dbt_dag.py for tasks to queue
[2025-11-13T02:28:34.409+0000] {logging_mixin.py:188} INFO - [2025-11-13T02:28:34.409+0000] {dagbag.py:538} INFO - Filling up the DagBag from /opt/airflow/dags/transform_silver_gold_dbt_dag.py
[2025-11-13T02:28:34.432+0000] {processor.py:840} INFO - DAG(s) 'transform_bronze_to_silver_gold' retrieved from /opt/airflow/dags/transform_silver_gold_dbt_dag.py
[2025-11-13T02:28:34.445+0000] {logging_mixin.py:188} INFO - [2025-11-13T02:28:34.445+0000] {dag.py:3036} INFO - Sync 1 DAGs
[2025-11-13T02:28:34.457+0000] {logging_mixin.py:188} INFO - [2025-11-13T02:28:34.457+0000] {dag.py:3823} INFO - Setting next_dagrun for transform_bronze_to_silver_gold to 2025-11-13 00:00:00+00:00, run_after=2025-11-13 06:00:00+00:00
[2025-11-13T02:28:34.477+0000] {processor.py:183} INFO - Processing /opt/airflow/dags/transform_silver_gold_dbt_dag.py took 0.072 seconds
[2025-11-13T02:29:04.557+0000] {processor.py:161} INFO - Started process (PID=14548) to work on /opt/airflow/dags/transform_silver_gold_dbt_dag.py
[2025-11-13T02:29:04.559+0000] {processor.py:830} INFO - Processing file /opt/airflow/dags/transform_silver_gold_dbt_dag.py for tasks to queue
[2025-11-13T02:29:04.560+0000] {logging_mixin.py:188} INFO - [2025-11-13T02:29:04.559+0000] {dagbag.py:538} INFO - Filling up the DagBag from /opt/airflow/dags/transform_silver_gold_dbt_dag.py
[2025-11-13T02:29:04.584+0000] {processor.py:840} INFO - DAG(s) 'transform_bronze_to_silver_gold' retrieved from /opt/airflow/dags/transform_silver_gold_dbt_dag.py
[2025-11-13T02:29:04.597+0000] {logging_mixin.py:188} INFO - [2025-11-13T02:29:04.597+0000] {dag.py:3036} INFO - Sync 1 DAGs
[2025-11-13T02:29:04.610+0000] {logging_mixin.py:188} INFO - [2025-11-13T02:29:04.609+0000] {dag.py:3823} INFO - Setting next_dagrun for transform_bronze_to_silver_gold to 2025-11-13 00:00:00+00:00, run_after=2025-11-13 06:00:00+00:00
[2025-11-13T02:29:04.627+0000] {processor.py:183} INFO - Processing /opt/airflow/dags/transform_silver_gold_dbt_dag.py took 0.072 seconds
[2025-11-13T02:29:34.977+0000] {processor.py:161} INFO - Started process (PID=14550) to work on /opt/airflow/dags/transform_silver_gold_dbt_dag.py
[2025-11-13T02:29:34.978+0000] {processor.py:830} INFO - Processing file /opt/airflow/dags/transform_silver_gold_dbt_dag.py for tasks to queue
[2025-11-13T02:29:34.979+0000] {logging_mixin.py:188} INFO - [2025-11-13T02:29:34.979+0000] {dagbag.py:538} INFO - Filling up the DagBag from /opt/airflow/dags/transform_silver_gold_dbt_dag.py
[2025-11-13T02:29:35.002+0000] {processor.py:840} INFO - DAG(s) 'transform_bronze_to_silver_gold' retrieved from /opt/airflow/dags/transform_silver_gold_dbt_dag.py
[2025-11-13T02:29:35.016+0000] {logging_mixin.py:188} INFO - [2025-11-13T02:29:35.015+0000] {dag.py:3036} INFO - Sync 1 DAGs
[2025-11-13T02:29:35.030+0000] {logging_mixin.py:188} INFO - [2025-11-13T02:29:35.030+0000] {dag.py:3823} INFO - Setting next_dagrun for transform_bronze_to_silver_gold to 2025-11-13 00:00:00+00:00, run_after=2025-11-13 06:00:00+00:00
[2025-11-13T02:29:35.043+0000] {processor.py:183} INFO - Processing /opt/airflow/dags/transform_silver_gold_dbt_dag.py took 0.068 seconds
[2025-11-13T02:30:05.253+0000] {processor.py:161} INFO - Started process (PID=14552) to work on /opt/airflow/dags/transform_silver_gold_dbt_dag.py
[2025-11-13T02:30:05.254+0000] {processor.py:830} INFO - Processing file /opt/airflow/dags/transform_silver_gold_dbt_dag.py for tasks to queue
[2025-11-13T02:30:05.254+0000] {logging_mixin.py:188} INFO - [2025-11-13T02:30:05.254+0000] {dagbag.py:538} INFO - Filling up the DagBag from /opt/airflow/dags/transform_silver_gold_dbt_dag.py
[2025-11-13T02:30:05.279+0000] {processor.py:840} INFO - DAG(s) 'transform_bronze_to_silver_gold' retrieved from /opt/airflow/dags/transform_silver_gold_dbt_dag.py
[2025-11-13T02:30:05.293+0000] {logging_mixin.py:188} INFO - [2025-11-13T02:30:05.293+0000] {dag.py:3036} INFO - Sync 1 DAGs
[2025-11-13T02:30:05.305+0000] {logging_mixin.py:188} INFO - [2025-11-13T02:30:05.304+0000] {dag.py:3823} INFO - Setting next_dagrun for transform_bronze_to_silver_gold to 2025-11-13 00:00:00+00:00, run_after=2025-11-13 06:00:00+00:00
[2025-11-13T02:30:05.319+0000] {processor.py:183} INFO - Processing /opt/airflow/dags/transform_silver_gold_dbt_dag.py took 0.069 seconds
[2025-11-13T02:30:35.549+0000] {processor.py:161} INFO - Started process (PID=14554) to work on /opt/airflow/dags/transform_silver_gold_dbt_dag.py
[2025-11-13T02:30:35.551+0000] {processor.py:830} INFO - Processing file /opt/airflow/dags/transform_silver_gold_dbt_dag.py for tasks to queue
[2025-11-13T02:30:35.552+0000] {logging_mixin.py:188} INFO - [2025-11-13T02:30:35.552+0000] {dagbag.py:538} INFO - Filling up the DagBag from /opt/airflow/dags/transform_silver_gold_dbt_dag.py
[2025-11-13T02:30:35.574+0000] {processor.py:840} INFO - DAG(s) 'transform_bronze_to_silver_gold' retrieved from /opt/airflow/dags/transform_silver_gold_dbt_dag.py
[2025-11-13T02:30:35.587+0000] {logging_mixin.py:188} INFO - [2025-11-13T02:30:35.586+0000] {dag.py:3036} INFO - Sync 1 DAGs
[2025-11-13T02:30:35.597+0000] {logging_mixin.py:188} INFO - [2025-11-13T02:30:35.597+0000] {dag.py:3823} INFO - Setting next_dagrun for transform_bronze_to_silver_gold to 2025-11-13 00:00:00+00:00, run_after=2025-11-13 06:00:00+00:00
[2025-11-13T02:30:35.612+0000] {processor.py:183} INFO - Processing /opt/airflow/dags/transform_silver_gold_dbt_dag.py took 0.065 seconds
[2025-11-13T02:31:05.858+0000] {processor.py:161} INFO - Started process (PID=14556) to work on /opt/airflow/dags/transform_silver_gold_dbt_dag.py
[2025-11-13T02:31:05.859+0000] {processor.py:830} INFO - Processing file /opt/airflow/dags/transform_silver_gold_dbt_dag.py for tasks to queue
[2025-11-13T02:31:05.861+0000] {logging_mixin.py:188} INFO - [2025-11-13T02:31:05.860+0000] {dagbag.py:538} INFO - Filling up the DagBag from /opt/airflow/dags/transform_silver_gold_dbt_dag.py
[2025-11-13T02:31:05.885+0000] {processor.py:840} INFO - DAG(s) 'transform_bronze_to_silver_gold' retrieved from /opt/airflow/dags/transform_silver_gold_dbt_dag.py
[2025-11-13T02:31:05.898+0000] {logging_mixin.py:188} INFO - [2025-11-13T02:31:05.897+0000] {dag.py:3036} INFO - Sync 1 DAGs
[2025-11-13T02:31:05.908+0000] {logging_mixin.py:188} INFO - [2025-11-13T02:31:05.908+0000] {dag.py:3823} INFO - Setting next_dagrun for transform_bronze_to_silver_gold to 2025-11-13 00:00:00+00:00, run_after=2025-11-13 06:00:00+00:00
[2025-11-13T02:31:05.925+0000] {processor.py:183} INFO - Processing /opt/airflow/dags/transform_silver_gold_dbt_dag.py took 0.070 seconds
[2025-11-13T02:31:36.134+0000] {processor.py:161} INFO - Started process (PID=14558) to work on /opt/airflow/dags/transform_silver_gold_dbt_dag.py
[2025-11-13T02:31:36.135+0000] {processor.py:830} INFO - Processing file /opt/airflow/dags/transform_silver_gold_dbt_dag.py for tasks to queue
[2025-11-13T02:31:36.136+0000] {logging_mixin.py:188} INFO - [2025-11-13T02:31:36.136+0000] {dagbag.py:538} INFO - Filling up the DagBag from /opt/airflow/dags/transform_silver_gold_dbt_dag.py
[2025-11-13T02:31:36.164+0000] {processor.py:840} INFO - DAG(s) 'transform_bronze_to_silver_gold' retrieved from /opt/airflow/dags/transform_silver_gold_dbt_dag.py
[2025-11-13T02:31:36.178+0000] {logging_mixin.py:188} INFO - [2025-11-13T02:31:36.178+0000] {dag.py:3036} INFO - Sync 1 DAGs
[2025-11-13T02:31:36.189+0000] {logging_mixin.py:188} INFO - [2025-11-13T02:31:36.189+0000] {dag.py:3823} INFO - Setting next_dagrun for transform_bronze_to_silver_gold to 2025-11-13 00:00:00+00:00, run_after=2025-11-13 06:00:00+00:00
[2025-11-13T02:31:36.205+0000] {processor.py:183} INFO - Processing /opt/airflow/dags/transform_silver_gold_dbt_dag.py took 0.073 seconds
[2025-11-13T02:32:06.412+0000] {processor.py:161} INFO - Started process (PID=14560) to work on /opt/airflow/dags/transform_silver_gold_dbt_dag.py
[2025-11-13T02:32:06.413+0000] {processor.py:830} INFO - Processing file /opt/airflow/dags/transform_silver_gold_dbt_dag.py for tasks to queue
[2025-11-13T02:32:06.414+0000] {logging_mixin.py:188} INFO - [2025-11-13T02:32:06.414+0000] {dagbag.py:538} INFO - Filling up the DagBag from /opt/airflow/dags/transform_silver_gold_dbt_dag.py
[2025-11-13T02:32:06.434+0000] {processor.py:840} INFO - DAG(s) 'transform_bronze_to_silver_gold' retrieved from /opt/airflow/dags/transform_silver_gold_dbt_dag.py
[2025-11-13T02:32:06.448+0000] {logging_mixin.py:188} INFO - [2025-11-13T02:32:06.448+0000] {dag.py:3036} INFO - Sync 1 DAGs
[2025-11-13T02:32:06.459+0000] {logging_mixin.py:188} INFO - [2025-11-13T02:32:06.459+0000] {dag.py:3823} INFO - Setting next_dagrun for transform_bronze_to_silver_gold to 2025-11-13 00:00:00+00:00, run_after=2025-11-13 06:00:00+00:00
[2025-11-13T02:32:06.477+0000] {processor.py:183} INFO - Processing /opt/airflow/dags/transform_silver_gold_dbt_dag.py took 0.067 seconds
[2025-11-13T02:32:36.717+0000] {processor.py:161} INFO - Started process (PID=14562) to work on /opt/airflow/dags/transform_silver_gold_dbt_dag.py
[2025-11-13T02:32:36.718+0000] {processor.py:830} INFO - Processing file /opt/airflow/dags/transform_silver_gold_dbt_dag.py for tasks to queue
[2025-11-13T02:32:36.719+0000] {logging_mixin.py:188} INFO - [2025-11-13T02:32:36.719+0000] {dagbag.py:538} INFO - Filling up the DagBag from /opt/airflow/dags/transform_silver_gold_dbt_dag.py
[2025-11-13T02:32:36.743+0000] {processor.py:840} INFO - DAG(s) 'transform_bronze_to_silver_gold' retrieved from /opt/airflow/dags/transform_silver_gold_dbt_dag.py
[2025-11-13T02:32:36.758+0000] {logging_mixin.py:188} INFO - [2025-11-13T02:32:36.758+0000] {dag.py:3036} INFO - Sync 1 DAGs
[2025-11-13T02:32:36.769+0000] {logging_mixin.py:188} INFO - [2025-11-13T02:32:36.769+0000] {dag.py:3823} INFO - Setting next_dagrun for transform_bronze_to_silver_gold to 2025-11-13 00:00:00+00:00, run_after=2025-11-13 06:00:00+00:00
[2025-11-13T02:32:36.788+0000] {processor.py:183} INFO - Processing /opt/airflow/dags/transform_silver_gold_dbt_dag.py took 0.073 seconds
[2025-11-13T02:33:07.006+0000] {processor.py:161} INFO - Started process (PID=14564) to work on /opt/airflow/dags/transform_silver_gold_dbt_dag.py
[2025-11-13T02:33:07.008+0000] {processor.py:830} INFO - Processing file /opt/airflow/dags/transform_silver_gold_dbt_dag.py for tasks to queue
[2025-11-13T02:33:07.009+0000] {logging_mixin.py:188} INFO - [2025-11-13T02:33:07.009+0000] {dagbag.py:538} INFO - Filling up the DagBag from /opt/airflow/dags/transform_silver_gold_dbt_dag.py
[2025-11-13T02:33:07.034+0000] {processor.py:840} INFO - DAG(s) 'transform_bronze_to_silver_gold' retrieved from /opt/airflow/dags/transform_silver_gold_dbt_dag.py
[2025-11-13T02:33:07.049+0000] {logging_mixin.py:188} INFO - [2025-11-13T02:33:07.049+0000] {dag.py:3036} INFO - Sync 1 DAGs
[2025-11-13T02:33:07.061+0000] {logging_mixin.py:188} INFO - [2025-11-13T02:33:07.061+0000] {dag.py:3823} INFO - Setting next_dagrun for transform_bronze_to_silver_gold to 2025-11-13 00:00:00+00:00, run_after=2025-11-13 06:00:00+00:00
[2025-11-13T02:33:07.078+0000] {processor.py:183} INFO - Processing /opt/airflow/dags/transform_silver_gold_dbt_dag.py took 0.074 seconds
[2025-11-13T02:33:37.295+0000] {processor.py:161} INFO - Started process (PID=14566) to work on /opt/airflow/dags/transform_silver_gold_dbt_dag.py
[2025-11-13T02:33:37.296+0000] {processor.py:830} INFO - Processing file /opt/airflow/dags/transform_silver_gold_dbt_dag.py for tasks to queue
[2025-11-13T02:33:37.298+0000] {logging_mixin.py:188} INFO - [2025-11-13T02:33:37.297+0000] {dagbag.py:538} INFO - Filling up the DagBag from /opt/airflow/dags/transform_silver_gold_dbt_dag.py
[2025-11-13T02:33:37.325+0000] {processor.py:840} INFO - DAG(s) 'transform_bronze_to_silver_gold' retrieved from /opt/airflow/dags/transform_silver_gold_dbt_dag.py
[2025-11-13T02:33:37.338+0000] {logging_mixin.py:188} INFO - [2025-11-13T02:33:37.338+0000] {dag.py:3036} INFO - Sync 1 DAGs
[2025-11-13T02:33:37.350+0000] {logging_mixin.py:188} INFO - [2025-11-13T02:33:37.349+0000] {dag.py:3823} INFO - Setting next_dagrun for transform_bronze_to_silver_gold to 2025-11-13 00:00:00+00:00, run_after=2025-11-13 06:00:00+00:00
[2025-11-13T02:33:37.365+0000] {processor.py:183} INFO - Processing /opt/airflow/dags/transform_silver_gold_dbt_dag.py took 0.072 seconds
[2025-11-13T02:34:07.593+0000] {processor.py:161} INFO - Started process (PID=14568) to work on /opt/airflow/dags/transform_silver_gold_dbt_dag.py
[2025-11-13T02:34:07.595+0000] {processor.py:830} INFO - Processing file /opt/airflow/dags/transform_silver_gold_dbt_dag.py for tasks to queue
[2025-11-13T02:34:07.596+0000] {logging_mixin.py:188} INFO - [2025-11-13T02:34:07.595+0000] {dagbag.py:538} INFO - Filling up the DagBag from /opt/airflow/dags/transform_silver_gold_dbt_dag.py
[2025-11-13T02:34:07.619+0000] {processor.py:840} INFO - DAG(s) 'transform_bronze_to_silver_gold' retrieved from /opt/airflow/dags/transform_silver_gold_dbt_dag.py
[2025-11-13T02:34:07.634+0000] {logging_mixin.py:188} INFO - [2025-11-13T02:34:07.634+0000] {dag.py:3036} INFO - Sync 1 DAGs
[2025-11-13T02:34:07.647+0000] {logging_mixin.py:188} INFO - [2025-11-13T02:34:07.647+0000] {dag.py:3823} INFO - Setting next_dagrun for transform_bronze_to_silver_gold to 2025-11-13 00:00:00+00:00, run_after=2025-11-13 06:00:00+00:00
[2025-11-13T02:34:07.662+0000] {processor.py:183} INFO - Processing /opt/airflow/dags/transform_silver_gold_dbt_dag.py took 0.071 seconds
[2025-11-13T02:34:37.887+0000] {processor.py:161} INFO - Started process (PID=14570) to work on /opt/airflow/dags/transform_silver_gold_dbt_dag.py
[2025-11-13T02:34:37.889+0000] {processor.py:830} INFO - Processing file /opt/airflow/dags/transform_silver_gold_dbt_dag.py for tasks to queue
[2025-11-13T02:34:37.890+0000] {logging_mixin.py:188} INFO - [2025-11-13T02:34:37.890+0000] {dagbag.py:538} INFO - Filling up the DagBag from /opt/airflow/dags/transform_silver_gold_dbt_dag.py
[2025-11-13T02:34:37.917+0000] {processor.py:840} INFO - DAG(s) 'transform_bronze_to_silver_gold' retrieved from /opt/airflow/dags/transform_silver_gold_dbt_dag.py
[2025-11-13T02:34:37.931+0000] {logging_mixin.py:188} INFO - [2025-11-13T02:34:37.930+0000] {dag.py:3036} INFO - Sync 1 DAGs
[2025-11-13T02:34:37.941+0000] {logging_mixin.py:188} INFO - [2025-11-13T02:34:37.941+0000] {dag.py:3823} INFO - Setting next_dagrun for transform_bronze_to_silver_gold to 2025-11-13 00:00:00+00:00, run_after=2025-11-13 06:00:00+00:00
[2025-11-13T02:34:37.957+0000] {processor.py:183} INFO - Processing /opt/airflow/dags/transform_silver_gold_dbt_dag.py took 0.072 seconds
[2025-11-13T02:35:08.174+0000] {processor.py:161} INFO - Started process (PID=14572) to work on /opt/airflow/dags/transform_silver_gold_dbt_dag.py
[2025-11-13T02:35:08.176+0000] {processor.py:830} INFO - Processing file /opt/airflow/dags/transform_silver_gold_dbt_dag.py for tasks to queue
[2025-11-13T02:35:08.177+0000] {logging_mixin.py:188} INFO - [2025-11-13T02:35:08.176+0000] {dagbag.py:538} INFO - Filling up the DagBag from /opt/airflow/dags/transform_silver_gold_dbt_dag.py
[2025-11-13T02:35:08.206+0000] {processor.py:840} INFO - DAG(s) 'transform_bronze_to_silver_gold' retrieved from /opt/airflow/dags/transform_silver_gold_dbt_dag.py
[2025-11-13T02:35:08.219+0000] {logging_mixin.py:188} INFO - [2025-11-13T02:35:08.219+0000] {dag.py:3036} INFO - Sync 1 DAGs
[2025-11-13T02:35:08.229+0000] {logging_mixin.py:188} INFO - [2025-11-13T02:35:08.229+0000] {dag.py:3823} INFO - Setting next_dagrun for transform_bronze_to_silver_gold to 2025-11-13 00:00:00+00:00, run_after=2025-11-13 06:00:00+00:00
[2025-11-13T02:35:08.247+0000] {processor.py:183} INFO - Processing /opt/airflow/dags/transform_silver_gold_dbt_dag.py took 0.074 seconds
[2025-11-13T02:35:38.462+0000] {processor.py:161} INFO - Started process (PID=14574) to work on /opt/airflow/dags/transform_silver_gold_dbt_dag.py
[2025-11-13T02:35:38.463+0000] {processor.py:830} INFO - Processing file /opt/airflow/dags/transform_silver_gold_dbt_dag.py for tasks to queue
[2025-11-13T02:35:38.464+0000] {logging_mixin.py:188} INFO - [2025-11-13T02:35:38.464+0000] {dagbag.py:538} INFO - Filling up the DagBag from /opt/airflow/dags/transform_silver_gold_dbt_dag.py
[2025-11-13T02:35:38.493+0000] {processor.py:840} INFO - DAG(s) 'transform_bronze_to_silver_gold' retrieved from /opt/airflow/dags/transform_silver_gold_dbt_dag.py
[2025-11-13T02:35:38.511+0000] {logging_mixin.py:188} INFO - [2025-11-13T02:35:38.510+0000] {dag.py:3036} INFO - Sync 1 DAGs
[2025-11-13T02:35:38.524+0000] {logging_mixin.py:188} INFO - [2025-11-13T02:35:38.524+0000] {dag.py:3823} INFO - Setting next_dagrun for transform_bronze_to_silver_gold to 2025-11-13 00:00:00+00:00, run_after=2025-11-13 06:00:00+00:00
[2025-11-13T02:35:38.545+0000] {processor.py:183} INFO - Processing /opt/airflow/dags/transform_silver_gold_dbt_dag.py took 0.085 seconds
[2025-11-13T02:36:08.840+0000] {processor.py:161} INFO - Started process (PID=14576) to work on /opt/airflow/dags/transform_silver_gold_dbt_dag.py
[2025-11-13T02:36:08.841+0000] {processor.py:830} INFO - Processing file /opt/airflow/dags/transform_silver_gold_dbt_dag.py for tasks to queue
[2025-11-13T02:36:08.842+0000] {logging_mixin.py:188} INFO - [2025-11-13T02:36:08.842+0000] {dagbag.py:538} INFO - Filling up the DagBag from /opt/airflow/dags/transform_silver_gold_dbt_dag.py
[2025-11-13T02:36:08.861+0000] {processor.py:840} INFO - DAG(s) 'transform_bronze_to_silver_gold' retrieved from /opt/airflow/dags/transform_silver_gold_dbt_dag.py
[2025-11-13T02:36:08.873+0000] {logging_mixin.py:188} INFO - [2025-11-13T02:36:08.873+0000] {dag.py:3036} INFO - Sync 1 DAGs
[2025-11-13T02:36:08.885+0000] {logging_mixin.py:188} INFO - [2025-11-13T02:36:08.885+0000] {dag.py:3823} INFO - Setting next_dagrun for transform_bronze_to_silver_gold to 2025-11-13 00:00:00+00:00, run_after=2025-11-13 06:00:00+00:00
[2025-11-13T02:36:08.899+0000] {processor.py:183} INFO - Processing /opt/airflow/dags/transform_silver_gold_dbt_dag.py took 0.061 seconds
[2025-11-13T02:36:39.144+0000] {processor.py:161} INFO - Started process (PID=14578) to work on /opt/airflow/dags/transform_silver_gold_dbt_dag.py
[2025-11-13T02:36:39.146+0000] {processor.py:830} INFO - Processing file /opt/airflow/dags/transform_silver_gold_dbt_dag.py for tasks to queue
[2025-11-13T02:36:39.147+0000] {logging_mixin.py:188} INFO - [2025-11-13T02:36:39.147+0000] {dagbag.py:538} INFO - Filling up the DagBag from /opt/airflow/dags/transform_silver_gold_dbt_dag.py
[2025-11-13T02:36:39.177+0000] {processor.py:840} INFO - DAG(s) 'transform_bronze_to_silver_gold' retrieved from /opt/airflow/dags/transform_silver_gold_dbt_dag.py
[2025-11-13T02:36:39.191+0000] {logging_mixin.py:188} INFO - [2025-11-13T02:36:39.191+0000] {dag.py:3036} INFO - Sync 1 DAGs
[2025-11-13T02:36:39.203+0000] {logging_mixin.py:188} INFO - [2025-11-13T02:36:39.203+0000] {dag.py:3823} INFO - Setting next_dagrun for transform_bronze_to_silver_gold to 2025-11-13 00:00:00+00:00, run_after=2025-11-13 06:00:00+00:00
[2025-11-13T02:36:39.220+0000] {processor.py:183} INFO - Processing /opt/airflow/dags/transform_silver_gold_dbt_dag.py took 0.078 seconds
[2025-11-13T02:37:09.517+0000] {processor.py:161} INFO - Started process (PID=14580) to work on /opt/airflow/dags/transform_silver_gold_dbt_dag.py
[2025-11-13T02:37:09.518+0000] {processor.py:830} INFO - Processing file /opt/airflow/dags/transform_silver_gold_dbt_dag.py for tasks to queue
[2025-11-13T02:37:09.519+0000] {logging_mixin.py:188} INFO - [2025-11-13T02:37:09.519+0000] {dagbag.py:538} INFO - Filling up the DagBag from /opt/airflow/dags/transform_silver_gold_dbt_dag.py
[2025-11-13T02:37:09.546+0000] {processor.py:840} INFO - DAG(s) 'transform_bronze_to_silver_gold' retrieved from /opt/airflow/dags/transform_silver_gold_dbt_dag.py
[2025-11-13T02:37:09.560+0000] {logging_mixin.py:188} INFO - [2025-11-13T02:37:09.560+0000] {dag.py:3036} INFO - Sync 1 DAGs
[2025-11-13T02:37:09.573+0000] {logging_mixin.py:188} INFO - [2025-11-13T02:37:09.573+0000] {dag.py:3823} INFO - Setting next_dagrun for transform_bronze_to_silver_gold to 2025-11-13 00:00:00+00:00, run_after=2025-11-13 06:00:00+00:00
[2025-11-13T02:37:09.589+0000] {processor.py:183} INFO - Processing /opt/airflow/dags/transform_silver_gold_dbt_dag.py took 0.074 seconds
[2025-11-13T02:37:39.815+0000] {processor.py:161} INFO - Started process (PID=14582) to work on /opt/airflow/dags/transform_silver_gold_dbt_dag.py
[2025-11-13T02:37:39.816+0000] {processor.py:830} INFO - Processing file /opt/airflow/dags/transform_silver_gold_dbt_dag.py for tasks to queue
[2025-11-13T02:37:39.817+0000] {logging_mixin.py:188} INFO - [2025-11-13T02:37:39.817+0000] {dagbag.py:538} INFO - Filling up the DagBag from /opt/airflow/dags/transform_silver_gold_dbt_dag.py
[2025-11-13T02:37:39.836+0000] {processor.py:840} INFO - DAG(s) 'transform_bronze_to_silver_gold' retrieved from /opt/airflow/dags/transform_silver_gold_dbt_dag.py
[2025-11-13T02:37:39.850+0000] {logging_mixin.py:188} INFO - [2025-11-13T02:37:39.850+0000] {dag.py:3036} INFO - Sync 1 DAGs
[2025-11-13T02:37:39.862+0000] {logging_mixin.py:188} INFO - [2025-11-13T02:37:39.861+0000] {dag.py:3823} INFO - Setting next_dagrun for transform_bronze_to_silver_gold to 2025-11-13 00:00:00+00:00, run_after=2025-11-13 06:00:00+00:00
[2025-11-13T02:37:39.877+0000] {processor.py:183} INFO - Processing /opt/airflow/dags/transform_silver_gold_dbt_dag.py took 0.063 seconds
[2025-11-13T02:38:10.116+0000] {processor.py:161} INFO - Started process (PID=14584) to work on /opt/airflow/dags/transform_silver_gold_dbt_dag.py
[2025-11-13T02:38:10.117+0000] {processor.py:830} INFO - Processing file /opt/airflow/dags/transform_silver_gold_dbt_dag.py for tasks to queue
[2025-11-13T02:38:10.118+0000] {logging_mixin.py:188} INFO - [2025-11-13T02:38:10.118+0000] {dagbag.py:538} INFO - Filling up the DagBag from /opt/airflow/dags/transform_silver_gold_dbt_dag.py
[2025-11-13T02:38:10.143+0000] {processor.py:840} INFO - DAG(s) 'transform_bronze_to_silver_gold' retrieved from /opt/airflow/dags/transform_silver_gold_dbt_dag.py
[2025-11-13T02:38:10.156+0000] {logging_mixin.py:188} INFO - [2025-11-13T02:38:10.156+0000] {dag.py:3036} INFO - Sync 1 DAGs
[2025-11-13T02:38:10.167+0000] {logging_mixin.py:188} INFO - [2025-11-13T02:38:10.167+0000] {dag.py:3823} INFO - Setting next_dagrun for transform_bronze_to_silver_gold to 2025-11-13 00:00:00+00:00, run_after=2025-11-13 06:00:00+00:00
[2025-11-13T02:38:10.184+0000] {processor.py:183} INFO - Processing /opt/airflow/dags/transform_silver_gold_dbt_dag.py took 0.070 seconds
[2025-11-13T02:38:40.398+0000] {processor.py:161} INFO - Started process (PID=14586) to work on /opt/airflow/dags/transform_silver_gold_dbt_dag.py
[2025-11-13T02:38:40.399+0000] {processor.py:830} INFO - Processing file /opt/airflow/dags/transform_silver_gold_dbt_dag.py for tasks to queue
[2025-11-13T02:38:40.400+0000] {logging_mixin.py:188} INFO - [2025-11-13T02:38:40.400+0000] {dagbag.py:538} INFO - Filling up the DagBag from /opt/airflow/dags/transform_silver_gold_dbt_dag.py
[2025-11-13T02:38:40.420+0000] {processor.py:840} INFO - DAG(s) 'transform_bronze_to_silver_gold' retrieved from /opt/airflow/dags/transform_silver_gold_dbt_dag.py
[2025-11-13T02:38:40.434+0000] {logging_mixin.py:188} INFO - [2025-11-13T02:38:40.434+0000] {dag.py:3036} INFO - Sync 1 DAGs
[2025-11-13T02:38:40.445+0000] {logging_mixin.py:188} INFO - [2025-11-13T02:38:40.445+0000] {dag.py:3823} INFO - Setting next_dagrun for transform_bronze_to_silver_gold to 2025-11-13 00:00:00+00:00, run_after=2025-11-13 06:00:00+00:00
[2025-11-13T02:38:40.462+0000] {processor.py:183} INFO - Processing /opt/airflow/dags/transform_silver_gold_dbt_dag.py took 0.065 seconds
[2025-11-13T02:39:10.692+0000] {processor.py:161} INFO - Started process (PID=14595) to work on /opt/airflow/dags/transform_silver_gold_dbt_dag.py
[2025-11-13T02:39:10.693+0000] {processor.py:830} INFO - Processing file /opt/airflow/dags/transform_silver_gold_dbt_dag.py for tasks to queue
[2025-11-13T02:39:10.694+0000] {logging_mixin.py:188} INFO - [2025-11-13T02:39:10.694+0000] {dagbag.py:538} INFO - Filling up the DagBag from /opt/airflow/dags/transform_silver_gold_dbt_dag.py
[2025-11-13T02:39:10.717+0000] {processor.py:840} INFO - DAG(s) 'transform_bronze_to_silver_gold' retrieved from /opt/airflow/dags/transform_silver_gold_dbt_dag.py
[2025-11-13T02:39:10.731+0000] {logging_mixin.py:188} INFO - [2025-11-13T02:39:10.731+0000] {dag.py:3036} INFO - Sync 1 DAGs
[2025-11-13T02:39:10.742+0000] {logging_mixin.py:188} INFO - [2025-11-13T02:39:10.742+0000] {dag.py:3823} INFO - Setting next_dagrun for transform_bronze_to_silver_gold to 2025-11-13 00:00:00+00:00, run_after=2025-11-13 06:00:00+00:00
[2025-11-13T02:39:10.760+0000] {processor.py:183} INFO - Processing /opt/airflow/dags/transform_silver_gold_dbt_dag.py took 0.070 seconds
[2025-11-13T02:39:40.975+0000] {processor.py:161} INFO - Started process (PID=14604) to work on /opt/airflow/dags/transform_silver_gold_dbt_dag.py
[2025-11-13T02:39:40.977+0000] {processor.py:830} INFO - Processing file /opt/airflow/dags/transform_silver_gold_dbt_dag.py for tasks to queue
[2025-11-13T02:39:40.978+0000] {logging_mixin.py:188} INFO - [2025-11-13T02:39:40.978+0000] {dagbag.py:538} INFO - Filling up the DagBag from /opt/airflow/dags/transform_silver_gold_dbt_dag.py
[2025-11-13T02:39:41.001+0000] {processor.py:840} INFO - DAG(s) 'transform_bronze_to_silver_gold' retrieved from /opt/airflow/dags/transform_silver_gold_dbt_dag.py
[2025-11-13T02:39:41.015+0000] {logging_mixin.py:188} INFO - [2025-11-13T02:39:41.015+0000] {dag.py:3036} INFO - Sync 1 DAGs
[2025-11-13T02:39:41.027+0000] {logging_mixin.py:188} INFO - [2025-11-13T02:39:41.027+0000] {dag.py:3823} INFO - Setting next_dagrun for transform_bronze_to_silver_gold to 2025-11-13 00:00:00+00:00, run_after=2025-11-13 06:00:00+00:00
[2025-11-13T02:39:41.044+0000] {processor.py:183} INFO - Processing /opt/airflow/dags/transform_silver_gold_dbt_dag.py took 0.073 seconds
[2025-11-13T02:40:11.281+0000] {processor.py:161} INFO - Started process (PID=14606) to work on /opt/airflow/dags/transform_silver_gold_dbt_dag.py
[2025-11-13T02:40:11.282+0000] {processor.py:830} INFO - Processing file /opt/airflow/dags/transform_silver_gold_dbt_dag.py for tasks to queue
[2025-11-13T02:40:11.283+0000] {logging_mixin.py:188} INFO - [2025-11-13T02:40:11.283+0000] {dagbag.py:538} INFO - Filling up the DagBag from /opt/airflow/dags/transform_silver_gold_dbt_dag.py
[2025-11-13T02:40:11.307+0000] {processor.py:840} INFO - DAG(s) 'transform_bronze_to_silver_gold' retrieved from /opt/airflow/dags/transform_silver_gold_dbt_dag.py
[2025-11-13T02:40:11.321+0000] {logging_mixin.py:188} INFO - [2025-11-13T02:40:11.320+0000] {dag.py:3036} INFO - Sync 1 DAGs
[2025-11-13T02:40:11.331+0000] {logging_mixin.py:188} INFO - [2025-11-13T02:40:11.331+0000] {dag.py:3823} INFO - Setting next_dagrun for transform_bronze_to_silver_gold to 2025-11-13 00:00:00+00:00, run_after=2025-11-13 06:00:00+00:00
[2025-11-13T02:40:11.347+0000] {processor.py:183} INFO - Processing /opt/airflow/dags/transform_silver_gold_dbt_dag.py took 0.068 seconds
[2025-11-13T02:40:41.568+0000] {processor.py:161} INFO - Started process (PID=14608) to work on /opt/airflow/dags/transform_silver_gold_dbt_dag.py
[2025-11-13T02:40:41.569+0000] {processor.py:830} INFO - Processing file /opt/airflow/dags/transform_silver_gold_dbt_dag.py for tasks to queue
[2025-11-13T02:40:41.570+0000] {logging_mixin.py:188} INFO - [2025-11-13T02:40:41.570+0000] {dagbag.py:538} INFO - Filling up the DagBag from /opt/airflow/dags/transform_silver_gold_dbt_dag.py
[2025-11-13T02:40:41.591+0000] {processor.py:840} INFO - DAG(s) 'transform_bronze_to_silver_gold' retrieved from /opt/airflow/dags/transform_silver_gold_dbt_dag.py
[2025-11-13T02:40:41.606+0000] {logging_mixin.py:188} INFO - [2025-11-13T02:40:41.605+0000] {dag.py:3036} INFO - Sync 1 DAGs
[2025-11-13T02:40:41.617+0000] {logging_mixin.py:188} INFO - [2025-11-13T02:40:41.617+0000] {dag.py:3823} INFO - Setting next_dagrun for transform_bronze_to_silver_gold to 2025-11-13 00:00:00+00:00, run_after=2025-11-13 06:00:00+00:00
[2025-11-13T02:40:41.632+0000] {processor.py:183} INFO - Processing /opt/airflow/dags/transform_silver_gold_dbt_dag.py took 0.066 seconds
[2025-11-13T02:41:11.881+0000] {processor.py:161} INFO - Started process (PID=14610) to work on /opt/airflow/dags/transform_silver_gold_dbt_dag.py
[2025-11-13T02:41:11.882+0000] {processor.py:830} INFO - Processing file /opt/airflow/dags/transform_silver_gold_dbt_dag.py for tasks to queue
[2025-11-13T02:41:11.883+0000] {logging_mixin.py:188} INFO - [2025-11-13T02:41:11.883+0000] {dagbag.py:538} INFO - Filling up the DagBag from /opt/airflow/dags/transform_silver_gold_dbt_dag.py
[2025-11-13T02:41:11.912+0000] {processor.py:840} INFO - DAG(s) 'transform_bronze_to_silver_gold' retrieved from /opt/airflow/dags/transform_silver_gold_dbt_dag.py
[2025-11-13T02:41:11.929+0000] {logging_mixin.py:188} INFO - [2025-11-13T02:41:11.928+0000] {dag.py:3036} INFO - Sync 1 DAGs
[2025-11-13T02:41:11.940+0000] {logging_mixin.py:188} INFO - [2025-11-13T02:41:11.940+0000] {dag.py:3823} INFO - Setting next_dagrun for transform_bronze_to_silver_gold to 2025-11-13 00:00:00+00:00, run_after=2025-11-13 06:00:00+00:00
[2025-11-13T02:41:11.957+0000] {processor.py:183} INFO - Processing /opt/airflow/dags/transform_silver_gold_dbt_dag.py took 0.079 seconds
[2025-11-13T02:41:42.175+0000] {processor.py:161} INFO - Started process (PID=14612) to work on /opt/airflow/dags/transform_silver_gold_dbt_dag.py
[2025-11-13T02:41:42.177+0000] {processor.py:830} INFO - Processing file /opt/airflow/dags/transform_silver_gold_dbt_dag.py for tasks to queue
[2025-11-13T02:41:42.178+0000] {logging_mixin.py:188} INFO - [2025-11-13T02:41:42.178+0000] {dagbag.py:538} INFO - Filling up the DagBag from /opt/airflow/dags/transform_silver_gold_dbt_dag.py
[2025-11-13T02:41:42.203+0000] {processor.py:840} INFO - DAG(s) 'transform_bronze_to_silver_gold' retrieved from /opt/airflow/dags/transform_silver_gold_dbt_dag.py
[2025-11-13T02:41:42.216+0000] {logging_mixin.py:188} INFO - [2025-11-13T02:41:42.216+0000] {dag.py:3036} INFO - Sync 1 DAGs
[2025-11-13T02:41:42.227+0000] {logging_mixin.py:188} INFO - [2025-11-13T02:41:42.227+0000] {dag.py:3823} INFO - Setting next_dagrun for transform_bronze_to_silver_gold to 2025-11-13 00:00:00+00:00, run_after=2025-11-13 06:00:00+00:00
[2025-11-13T02:41:42.243+0000] {processor.py:183} INFO - Processing /opt/airflow/dags/transform_silver_gold_dbt_dag.py took 0.070 seconds
[2025-11-13T02:42:12.467+0000] {processor.py:161} INFO - Started process (PID=14614) to work on /opt/airflow/dags/transform_silver_gold_dbt_dag.py
[2025-11-13T02:42:12.468+0000] {processor.py:830} INFO - Processing file /opt/airflow/dags/transform_silver_gold_dbt_dag.py for tasks to queue
[2025-11-13T02:42:12.469+0000] {logging_mixin.py:188} INFO - [2025-11-13T02:42:12.469+0000] {dagbag.py:538} INFO - Filling up the DagBag from /opt/airflow/dags/transform_silver_gold_dbt_dag.py
[2025-11-13T02:42:12.494+0000] {processor.py:840} INFO - DAG(s) 'transform_bronze_to_silver_gold' retrieved from /opt/airflow/dags/transform_silver_gold_dbt_dag.py
[2025-11-13T02:42:12.508+0000] {logging_mixin.py:188} INFO - [2025-11-13T02:42:12.508+0000] {dag.py:3036} INFO - Sync 1 DAGs
[2025-11-13T02:42:12.519+0000] {logging_mixin.py:188} INFO - [2025-11-13T02:42:12.519+0000] {dag.py:3823} INFO - Setting next_dagrun for transform_bronze_to_silver_gold to 2025-11-13 00:00:00+00:00, run_after=2025-11-13 06:00:00+00:00
[2025-11-13T02:42:12.535+0000] {processor.py:183} INFO - Processing /opt/airflow/dags/transform_silver_gold_dbt_dag.py took 0.071 seconds
[2025-11-13T02:42:42.770+0000] {processor.py:161} INFO - Started process (PID=14616) to work on /opt/airflow/dags/transform_silver_gold_dbt_dag.py
[2025-11-13T02:42:42.771+0000] {processor.py:830} INFO - Processing file /opt/airflow/dags/transform_silver_gold_dbt_dag.py for tasks to queue
[2025-11-13T02:42:42.772+0000] {logging_mixin.py:188} INFO - [2025-11-13T02:42:42.772+0000] {dagbag.py:538} INFO - Filling up the DagBag from /opt/airflow/dags/transform_silver_gold_dbt_dag.py
[2025-11-13T02:42:42.799+0000] {processor.py:840} INFO - DAG(s) 'transform_bronze_to_silver_gold' retrieved from /opt/airflow/dags/transform_silver_gold_dbt_dag.py
[2025-11-13T02:42:42.814+0000] {logging_mixin.py:188} INFO - [2025-11-13T02:42:42.814+0000] {dag.py:3036} INFO - Sync 1 DAGs
[2025-11-13T02:42:42.826+0000] {logging_mixin.py:188} INFO - [2025-11-13T02:42:42.826+0000] {dag.py:3823} INFO - Setting next_dagrun for transform_bronze_to_silver_gold to 2025-11-13 00:00:00+00:00, run_after=2025-11-13 06:00:00+00:00
[2025-11-13T02:42:42.842+0000] {processor.py:183} INFO - Processing /opt/airflow/dags/transform_silver_gold_dbt_dag.py took 0.074 seconds
[2025-11-13T02:43:13.062+0000] {processor.py:161} INFO - Started process (PID=14618) to work on /opt/airflow/dags/transform_silver_gold_dbt_dag.py
[2025-11-13T02:43:13.063+0000] {processor.py:830} INFO - Processing file /opt/airflow/dags/transform_silver_gold_dbt_dag.py for tasks to queue
[2025-11-13T02:43:13.064+0000] {logging_mixin.py:188} INFO - [2025-11-13T02:43:13.064+0000] {dagbag.py:538} INFO - Filling up the DagBag from /opt/airflow/dags/transform_silver_gold_dbt_dag.py
[2025-11-13T02:43:13.086+0000] {processor.py:840} INFO - DAG(s) 'transform_bronze_to_silver_gold' retrieved from /opt/airflow/dags/transform_silver_gold_dbt_dag.py
[2025-11-13T02:43:13.100+0000] {logging_mixin.py:188} INFO - [2025-11-13T02:43:13.100+0000] {dag.py:3036} INFO - Sync 1 DAGs
[2025-11-13T02:43:13.113+0000] {logging_mixin.py:188} INFO - [2025-11-13T02:43:13.113+0000] {dag.py:3823} INFO - Setting next_dagrun for transform_bronze_to_silver_gold to 2025-11-13 00:00:00+00:00, run_after=2025-11-13 06:00:00+00:00
[2025-11-13T02:43:13.128+0000] {processor.py:183} INFO - Processing /opt/airflow/dags/transform_silver_gold_dbt_dag.py took 0.068 seconds
[2025-11-13T02:43:43.354+0000] {processor.py:161} INFO - Started process (PID=14620) to work on /opt/airflow/dags/transform_silver_gold_dbt_dag.py
[2025-11-13T02:43:43.356+0000] {processor.py:830} INFO - Processing file /opt/airflow/dags/transform_silver_gold_dbt_dag.py for tasks to queue
[2025-11-13T02:43:43.357+0000] {logging_mixin.py:188} INFO - [2025-11-13T02:43:43.356+0000] {dagbag.py:538} INFO - Filling up the DagBag from /opt/airflow/dags/transform_silver_gold_dbt_dag.py
[2025-11-13T02:43:43.382+0000] {processor.py:840} INFO - DAG(s) 'transform_bronze_to_silver_gold' retrieved from /opt/airflow/dags/transform_silver_gold_dbt_dag.py
[2025-11-13T02:43:43.396+0000] {logging_mixin.py:188} INFO - [2025-11-13T02:43:43.396+0000] {dag.py:3036} INFO - Sync 1 DAGs
[2025-11-13T02:43:43.407+0000] {logging_mixin.py:188} INFO - [2025-11-13T02:43:43.407+0000] {dag.py:3823} INFO - Setting next_dagrun for transform_bronze_to_silver_gold to 2025-11-13 00:00:00+00:00, run_after=2025-11-13 06:00:00+00:00
[2025-11-13T02:43:43.423+0000] {processor.py:183} INFO - Processing /opt/airflow/dags/transform_silver_gold_dbt_dag.py took 0.071 seconds
[2025-11-13T02:44:13.645+0000] {processor.py:161} INFO - Started process (PID=14622) to work on /opt/airflow/dags/transform_silver_gold_dbt_dag.py
[2025-11-13T02:44:13.645+0000] {processor.py:830} INFO - Processing file /opt/airflow/dags/transform_silver_gold_dbt_dag.py for tasks to queue
[2025-11-13T02:44:13.646+0000] {logging_mixin.py:188} INFO - [2025-11-13T02:44:13.646+0000] {dagbag.py:538} INFO - Filling up the DagBag from /opt/airflow/dags/transform_silver_gold_dbt_dag.py
[2025-11-13T02:44:13.663+0000] {processor.py:840} INFO - DAG(s) 'transform_bronze_to_silver_gold' retrieved from /opt/airflow/dags/transform_silver_gold_dbt_dag.py
[2025-11-13T02:44:13.677+0000] {logging_mixin.py:188} INFO - [2025-11-13T02:44:13.677+0000] {dag.py:3036} INFO - Sync 1 DAGs
[2025-11-13T02:44:13.690+0000] {logging_mixin.py:188} INFO - [2025-11-13T02:44:13.690+0000] {dag.py:3823} INFO - Setting next_dagrun for transform_bronze_to_silver_gold to 2025-11-13 00:00:00+00:00, run_after=2025-11-13 06:00:00+00:00
[2025-11-13T02:44:13.707+0000] {processor.py:183} INFO - Processing /opt/airflow/dags/transform_silver_gold_dbt_dag.py took 0.065 seconds
[2025-11-13T02:44:43.934+0000] {processor.py:161} INFO - Started process (PID=14624) to work on /opt/airflow/dags/transform_silver_gold_dbt_dag.py
[2025-11-13T02:44:43.936+0000] {processor.py:830} INFO - Processing file /opt/airflow/dags/transform_silver_gold_dbt_dag.py for tasks to queue
[2025-11-13T02:44:43.936+0000] {logging_mixin.py:188} INFO - [2025-11-13T02:44:43.936+0000] {dagbag.py:538} INFO - Filling up the DagBag from /opt/airflow/dags/transform_silver_gold_dbt_dag.py
[2025-11-13T02:44:43.960+0000] {processor.py:840} INFO - DAG(s) 'transform_bronze_to_silver_gold' retrieved from /opt/airflow/dags/transform_silver_gold_dbt_dag.py
[2025-11-13T02:44:43.975+0000] {logging_mixin.py:188} INFO - [2025-11-13T02:44:43.975+0000] {dag.py:3036} INFO - Sync 1 DAGs
[2025-11-13T02:44:43.987+0000] {logging_mixin.py:188} INFO - [2025-11-13T02:44:43.987+0000] {dag.py:3823} INFO - Setting next_dagrun for transform_bronze_to_silver_gold to 2025-11-13 00:00:00+00:00, run_after=2025-11-13 06:00:00+00:00
[2025-11-13T02:44:44.003+0000] {processor.py:183} INFO - Processing /opt/airflow/dags/transform_silver_gold_dbt_dag.py took 0.071 seconds
[2025-11-13T02:45:14.203+0000] {processor.py:161} INFO - Started process (PID=14626) to work on /opt/airflow/dags/transform_silver_gold_dbt_dag.py
[2025-11-13T02:45:14.205+0000] {processor.py:830} INFO - Processing file /opt/airflow/dags/transform_silver_gold_dbt_dag.py for tasks to queue
[2025-11-13T02:45:14.206+0000] {logging_mixin.py:188} INFO - [2025-11-13T02:45:14.205+0000] {dagbag.py:538} INFO - Filling up the DagBag from /opt/airflow/dags/transform_silver_gold_dbt_dag.py
[2025-11-13T02:45:14.235+0000] {processor.py:840} INFO - DAG(s) 'transform_bronze_to_silver_gold' retrieved from /opt/airflow/dags/transform_silver_gold_dbt_dag.py
[2025-11-13T02:45:14.251+0000] {logging_mixin.py:188} INFO - [2025-11-13T02:45:14.251+0000] {dag.py:3036} INFO - Sync 1 DAGs
[2025-11-13T02:45:14.263+0000] {logging_mixin.py:188} INFO - [2025-11-13T02:45:14.263+0000] {dag.py:3823} INFO - Setting next_dagrun for transform_bronze_to_silver_gold to 2025-11-13 00:00:00+00:00, run_after=2025-11-13 06:00:00+00:00
[2025-11-13T02:45:14.280+0000] {processor.py:183} INFO - Processing /opt/airflow/dags/transform_silver_gold_dbt_dag.py took 0.079 seconds
[2025-11-13T02:45:44.590+0000] {processor.py:161} INFO - Started process (PID=14628) to work on /opt/airflow/dags/transform_silver_gold_dbt_dag.py
[2025-11-13T02:45:44.591+0000] {processor.py:830} INFO - Processing file /opt/airflow/dags/transform_silver_gold_dbt_dag.py for tasks to queue
[2025-11-13T02:45:44.592+0000] {logging_mixin.py:188} INFO - [2025-11-13T02:45:44.592+0000] {dagbag.py:538} INFO - Filling up the DagBag from /opt/airflow/dags/transform_silver_gold_dbt_dag.py
[2025-11-13T02:45:44.610+0000] {processor.py:840} INFO - DAG(s) 'transform_bronze_to_silver_gold' retrieved from /opt/airflow/dags/transform_silver_gold_dbt_dag.py
[2025-11-13T02:45:44.623+0000] {logging_mixin.py:188} INFO - [2025-11-13T02:45:44.623+0000] {dag.py:3036} INFO - Sync 1 DAGs
[2025-11-13T02:45:44.633+0000] {logging_mixin.py:188} INFO - [2025-11-13T02:45:44.633+0000] {dag.py:3823} INFO - Setting next_dagrun for transform_bronze_to_silver_gold to 2025-11-13 00:00:00+00:00, run_after=2025-11-13 06:00:00+00:00
[2025-11-13T02:45:44.648+0000] {processor.py:183} INFO - Processing /opt/airflow/dags/transform_silver_gold_dbt_dag.py took 0.060 seconds
[2025-11-13T02:46:14.897+0000] {processor.py:161} INFO - Started process (PID=14630) to work on /opt/airflow/dags/transform_silver_gold_dbt_dag.py
[2025-11-13T02:46:14.898+0000] {processor.py:830} INFO - Processing file /opt/airflow/dags/transform_silver_gold_dbt_dag.py for tasks to queue
[2025-11-13T02:46:14.899+0000] {logging_mixin.py:188} INFO - [2025-11-13T02:46:14.899+0000] {dagbag.py:538} INFO - Filling up the DagBag from /opt/airflow/dags/transform_silver_gold_dbt_dag.py
[2025-11-13T02:46:14.926+0000] {processor.py:840} INFO - DAG(s) 'transform_bronze_to_silver_gold' retrieved from /opt/airflow/dags/transform_silver_gold_dbt_dag.py
[2025-11-13T02:46:14.940+0000] {logging_mixin.py:188} INFO - [2025-11-13T02:46:14.940+0000] {dag.py:3036} INFO - Sync 1 DAGs
[2025-11-13T02:46:14.951+0000] {logging_mixin.py:188} INFO - [2025-11-13T02:46:14.951+0000] {dag.py:3823} INFO - Setting next_dagrun for transform_bronze_to_silver_gold to 2025-11-13 00:00:00+00:00, run_after=2025-11-13 06:00:00+00:00
[2025-11-13T02:46:14.966+0000] {processor.py:183} INFO - Processing /opt/airflow/dags/transform_silver_gold_dbt_dag.py took 0.071 seconds
[2025-11-13T02:46:45.181+0000] {processor.py:161} INFO - Started process (PID=14632) to work on /opt/airflow/dags/transform_silver_gold_dbt_dag.py
[2025-11-13T02:46:45.182+0000] {processor.py:830} INFO - Processing file /opt/airflow/dags/transform_silver_gold_dbt_dag.py for tasks to queue
[2025-11-13T02:46:45.183+0000] {logging_mixin.py:188} INFO - [2025-11-13T02:46:45.182+0000] {dagbag.py:538} INFO - Filling up the DagBag from /opt/airflow/dags/transform_silver_gold_dbt_dag.py
[2025-11-13T02:46:45.208+0000] {processor.py:840} INFO - DAG(s) 'transform_bronze_to_silver_gold' retrieved from /opt/airflow/dags/transform_silver_gold_dbt_dag.py
[2025-11-13T02:46:45.220+0000] {logging_mixin.py:188} INFO - [2025-11-13T02:46:45.220+0000] {dag.py:3036} INFO - Sync 1 DAGs
[2025-11-13T02:46:45.231+0000] {logging_mixin.py:188} INFO - [2025-11-13T02:46:45.231+0000] {dag.py:3823} INFO - Setting next_dagrun for transform_bronze_to_silver_gold to 2025-11-13 00:00:00+00:00, run_after=2025-11-13 06:00:00+00:00
[2025-11-13T02:46:45.248+0000] {processor.py:183} INFO - Processing /opt/airflow/dags/transform_silver_gold_dbt_dag.py took 0.070 seconds
[2025-11-13T02:47:15.476+0000] {processor.py:161} INFO - Started process (PID=14634) to work on /opt/airflow/dags/transform_silver_gold_dbt_dag.py
[2025-11-13T02:47:15.477+0000] {processor.py:830} INFO - Processing file /opt/airflow/dags/transform_silver_gold_dbt_dag.py for tasks to queue
[2025-11-13T02:47:15.478+0000] {logging_mixin.py:188} INFO - [2025-11-13T02:47:15.478+0000] {dagbag.py:538} INFO - Filling up the DagBag from /opt/airflow/dags/transform_silver_gold_dbt_dag.py
[2025-11-13T02:47:15.499+0000] {processor.py:840} INFO - DAG(s) 'transform_bronze_to_silver_gold' retrieved from /opt/airflow/dags/transform_silver_gold_dbt_dag.py
[2025-11-13T02:47:15.514+0000] {logging_mixin.py:188} INFO - [2025-11-13T02:47:15.514+0000] {dag.py:3036} INFO - Sync 1 DAGs
[2025-11-13T02:47:15.528+0000] {logging_mixin.py:188} INFO - [2025-11-13T02:47:15.528+0000] {dag.py:3823} INFO - Setting next_dagrun for transform_bronze_to_silver_gold to 2025-11-13 00:00:00+00:00, run_after=2025-11-13 06:00:00+00:00
[2025-11-13T02:47:15.542+0000] {processor.py:183} INFO - Processing /opt/airflow/dags/transform_silver_gold_dbt_dag.py took 0.069 seconds
[2025-11-13T02:47:45.771+0000] {processor.py:161} INFO - Started process (PID=14643) to work on /opt/airflow/dags/transform_silver_gold_dbt_dag.py
[2025-11-13T02:47:45.772+0000] {processor.py:830} INFO - Processing file /opt/airflow/dags/transform_silver_gold_dbt_dag.py for tasks to queue
[2025-11-13T02:47:45.773+0000] {logging_mixin.py:188} INFO - [2025-11-13T02:47:45.773+0000] {dagbag.py:538} INFO - Filling up the DagBag from /opt/airflow/dags/transform_silver_gold_dbt_dag.py
[2025-11-13T02:47:45.799+0000] {processor.py:840} INFO - DAG(s) 'transform_bronze_to_silver_gold' retrieved from /opt/airflow/dags/transform_silver_gold_dbt_dag.py
[2025-11-13T02:47:45.814+0000] {logging_mixin.py:188} INFO - [2025-11-13T02:47:45.814+0000] {dag.py:3036} INFO - Sync 1 DAGs
[2025-11-13T02:47:45.826+0000] {logging_mixin.py:188} INFO - [2025-11-13T02:47:45.825+0000] {dag.py:3823} INFO - Setting next_dagrun for transform_bronze_to_silver_gold to 2025-11-13 00:00:00+00:00, run_after=2025-11-13 06:00:00+00:00
[2025-11-13T02:47:45.842+0000] {processor.py:183} INFO - Processing /opt/airflow/dags/transform_silver_gold_dbt_dag.py took 0.073 seconds
[2025-11-13T02:48:16.081+0000] {processor.py:161} INFO - Started process (PID=14652) to work on /opt/airflow/dags/transform_silver_gold_dbt_dag.py
[2025-11-13T02:48:16.082+0000] {processor.py:830} INFO - Processing file /opt/airflow/dags/transform_silver_gold_dbt_dag.py for tasks to queue
[2025-11-13T02:48:16.084+0000] {logging_mixin.py:188} INFO - [2025-11-13T02:48:16.084+0000] {dagbag.py:538} INFO - Filling up the DagBag from /opt/airflow/dags/transform_silver_gold_dbt_dag.py
[2025-11-13T02:48:16.123+0000] {processor.py:840} INFO - DAG(s) 'transform_bronze_to_silver_gold' retrieved from /opt/airflow/dags/transform_silver_gold_dbt_dag.py
[2025-11-13T02:48:16.140+0000] {logging_mixin.py:188} INFO - [2025-11-13T02:48:16.140+0000] {dag.py:3036} INFO - Sync 1 DAGs
[2025-11-13T02:48:16.158+0000] {logging_mixin.py:188} INFO - [2025-11-13T02:48:16.158+0000] {dag.py:3823} INFO - Setting next_dagrun for transform_bronze_to_silver_gold to 2025-11-13 00:00:00+00:00, run_after=2025-11-13 06:00:00+00:00
[2025-11-13T02:48:16.181+0000] {processor.py:183} INFO - Processing /opt/airflow/dags/transform_silver_gold_dbt_dag.py took 0.102 seconds
[2025-11-13T02:48:46.472+0000] {processor.py:161} INFO - Started process (PID=14654) to work on /opt/airflow/dags/transform_silver_gold_dbt_dag.py
[2025-11-13T02:48:46.474+0000] {processor.py:830} INFO - Processing file /opt/airflow/dags/transform_silver_gold_dbt_dag.py for tasks to queue
[2025-11-13T02:48:46.475+0000] {logging_mixin.py:188} INFO - [2025-11-13T02:48:46.475+0000] {dagbag.py:538} INFO - Filling up the DagBag from /opt/airflow/dags/transform_silver_gold_dbt_dag.py
[2025-11-13T02:48:46.497+0000] {processor.py:840} INFO - DAG(s) 'transform_bronze_to_silver_gold' retrieved from /opt/airflow/dags/transform_silver_gold_dbt_dag.py
[2025-11-13T02:48:46.512+0000] {logging_mixin.py:188} INFO - [2025-11-13T02:48:46.512+0000] {dag.py:3036} INFO - Sync 1 DAGs
[2025-11-13T02:48:46.525+0000] {logging_mixin.py:188} INFO - [2025-11-13T02:48:46.525+0000] {dag.py:3823} INFO - Setting next_dagrun for transform_bronze_to_silver_gold to 2025-11-13 00:00:00+00:00, run_after=2025-11-13 06:00:00+00:00
[2025-11-13T02:48:46.542+0000] {processor.py:183} INFO - Processing /opt/airflow/dags/transform_silver_gold_dbt_dag.py took 0.071 seconds
[2025-11-13T02:49:16.769+0000] {processor.py:161} INFO - Started process (PID=14663) to work on /opt/airflow/dags/transform_silver_gold_dbt_dag.py
[2025-11-13T02:49:16.770+0000] {processor.py:830} INFO - Processing file /opt/airflow/dags/transform_silver_gold_dbt_dag.py for tasks to queue
[2025-11-13T02:49:16.771+0000] {logging_mixin.py:188} INFO - [2025-11-13T02:49:16.771+0000] {dagbag.py:538} INFO - Filling up the DagBag from /opt/airflow/dags/transform_silver_gold_dbt_dag.py
[2025-11-13T02:49:16.801+0000] {processor.py:840} INFO - DAG(s) 'transform_bronze_to_silver_gold' retrieved from /opt/airflow/dags/transform_silver_gold_dbt_dag.py
[2025-11-13T02:49:16.817+0000] {logging_mixin.py:188} INFO - [2025-11-13T02:49:16.817+0000] {dag.py:3036} INFO - Sync 1 DAGs
[2025-11-13T02:49:16.830+0000] {logging_mixin.py:188} INFO - [2025-11-13T02:49:16.830+0000] {dag.py:3823} INFO - Setting next_dagrun for transform_bronze_to_silver_gold to 2025-11-13 00:00:00+00:00, run_after=2025-11-13 06:00:00+00:00
[2025-11-13T02:49:16.845+0000] {processor.py:183} INFO - Processing /opt/airflow/dags/transform_silver_gold_dbt_dag.py took 0.079 seconds
[2025-11-13T02:49:47.058+0000] {processor.py:161} INFO - Started process (PID=14665) to work on /opt/airflow/dags/transform_silver_gold_dbt_dag.py
[2025-11-13T02:49:47.060+0000] {processor.py:830} INFO - Processing file /opt/airflow/dags/transform_silver_gold_dbt_dag.py for tasks to queue
[2025-11-13T02:49:47.061+0000] {logging_mixin.py:188} INFO - [2025-11-13T02:49:47.060+0000] {dagbag.py:538} INFO - Filling up the DagBag from /opt/airflow/dags/transform_silver_gold_dbt_dag.py
[2025-11-13T02:49:47.084+0000] {processor.py:840} INFO - DAG(s) 'transform_bronze_to_silver_gold' retrieved from /opt/airflow/dags/transform_silver_gold_dbt_dag.py
[2025-11-13T02:49:47.100+0000] {logging_mixin.py:188} INFO - [2025-11-13T02:49:47.099+0000] {dag.py:3036} INFO - Sync 1 DAGs
[2025-11-13T02:49:47.115+0000] {logging_mixin.py:188} INFO - [2025-11-13T02:49:47.114+0000] {dag.py:3823} INFO - Setting next_dagrun for transform_bronze_to_silver_gold to 2025-11-13 00:00:00+00:00, run_after=2025-11-13 06:00:00+00:00
[2025-11-13T02:49:47.134+0000] {processor.py:183} INFO - Processing /opt/airflow/dags/transform_silver_gold_dbt_dag.py took 0.078 seconds
[2025-11-13T02:50:17.358+0000] {processor.py:161} INFO - Started process (PID=14674) to work on /opt/airflow/dags/transform_silver_gold_dbt_dag.py
[2025-11-13T02:50:17.359+0000] {processor.py:830} INFO - Processing file /opt/airflow/dags/transform_silver_gold_dbt_dag.py for tasks to queue
[2025-11-13T02:50:17.360+0000] {logging_mixin.py:188} INFO - [2025-11-13T02:50:17.360+0000] {dagbag.py:538} INFO - Filling up the DagBag from /opt/airflow/dags/transform_silver_gold_dbt_dag.py
[2025-11-13T02:50:17.387+0000] {processor.py:840} INFO - DAG(s) 'transform_bronze_to_silver_gold' retrieved from /opt/airflow/dags/transform_silver_gold_dbt_dag.py
[2025-11-13T02:50:17.401+0000] {logging_mixin.py:188} INFO - [2025-11-13T02:50:17.401+0000] {dag.py:3036} INFO - Sync 1 DAGs
[2025-11-13T02:50:17.413+0000] {logging_mixin.py:188} INFO - [2025-11-13T02:50:17.413+0000] {dag.py:3823} INFO - Setting next_dagrun for transform_bronze_to_silver_gold to 2025-11-13 00:00:00+00:00, run_after=2025-11-13 06:00:00+00:00
[2025-11-13T02:50:17.430+0000] {processor.py:183} INFO - Processing /opt/airflow/dags/transform_silver_gold_dbt_dag.py took 0.074 seconds
[2025-11-13T02:50:47.656+0000] {processor.py:161} INFO - Started process (PID=14676) to work on /opt/airflow/dags/transform_silver_gold_dbt_dag.py
[2025-11-13T02:50:47.657+0000] {processor.py:830} INFO - Processing file /opt/airflow/dags/transform_silver_gold_dbt_dag.py for tasks to queue
[2025-11-13T02:50:47.658+0000] {logging_mixin.py:188} INFO - [2025-11-13T02:50:47.657+0000] {dagbag.py:538} INFO - Filling up the DagBag from /opt/airflow/dags/transform_silver_gold_dbt_dag.py
[2025-11-13T02:50:47.684+0000] {processor.py:840} INFO - DAG(s) 'transform_bronze_to_silver_gold' retrieved from /opt/airflow/dags/transform_silver_gold_dbt_dag.py
[2025-11-13T02:50:47.700+0000] {logging_mixin.py:188} INFO - [2025-11-13T02:50:47.700+0000] {dag.py:3036} INFO - Sync 1 DAGs
[2025-11-13T02:50:47.712+0000] {logging_mixin.py:188} INFO - [2025-11-13T02:50:47.712+0000] {dag.py:3823} INFO - Setting next_dagrun for transform_bronze_to_silver_gold to 2025-11-13 00:00:00+00:00, run_after=2025-11-13 06:00:00+00:00
[2025-11-13T02:50:47.729+0000] {processor.py:183} INFO - Processing /opt/airflow/dags/transform_silver_gold_dbt_dag.py took 0.076 seconds
[2025-11-13T02:51:17.966+0000] {processor.py:161} INFO - Started process (PID=14678) to work on /opt/airflow/dags/transform_silver_gold_dbt_dag.py
[2025-11-13T02:51:17.968+0000] {processor.py:830} INFO - Processing file /opt/airflow/dags/transform_silver_gold_dbt_dag.py for tasks to queue
[2025-11-13T02:51:17.969+0000] {logging_mixin.py:188} INFO - [2025-11-13T02:51:17.969+0000] {dagbag.py:538} INFO - Filling up the DagBag from /opt/airflow/dags/transform_silver_gold_dbt_dag.py
[2025-11-13T02:51:17.995+0000] {processor.py:840} INFO - DAG(s) 'transform_bronze_to_silver_gold' retrieved from /opt/airflow/dags/transform_silver_gold_dbt_dag.py
[2025-11-13T02:51:18.011+0000] {logging_mixin.py:188} INFO - [2025-11-13T02:51:18.011+0000] {dag.py:3036} INFO - Sync 1 DAGs
[2025-11-13T02:51:18.024+0000] {logging_mixin.py:188} INFO - [2025-11-13T02:51:18.024+0000] {dag.py:3823} INFO - Setting next_dagrun for transform_bronze_to_silver_gold to 2025-11-13 00:00:00+00:00, run_after=2025-11-13 06:00:00+00:00
[2025-11-13T02:51:18.043+0000] {processor.py:183} INFO - Processing /opt/airflow/dags/transform_silver_gold_dbt_dag.py took 0.080 seconds
[2025-11-13T02:51:48.359+0000] {processor.py:161} INFO - Started process (PID=14680) to work on /opt/airflow/dags/transform_silver_gold_dbt_dag.py
[2025-11-13T02:51:48.360+0000] {processor.py:830} INFO - Processing file /opt/airflow/dags/transform_silver_gold_dbt_dag.py for tasks to queue
[2025-11-13T02:51:48.361+0000] {logging_mixin.py:188} INFO - [2025-11-13T02:51:48.361+0000] {dagbag.py:538} INFO - Filling up the DagBag from /opt/airflow/dags/transform_silver_gold_dbt_dag.py
[2025-11-13T02:51:48.388+0000] {processor.py:840} INFO - DAG(s) 'transform_bronze_to_silver_gold' retrieved from /opt/airflow/dags/transform_silver_gold_dbt_dag.py
[2025-11-13T02:51:48.402+0000] {logging_mixin.py:188} INFO - [2025-11-13T02:51:48.402+0000] {dag.py:3036} INFO - Sync 1 DAGs
[2025-11-13T02:51:48.414+0000] {logging_mixin.py:188} INFO - [2025-11-13T02:51:48.414+0000] {dag.py:3823} INFO - Setting next_dagrun for transform_bronze_to_silver_gold to 2025-11-13 00:00:00+00:00, run_after=2025-11-13 06:00:00+00:00
[2025-11-13T02:51:48.431+0000] {processor.py:183} INFO - Processing /opt/airflow/dags/transform_silver_gold_dbt_dag.py took 0.074 seconds
[2025-11-13T02:52:18.686+0000] {processor.py:161} INFO - Started process (PID=14682) to work on /opt/airflow/dags/transform_silver_gold_dbt_dag.py
[2025-11-13T02:52:18.688+0000] {processor.py:830} INFO - Processing file /opt/airflow/dags/transform_silver_gold_dbt_dag.py for tasks to queue
[2025-11-13T02:52:18.690+0000] {logging_mixin.py:188} INFO - [2025-11-13T02:52:18.689+0000] {dagbag.py:538} INFO - Filling up the DagBag from /opt/airflow/dags/transform_silver_gold_dbt_dag.py
[2025-11-13T02:52:18.729+0000] {processor.py:840} INFO - DAG(s) 'transform_bronze_to_silver_gold' retrieved from /opt/airflow/dags/transform_silver_gold_dbt_dag.py
[2025-11-13T02:52:18.754+0000] {logging_mixin.py:188} INFO - [2025-11-13T02:52:18.754+0000] {dag.py:3036} INFO - Sync 1 DAGs
[2025-11-13T02:52:18.772+0000] {logging_mixin.py:188} INFO - [2025-11-13T02:52:18.772+0000] {dag.py:3823} INFO - Setting next_dagrun for transform_bronze_to_silver_gold to 2025-11-13 00:00:00+00:00, run_after=2025-11-13 06:00:00+00:00
[2025-11-13T02:52:18.792+0000] {processor.py:183} INFO - Processing /opt/airflow/dags/transform_silver_gold_dbt_dag.py took 0.109 seconds
[2025-11-13T02:52:49.090+0000] {processor.py:161} INFO - Started process (PID=14684) to work on /opt/airflow/dags/transform_silver_gold_dbt_dag.py
[2025-11-13T02:52:49.092+0000] {processor.py:830} INFO - Processing file /opt/airflow/dags/transform_silver_gold_dbt_dag.py for tasks to queue
[2025-11-13T02:52:49.093+0000] {logging_mixin.py:188} INFO - [2025-11-13T02:52:49.093+0000] {dagbag.py:538} INFO - Filling up the DagBag from /opt/airflow/dags/transform_silver_gold_dbt_dag.py
[2025-11-13T02:52:49.132+0000] {processor.py:840} INFO - DAG(s) 'transform_bronze_to_silver_gold' retrieved from /opt/airflow/dags/transform_silver_gold_dbt_dag.py
[2025-11-13T02:52:49.147+0000] {logging_mixin.py:188} INFO - [2025-11-13T02:52:49.147+0000] {dag.py:3036} INFO - Sync 1 DAGs
[2025-11-13T02:52:49.159+0000] {logging_mixin.py:188} INFO - [2025-11-13T02:52:49.159+0000] {dag.py:3823} INFO - Setting next_dagrun for transform_bronze_to_silver_gold to 2025-11-13 00:00:00+00:00, run_after=2025-11-13 06:00:00+00:00
[2025-11-13T02:52:49.177+0000] {processor.py:183} INFO - Processing /opt/airflow/dags/transform_silver_gold_dbt_dag.py took 0.089 seconds
[2025-11-13T02:53:19.471+0000] {processor.py:161} INFO - Started process (PID=14686) to work on /opt/airflow/dags/transform_silver_gold_dbt_dag.py
[2025-11-13T02:53:19.473+0000] {processor.py:830} INFO - Processing file /opt/airflow/dags/transform_silver_gold_dbt_dag.py for tasks to queue
[2025-11-13T02:53:19.473+0000] {logging_mixin.py:188} INFO - [2025-11-13T02:53:19.473+0000] {dagbag.py:538} INFO - Filling up the DagBag from /opt/airflow/dags/transform_silver_gold_dbt_dag.py
[2025-11-13T02:53:19.497+0000] {processor.py:840} INFO - DAG(s) 'transform_bronze_to_silver_gold' retrieved from /opt/airflow/dags/transform_silver_gold_dbt_dag.py
[2025-11-13T02:53:19.510+0000] {logging_mixin.py:188} INFO - [2025-11-13T02:53:19.510+0000] {dag.py:3036} INFO - Sync 1 DAGs
[2025-11-13T02:53:19.521+0000] {logging_mixin.py:188} INFO - [2025-11-13T02:53:19.521+0000] {dag.py:3823} INFO - Setting next_dagrun for transform_bronze_to_silver_gold to 2025-11-13 00:00:00+00:00, run_after=2025-11-13 06:00:00+00:00
[2025-11-13T02:53:19.537+0000] {processor.py:183} INFO - Processing /opt/airflow/dags/transform_silver_gold_dbt_dag.py took 0.068 seconds
[2025-11-13T02:53:49.782+0000] {processor.py:161} INFO - Started process (PID=14688) to work on /opt/airflow/dags/transform_silver_gold_dbt_dag.py
[2025-11-13T02:53:49.783+0000] {processor.py:830} INFO - Processing file /opt/airflow/dags/transform_silver_gold_dbt_dag.py for tasks to queue
[2025-11-13T02:53:49.784+0000] {logging_mixin.py:188} INFO - [2025-11-13T02:53:49.784+0000] {dagbag.py:538} INFO - Filling up the DagBag from /opt/airflow/dags/transform_silver_gold_dbt_dag.py
[2025-11-13T02:53:49.807+0000] {processor.py:840} INFO - DAG(s) 'transform_bronze_to_silver_gold' retrieved from /opt/airflow/dags/transform_silver_gold_dbt_dag.py
[2025-11-13T02:53:49.823+0000] {logging_mixin.py:188} INFO - [2025-11-13T02:53:49.823+0000] {dag.py:3036} INFO - Sync 1 DAGs
[2025-11-13T02:53:49.835+0000] {logging_mixin.py:188} INFO - [2025-11-13T02:53:49.835+0000] {dag.py:3823} INFO - Setting next_dagrun for transform_bronze_to_silver_gold to 2025-11-13 00:00:00+00:00, run_after=2025-11-13 06:00:00+00:00
[2025-11-13T02:53:49.851+0000] {processor.py:183} INFO - Processing /opt/airflow/dags/transform_silver_gold_dbt_dag.py took 0.071 seconds
[2025-11-13T02:54:20.165+0000] {processor.py:161} INFO - Started process (PID=14690) to work on /opt/airflow/dags/transform_silver_gold_dbt_dag.py
[2025-11-13T02:54:20.166+0000] {processor.py:830} INFO - Processing file /opt/airflow/dags/transform_silver_gold_dbt_dag.py for tasks to queue
[2025-11-13T02:54:20.167+0000] {logging_mixin.py:188} INFO - [2025-11-13T02:54:20.167+0000] {dagbag.py:538} INFO - Filling up the DagBag from /opt/airflow/dags/transform_silver_gold_dbt_dag.py
[2025-11-13T02:54:20.194+0000] {processor.py:840} INFO - DAG(s) 'transform_bronze_to_silver_gold' retrieved from /opt/airflow/dags/transform_silver_gold_dbt_dag.py
[2025-11-13T02:54:20.210+0000] {logging_mixin.py:188} INFO - [2025-11-13T02:54:20.209+0000] {dag.py:3036} INFO - Sync 1 DAGs
[2025-11-13T02:54:20.222+0000] {logging_mixin.py:188} INFO - [2025-11-13T02:54:20.222+0000] {dag.py:3823} INFO - Setting next_dagrun for transform_bronze_to_silver_gold to 2025-11-13 00:00:00+00:00, run_after=2025-11-13 06:00:00+00:00
[2025-11-13T02:54:20.239+0000] {processor.py:183} INFO - Processing /opt/airflow/dags/transform_silver_gold_dbt_dag.py took 0.077 seconds
[2025-11-13T02:54:50.449+0000] {processor.py:161} INFO - Started process (PID=14692) to work on /opt/airflow/dags/transform_silver_gold_dbt_dag.py
[2025-11-13T02:54:50.450+0000] {processor.py:830} INFO - Processing file /opt/airflow/dags/transform_silver_gold_dbt_dag.py for tasks to queue
[2025-11-13T02:54:50.451+0000] {logging_mixin.py:188} INFO - [2025-11-13T02:54:50.451+0000] {dagbag.py:538} INFO - Filling up the DagBag from /opt/airflow/dags/transform_silver_gold_dbt_dag.py
[2025-11-13T02:54:50.474+0000] {processor.py:840} INFO - DAG(s) 'transform_bronze_to_silver_gold' retrieved from /opt/airflow/dags/transform_silver_gold_dbt_dag.py
[2025-11-13T02:54:50.492+0000] {logging_mixin.py:188} INFO - [2025-11-13T02:54:50.492+0000] {dag.py:3036} INFO - Sync 1 DAGs
[2025-11-13T02:54:50.506+0000] {logging_mixin.py:188} INFO - [2025-11-13T02:54:50.506+0000] {dag.py:3823} INFO - Setting next_dagrun for transform_bronze_to_silver_gold to 2025-11-13 00:00:00+00:00, run_after=2025-11-13 06:00:00+00:00
[2025-11-13T02:54:50.522+0000] {processor.py:183} INFO - Processing /opt/airflow/dags/transform_silver_gold_dbt_dag.py took 0.077 seconds
[2025-11-13T02:55:20.849+0000] {processor.py:161} INFO - Started process (PID=14694) to work on /opt/airflow/dags/transform_silver_gold_dbt_dag.py
[2025-11-13T02:55:20.851+0000] {processor.py:830} INFO - Processing file /opt/airflow/dags/transform_silver_gold_dbt_dag.py for tasks to queue
[2025-11-13T02:55:20.852+0000] {logging_mixin.py:188} INFO - [2025-11-13T02:55:20.852+0000] {dagbag.py:538} INFO - Filling up the DagBag from /opt/airflow/dags/transform_silver_gold_dbt_dag.py
[2025-11-13T02:55:20.885+0000] {processor.py:840} INFO - DAG(s) 'transform_bronze_to_silver_gold' retrieved from /opt/airflow/dags/transform_silver_gold_dbt_dag.py
[2025-11-13T02:55:20.906+0000] {logging_mixin.py:188} INFO - [2025-11-13T02:55:20.906+0000] {dag.py:3036} INFO - Sync 1 DAGs
[2025-11-13T02:55:20.924+0000] {logging_mixin.py:188} INFO - [2025-11-13T02:55:20.923+0000] {dag.py:3823} INFO - Setting next_dagrun for transform_bronze_to_silver_gold to 2025-11-13 00:00:00+00:00, run_after=2025-11-13 06:00:00+00:00
[2025-11-13T02:55:20.948+0000] {processor.py:183} INFO - Processing /opt/airflow/dags/transform_silver_gold_dbt_dag.py took 0.102 seconds
[2025-11-13T02:55:51.243+0000] {processor.py:161} INFO - Started process (PID=14696) to work on /opt/airflow/dags/transform_silver_gold_dbt_dag.py
[2025-11-13T02:55:51.244+0000] {processor.py:830} INFO - Processing file /opt/airflow/dags/transform_silver_gold_dbt_dag.py for tasks to queue
[2025-11-13T02:55:51.245+0000] {logging_mixin.py:188} INFO - [2025-11-13T02:55:51.245+0000] {dagbag.py:538} INFO - Filling up the DagBag from /opt/airflow/dags/transform_silver_gold_dbt_dag.py
[2025-11-13T02:55:51.265+0000] {processor.py:840} INFO - DAG(s) 'transform_bronze_to_silver_gold' retrieved from /opt/airflow/dags/transform_silver_gold_dbt_dag.py
[2025-11-13T02:55:51.277+0000] {logging_mixin.py:188} INFO - [2025-11-13T02:55:51.277+0000] {dag.py:3036} INFO - Sync 1 DAGs
[2025-11-13T02:55:51.291+0000] {logging_mixin.py:188} INFO - [2025-11-13T02:55:51.290+0000] {dag.py:3823} INFO - Setting next_dagrun for transform_bronze_to_silver_gold to 2025-11-13 00:00:00+00:00, run_after=2025-11-13 06:00:00+00:00
[2025-11-13T02:55:51.311+0000] {processor.py:183} INFO - Processing /opt/airflow/dags/transform_silver_gold_dbt_dag.py took 0.069 seconds
[2025-11-13T02:56:21.537+0000] {processor.py:161} INFO - Started process (PID=14698) to work on /opt/airflow/dags/transform_silver_gold_dbt_dag.py
[2025-11-13T02:56:21.539+0000] {processor.py:830} INFO - Processing file /opt/airflow/dags/transform_silver_gold_dbt_dag.py for tasks to queue
[2025-11-13T02:56:21.540+0000] {logging_mixin.py:188} INFO - [2025-11-13T02:56:21.540+0000] {dagbag.py:538} INFO - Filling up the DagBag from /opt/airflow/dags/transform_silver_gold_dbt_dag.py
[2025-11-13T02:56:21.565+0000] {processor.py:840} INFO - DAG(s) 'transform_bronze_to_silver_gold' retrieved from /opt/airflow/dags/transform_silver_gold_dbt_dag.py
[2025-11-13T02:56:21.582+0000] {logging_mixin.py:188} INFO - [2025-11-13T02:56:21.582+0000] {dag.py:3036} INFO - Sync 1 DAGs
[2025-11-13T02:56:21.595+0000] {logging_mixin.py:188} INFO - [2025-11-13T02:56:21.595+0000] {dag.py:3823} INFO - Setting next_dagrun for transform_bronze_to_silver_gold to 2025-11-13 00:00:00+00:00, run_after=2025-11-13 06:00:00+00:00
[2025-11-13T02:56:21.617+0000] {processor.py:183} INFO - Processing /opt/airflow/dags/transform_silver_gold_dbt_dag.py took 0.083 seconds
[2025-11-13T02:56:51.838+0000] {processor.py:161} INFO - Started process (PID=14700) to work on /opt/airflow/dags/transform_silver_gold_dbt_dag.py
[2025-11-13T02:56:51.839+0000] {processor.py:830} INFO - Processing file /opt/airflow/dags/transform_silver_gold_dbt_dag.py for tasks to queue
[2025-11-13T02:56:51.840+0000] {logging_mixin.py:188} INFO - [2025-11-13T02:56:51.840+0000] {dagbag.py:538} INFO - Filling up the DagBag from /opt/airflow/dags/transform_silver_gold_dbt_dag.py
[2025-11-13T02:56:51.868+0000] {processor.py:840} INFO - DAG(s) 'transform_bronze_to_silver_gold' retrieved from /opt/airflow/dags/transform_silver_gold_dbt_dag.py
[2025-11-13T02:56:51.886+0000] {logging_mixin.py:188} INFO - [2025-11-13T02:56:51.885+0000] {dag.py:3036} INFO - Sync 1 DAGs
[2025-11-13T02:56:51.899+0000] {logging_mixin.py:188} INFO - [2025-11-13T02:56:51.898+0000] {dag.py:3823} INFO - Setting next_dagrun for transform_bronze_to_silver_gold to 2025-11-13 00:00:00+00:00, run_after=2025-11-13 06:00:00+00:00
[2025-11-13T02:56:51.916+0000] {processor.py:183} INFO - Processing /opt/airflow/dags/transform_silver_gold_dbt_dag.py took 0.081 seconds
[2025-11-13T02:57:22.126+0000] {processor.py:161} INFO - Started process (PID=14702) to work on /opt/airflow/dags/transform_silver_gold_dbt_dag.py
[2025-11-13T02:57:22.127+0000] {processor.py:830} INFO - Processing file /opt/airflow/dags/transform_silver_gold_dbt_dag.py for tasks to queue
[2025-11-13T02:57:22.128+0000] {logging_mixin.py:188} INFO - [2025-11-13T02:57:22.127+0000] {dagbag.py:538} INFO - Filling up the DagBag from /opt/airflow/dags/transform_silver_gold_dbt_dag.py
[2025-11-13T02:57:22.151+0000] {processor.py:840} INFO - DAG(s) 'transform_bronze_to_silver_gold' retrieved from /opt/airflow/dags/transform_silver_gold_dbt_dag.py
[2025-11-13T02:57:22.164+0000] {logging_mixin.py:188} INFO - [2025-11-13T02:57:22.164+0000] {dag.py:3036} INFO - Sync 1 DAGs
[2025-11-13T02:57:22.175+0000] {logging_mixin.py:188} INFO - [2025-11-13T02:57:22.175+0000] {dag.py:3823} INFO - Setting next_dagrun for transform_bronze_to_silver_gold to 2025-11-13 00:00:00+00:00, run_after=2025-11-13 06:00:00+00:00
[2025-11-13T02:57:22.191+0000] {processor.py:183} INFO - Processing /opt/airflow/dags/transform_silver_gold_dbt_dag.py took 0.067 seconds
[2025-11-13T02:57:52.433+0000] {processor.py:161} INFO - Started process (PID=14704) to work on /opt/airflow/dags/transform_silver_gold_dbt_dag.py
[2025-11-13T02:57:52.434+0000] {processor.py:830} INFO - Processing file /opt/airflow/dags/transform_silver_gold_dbt_dag.py for tasks to queue
[2025-11-13T02:57:52.435+0000] {logging_mixin.py:188} INFO - [2025-11-13T02:57:52.435+0000] {dagbag.py:538} INFO - Filling up the DagBag from /opt/airflow/dags/transform_silver_gold_dbt_dag.py
[2025-11-13T02:57:52.463+0000] {processor.py:840} INFO - DAG(s) 'transform_bronze_to_silver_gold' retrieved from /opt/airflow/dags/transform_silver_gold_dbt_dag.py
[2025-11-13T02:57:52.478+0000] {logging_mixin.py:188} INFO - [2025-11-13T02:57:52.477+0000] {dag.py:3036} INFO - Sync 1 DAGs
[2025-11-13T02:57:52.488+0000] {logging_mixin.py:188} INFO - [2025-11-13T02:57:52.488+0000] {dag.py:3823} INFO - Setting next_dagrun for transform_bronze_to_silver_gold to 2025-11-13 00:00:00+00:00, run_after=2025-11-13 06:00:00+00:00
[2025-11-13T02:57:52.503+0000] {processor.py:183} INFO - Processing /opt/airflow/dags/transform_silver_gold_dbt_dag.py took 0.072 seconds
[2025-11-13T02:58:22.732+0000] {processor.py:161} INFO - Started process (PID=14706) to work on /opt/airflow/dags/transform_silver_gold_dbt_dag.py
[2025-11-13T02:58:22.734+0000] {processor.py:830} INFO - Processing file /opt/airflow/dags/transform_silver_gold_dbt_dag.py for tasks to queue
[2025-11-13T02:58:22.735+0000] {logging_mixin.py:188} INFO - [2025-11-13T02:58:22.734+0000] {dagbag.py:538} INFO - Filling up the DagBag from /opt/airflow/dags/transform_silver_gold_dbt_dag.py
[2025-11-13T02:58:22.756+0000] {processor.py:840} INFO - DAG(s) 'transform_bronze_to_silver_gold' retrieved from /opt/airflow/dags/transform_silver_gold_dbt_dag.py
[2025-11-13T02:58:22.772+0000] {logging_mixin.py:188} INFO - [2025-11-13T02:58:22.772+0000] {dag.py:3036} INFO - Sync 1 DAGs
[2025-11-13T02:58:22.785+0000] {logging_mixin.py:188} INFO - [2025-11-13T02:58:22.784+0000] {dag.py:3823} INFO - Setting next_dagrun for transform_bronze_to_silver_gold to 2025-11-13 00:00:00+00:00, run_after=2025-11-13 06:00:00+00:00
[2025-11-13T02:58:22.802+0000] {processor.py:183} INFO - Processing /opt/airflow/dags/transform_silver_gold_dbt_dag.py took 0.073 seconds
[2025-11-13T02:58:53.073+0000] {processor.py:161} INFO - Started process (PID=14708) to work on /opt/airflow/dags/transform_silver_gold_dbt_dag.py
[2025-11-13T02:58:53.074+0000] {processor.py:830} INFO - Processing file /opt/airflow/dags/transform_silver_gold_dbt_dag.py for tasks to queue
[2025-11-13T02:58:53.075+0000] {logging_mixin.py:188} INFO - [2025-11-13T02:58:53.075+0000] {dagbag.py:538} INFO - Filling up the DagBag from /opt/airflow/dags/transform_silver_gold_dbt_dag.py
[2025-11-13T02:58:53.104+0000] {processor.py:840} INFO - DAG(s) 'transform_bronze_to_silver_gold' retrieved from /opt/airflow/dags/transform_silver_gold_dbt_dag.py
[2025-11-13T02:58:53.114+0000] {logging_mixin.py:188} INFO - [2025-11-13T02:58:53.114+0000] {dag.py:3036} INFO - Sync 1 DAGs
[2025-11-13T02:58:53.124+0000] {logging_mixin.py:188} INFO - [2025-11-13T02:58:53.124+0000] {dag.py:3823} INFO - Setting next_dagrun for transform_bronze_to_silver_gold to 2025-11-13 00:00:00+00:00, run_after=2025-11-13 06:00:00+00:00
[2025-11-13T02:58:53.138+0000] {processor.py:183} INFO - Processing /opt/airflow/dags/transform_silver_gold_dbt_dag.py took 0.068 seconds
[2025-11-13T02:59:23.390+0000] {processor.py:161} INFO - Started process (PID=14710) to work on /opt/airflow/dags/transform_silver_gold_dbt_dag.py
[2025-11-13T02:59:23.392+0000] {processor.py:830} INFO - Processing file /opt/airflow/dags/transform_silver_gold_dbt_dag.py for tasks to queue
[2025-11-13T02:59:23.393+0000] {logging_mixin.py:188} INFO - [2025-11-13T02:59:23.392+0000] {dagbag.py:538} INFO - Filling up the DagBag from /opt/airflow/dags/transform_silver_gold_dbt_dag.py
[2025-11-13T02:59:23.419+0000] {processor.py:840} INFO - DAG(s) 'transform_bronze_to_silver_gold' retrieved from /opt/airflow/dags/transform_silver_gold_dbt_dag.py
[2025-11-13T02:59:23.432+0000] {logging_mixin.py:188} INFO - [2025-11-13T02:59:23.432+0000] {dag.py:3036} INFO - Sync 1 DAGs
[2025-11-13T02:59:23.441+0000] {logging_mixin.py:188} INFO - [2025-11-13T02:59:23.441+0000] {dag.py:3823} INFO - Setting next_dagrun for transform_bronze_to_silver_gold to 2025-11-13 00:00:00+00:00, run_after=2025-11-13 06:00:00+00:00
[2025-11-13T02:59:23.456+0000] {processor.py:183} INFO - Processing /opt/airflow/dags/transform_silver_gold_dbt_dag.py took 0.068 seconds
[2025-11-13T02:59:53.697+0000] {processor.py:161} INFO - Started process (PID=14712) to work on /opt/airflow/dags/transform_silver_gold_dbt_dag.py
[2025-11-13T02:59:53.698+0000] {processor.py:830} INFO - Processing file /opt/airflow/dags/transform_silver_gold_dbt_dag.py for tasks to queue
[2025-11-13T02:59:53.699+0000] {logging_mixin.py:188} INFO - [2025-11-13T02:59:53.699+0000] {dagbag.py:538} INFO - Filling up the DagBag from /opt/airflow/dags/transform_silver_gold_dbt_dag.py
[2025-11-13T02:59:53.723+0000] {processor.py:840} INFO - DAG(s) 'transform_bronze_to_silver_gold' retrieved from /opt/airflow/dags/transform_silver_gold_dbt_dag.py
[2025-11-13T02:59:53.734+0000] {logging_mixin.py:188} INFO - [2025-11-13T02:59:53.734+0000] {dag.py:3036} INFO - Sync 1 DAGs
[2025-11-13T02:59:53.743+0000] {logging_mixin.py:188} INFO - [2025-11-13T02:59:53.743+0000] {dag.py:3823} INFO - Setting next_dagrun for transform_bronze_to_silver_gold to 2025-11-13 00:00:00+00:00, run_after=2025-11-13 06:00:00+00:00
[2025-11-13T02:59:53.758+0000] {processor.py:183} INFO - Processing /opt/airflow/dags/transform_silver_gold_dbt_dag.py took 0.063 seconds
[2025-11-13T03:00:23.992+0000] {processor.py:161} INFO - Started process (PID=14714) to work on /opt/airflow/dags/transform_silver_gold_dbt_dag.py
[2025-11-13T03:00:23.993+0000] {processor.py:830} INFO - Processing file /opt/airflow/dags/transform_silver_gold_dbt_dag.py for tasks to queue
[2025-11-13T03:00:23.994+0000] {logging_mixin.py:188} INFO - [2025-11-13T03:00:23.994+0000] {dagbag.py:538} INFO - Filling up the DagBag from /opt/airflow/dags/transform_silver_gold_dbt_dag.py
[2025-11-13T03:00:24.020+0000] {processor.py:840} INFO - DAG(s) 'transform_bronze_to_silver_gold' retrieved from /opt/airflow/dags/transform_silver_gold_dbt_dag.py
[2025-11-13T03:00:24.031+0000] {logging_mixin.py:188} INFO - [2025-11-13T03:00:24.031+0000] {dag.py:3036} INFO - Sync 1 DAGs
[2025-11-13T03:00:24.041+0000] {logging_mixin.py:188} INFO - [2025-11-13T03:00:24.041+0000] {dag.py:3823} INFO - Setting next_dagrun for transform_bronze_to_silver_gold to 2025-11-13 00:00:00+00:00, run_after=2025-11-13 06:00:00+00:00
[2025-11-13T03:00:24.055+0000] {processor.py:183} INFO - Processing /opt/airflow/dags/transform_silver_gold_dbt_dag.py took 0.065 seconds
[2025-11-13T03:00:54.284+0000] {processor.py:161} INFO - Started process (PID=14716) to work on /opt/airflow/dags/transform_silver_gold_dbt_dag.py
[2025-11-13T03:00:54.285+0000] {processor.py:830} INFO - Processing file /opt/airflow/dags/transform_silver_gold_dbt_dag.py for tasks to queue
[2025-11-13T03:00:54.286+0000] {logging_mixin.py:188} INFO - [2025-11-13T03:00:54.285+0000] {dagbag.py:538} INFO - Filling up the DagBag from /opt/airflow/dags/transform_silver_gold_dbt_dag.py
[2025-11-13T03:00:54.308+0000] {processor.py:840} INFO - DAG(s) 'transform_bronze_to_silver_gold' retrieved from /opt/airflow/dags/transform_silver_gold_dbt_dag.py
[2025-11-13T03:00:54.321+0000] {logging_mixin.py:188} INFO - [2025-11-13T03:00:54.320+0000] {dag.py:3036} INFO - Sync 1 DAGs
[2025-11-13T03:00:54.331+0000] {logging_mixin.py:188} INFO - [2025-11-13T03:00:54.331+0000] {dag.py:3823} INFO - Setting next_dagrun for transform_bronze_to_silver_gold to 2025-11-13 00:00:00+00:00, run_after=2025-11-13 06:00:00+00:00
[2025-11-13T03:00:54.347+0000] {processor.py:183} INFO - Processing /opt/airflow/dags/transform_silver_gold_dbt_dag.py took 0.065 seconds
[2025-11-13T03:01:24.597+0000] {processor.py:161} INFO - Started process (PID=14718) to work on /opt/airflow/dags/transform_silver_gold_dbt_dag.py
[2025-11-13T03:01:24.597+0000] {processor.py:830} INFO - Processing file /opt/airflow/dags/transform_silver_gold_dbt_dag.py for tasks to queue
[2025-11-13T03:01:24.598+0000] {logging_mixin.py:188} INFO - [2025-11-13T03:01:24.598+0000] {dagbag.py:538} INFO - Filling up the DagBag from /opt/airflow/dags/transform_silver_gold_dbt_dag.py
[2025-11-13T03:01:24.615+0000] {processor.py:840} INFO - DAG(s) 'transform_bronze_to_silver_gold' retrieved from /opt/airflow/dags/transform_silver_gold_dbt_dag.py
[2025-11-13T03:01:24.628+0000] {logging_mixin.py:188} INFO - [2025-11-13T03:01:24.628+0000] {dag.py:3036} INFO - Sync 1 DAGs
[2025-11-13T03:01:24.638+0000] {logging_mixin.py:188} INFO - [2025-11-13T03:01:24.638+0000] {dag.py:3823} INFO - Setting next_dagrun for transform_bronze_to_silver_gold to 2025-11-13 00:00:00+00:00, run_after=2025-11-13 06:00:00+00:00
[2025-11-13T03:01:24.650+0000] {processor.py:183} INFO - Processing /opt/airflow/dags/transform_silver_gold_dbt_dag.py took 0.055 seconds
[2025-11-13T03:01:54.895+0000] {processor.py:161} INFO - Started process (PID=14720) to work on /opt/airflow/dags/transform_silver_gold_dbt_dag.py
[2025-11-13T03:01:54.897+0000] {processor.py:830} INFO - Processing file /opt/airflow/dags/transform_silver_gold_dbt_dag.py for tasks to queue
[2025-11-13T03:01:54.897+0000] {logging_mixin.py:188} INFO - [2025-11-13T03:01:54.897+0000] {dagbag.py:538} INFO - Filling up the DagBag from /opt/airflow/dags/transform_silver_gold_dbt_dag.py
[2025-11-13T03:01:54.918+0000] {processor.py:840} INFO - DAG(s) 'transform_bronze_to_silver_gold' retrieved from /opt/airflow/dags/transform_silver_gold_dbt_dag.py
[2025-11-13T03:01:54.931+0000] {logging_mixin.py:188} INFO - [2025-11-13T03:01:54.931+0000] {dag.py:3036} INFO - Sync 1 DAGs
[2025-11-13T03:01:54.941+0000] {logging_mixin.py:188} INFO - [2025-11-13T03:01:54.940+0000] {dag.py:3823} INFO - Setting next_dagrun for transform_bronze_to_silver_gold to 2025-11-13 00:00:00+00:00, run_after=2025-11-13 06:00:00+00:00
[2025-11-13T03:01:54.959+0000] {processor.py:183} INFO - Processing /opt/airflow/dags/transform_silver_gold_dbt_dag.py took 0.065 seconds
[2025-11-13T03:02:25.195+0000] {processor.py:161} INFO - Started process (PID=14722) to work on /opt/airflow/dags/transform_silver_gold_dbt_dag.py
[2025-11-13T03:02:25.196+0000] {processor.py:830} INFO - Processing file /opt/airflow/dags/transform_silver_gold_dbt_dag.py for tasks to queue
[2025-11-13T03:02:25.197+0000] {logging_mixin.py:188} INFO - [2025-11-13T03:02:25.197+0000] {dagbag.py:538} INFO - Filling up the DagBag from /opt/airflow/dags/transform_silver_gold_dbt_dag.py
[2025-11-13T03:02:25.225+0000] {processor.py:840} INFO - DAG(s) 'transform_bronze_to_silver_gold' retrieved from /opt/airflow/dags/transform_silver_gold_dbt_dag.py
[2025-11-13T03:02:25.240+0000] {logging_mixin.py:188} INFO - [2025-11-13T03:02:25.240+0000] {dag.py:3036} INFO - Sync 1 DAGs
[2025-11-13T03:02:25.253+0000] {logging_mixin.py:188} INFO - [2025-11-13T03:02:25.253+0000] {dag.py:3823} INFO - Setting next_dagrun for transform_bronze_to_silver_gold to 2025-11-13 00:00:00+00:00, run_after=2025-11-13 06:00:00+00:00
[2025-11-13T03:02:25.266+0000] {processor.py:183} INFO - Processing /opt/airflow/dags/transform_silver_gold_dbt_dag.py took 0.073 seconds
[2025-11-13T03:02:55.487+0000] {processor.py:161} INFO - Started process (PID=14724) to work on /opt/airflow/dags/transform_silver_gold_dbt_dag.py
[2025-11-13T03:02:55.489+0000] {processor.py:830} INFO - Processing file /opt/airflow/dags/transform_silver_gold_dbt_dag.py for tasks to queue
[2025-11-13T03:02:55.490+0000] {logging_mixin.py:188} INFO - [2025-11-13T03:02:55.490+0000] {dagbag.py:538} INFO - Filling up the DagBag from /opt/airflow/dags/transform_silver_gold_dbt_dag.py
[2025-11-13T03:02:55.515+0000] {processor.py:840} INFO - DAG(s) 'transform_bronze_to_silver_gold' retrieved from /opt/airflow/dags/transform_silver_gold_dbt_dag.py
[2025-11-13T03:02:55.528+0000] {logging_mixin.py:188} INFO - [2025-11-13T03:02:55.527+0000] {dag.py:3036} INFO - Sync 1 DAGs
[2025-11-13T03:02:55.538+0000] {logging_mixin.py:188} INFO - [2025-11-13T03:02:55.538+0000] {dag.py:3823} INFO - Setting next_dagrun for transform_bronze_to_silver_gold to 2025-11-13 00:00:00+00:00, run_after=2025-11-13 06:00:00+00:00
[2025-11-13T03:02:55.554+0000] {processor.py:183} INFO - Processing /opt/airflow/dags/transform_silver_gold_dbt_dag.py took 0.069 seconds
[2025-11-13T03:03:25.746+0000] {processor.py:161} INFO - Started process (PID=14726) to work on /opt/airflow/dags/transform_silver_gold_dbt_dag.py
[2025-11-13T03:03:25.747+0000] {processor.py:830} INFO - Processing file /opt/airflow/dags/transform_silver_gold_dbt_dag.py for tasks to queue
[2025-11-13T03:03:25.748+0000] {logging_mixin.py:188} INFO - [2025-11-13T03:03:25.748+0000] {dagbag.py:538} INFO - Filling up the DagBag from /opt/airflow/dags/transform_silver_gold_dbt_dag.py
[2025-11-13T03:03:25.772+0000] {processor.py:840} INFO - DAG(s) 'transform_bronze_to_silver_gold' retrieved from /opt/airflow/dags/transform_silver_gold_dbt_dag.py
[2025-11-13T03:03:25.785+0000] {logging_mixin.py:188} INFO - [2025-11-13T03:03:25.785+0000] {dag.py:3036} INFO - Sync 1 DAGs
[2025-11-13T03:03:25.795+0000] {logging_mixin.py:188} INFO - [2025-11-13T03:03:25.795+0000] {dag.py:3823} INFO - Setting next_dagrun for transform_bronze_to_silver_gold to 2025-11-13 00:00:00+00:00, run_after=2025-11-13 06:00:00+00:00
[2025-11-13T03:03:25.810+0000] {processor.py:183} INFO - Processing /opt/airflow/dags/transform_silver_gold_dbt_dag.py took 0.066 seconds
[2025-11-13T03:03:56.033+0000] {processor.py:161} INFO - Started process (PID=14728) to work on /opt/airflow/dags/transform_silver_gold_dbt_dag.py
[2025-11-13T03:03:56.034+0000] {processor.py:830} INFO - Processing file /opt/airflow/dags/transform_silver_gold_dbt_dag.py for tasks to queue
[2025-11-13T03:03:56.035+0000] {logging_mixin.py:188} INFO - [2025-11-13T03:03:56.035+0000] {dagbag.py:538} INFO - Filling up the DagBag from /opt/airflow/dags/transform_silver_gold_dbt_dag.py
[2025-11-13T03:03:56.059+0000] {processor.py:840} INFO - DAG(s) 'transform_bronze_to_silver_gold' retrieved from /opt/airflow/dags/transform_silver_gold_dbt_dag.py
[2025-11-13T03:03:56.072+0000] {logging_mixin.py:188} INFO - [2025-11-13T03:03:56.072+0000] {dag.py:3036} INFO - Sync 1 DAGs
[2025-11-13T03:03:56.083+0000] {logging_mixin.py:188} INFO - [2025-11-13T03:03:56.083+0000] {dag.py:3823} INFO - Setting next_dagrun for transform_bronze_to_silver_gold to 2025-11-13 00:00:00+00:00, run_after=2025-11-13 06:00:00+00:00
[2025-11-13T03:03:56.099+0000] {processor.py:183} INFO - Processing /opt/airflow/dags/transform_silver_gold_dbt_dag.py took 0.068 seconds
[2025-11-13T03:04:26.351+0000] {processor.py:161} INFO - Started process (PID=14730) to work on /opt/airflow/dags/transform_silver_gold_dbt_dag.py
[2025-11-13T03:04:26.351+0000] {processor.py:830} INFO - Processing file /opt/airflow/dags/transform_silver_gold_dbt_dag.py for tasks to queue
[2025-11-13T03:04:26.353+0000] {logging_mixin.py:188} INFO - [2025-11-13T03:04:26.352+0000] {dagbag.py:538} INFO - Filling up the DagBag from /opt/airflow/dags/transform_silver_gold_dbt_dag.py
[2025-11-13T03:04:26.385+0000] {processor.py:840} INFO - DAG(s) 'transform_bronze_to_silver_gold' retrieved from /opt/airflow/dags/transform_silver_gold_dbt_dag.py
[2025-11-13T03:04:26.400+0000] {logging_mixin.py:188} INFO - [2025-11-13T03:04:26.399+0000] {dag.py:3036} INFO - Sync 1 DAGs
[2025-11-13T03:04:26.411+0000] {logging_mixin.py:188} INFO - [2025-11-13T03:04:26.410+0000] {dag.py:3823} INFO - Setting next_dagrun for transform_bronze_to_silver_gold to 2025-11-13 00:00:00+00:00, run_after=2025-11-13 06:00:00+00:00
[2025-11-13T03:04:26.425+0000] {processor.py:183} INFO - Processing /opt/airflow/dags/transform_silver_gold_dbt_dag.py took 0.077 seconds
[2025-11-13T03:04:56.654+0000] {processor.py:161} INFO - Started process (PID=14732) to work on /opt/airflow/dags/transform_silver_gold_dbt_dag.py
[2025-11-13T03:04:56.655+0000] {processor.py:830} INFO - Processing file /opt/airflow/dags/transform_silver_gold_dbt_dag.py for tasks to queue
[2025-11-13T03:04:56.656+0000] {logging_mixin.py:188} INFO - [2025-11-13T03:04:56.656+0000] {dagbag.py:538} INFO - Filling up the DagBag from /opt/airflow/dags/transform_silver_gold_dbt_dag.py
[2025-11-13T03:04:56.694+0000] {processor.py:840} INFO - DAG(s) 'transform_bronze_to_silver_gold' retrieved from /opt/airflow/dags/transform_silver_gold_dbt_dag.py
[2025-11-13T03:04:56.705+0000] {logging_mixin.py:188} INFO - [2025-11-13T03:04:56.705+0000] {dag.py:3036} INFO - Sync 1 DAGs
[2025-11-13T03:04:56.715+0000] {logging_mixin.py:188} INFO - [2025-11-13T03:04:56.715+0000] {dag.py:3823} INFO - Setting next_dagrun for transform_bronze_to_silver_gold to 2025-11-13 00:00:00+00:00, run_after=2025-11-13 06:00:00+00:00
[2025-11-13T03:04:56.729+0000] {processor.py:183} INFO - Processing /opt/airflow/dags/transform_silver_gold_dbt_dag.py took 0.077 seconds
[2025-11-13T03:05:27.035+0000] {processor.py:161} INFO - Started process (PID=14734) to work on /opt/airflow/dags/transform_silver_gold_dbt_dag.py
[2025-11-13T03:05:27.037+0000] {processor.py:830} INFO - Processing file /opt/airflow/dags/transform_silver_gold_dbt_dag.py for tasks to queue
[2025-11-13T03:05:27.037+0000] {logging_mixin.py:188} INFO - [2025-11-13T03:05:27.037+0000] {dagbag.py:538} INFO - Filling up the DagBag from /opt/airflow/dags/transform_silver_gold_dbt_dag.py
[2025-11-13T03:05:27.064+0000] {processor.py:840} INFO - DAG(s) 'transform_bronze_to_silver_gold' retrieved from /opt/airflow/dags/transform_silver_gold_dbt_dag.py
[2025-11-13T03:05:27.076+0000] {logging_mixin.py:188} INFO - [2025-11-13T03:05:27.076+0000] {dag.py:3036} INFO - Sync 1 DAGs
[2025-11-13T03:05:27.086+0000] {logging_mixin.py:188} INFO - [2025-11-13T03:05:27.086+0000] {dag.py:3823} INFO - Setting next_dagrun for transform_bronze_to_silver_gold to 2025-11-13 00:00:00+00:00, run_after=2025-11-13 06:00:00+00:00
[2025-11-13T03:05:27.099+0000] {processor.py:183} INFO - Processing /opt/airflow/dags/transform_silver_gold_dbt_dag.py took 0.066 seconds
[2025-11-13T03:05:57.329+0000] {processor.py:161} INFO - Started process (PID=14736) to work on /opt/airflow/dags/transform_silver_gold_dbt_dag.py
[2025-11-13T03:05:57.330+0000] {processor.py:830} INFO - Processing file /opt/airflow/dags/transform_silver_gold_dbt_dag.py for tasks to queue
[2025-11-13T03:05:57.331+0000] {logging_mixin.py:188} INFO - [2025-11-13T03:05:57.331+0000] {dagbag.py:538} INFO - Filling up the DagBag from /opt/airflow/dags/transform_silver_gold_dbt_dag.py
[2025-11-13T03:05:57.353+0000] {processor.py:840} INFO - DAG(s) 'transform_bronze_to_silver_gold' retrieved from /opt/airflow/dags/transform_silver_gold_dbt_dag.py
[2025-11-13T03:05:57.366+0000] {logging_mixin.py:188} INFO - [2025-11-13T03:05:57.366+0000] {dag.py:3036} INFO - Sync 1 DAGs
[2025-11-13T03:05:57.376+0000] {logging_mixin.py:188} INFO - [2025-11-13T03:05:57.376+0000] {dag.py:3823} INFO - Setting next_dagrun for transform_bronze_to_silver_gold to 2025-11-13 00:00:00+00:00, run_after=2025-11-13 06:00:00+00:00
[2025-11-13T03:05:57.395+0000] {processor.py:183} INFO - Processing /opt/airflow/dags/transform_silver_gold_dbt_dag.py took 0.068 seconds
[2025-11-13T03:06:27.642+0000] {processor.py:161} INFO - Started process (PID=14738) to work on /opt/airflow/dags/transform_silver_gold_dbt_dag.py
[2025-11-13T03:06:27.643+0000] {processor.py:830} INFO - Processing file /opt/airflow/dags/transform_silver_gold_dbt_dag.py for tasks to queue
[2025-11-13T03:06:27.644+0000] {logging_mixin.py:188} INFO - [2025-11-13T03:06:27.643+0000] {dagbag.py:538} INFO - Filling up the DagBag from /opt/airflow/dags/transform_silver_gold_dbt_dag.py
[2025-11-13T03:06:27.669+0000] {processor.py:840} INFO - DAG(s) 'transform_bronze_to_silver_gold' retrieved from /opt/airflow/dags/transform_silver_gold_dbt_dag.py
[2025-11-13T03:06:27.682+0000] {logging_mixin.py:188} INFO - [2025-11-13T03:06:27.681+0000] {dag.py:3036} INFO - Sync 1 DAGs
[2025-11-13T03:06:27.692+0000] {logging_mixin.py:188} INFO - [2025-11-13T03:06:27.692+0000] {dag.py:3823} INFO - Setting next_dagrun for transform_bronze_to_silver_gold to 2025-11-13 00:00:00+00:00, run_after=2025-11-13 06:00:00+00:00
[2025-11-13T03:06:27.707+0000] {processor.py:183} INFO - Processing /opt/airflow/dags/transform_silver_gold_dbt_dag.py took 0.068 seconds
[2025-11-13T03:06:57.947+0000] {processor.py:161} INFO - Started process (PID=14740) to work on /opt/airflow/dags/transform_silver_gold_dbt_dag.py
[2025-11-13T03:06:57.948+0000] {processor.py:830} INFO - Processing file /opt/airflow/dags/transform_silver_gold_dbt_dag.py for tasks to queue
[2025-11-13T03:06:57.949+0000] {logging_mixin.py:188} INFO - [2025-11-13T03:06:57.949+0000] {dagbag.py:538} INFO - Filling up the DagBag from /opt/airflow/dags/transform_silver_gold_dbt_dag.py
[2025-11-13T03:06:57.980+0000] {processor.py:840} INFO - DAG(s) 'transform_bronze_to_silver_gold' retrieved from /opt/airflow/dags/transform_silver_gold_dbt_dag.py
[2025-11-13T03:06:57.993+0000] {logging_mixin.py:188} INFO - [2025-11-13T03:06:57.993+0000] {dag.py:3036} INFO - Sync 1 DAGs
[2025-11-13T03:06:58.004+0000] {logging_mixin.py:188} INFO - [2025-11-13T03:06:58.004+0000] {dag.py:3823} INFO - Setting next_dagrun for transform_bronze_to_silver_gold to 2025-11-13 00:00:00+00:00, run_after=2025-11-13 06:00:00+00:00
[2025-11-13T03:06:58.020+0000] {processor.py:183} INFO - Processing /opt/airflow/dags/transform_silver_gold_dbt_dag.py took 0.074 seconds
[2025-11-13T03:07:28.243+0000] {processor.py:161} INFO - Started process (PID=14742) to work on /opt/airflow/dags/transform_silver_gold_dbt_dag.py
[2025-11-13T03:07:28.244+0000] {processor.py:830} INFO - Processing file /opt/airflow/dags/transform_silver_gold_dbt_dag.py for tasks to queue
[2025-11-13T03:07:28.245+0000] {logging_mixin.py:188} INFO - [2025-11-13T03:07:28.245+0000] {dagbag.py:538} INFO - Filling up the DagBag from /opt/airflow/dags/transform_silver_gold_dbt_dag.py
[2025-11-13T03:07:28.266+0000] {processor.py:840} INFO - DAG(s) 'transform_bronze_to_silver_gold' retrieved from /opt/airflow/dags/transform_silver_gold_dbt_dag.py
[2025-11-13T03:07:28.279+0000] {logging_mixin.py:188} INFO - [2025-11-13T03:07:28.279+0000] {dag.py:3036} INFO - Sync 1 DAGs
[2025-11-13T03:07:28.290+0000] {logging_mixin.py:188} INFO - [2025-11-13T03:07:28.290+0000] {dag.py:3823} INFO - Setting next_dagrun for transform_bronze_to_silver_gold to 2025-11-13 00:00:00+00:00, run_after=2025-11-13 06:00:00+00:00
[2025-11-13T03:07:28.307+0000] {processor.py:183} INFO - Processing /opt/airflow/dags/transform_silver_gold_dbt_dag.py took 0.066 seconds
[2025-11-13T03:07:58.543+0000] {processor.py:161} INFO - Started process (PID=14744) to work on /opt/airflow/dags/transform_silver_gold_dbt_dag.py
[2025-11-13T03:07:58.544+0000] {processor.py:830} INFO - Processing file /opt/airflow/dags/transform_silver_gold_dbt_dag.py for tasks to queue
[2025-11-13T03:07:58.545+0000] {logging_mixin.py:188} INFO - [2025-11-13T03:07:58.545+0000] {dagbag.py:538} INFO - Filling up the DagBag from /opt/airflow/dags/transform_silver_gold_dbt_dag.py
[2025-11-13T03:07:58.567+0000] {processor.py:840} INFO - DAG(s) 'transform_bronze_to_silver_gold' retrieved from /opt/airflow/dags/transform_silver_gold_dbt_dag.py
[2025-11-13T03:07:58.582+0000] {logging_mixin.py:188} INFO - [2025-11-13T03:07:58.581+0000] {dag.py:3036} INFO - Sync 1 DAGs
[2025-11-13T03:07:58.593+0000] {logging_mixin.py:188} INFO - [2025-11-13T03:07:58.593+0000] {dag.py:3823} INFO - Setting next_dagrun for transform_bronze_to_silver_gold to 2025-11-13 00:00:00+00:00, run_after=2025-11-13 06:00:00+00:00
[2025-11-13T03:07:58.607+0000] {processor.py:183} INFO - Processing /opt/airflow/dags/transform_silver_gold_dbt_dag.py took 0.066 seconds
[2025-11-13T03:08:28.837+0000] {processor.py:161} INFO - Started process (PID=14746) to work on /opt/airflow/dags/transform_silver_gold_dbt_dag.py
[2025-11-13T03:08:28.838+0000] {processor.py:830} INFO - Processing file /opt/airflow/dags/transform_silver_gold_dbt_dag.py for tasks to queue
[2025-11-13T03:08:28.839+0000] {logging_mixin.py:188} INFO - [2025-11-13T03:08:28.839+0000] {dagbag.py:538} INFO - Filling up the DagBag from /opt/airflow/dags/transform_silver_gold_dbt_dag.py
[2025-11-13T03:08:28.869+0000] {processor.py:840} INFO - DAG(s) 'transform_bronze_to_silver_gold' retrieved from /opt/airflow/dags/transform_silver_gold_dbt_dag.py
[2025-11-13T03:08:28.881+0000] {logging_mixin.py:188} INFO - [2025-11-13T03:08:28.880+0000] {dag.py:3036} INFO - Sync 1 DAGs
[2025-11-13T03:08:28.891+0000] {logging_mixin.py:188} INFO - [2025-11-13T03:08:28.891+0000] {dag.py:3823} INFO - Setting next_dagrun for transform_bronze_to_silver_gold to 2025-11-13 00:00:00+00:00, run_after=2025-11-13 06:00:00+00:00
[2025-11-13T03:08:28.910+0000] {processor.py:183} INFO - Processing /opt/airflow/dags/transform_silver_gold_dbt_dag.py took 0.074 seconds
[2025-11-13T03:08:59.139+0000] {processor.py:161} INFO - Started process (PID=14748) to work on /opt/airflow/dags/transform_silver_gold_dbt_dag.py
[2025-11-13T03:08:59.140+0000] {processor.py:830} INFO - Processing file /opt/airflow/dags/transform_silver_gold_dbt_dag.py for tasks to queue
[2025-11-13T03:08:59.141+0000] {logging_mixin.py:188} INFO - [2025-11-13T03:08:59.141+0000] {dagbag.py:538} INFO - Filling up the DagBag from /opt/airflow/dags/transform_silver_gold_dbt_dag.py
[2025-11-13T03:08:59.166+0000] {processor.py:840} INFO - DAG(s) 'transform_bronze_to_silver_gold' retrieved from /opt/airflow/dags/transform_silver_gold_dbt_dag.py
[2025-11-13T03:08:59.177+0000] {logging_mixin.py:188} INFO - [2025-11-13T03:08:59.177+0000] {dag.py:3036} INFO - Sync 1 DAGs
[2025-11-13T03:08:59.187+0000] {logging_mixin.py:188} INFO - [2025-11-13T03:08:59.187+0000] {dag.py:3823} INFO - Setting next_dagrun for transform_bronze_to_silver_gold to 2025-11-13 00:00:00+00:00, run_after=2025-11-13 06:00:00+00:00
[2025-11-13T03:08:59.206+0000] {processor.py:183} INFO - Processing /opt/airflow/dags/transform_silver_gold_dbt_dag.py took 0.069 seconds
[2025-11-13T03:09:29.437+0000] {processor.py:161} INFO - Started process (PID=14750) to work on /opt/airflow/dags/transform_silver_gold_dbt_dag.py
[2025-11-13T03:09:29.438+0000] {processor.py:830} INFO - Processing file /opt/airflow/dags/transform_silver_gold_dbt_dag.py for tasks to queue
[2025-11-13T03:09:29.440+0000] {logging_mixin.py:188} INFO - [2025-11-13T03:09:29.439+0000] {dagbag.py:538} INFO - Filling up the DagBag from /opt/airflow/dags/transform_silver_gold_dbt_dag.py
[2025-11-13T03:09:29.469+0000] {processor.py:840} INFO - DAG(s) 'transform_bronze_to_silver_gold' retrieved from /opt/airflow/dags/transform_silver_gold_dbt_dag.py
[2025-11-13T03:09:29.480+0000] {logging_mixin.py:188} INFO - [2025-11-13T03:09:29.480+0000] {dag.py:3036} INFO - Sync 1 DAGs
[2025-11-13T03:09:29.490+0000] {logging_mixin.py:188} INFO - [2025-11-13T03:09:29.490+0000] {dag.py:3823} INFO - Setting next_dagrun for transform_bronze_to_silver_gold to 2025-11-13 00:00:00+00:00, run_after=2025-11-13 06:00:00+00:00
[2025-11-13T03:09:29.505+0000] {processor.py:183} INFO - Processing /opt/airflow/dags/transform_silver_gold_dbt_dag.py took 0.071 seconds
[2025-11-13T03:09:59.735+0000] {processor.py:161} INFO - Started process (PID=14752) to work on /opt/airflow/dags/transform_silver_gold_dbt_dag.py
[2025-11-13T03:09:59.736+0000] {processor.py:830} INFO - Processing file /opt/airflow/dags/transform_silver_gold_dbt_dag.py for tasks to queue
[2025-11-13T03:09:59.737+0000] {logging_mixin.py:188} INFO - [2025-11-13T03:09:59.737+0000] {dagbag.py:538} INFO - Filling up the DagBag from /opt/airflow/dags/transform_silver_gold_dbt_dag.py
[2025-11-13T03:09:59.757+0000] {processor.py:840} INFO - DAG(s) 'transform_bronze_to_silver_gold' retrieved from /opt/airflow/dags/transform_silver_gold_dbt_dag.py
[2025-11-13T03:09:59.769+0000] {logging_mixin.py:188} INFO - [2025-11-13T03:09:59.768+0000] {dag.py:3036} INFO - Sync 1 DAGs
[2025-11-13T03:09:59.780+0000] {logging_mixin.py:188} INFO - [2025-11-13T03:09:59.780+0000] {dag.py:3823} INFO - Setting next_dagrun for transform_bronze_to_silver_gold to 2025-11-13 00:00:00+00:00, run_after=2025-11-13 06:00:00+00:00
[2025-11-13T03:09:59.797+0000] {processor.py:183} INFO - Processing /opt/airflow/dags/transform_silver_gold_dbt_dag.py took 0.064 seconds
[2025-11-13T03:10:30.020+0000] {processor.py:161} INFO - Started process (PID=14754) to work on /opt/airflow/dags/transform_silver_gold_dbt_dag.py
[2025-11-13T03:10:30.021+0000] {processor.py:830} INFO - Processing file /opt/airflow/dags/transform_silver_gold_dbt_dag.py for tasks to queue
[2025-11-13T03:10:30.021+0000] {logging_mixin.py:188} INFO - [2025-11-13T03:10:30.021+0000] {dagbag.py:538} INFO - Filling up the DagBag from /opt/airflow/dags/transform_silver_gold_dbt_dag.py
[2025-11-13T03:10:30.045+0000] {processor.py:840} INFO - DAG(s) 'transform_bronze_to_silver_gold' retrieved from /opt/airflow/dags/transform_silver_gold_dbt_dag.py
[2025-11-13T03:10:30.058+0000] {logging_mixin.py:188} INFO - [2025-11-13T03:10:30.057+0000] {dag.py:3036} INFO - Sync 1 DAGs
[2025-11-13T03:10:30.068+0000] {logging_mixin.py:188} INFO - [2025-11-13T03:10:30.068+0000] {dag.py:3823} INFO - Setting next_dagrun for transform_bronze_to_silver_gold to 2025-11-13 00:00:00+00:00, run_after=2025-11-13 06:00:00+00:00
[2025-11-13T03:10:30.084+0000] {processor.py:183} INFO - Processing /opt/airflow/dags/transform_silver_gold_dbt_dag.py took 0.066 seconds
[2025-11-13T03:11:00.321+0000] {processor.py:161} INFO - Started process (PID=14756) to work on /opt/airflow/dags/transform_silver_gold_dbt_dag.py
[2025-11-13T03:11:00.322+0000] {processor.py:830} INFO - Processing file /opt/airflow/dags/transform_silver_gold_dbt_dag.py for tasks to queue
[2025-11-13T03:11:00.323+0000] {logging_mixin.py:188} INFO - [2025-11-13T03:11:00.323+0000] {dagbag.py:538} INFO - Filling up the DagBag from /opt/airflow/dags/transform_silver_gold_dbt_dag.py
[2025-11-13T03:11:00.350+0000] {processor.py:840} INFO - DAG(s) 'transform_bronze_to_silver_gold' retrieved from /opt/airflow/dags/transform_silver_gold_dbt_dag.py
[2025-11-13T03:11:00.363+0000] {logging_mixin.py:188} INFO - [2025-11-13T03:11:00.363+0000] {dag.py:3036} INFO - Sync 1 DAGs
[2025-11-13T03:11:00.375+0000] {logging_mixin.py:188} INFO - [2025-11-13T03:11:00.375+0000] {dag.py:3823} INFO - Setting next_dagrun for transform_bronze_to_silver_gold to 2025-11-13 00:00:00+00:00, run_after=2025-11-13 06:00:00+00:00
[2025-11-13T03:11:00.392+0000] {processor.py:183} INFO - Processing /opt/airflow/dags/transform_silver_gold_dbt_dag.py took 0.073 seconds
[2025-11-13T03:11:30.611+0000] {processor.py:161} INFO - Started process (PID=14758) to work on /opt/airflow/dags/transform_silver_gold_dbt_dag.py
[2025-11-13T03:11:30.612+0000] {processor.py:830} INFO - Processing file /opt/airflow/dags/transform_silver_gold_dbt_dag.py for tasks to queue
[2025-11-13T03:11:30.613+0000] {logging_mixin.py:188} INFO - [2025-11-13T03:11:30.613+0000] {dagbag.py:538} INFO - Filling up the DagBag from /opt/airflow/dags/transform_silver_gold_dbt_dag.py
[2025-11-13T03:11:30.642+0000] {processor.py:840} INFO - DAG(s) 'transform_bronze_to_silver_gold' retrieved from /opt/airflow/dags/transform_silver_gold_dbt_dag.py
[2025-11-13T03:11:30.655+0000] {logging_mixin.py:188} INFO - [2025-11-13T03:11:30.654+0000] {dag.py:3036} INFO - Sync 1 DAGs
[2025-11-13T03:11:30.666+0000] {logging_mixin.py:188} INFO - [2025-11-13T03:11:30.666+0000] {dag.py:3823} INFO - Setting next_dagrun for transform_bronze_to_silver_gold to 2025-11-13 00:00:00+00:00, run_after=2025-11-13 06:00:00+00:00
[2025-11-13T03:11:30.680+0000] {processor.py:183} INFO - Processing /opt/airflow/dags/transform_silver_gold_dbt_dag.py took 0.072 seconds
[2025-11-13T03:12:00.930+0000] {processor.py:161} INFO - Started process (PID=14760) to work on /opt/airflow/dags/transform_silver_gold_dbt_dag.py
[2025-11-13T03:12:00.932+0000] {processor.py:830} INFO - Processing file /opt/airflow/dags/transform_silver_gold_dbt_dag.py for tasks to queue
[2025-11-13T03:12:00.933+0000] {logging_mixin.py:188} INFO - [2025-11-13T03:12:00.932+0000] {dagbag.py:538} INFO - Filling up the DagBag from /opt/airflow/dags/transform_silver_gold_dbt_dag.py
[2025-11-13T03:12:00.955+0000] {processor.py:840} INFO - DAG(s) 'transform_bronze_to_silver_gold' retrieved from /opt/airflow/dags/transform_silver_gold_dbt_dag.py
[2025-11-13T03:12:00.971+0000] {logging_mixin.py:188} INFO - [2025-11-13T03:12:00.971+0000] {dag.py:3036} INFO - Sync 1 DAGs
[2025-11-13T03:12:00.983+0000] {logging_mixin.py:188} INFO - [2025-11-13T03:12:00.983+0000] {dag.py:3823} INFO - Setting next_dagrun for transform_bronze_to_silver_gold to 2025-11-13 00:00:00+00:00, run_after=2025-11-13 06:00:00+00:00
[2025-11-13T03:12:01.005+0000] {processor.py:183} INFO - Processing /opt/airflow/dags/transform_silver_gold_dbt_dag.py took 0.077 seconds
[2025-11-13T03:12:31.237+0000] {processor.py:161} INFO - Started process (PID=14762) to work on /opt/airflow/dags/transform_silver_gold_dbt_dag.py
[2025-11-13T03:12:31.238+0000] {processor.py:830} INFO - Processing file /opt/airflow/dags/transform_silver_gold_dbt_dag.py for tasks to queue
[2025-11-13T03:12:31.239+0000] {logging_mixin.py:188} INFO - [2025-11-13T03:12:31.239+0000] {dagbag.py:538} INFO - Filling up the DagBag from /opt/airflow/dags/transform_silver_gold_dbt_dag.py
[2025-11-13T03:12:31.266+0000] {processor.py:840} INFO - DAG(s) 'transform_bronze_to_silver_gold' retrieved from /opt/airflow/dags/transform_silver_gold_dbt_dag.py
[2025-11-13T03:12:31.279+0000] {logging_mixin.py:188} INFO - [2025-11-13T03:12:31.279+0000] {dag.py:3036} INFO - Sync 1 DAGs
[2025-11-13T03:12:31.291+0000] {logging_mixin.py:188} INFO - [2025-11-13T03:12:31.291+0000] {dag.py:3823} INFO - Setting next_dagrun for transform_bronze_to_silver_gold to 2025-11-13 00:00:00+00:00, run_after=2025-11-13 06:00:00+00:00
[2025-11-13T03:12:31.304+0000] {processor.py:183} INFO - Processing /opt/airflow/dags/transform_silver_gold_dbt_dag.py took 0.069 seconds
[2025-11-13T03:13:01.547+0000] {processor.py:161} INFO - Started process (PID=14764) to work on /opt/airflow/dags/transform_silver_gold_dbt_dag.py
[2025-11-13T03:13:01.548+0000] {processor.py:830} INFO - Processing file /opt/airflow/dags/transform_silver_gold_dbt_dag.py for tasks to queue
[2025-11-13T03:13:01.549+0000] {logging_mixin.py:188} INFO - [2025-11-13T03:13:01.549+0000] {dagbag.py:538} INFO - Filling up the DagBag from /opt/airflow/dags/transform_silver_gold_dbt_dag.py
[2025-11-13T03:13:01.567+0000] {processor.py:840} INFO - DAG(s) 'transform_bronze_to_silver_gold' retrieved from /opt/airflow/dags/transform_silver_gold_dbt_dag.py
[2025-11-13T03:13:01.581+0000] {logging_mixin.py:188} INFO - [2025-11-13T03:13:01.581+0000] {dag.py:3036} INFO - Sync 1 DAGs
[2025-11-13T03:13:01.593+0000] {logging_mixin.py:188} INFO - [2025-11-13T03:13:01.593+0000] {dag.py:3823} INFO - Setting next_dagrun for transform_bronze_to_silver_gold to 2025-11-13 00:00:00+00:00, run_after=2025-11-13 06:00:00+00:00
[2025-11-13T03:13:01.610+0000] {processor.py:183} INFO - Processing /opt/airflow/dags/transform_silver_gold_dbt_dag.py took 0.065 seconds
[2025-11-13T03:13:31.847+0000] {processor.py:161} INFO - Started process (PID=14766) to work on /opt/airflow/dags/transform_silver_gold_dbt_dag.py
[2025-11-13T03:13:31.849+0000] {processor.py:830} INFO - Processing file /opt/airflow/dags/transform_silver_gold_dbt_dag.py for tasks to queue
[2025-11-13T03:13:31.850+0000] {logging_mixin.py:188} INFO - [2025-11-13T03:13:31.849+0000] {dagbag.py:538} INFO - Filling up the DagBag from /opt/airflow/dags/transform_silver_gold_dbt_dag.py
[2025-11-13T03:13:31.874+0000] {processor.py:840} INFO - DAG(s) 'transform_bronze_to_silver_gold' retrieved from /opt/airflow/dags/transform_silver_gold_dbt_dag.py
[2025-11-13T03:13:31.888+0000] {logging_mixin.py:188} INFO - [2025-11-13T03:13:31.888+0000] {dag.py:3036} INFO - Sync 1 DAGs
[2025-11-13T03:13:31.900+0000] {logging_mixin.py:188} INFO - [2025-11-13T03:13:31.900+0000] {dag.py:3823} INFO - Setting next_dagrun for transform_bronze_to_silver_gold to 2025-11-13 00:00:00+00:00, run_after=2025-11-13 06:00:00+00:00
[2025-11-13T03:13:31.915+0000] {processor.py:183} INFO - Processing /opt/airflow/dags/transform_silver_gold_dbt_dag.py took 0.070 seconds
[2025-11-13T03:14:02.161+0000] {processor.py:161} INFO - Started process (PID=14768) to work on /opt/airflow/dags/transform_silver_gold_dbt_dag.py
[2025-11-13T03:14:02.163+0000] {processor.py:830} INFO - Processing file /opt/airflow/dags/transform_silver_gold_dbt_dag.py for tasks to queue
[2025-11-13T03:14:02.164+0000] {logging_mixin.py:188} INFO - [2025-11-13T03:14:02.164+0000] {dagbag.py:538} INFO - Filling up the DagBag from /opt/airflow/dags/transform_silver_gold_dbt_dag.py
[2025-11-13T03:14:02.196+0000] {processor.py:840} INFO - DAG(s) 'transform_bronze_to_silver_gold' retrieved from /opt/airflow/dags/transform_silver_gold_dbt_dag.py
[2025-11-13T03:14:02.212+0000] {logging_mixin.py:188} INFO - [2025-11-13T03:14:02.212+0000] {dag.py:3036} INFO - Sync 1 DAGs
[2025-11-13T03:14:02.225+0000] {logging_mixin.py:188} INFO - [2025-11-13T03:14:02.225+0000] {dag.py:3823} INFO - Setting next_dagrun for transform_bronze_to_silver_gold to 2025-11-13 00:00:00+00:00, run_after=2025-11-13 06:00:00+00:00
[2025-11-13T03:14:02.245+0000] {processor.py:183} INFO - Processing /opt/airflow/dags/transform_silver_gold_dbt_dag.py took 0.085 seconds
[2025-11-13T03:14:32.537+0000] {processor.py:161} INFO - Started process (PID=14770) to work on /opt/airflow/dags/transform_silver_gold_dbt_dag.py
[2025-11-13T03:14:32.539+0000] {processor.py:830} INFO - Processing file /opt/airflow/dags/transform_silver_gold_dbt_dag.py for tasks to queue
[2025-11-13T03:14:32.540+0000] {logging_mixin.py:188} INFO - [2025-11-13T03:14:32.539+0000] {dagbag.py:538} INFO - Filling up the DagBag from /opt/airflow/dags/transform_silver_gold_dbt_dag.py
[2025-11-13T03:14:32.567+0000] {processor.py:840} INFO - DAG(s) 'transform_bronze_to_silver_gold' retrieved from /opt/airflow/dags/transform_silver_gold_dbt_dag.py
[2025-11-13T03:14:32.585+0000] {logging_mixin.py:188} INFO - [2025-11-13T03:14:32.584+0000] {dag.py:3036} INFO - Sync 1 DAGs
[2025-11-13T03:14:32.598+0000] {logging_mixin.py:188} INFO - [2025-11-13T03:14:32.598+0000] {dag.py:3823} INFO - Setting next_dagrun for transform_bronze_to_silver_gold to 2025-11-13 00:00:00+00:00, run_after=2025-11-13 06:00:00+00:00
[2025-11-13T03:14:32.615+0000] {processor.py:183} INFO - Processing /opt/airflow/dags/transform_silver_gold_dbt_dag.py took 0.080 seconds
[2025-11-13T03:15:02.839+0000] {processor.py:161} INFO - Started process (PID=14773) to work on /opt/airflow/dags/transform_silver_gold_dbt_dag.py
[2025-11-13T03:15:02.840+0000] {processor.py:830} INFO - Processing file /opt/airflow/dags/transform_silver_gold_dbt_dag.py for tasks to queue
[2025-11-13T03:15:02.842+0000] {logging_mixin.py:188} INFO - [2025-11-13T03:15:02.841+0000] {dagbag.py:538} INFO - Filling up the DagBag from /opt/airflow/dags/transform_silver_gold_dbt_dag.py
[2025-11-13T03:15:02.869+0000] {processor.py:840} INFO - DAG(s) 'transform_bronze_to_silver_gold' retrieved from /opt/airflow/dags/transform_silver_gold_dbt_dag.py
[2025-11-13T03:15:02.887+0000] {logging_mixin.py:188} INFO - [2025-11-13T03:15:02.887+0000] {dag.py:3036} INFO - Sync 1 DAGs
[2025-11-13T03:15:02.902+0000] {logging_mixin.py:188} INFO - [2025-11-13T03:15:02.902+0000] {dag.py:3823} INFO - Setting next_dagrun for transform_bronze_to_silver_gold to 2025-11-13 00:00:00+00:00, run_after=2025-11-13 06:00:00+00:00
[2025-11-13T03:15:02.922+0000] {processor.py:183} INFO - Processing /opt/airflow/dags/transform_silver_gold_dbt_dag.py took 0.086 seconds
[2025-11-13T03:15:33.225+0000] {processor.py:161} INFO - Started process (PID=14775) to work on /opt/airflow/dags/transform_silver_gold_dbt_dag.py
[2025-11-13T03:15:33.226+0000] {processor.py:830} INFO - Processing file /opt/airflow/dags/transform_silver_gold_dbt_dag.py for tasks to queue
[2025-11-13T03:15:33.227+0000] {logging_mixin.py:188} INFO - [2025-11-13T03:15:33.227+0000] {dagbag.py:538} INFO - Filling up the DagBag from /opt/airflow/dags/transform_silver_gold_dbt_dag.py
[2025-11-13T03:15:33.243+0000] {processor.py:840} INFO - DAG(s) 'transform_bronze_to_silver_gold' retrieved from /opt/airflow/dags/transform_silver_gold_dbt_dag.py
[2025-11-13T03:15:33.255+0000] {logging_mixin.py:188} INFO - [2025-11-13T03:15:33.255+0000] {dag.py:3036} INFO - Sync 1 DAGs
[2025-11-13T03:15:33.267+0000] {logging_mixin.py:188} INFO - [2025-11-13T03:15:33.266+0000] {dag.py:3823} INFO - Setting next_dagrun for transform_bronze_to_silver_gold to 2025-11-13 00:00:00+00:00, run_after=2025-11-13 06:00:00+00:00
[2025-11-13T03:15:33.283+0000] {processor.py:183} INFO - Processing /opt/airflow/dags/transform_silver_gold_dbt_dag.py took 0.060 seconds
[2025-11-13T03:16:03.503+0000] {processor.py:161} INFO - Started process (PID=14777) to work on /opt/airflow/dags/transform_silver_gold_dbt_dag.py
[2025-11-13T03:16:03.505+0000] {processor.py:830} INFO - Processing file /opt/airflow/dags/transform_silver_gold_dbt_dag.py for tasks to queue
[2025-11-13T03:16:03.506+0000] {logging_mixin.py:188} INFO - [2025-11-13T03:16:03.506+0000] {dagbag.py:538} INFO - Filling up the DagBag from /opt/airflow/dags/transform_silver_gold_dbt_dag.py
[2025-11-13T03:16:03.524+0000] {processor.py:840} INFO - DAG(s) 'transform_bronze_to_silver_gold' retrieved from /opt/airflow/dags/transform_silver_gold_dbt_dag.py
[2025-11-13T03:16:03.536+0000] {logging_mixin.py:188} INFO - [2025-11-13T03:16:03.535+0000] {dag.py:3036} INFO - Sync 1 DAGs
[2025-11-13T03:16:03.545+0000] {logging_mixin.py:188} INFO - [2025-11-13T03:16:03.545+0000] {dag.py:3823} INFO - Setting next_dagrun for transform_bronze_to_silver_gold to 2025-11-13 00:00:00+00:00, run_after=2025-11-13 06:00:00+00:00
[2025-11-13T03:16:03.561+0000] {processor.py:183} INFO - Processing /opt/airflow/dags/transform_silver_gold_dbt_dag.py took 0.059 seconds
[2025-11-13T03:16:33.809+0000] {processor.py:161} INFO - Started process (PID=14779) to work on /opt/airflow/dags/transform_silver_gold_dbt_dag.py
[2025-11-13T03:16:33.810+0000] {processor.py:830} INFO - Processing file /opt/airflow/dags/transform_silver_gold_dbt_dag.py for tasks to queue
[2025-11-13T03:16:33.812+0000] {logging_mixin.py:188} INFO - [2025-11-13T03:16:33.812+0000] {dagbag.py:538} INFO - Filling up the DagBag from /opt/airflow/dags/transform_silver_gold_dbt_dag.py
[2025-11-13T03:16:33.836+0000] {processor.py:840} INFO - DAG(s) 'transform_bronze_to_silver_gold' retrieved from /opt/airflow/dags/transform_silver_gold_dbt_dag.py
[2025-11-13T03:16:33.849+0000] {logging_mixin.py:188} INFO - [2025-11-13T03:16:33.849+0000] {dag.py:3036} INFO - Sync 1 DAGs
[2025-11-13T03:16:33.861+0000] {logging_mixin.py:188} INFO - [2025-11-13T03:16:33.860+0000] {dag.py:3823} INFO - Setting next_dagrun for transform_bronze_to_silver_gold to 2025-11-13 00:00:00+00:00, run_after=2025-11-13 06:00:00+00:00
[2025-11-13T03:16:33.877+0000] {processor.py:183} INFO - Processing /opt/airflow/dags/transform_silver_gold_dbt_dag.py took 0.070 seconds
[2025-11-13T03:17:04.075+0000] {processor.py:161} INFO - Started process (PID=14781) to work on /opt/airflow/dags/transform_silver_gold_dbt_dag.py
[2025-11-13T03:17:04.076+0000] {processor.py:830} INFO - Processing file /opt/airflow/dags/transform_silver_gold_dbt_dag.py for tasks to queue
[2025-11-13T03:17:04.077+0000] {logging_mixin.py:188} INFO - [2025-11-13T03:17:04.077+0000] {dagbag.py:538} INFO - Filling up the DagBag from /opt/airflow/dags/transform_silver_gold_dbt_dag.py
[2025-11-13T03:17:04.101+0000] {processor.py:840} INFO - DAG(s) 'transform_bronze_to_silver_gold' retrieved from /opt/airflow/dags/transform_silver_gold_dbt_dag.py
[2025-11-13T03:17:04.113+0000] {logging_mixin.py:188} INFO - [2025-11-13T03:17:04.113+0000] {dag.py:3036} INFO - Sync 1 DAGs
[2025-11-13T03:17:04.124+0000] {logging_mixin.py:188} INFO - [2025-11-13T03:17:04.124+0000] {dag.py:3823} INFO - Setting next_dagrun for transform_bronze_to_silver_gold to 2025-11-13 00:00:00+00:00, run_after=2025-11-13 06:00:00+00:00
[2025-11-13T03:17:04.138+0000] {processor.py:183} INFO - Processing /opt/airflow/dags/transform_silver_gold_dbt_dag.py took 0.066 seconds
[2025-11-13T03:17:34.374+0000] {processor.py:161} INFO - Started process (PID=14783) to work on /opt/airflow/dags/transform_silver_gold_dbt_dag.py
[2025-11-13T03:17:34.375+0000] {processor.py:830} INFO - Processing file /opt/airflow/dags/transform_silver_gold_dbt_dag.py for tasks to queue
[2025-11-13T03:17:34.376+0000] {logging_mixin.py:188} INFO - [2025-11-13T03:17:34.376+0000] {dagbag.py:538} INFO - Filling up the DagBag from /opt/airflow/dags/transform_silver_gold_dbt_dag.py
[2025-11-13T03:17:34.396+0000] {processor.py:840} INFO - DAG(s) 'transform_bronze_to_silver_gold' retrieved from /opt/airflow/dags/transform_silver_gold_dbt_dag.py
[2025-11-13T03:17:34.411+0000] {logging_mixin.py:188} INFO - [2025-11-13T03:17:34.411+0000] {dag.py:3036} INFO - Sync 1 DAGs
[2025-11-13T03:17:34.424+0000] {logging_mixin.py:188} INFO - [2025-11-13T03:17:34.424+0000] {dag.py:3823} INFO - Setting next_dagrun for transform_bronze_to_silver_gold to 2025-11-13 00:00:00+00:00, run_after=2025-11-13 06:00:00+00:00
[2025-11-13T03:17:34.439+0000] {processor.py:183} INFO - Processing /opt/airflow/dags/transform_silver_gold_dbt_dag.py took 0.067 seconds
[2025-11-13T03:18:04.681+0000] {processor.py:161} INFO - Started process (PID=14785) to work on /opt/airflow/dags/transform_silver_gold_dbt_dag.py
[2025-11-13T03:18:04.682+0000] {processor.py:830} INFO - Processing file /opt/airflow/dags/transform_silver_gold_dbt_dag.py for tasks to queue
[2025-11-13T03:18:04.684+0000] {logging_mixin.py:188} INFO - [2025-11-13T03:18:04.683+0000] {dagbag.py:538} INFO - Filling up the DagBag from /opt/airflow/dags/transform_silver_gold_dbt_dag.py
[2025-11-13T03:18:04.715+0000] {processor.py:840} INFO - DAG(s) 'transform_bronze_to_silver_gold' retrieved from /opt/airflow/dags/transform_silver_gold_dbt_dag.py
[2025-11-13T03:18:04.730+0000] {logging_mixin.py:188} INFO - [2025-11-13T03:18:04.730+0000] {dag.py:3036} INFO - Sync 1 DAGs
[2025-11-13T03:18:04.743+0000] {logging_mixin.py:188} INFO - [2025-11-13T03:18:04.743+0000] {dag.py:3823} INFO - Setting next_dagrun for transform_bronze_to_silver_gold to 2025-11-13 00:00:00+00:00, run_after=2025-11-13 06:00:00+00:00
[2025-11-13T03:18:04.760+0000] {processor.py:183} INFO - Processing /opt/airflow/dags/transform_silver_gold_dbt_dag.py took 0.081 seconds
[2025-11-13T03:18:35.069+0000] {processor.py:161} INFO - Started process (PID=14787) to work on /opt/airflow/dags/transform_silver_gold_dbt_dag.py
[2025-11-13T03:18:35.070+0000] {processor.py:830} INFO - Processing file /opt/airflow/dags/transform_silver_gold_dbt_dag.py for tasks to queue
[2025-11-13T03:18:35.071+0000] {logging_mixin.py:188} INFO - [2025-11-13T03:18:35.071+0000] {dagbag.py:538} INFO - Filling up the DagBag from /opt/airflow/dags/transform_silver_gold_dbt_dag.py
[2025-11-13T03:18:35.096+0000] {processor.py:840} INFO - DAG(s) 'transform_bronze_to_silver_gold' retrieved from /opt/airflow/dags/transform_silver_gold_dbt_dag.py
[2025-11-13T03:18:35.110+0000] {logging_mixin.py:188} INFO - [2025-11-13T03:18:35.110+0000] {dag.py:3036} INFO - Sync 1 DAGs
[2025-11-13T03:18:35.123+0000] {logging_mixin.py:188} INFO - [2025-11-13T03:18:35.122+0000] {dag.py:3823} INFO - Setting next_dagrun for transform_bronze_to_silver_gold to 2025-11-13 00:00:00+00:00, run_after=2025-11-13 06:00:00+00:00
[2025-11-13T03:18:35.140+0000] {processor.py:183} INFO - Processing /opt/airflow/dags/transform_silver_gold_dbt_dag.py took 0.074 seconds
[2025-11-13T03:19:05.384+0000] {processor.py:161} INFO - Started process (PID=14789) to work on /opt/airflow/dags/transform_silver_gold_dbt_dag.py
[2025-11-13T03:19:05.385+0000] {processor.py:830} INFO - Processing file /opt/airflow/dags/transform_silver_gold_dbt_dag.py for tasks to queue
[2025-11-13T03:19:05.387+0000] {logging_mixin.py:188} INFO - [2025-11-13T03:19:05.386+0000] {dagbag.py:538} INFO - Filling up the DagBag from /opt/airflow/dags/transform_silver_gold_dbt_dag.py
[2025-11-13T03:19:05.406+0000] {processor.py:840} INFO - DAG(s) 'transform_bronze_to_silver_gold' retrieved from /opt/airflow/dags/transform_silver_gold_dbt_dag.py
[2025-11-13T03:19:05.421+0000] {logging_mixin.py:188} INFO - [2025-11-13T03:19:05.421+0000] {dag.py:3036} INFO - Sync 1 DAGs
[2025-11-13T03:19:05.433+0000] {logging_mixin.py:188} INFO - [2025-11-13T03:19:05.433+0000] {dag.py:3823} INFO - Setting next_dagrun for transform_bronze_to_silver_gold to 2025-11-13 00:00:00+00:00, run_after=2025-11-13 06:00:00+00:00
[2025-11-13T03:19:05.449+0000] {processor.py:183} INFO - Processing /opt/airflow/dags/transform_silver_gold_dbt_dag.py took 0.066 seconds
[2025-11-13T03:19:35.665+0000] {processor.py:161} INFO - Started process (PID=14791) to work on /opt/airflow/dags/transform_silver_gold_dbt_dag.py
[2025-11-13T03:19:35.666+0000] {processor.py:830} INFO - Processing file /opt/airflow/dags/transform_silver_gold_dbt_dag.py for tasks to queue
[2025-11-13T03:19:35.667+0000] {logging_mixin.py:188} INFO - [2025-11-13T03:19:35.667+0000] {dagbag.py:538} INFO - Filling up the DagBag from /opt/airflow/dags/transform_silver_gold_dbt_dag.py
[2025-11-13T03:19:35.692+0000] {processor.py:840} INFO - DAG(s) 'transform_bronze_to_silver_gold' retrieved from /opt/airflow/dags/transform_silver_gold_dbt_dag.py
[2025-11-13T03:19:35.705+0000] {logging_mixin.py:188} INFO - [2025-11-13T03:19:35.705+0000] {dag.py:3036} INFO - Sync 1 DAGs
[2025-11-13T03:19:35.718+0000] {logging_mixin.py:188} INFO - [2025-11-13T03:19:35.718+0000] {dag.py:3823} INFO - Setting next_dagrun for transform_bronze_to_silver_gold to 2025-11-13 00:00:00+00:00, run_after=2025-11-13 06:00:00+00:00
[2025-11-13T03:19:35.736+0000] {processor.py:183} INFO - Processing /opt/airflow/dags/transform_silver_gold_dbt_dag.py took 0.073 seconds
[2025-11-13T03:20:05.969+0000] {processor.py:161} INFO - Started process (PID=14793) to work on /opt/airflow/dags/transform_silver_gold_dbt_dag.py
[2025-11-13T03:20:05.970+0000] {processor.py:830} INFO - Processing file /opt/airflow/dags/transform_silver_gold_dbt_dag.py for tasks to queue
[2025-11-13T03:20:05.972+0000] {logging_mixin.py:188} INFO - [2025-11-13T03:20:05.971+0000] {dagbag.py:538} INFO - Filling up the DagBag from /opt/airflow/dags/transform_silver_gold_dbt_dag.py
[2025-11-13T03:20:05.997+0000] {processor.py:840} INFO - DAG(s) 'transform_bronze_to_silver_gold' retrieved from /opt/airflow/dags/transform_silver_gold_dbt_dag.py
[2025-11-13T03:20:06.011+0000] {logging_mixin.py:188} INFO - [2025-11-13T03:20:06.010+0000] {dag.py:3036} INFO - Sync 1 DAGs
[2025-11-13T03:20:06.022+0000] {logging_mixin.py:188} INFO - [2025-11-13T03:20:06.022+0000] {dag.py:3823} INFO - Setting next_dagrun for transform_bronze_to_silver_gold to 2025-11-13 00:00:00+00:00, run_after=2025-11-13 06:00:00+00:00
[2025-11-13T03:20:06.038+0000] {processor.py:183} INFO - Processing /opt/airflow/dags/transform_silver_gold_dbt_dag.py took 0.071 seconds
[2025-11-13T03:20:36.278+0000] {processor.py:161} INFO - Started process (PID=14795) to work on /opt/airflow/dags/transform_silver_gold_dbt_dag.py
[2025-11-13T03:20:36.280+0000] {processor.py:830} INFO - Processing file /opt/airflow/dags/transform_silver_gold_dbt_dag.py for tasks to queue
[2025-11-13T03:20:36.281+0000] {logging_mixin.py:188} INFO - [2025-11-13T03:20:36.280+0000] {dagbag.py:538} INFO - Filling up the DagBag from /opt/airflow/dags/transform_silver_gold_dbt_dag.py
[2025-11-13T03:20:36.311+0000] {processor.py:840} INFO - DAG(s) 'transform_bronze_to_silver_gold' retrieved from /opt/airflow/dags/transform_silver_gold_dbt_dag.py
[2025-11-13T03:20:36.326+0000] {logging_mixin.py:188} INFO - [2025-11-13T03:20:36.326+0000] {dag.py:3036} INFO - Sync 1 DAGs
[2025-11-13T03:20:36.339+0000] {logging_mixin.py:188} INFO - [2025-11-13T03:20:36.339+0000] {dag.py:3823} INFO - Setting next_dagrun for transform_bronze_to_silver_gold to 2025-11-13 00:00:00+00:00, run_after=2025-11-13 06:00:00+00:00
[2025-11-13T03:20:36.359+0000] {processor.py:183} INFO - Processing /opt/airflow/dags/transform_silver_gold_dbt_dag.py took 0.083 seconds
[2025-11-13T03:21:06.539+0000] {processor.py:161} INFO - Started process (PID=14797) to work on /opt/airflow/dags/transform_silver_gold_dbt_dag.py
[2025-11-13T03:21:06.540+0000] {processor.py:830} INFO - Processing file /opt/airflow/dags/transform_silver_gold_dbt_dag.py for tasks to queue
[2025-11-13T03:21:06.541+0000] {logging_mixin.py:188} INFO - [2025-11-13T03:21:06.540+0000] {dagbag.py:538} INFO - Filling up the DagBag from /opt/airflow/dags/transform_silver_gold_dbt_dag.py
[2025-11-13T03:21:06.559+0000] {processor.py:840} INFO - DAG(s) 'transform_bronze_to_silver_gold' retrieved from /opt/airflow/dags/transform_silver_gold_dbt_dag.py
[2025-11-13T03:21:06.575+0000] {logging_mixin.py:188} INFO - [2025-11-13T03:21:06.574+0000] {dag.py:3036} INFO - Sync 1 DAGs
[2025-11-13T03:21:06.587+0000] {logging_mixin.py:188} INFO - [2025-11-13T03:21:06.587+0000] {dag.py:3823} INFO - Setting next_dagrun for transform_bronze_to_silver_gold to 2025-11-13 00:00:00+00:00, run_after=2025-11-13 06:00:00+00:00
[2025-11-13T03:21:06.600+0000] {processor.py:183} INFO - Processing /opt/airflow/dags/transform_silver_gold_dbt_dag.py took 0.063 seconds
[2025-11-13T03:21:36.732+0000] {processor.py:161} INFO - Started process (PID=14799) to work on /opt/airflow/dags/transform_silver_gold_dbt_dag.py
[2025-11-13T03:21:36.733+0000] {processor.py:830} INFO - Processing file /opt/airflow/dags/transform_silver_gold_dbt_dag.py for tasks to queue
[2025-11-13T03:21:36.735+0000] {logging_mixin.py:188} INFO - [2025-11-13T03:21:36.734+0000] {dagbag.py:538} INFO - Filling up the DagBag from /opt/airflow/dags/transform_silver_gold_dbt_dag.py
[2025-11-13T03:21:36.756+0000] {processor.py:840} INFO - DAG(s) 'transform_bronze_to_silver_gold' retrieved from /opt/airflow/dags/transform_silver_gold_dbt_dag.py
[2025-11-13T03:21:36.767+0000] {logging_mixin.py:188} INFO - [2025-11-13T03:21:36.767+0000] {dag.py:3036} INFO - Sync 1 DAGs
[2025-11-13T03:21:36.780+0000] {logging_mixin.py:188} INFO - [2025-11-13T03:21:36.780+0000] {dag.py:3823} INFO - Setting next_dagrun for transform_bronze_to_silver_gold to 2025-11-13 00:00:00+00:00, run_after=2025-11-13 06:00:00+00:00
[2025-11-13T03:21:36.808+0000] {processor.py:183} INFO - Processing /opt/airflow/dags/transform_silver_gold_dbt_dag.py took 0.078 seconds
[2025-11-13T03:22:06.896+0000] {processor.py:161} INFO - Started process (PID=14801) to work on /opt/airflow/dags/transform_silver_gold_dbt_dag.py
[2025-11-13T03:22:06.897+0000] {processor.py:830} INFO - Processing file /opt/airflow/dags/transform_silver_gold_dbt_dag.py for tasks to queue
[2025-11-13T03:22:06.898+0000] {logging_mixin.py:188} INFO - [2025-11-13T03:22:06.898+0000] {dagbag.py:538} INFO - Filling up the DagBag from /opt/airflow/dags/transform_silver_gold_dbt_dag.py
[2025-11-13T03:22:06.914+0000] {processor.py:840} INFO - DAG(s) 'transform_bronze_to_silver_gold' retrieved from /opt/airflow/dags/transform_silver_gold_dbt_dag.py
[2025-11-13T03:22:06.928+0000] {logging_mixin.py:188} INFO - [2025-11-13T03:22:06.928+0000] {dag.py:3036} INFO - Sync 1 DAGs
[2025-11-13T03:22:06.940+0000] {logging_mixin.py:188} INFO - [2025-11-13T03:22:06.939+0000] {dag.py:3823} INFO - Setting next_dagrun for transform_bronze_to_silver_gold to 2025-11-13 00:00:00+00:00, run_after=2025-11-13 06:00:00+00:00
[2025-11-13T03:22:06.953+0000] {processor.py:183} INFO - Processing /opt/airflow/dags/transform_silver_gold_dbt_dag.py took 0.061 seconds
[2025-11-13T03:22:37.067+0000] {processor.py:161} INFO - Started process (PID=14803) to work on /opt/airflow/dags/transform_silver_gold_dbt_dag.py
[2025-11-13T03:22:37.069+0000] {processor.py:830} INFO - Processing file /opt/airflow/dags/transform_silver_gold_dbt_dag.py for tasks to queue
[2025-11-13T03:22:37.070+0000] {logging_mixin.py:188} INFO - [2025-11-13T03:22:37.070+0000] {dagbag.py:538} INFO - Filling up the DagBag from /opt/airflow/dags/transform_silver_gold_dbt_dag.py
[2025-11-13T03:22:37.096+0000] {processor.py:840} INFO - DAG(s) 'transform_bronze_to_silver_gold' retrieved from /opt/airflow/dags/transform_silver_gold_dbt_dag.py
[2025-11-13T03:22:37.112+0000] {logging_mixin.py:188} INFO - [2025-11-13T03:22:37.112+0000] {dag.py:3036} INFO - Sync 1 DAGs
[2025-11-13T03:22:37.126+0000] {logging_mixin.py:188} INFO - [2025-11-13T03:22:37.125+0000] {dag.py:3823} INFO - Setting next_dagrun for transform_bronze_to_silver_gold to 2025-11-13 00:00:00+00:00, run_after=2025-11-13 06:00:00+00:00
[2025-11-13T03:22:37.141+0000] {processor.py:183} INFO - Processing /opt/airflow/dags/transform_silver_gold_dbt_dag.py took 0.076 seconds
[2025-11-13T03:23:07.227+0000] {processor.py:161} INFO - Started process (PID=14805) to work on /opt/airflow/dags/transform_silver_gold_dbt_dag.py
[2025-11-13T03:23:07.228+0000] {processor.py:830} INFO - Processing file /opt/airflow/dags/transform_silver_gold_dbt_dag.py for tasks to queue
[2025-11-13T03:23:07.229+0000] {logging_mixin.py:188} INFO - [2025-11-13T03:23:07.229+0000] {dagbag.py:538} INFO - Filling up the DagBag from /opt/airflow/dags/transform_silver_gold_dbt_dag.py
[2025-11-13T03:23:07.254+0000] {processor.py:840} INFO - DAG(s) 'transform_bronze_to_silver_gold' retrieved from /opt/airflow/dags/transform_silver_gold_dbt_dag.py
[2025-11-13T03:23:07.266+0000] {logging_mixin.py:188} INFO - [2025-11-13T03:23:07.266+0000] {dag.py:3036} INFO - Sync 1 DAGs
[2025-11-13T03:23:07.278+0000] {logging_mixin.py:188} INFO - [2025-11-13T03:23:07.278+0000] {dag.py:3823} INFO - Setting next_dagrun for transform_bronze_to_silver_gold to 2025-11-13 00:00:00+00:00, run_after=2025-11-13 06:00:00+00:00
[2025-11-13T03:23:07.293+0000] {processor.py:183} INFO - Processing /opt/airflow/dags/transform_silver_gold_dbt_dag.py took 0.068 seconds
[2025-11-13T03:23:37.411+0000] {processor.py:161} INFO - Started process (PID=14807) to work on /opt/airflow/dags/transform_silver_gold_dbt_dag.py
[2025-11-13T03:23:37.412+0000] {processor.py:830} INFO - Processing file /opt/airflow/dags/transform_silver_gold_dbt_dag.py for tasks to queue
[2025-11-13T03:23:37.413+0000] {logging_mixin.py:188} INFO - [2025-11-13T03:23:37.413+0000] {dagbag.py:538} INFO - Filling up the DagBag from /opt/airflow/dags/transform_silver_gold_dbt_dag.py
[2025-11-13T03:23:37.446+0000] {processor.py:840} INFO - DAG(s) 'transform_bronze_to_silver_gold' retrieved from /opt/airflow/dags/transform_silver_gold_dbt_dag.py
[2025-11-13T03:23:37.461+0000] {logging_mixin.py:188} INFO - [2025-11-13T03:23:37.461+0000] {dag.py:3036} INFO - Sync 1 DAGs
[2025-11-13T03:23:37.475+0000] {logging_mixin.py:188} INFO - [2025-11-13T03:23:37.475+0000] {dag.py:3823} INFO - Setting next_dagrun for transform_bronze_to_silver_gold to 2025-11-13 00:00:00+00:00, run_after=2025-11-13 06:00:00+00:00
[2025-11-13T03:23:37.493+0000] {processor.py:183} INFO - Processing /opt/airflow/dags/transform_silver_gold_dbt_dag.py took 0.084 seconds
[2025-11-13T03:24:07.663+0000] {processor.py:161} INFO - Started process (PID=14809) to work on /opt/airflow/dags/transform_silver_gold_dbt_dag.py
[2025-11-13T03:24:07.665+0000] {processor.py:830} INFO - Processing file /opt/airflow/dags/transform_silver_gold_dbt_dag.py for tasks to queue
[2025-11-13T03:24:07.666+0000] {logging_mixin.py:188} INFO - [2025-11-13T03:24:07.665+0000] {dagbag.py:538} INFO - Filling up the DagBag from /opt/airflow/dags/transform_silver_gold_dbt_dag.py
[2025-11-13T03:24:07.690+0000] {processor.py:840} INFO - DAG(s) 'transform_bronze_to_silver_gold' retrieved from /opt/airflow/dags/transform_silver_gold_dbt_dag.py
[2025-11-13T03:24:07.704+0000] {logging_mixin.py:188} INFO - [2025-11-13T03:24:07.704+0000] {dag.py:3036} INFO - Sync 1 DAGs
[2025-11-13T03:24:07.715+0000] {logging_mixin.py:188} INFO - [2025-11-13T03:24:07.715+0000] {dag.py:3823} INFO - Setting next_dagrun for transform_bronze_to_silver_gold to 2025-11-13 00:00:00+00:00, run_after=2025-11-13 06:00:00+00:00
[2025-11-13T03:24:07.730+0000] {processor.py:183} INFO - Processing /opt/airflow/dags/transform_silver_gold_dbt_dag.py took 0.068 seconds
[2025-11-13T03:24:37.821+0000] {processor.py:161} INFO - Started process (PID=14811) to work on /opt/airflow/dags/transform_silver_gold_dbt_dag.py
[2025-11-13T03:24:37.823+0000] {processor.py:830} INFO - Processing file /opt/airflow/dags/transform_silver_gold_dbt_dag.py for tasks to queue
[2025-11-13T03:24:37.823+0000] {logging_mixin.py:188} INFO - [2025-11-13T03:24:37.823+0000] {dagbag.py:538} INFO - Filling up the DagBag from /opt/airflow/dags/transform_silver_gold_dbt_dag.py
[2025-11-13T03:24:37.841+0000] {processor.py:840} INFO - DAG(s) 'transform_bronze_to_silver_gold' retrieved from /opt/airflow/dags/transform_silver_gold_dbt_dag.py
[2025-11-13T03:24:37.856+0000] {logging_mixin.py:188} INFO - [2025-11-13T03:24:37.856+0000] {dag.py:3036} INFO - Sync 1 DAGs
[2025-11-13T03:24:37.868+0000] {logging_mixin.py:188} INFO - [2025-11-13T03:24:37.868+0000] {dag.py:3823} INFO - Setting next_dagrun for transform_bronze_to_silver_gold to 2025-11-13 00:00:00+00:00, run_after=2025-11-13 06:00:00+00:00
[2025-11-13T03:24:37.884+0000] {processor.py:183} INFO - Processing /opt/airflow/dags/transform_silver_gold_dbt_dag.py took 0.065 seconds
[2025-11-13T03:25:07.990+0000] {processor.py:161} INFO - Started process (PID=14813) to work on /opt/airflow/dags/transform_silver_gold_dbt_dag.py
[2025-11-13T03:25:07.992+0000] {processor.py:830} INFO - Processing file /opt/airflow/dags/transform_silver_gold_dbt_dag.py for tasks to queue
[2025-11-13T03:25:07.992+0000] {logging_mixin.py:188} INFO - [2025-11-13T03:25:07.992+0000] {dagbag.py:538} INFO - Filling up the DagBag from /opt/airflow/dags/transform_silver_gold_dbt_dag.py
[2025-11-13T03:25:08.017+0000] {processor.py:840} INFO - DAG(s) 'transform_bronze_to_silver_gold' retrieved from /opt/airflow/dags/transform_silver_gold_dbt_dag.py
[2025-11-13T03:25:08.030+0000] {logging_mixin.py:188} INFO - [2025-11-13T03:25:08.030+0000] {dag.py:3036} INFO - Sync 1 DAGs
[2025-11-13T03:25:08.042+0000] {logging_mixin.py:188} INFO - [2025-11-13T03:25:08.041+0000] {dag.py:3823} INFO - Setting next_dagrun for transform_bronze_to_silver_gold to 2025-11-13 00:00:00+00:00, run_after=2025-11-13 06:00:00+00:00
[2025-11-13T03:25:08.057+0000] {processor.py:183} INFO - Processing /opt/airflow/dags/transform_silver_gold_dbt_dag.py took 0.069 seconds
[2025-11-13T03:25:38.148+0000] {processor.py:161} INFO - Started process (PID=14815) to work on /opt/airflow/dags/transform_silver_gold_dbt_dag.py
[2025-11-13T03:25:38.149+0000] {processor.py:830} INFO - Processing file /opt/airflow/dags/transform_silver_gold_dbt_dag.py for tasks to queue
[2025-11-13T03:25:38.149+0000] {logging_mixin.py:188} INFO - [2025-11-13T03:25:38.149+0000] {dagbag.py:538} INFO - Filling up the DagBag from /opt/airflow/dags/transform_silver_gold_dbt_dag.py
[2025-11-13T03:25:38.170+0000] {processor.py:840} INFO - DAG(s) 'transform_bronze_to_silver_gold' retrieved from /opt/airflow/dags/transform_silver_gold_dbt_dag.py
[2025-11-13T03:25:38.186+0000] {logging_mixin.py:188} INFO - [2025-11-13T03:25:38.186+0000] {dag.py:3036} INFO - Sync 1 DAGs
[2025-11-13T03:25:38.199+0000] {logging_mixin.py:188} INFO - [2025-11-13T03:25:38.199+0000] {dag.py:3823} INFO - Setting next_dagrun for transform_bronze_to_silver_gold to 2025-11-13 00:00:00+00:00, run_after=2025-11-13 06:00:00+00:00
[2025-11-13T03:25:38.219+0000] {processor.py:183} INFO - Processing /opt/airflow/dags/transform_silver_gold_dbt_dag.py took 0.073 seconds
[2025-11-13T03:26:08.313+0000] {processor.py:161} INFO - Started process (PID=14817) to work on /opt/airflow/dags/transform_silver_gold_dbt_dag.py
[2025-11-13T03:26:08.314+0000] {processor.py:830} INFO - Processing file /opt/airflow/dags/transform_silver_gold_dbt_dag.py for tasks to queue
[2025-11-13T03:26:08.315+0000] {logging_mixin.py:188} INFO - [2025-11-13T03:26:08.315+0000] {dagbag.py:538} INFO - Filling up the DagBag from /opt/airflow/dags/transform_silver_gold_dbt_dag.py
[2025-11-13T03:26:08.338+0000] {processor.py:840} INFO - DAG(s) 'transform_bronze_to_silver_gold' retrieved from /opt/airflow/dags/transform_silver_gold_dbt_dag.py
[2025-11-13T03:26:08.355+0000] {logging_mixin.py:188} INFO - [2025-11-13T03:26:08.355+0000] {dag.py:3036} INFO - Sync 1 DAGs
[2025-11-13T03:26:08.368+0000] {logging_mixin.py:188} INFO - [2025-11-13T03:26:08.368+0000] {dag.py:3823} INFO - Setting next_dagrun for transform_bronze_to_silver_gold to 2025-11-13 00:00:00+00:00, run_after=2025-11-13 06:00:00+00:00
[2025-11-13T03:26:08.386+0000] {processor.py:183} INFO - Processing /opt/airflow/dags/transform_silver_gold_dbt_dag.py took 0.075 seconds
[2025-11-13T03:26:38.475+0000] {processor.py:161} INFO - Started process (PID=14819) to work on /opt/airflow/dags/transform_silver_gold_dbt_dag.py
[2025-11-13T03:26:38.476+0000] {processor.py:830} INFO - Processing file /opt/airflow/dags/transform_silver_gold_dbt_dag.py for tasks to queue
[2025-11-13T03:26:38.477+0000] {logging_mixin.py:188} INFO - [2025-11-13T03:26:38.477+0000] {dagbag.py:538} INFO - Filling up the DagBag from /opt/airflow/dags/transform_silver_gold_dbt_dag.py
[2025-11-13T03:26:38.496+0000] {processor.py:840} INFO - DAG(s) 'transform_bronze_to_silver_gold' retrieved from /opt/airflow/dags/transform_silver_gold_dbt_dag.py
[2025-11-13T03:26:38.508+0000] {logging_mixin.py:188} INFO - [2025-11-13T03:26:38.508+0000] {dag.py:3036} INFO - Sync 1 DAGs
[2025-11-13T03:26:38.518+0000] {logging_mixin.py:188} INFO - [2025-11-13T03:26:38.517+0000] {dag.py:3823} INFO - Setting next_dagrun for transform_bronze_to_silver_gold to 2025-11-13 00:00:00+00:00, run_after=2025-11-13 06:00:00+00:00
[2025-11-13T03:26:38.531+0000] {processor.py:183} INFO - Processing /opt/airflow/dags/transform_silver_gold_dbt_dag.py took 0.057 seconds
[2025-11-13T03:27:08.649+0000] {processor.py:161} INFO - Started process (PID=14821) to work on /opt/airflow/dags/transform_silver_gold_dbt_dag.py
[2025-11-13T03:27:08.651+0000] {processor.py:830} INFO - Processing file /opt/airflow/dags/transform_silver_gold_dbt_dag.py for tasks to queue
[2025-11-13T03:27:08.652+0000] {logging_mixin.py:188} INFO - [2025-11-13T03:27:08.652+0000] {dagbag.py:538} INFO - Filling up the DagBag from /opt/airflow/dags/transform_silver_gold_dbt_dag.py
[2025-11-13T03:27:08.679+0000] {processor.py:840} INFO - DAG(s) 'transform_bronze_to_silver_gold' retrieved from /opt/airflow/dags/transform_silver_gold_dbt_dag.py
[2025-11-13T03:27:08.691+0000] {logging_mixin.py:188} INFO - [2025-11-13T03:27:08.691+0000] {dag.py:3036} INFO - Sync 1 DAGs
[2025-11-13T03:27:08.703+0000] {logging_mixin.py:188} INFO - [2025-11-13T03:27:08.703+0000] {dag.py:3823} INFO - Setting next_dagrun for transform_bronze_to_silver_gold to 2025-11-13 00:00:00+00:00, run_after=2025-11-13 06:00:00+00:00
[2025-11-13T03:27:08.719+0000] {processor.py:183} INFO - Processing /opt/airflow/dags/transform_silver_gold_dbt_dag.py took 0.071 seconds
[2025-11-13T03:27:38.810+0000] {processor.py:161} INFO - Started process (PID=14823) to work on /opt/airflow/dags/transform_silver_gold_dbt_dag.py
[2025-11-13T03:27:38.811+0000] {processor.py:830} INFO - Processing file /opt/airflow/dags/transform_silver_gold_dbt_dag.py for tasks to queue
[2025-11-13T03:27:38.812+0000] {logging_mixin.py:188} INFO - [2025-11-13T03:27:38.811+0000] {dagbag.py:538} INFO - Filling up the DagBag from /opt/airflow/dags/transform_silver_gold_dbt_dag.py
[2025-11-13T03:27:38.838+0000] {processor.py:840} INFO - DAG(s) 'transform_bronze_to_silver_gold' retrieved from /opt/airflow/dags/transform_silver_gold_dbt_dag.py
[2025-11-13T03:27:38.853+0000] {logging_mixin.py:188} INFO - [2025-11-13T03:27:38.852+0000] {dag.py:3036} INFO - Sync 1 DAGs
[2025-11-13T03:27:38.864+0000] {logging_mixin.py:188} INFO - [2025-11-13T03:27:38.863+0000] {dag.py:3823} INFO - Setting next_dagrun for transform_bronze_to_silver_gold to 2025-11-13 00:00:00+00:00, run_after=2025-11-13 06:00:00+00:00
[2025-11-13T03:27:38.879+0000] {processor.py:183} INFO - Processing /opt/airflow/dags/transform_silver_gold_dbt_dag.py took 0.071 seconds
[2025-11-13T03:28:08.977+0000] {processor.py:161} INFO - Started process (PID=14825) to work on /opt/airflow/dags/transform_silver_gold_dbt_dag.py
[2025-11-13T03:28:08.979+0000] {processor.py:830} INFO - Processing file /opt/airflow/dags/transform_silver_gold_dbt_dag.py for tasks to queue
[2025-11-13T03:28:08.980+0000] {logging_mixin.py:188} INFO - [2025-11-13T03:28:08.980+0000] {dagbag.py:538} INFO - Filling up the DagBag from /opt/airflow/dags/transform_silver_gold_dbt_dag.py
[2025-11-13T03:28:09.011+0000] {processor.py:840} INFO - DAG(s) 'transform_bronze_to_silver_gold' retrieved from /opt/airflow/dags/transform_silver_gold_dbt_dag.py
[2025-11-13T03:28:09.026+0000] {logging_mixin.py:188} INFO - [2025-11-13T03:28:09.025+0000] {dag.py:3036} INFO - Sync 1 DAGs
[2025-11-13T03:28:09.037+0000] {logging_mixin.py:188} INFO - [2025-11-13T03:28:09.037+0000] {dag.py:3823} INFO - Setting next_dagrun for transform_bronze_to_silver_gold to 2025-11-13 00:00:00+00:00, run_after=2025-11-13 06:00:00+00:00
[2025-11-13T03:28:09.053+0000] {processor.py:183} INFO - Processing /opt/airflow/dags/transform_silver_gold_dbt_dag.py took 0.078 seconds
[2025-11-13T03:28:39.142+0000] {processor.py:161} INFO - Started process (PID=14827) to work on /opt/airflow/dags/transform_silver_gold_dbt_dag.py
[2025-11-13T03:28:39.143+0000] {processor.py:830} INFO - Processing file /opt/airflow/dags/transform_silver_gold_dbt_dag.py for tasks to queue
[2025-11-13T03:28:39.144+0000] {logging_mixin.py:188} INFO - [2025-11-13T03:28:39.144+0000] {dagbag.py:538} INFO - Filling up the DagBag from /opt/airflow/dags/transform_silver_gold_dbt_dag.py
[2025-11-13T03:28:39.169+0000] {processor.py:840} INFO - DAG(s) 'transform_bronze_to_silver_gold' retrieved from /opt/airflow/dags/transform_silver_gold_dbt_dag.py
[2025-11-13T03:28:39.182+0000] {logging_mixin.py:188} INFO - [2025-11-13T03:28:39.182+0000] {dag.py:3036} INFO - Sync 1 DAGs
[2025-11-13T03:28:39.195+0000] {logging_mixin.py:188} INFO - [2025-11-13T03:28:39.194+0000] {dag.py:3823} INFO - Setting next_dagrun for transform_bronze_to_silver_gold to 2025-11-13 00:00:00+00:00, run_after=2025-11-13 06:00:00+00:00
[2025-11-13T03:28:39.209+0000] {processor.py:183} INFO - Processing /opt/airflow/dags/transform_silver_gold_dbt_dag.py took 0.069 seconds
[2025-11-13T03:29:09.304+0000] {processor.py:161} INFO - Started process (PID=14829) to work on /opt/airflow/dags/transform_silver_gold_dbt_dag.py
[2025-11-13T03:29:09.306+0000] {processor.py:830} INFO - Processing file /opt/airflow/dags/transform_silver_gold_dbt_dag.py for tasks to queue
[2025-11-13T03:29:09.307+0000] {logging_mixin.py:188} INFO - [2025-11-13T03:29:09.307+0000] {dagbag.py:538} INFO - Filling up the DagBag from /opt/airflow/dags/transform_silver_gold_dbt_dag.py
[2025-11-13T03:29:09.333+0000] {processor.py:840} INFO - DAG(s) 'transform_bronze_to_silver_gold' retrieved from /opt/airflow/dags/transform_silver_gold_dbt_dag.py
[2025-11-13T03:29:09.344+0000] {logging_mixin.py:188} INFO - [2025-11-13T03:29:09.344+0000] {dag.py:3036} INFO - Sync 1 DAGs
[2025-11-13T03:29:09.356+0000] {logging_mixin.py:188} INFO - [2025-11-13T03:29:09.356+0000] {dag.py:3823} INFO - Setting next_dagrun for transform_bronze_to_silver_gold to 2025-11-13 00:00:00+00:00, run_after=2025-11-13 06:00:00+00:00
[2025-11-13T03:29:09.375+0000] {processor.py:183} INFO - Processing /opt/airflow/dags/transform_silver_gold_dbt_dag.py took 0.073 seconds
[2025-11-13T03:29:39.470+0000] {processor.py:161} INFO - Started process (PID=14831) to work on /opt/airflow/dags/transform_silver_gold_dbt_dag.py
[2025-11-13T03:29:39.472+0000] {processor.py:830} INFO - Processing file /opt/airflow/dags/transform_silver_gold_dbt_dag.py for tasks to queue
[2025-11-13T03:29:39.473+0000] {logging_mixin.py:188} INFO - [2025-11-13T03:29:39.472+0000] {dagbag.py:538} INFO - Filling up the DagBag from /opt/airflow/dags/transform_silver_gold_dbt_dag.py
[2025-11-13T03:29:39.495+0000] {processor.py:840} INFO - DAG(s) 'transform_bronze_to_silver_gold' retrieved from /opt/airflow/dags/transform_silver_gold_dbt_dag.py
[2025-11-13T03:29:39.511+0000] {logging_mixin.py:188} INFO - [2025-11-13T03:29:39.511+0000] {dag.py:3036} INFO - Sync 1 DAGs
[2025-11-13T03:29:39.524+0000] {logging_mixin.py:188} INFO - [2025-11-13T03:29:39.524+0000] {dag.py:3823} INFO - Setting next_dagrun for transform_bronze_to_silver_gold to 2025-11-13 00:00:00+00:00, run_after=2025-11-13 06:00:00+00:00
[2025-11-13T03:29:39.538+0000] {processor.py:183} INFO - Processing /opt/airflow/dags/transform_silver_gold_dbt_dag.py took 0.071 seconds
[2025-11-13T03:30:09.633+0000] {processor.py:161} INFO - Started process (PID=14833) to work on /opt/airflow/dags/transform_silver_gold_dbt_dag.py
[2025-11-13T03:30:09.635+0000] {processor.py:830} INFO - Processing file /opt/airflow/dags/transform_silver_gold_dbt_dag.py for tasks to queue
[2025-11-13T03:30:09.636+0000] {logging_mixin.py:188} INFO - [2025-11-13T03:30:09.635+0000] {dagbag.py:538} INFO - Filling up the DagBag from /opt/airflow/dags/transform_silver_gold_dbt_dag.py
[2025-11-13T03:30:09.658+0000] {processor.py:840} INFO - DAG(s) 'transform_bronze_to_silver_gold' retrieved from /opt/airflow/dags/transform_silver_gold_dbt_dag.py
[2025-11-13T03:30:09.674+0000] {logging_mixin.py:188} INFO - [2025-11-13T03:30:09.674+0000] {dag.py:3036} INFO - Sync 1 DAGs
[2025-11-13T03:30:09.687+0000] {logging_mixin.py:188} INFO - [2025-11-13T03:30:09.686+0000] {dag.py:3823} INFO - Setting next_dagrun for transform_bronze_to_silver_gold to 2025-11-13 00:00:00+00:00, run_after=2025-11-13 06:00:00+00:00
[2025-11-13T03:30:09.706+0000] {processor.py:183} INFO - Processing /opt/airflow/dags/transform_silver_gold_dbt_dag.py took 0.075 seconds
[2025-11-13T03:30:39.800+0000] {processor.py:161} INFO - Started process (PID=14835) to work on /opt/airflow/dags/transform_silver_gold_dbt_dag.py
[2025-11-13T03:30:39.802+0000] {processor.py:830} INFO - Processing file /opt/airflow/dags/transform_silver_gold_dbt_dag.py for tasks to queue
[2025-11-13T03:30:39.803+0000] {logging_mixin.py:188} INFO - [2025-11-13T03:30:39.803+0000] {dagbag.py:538} INFO - Filling up the DagBag from /opt/airflow/dags/transform_silver_gold_dbt_dag.py
[2025-11-13T03:30:39.830+0000] {processor.py:840} INFO - DAG(s) 'transform_bronze_to_silver_gold' retrieved from /opt/airflow/dags/transform_silver_gold_dbt_dag.py
[2025-11-13T03:30:39.849+0000] {logging_mixin.py:188} INFO - [2025-11-13T03:30:39.849+0000] {dag.py:3036} INFO - Sync 1 DAGs
[2025-11-13T03:30:39.862+0000] {logging_mixin.py:188} INFO - [2025-11-13T03:30:39.862+0000] {dag.py:3823} INFO - Setting next_dagrun for transform_bronze_to_silver_gold to 2025-11-13 00:00:00+00:00, run_after=2025-11-13 06:00:00+00:00
[2025-11-13T03:30:39.879+0000] {processor.py:183} INFO - Processing /opt/airflow/dags/transform_silver_gold_dbt_dag.py took 0.081 seconds
[2025-11-13T03:31:09.970+0000] {processor.py:161} INFO - Started process (PID=14837) to work on /opt/airflow/dags/transform_silver_gold_dbt_dag.py
[2025-11-13T03:31:09.972+0000] {processor.py:830} INFO - Processing file /opt/airflow/dags/transform_silver_gold_dbt_dag.py for tasks to queue
[2025-11-13T03:31:09.973+0000] {logging_mixin.py:188} INFO - [2025-11-13T03:31:09.973+0000] {dagbag.py:538} INFO - Filling up the DagBag from /opt/airflow/dags/transform_silver_gold_dbt_dag.py
[2025-11-13T03:31:09.997+0000] {processor.py:840} INFO - DAG(s) 'transform_bronze_to_silver_gold' retrieved from /opt/airflow/dags/transform_silver_gold_dbt_dag.py
[2025-11-13T03:31:10.012+0000] {logging_mixin.py:188} INFO - [2025-11-13T03:31:10.011+0000] {dag.py:3036} INFO - Sync 1 DAGs
[2025-11-13T03:31:10.023+0000] {logging_mixin.py:188} INFO - [2025-11-13T03:31:10.023+0000] {dag.py:3823} INFO - Setting next_dagrun for transform_bronze_to_silver_gold to 2025-11-13 00:00:00+00:00, run_after=2025-11-13 06:00:00+00:00
[2025-11-13T03:31:10.037+0000] {processor.py:183} INFO - Processing /opt/airflow/dags/transform_silver_gold_dbt_dag.py took 0.069 seconds
[2025-11-13T03:31:40.133+0000] {processor.py:161} INFO - Started process (PID=14839) to work on /opt/airflow/dags/transform_silver_gold_dbt_dag.py
[2025-11-13T03:31:40.135+0000] {processor.py:830} INFO - Processing file /opt/airflow/dags/transform_silver_gold_dbt_dag.py for tasks to queue
[2025-11-13T03:31:40.136+0000] {logging_mixin.py:188} INFO - [2025-11-13T03:31:40.136+0000] {dagbag.py:538} INFO - Filling up the DagBag from /opt/airflow/dags/transform_silver_gold_dbt_dag.py
[2025-11-13T03:31:40.163+0000] {processor.py:840} INFO - DAG(s) 'transform_bronze_to_silver_gold' retrieved from /opt/airflow/dags/transform_silver_gold_dbt_dag.py
[2025-11-13T03:31:40.177+0000] {logging_mixin.py:188} INFO - [2025-11-13T03:31:40.177+0000] {dag.py:3036} INFO - Sync 1 DAGs
[2025-11-13T03:31:40.188+0000] {logging_mixin.py:188} INFO - [2025-11-13T03:31:40.188+0000] {dag.py:3823} INFO - Setting next_dagrun for transform_bronze_to_silver_gold to 2025-11-13 00:00:00+00:00, run_after=2025-11-13 06:00:00+00:00
[2025-11-13T03:31:40.206+0000] {processor.py:183} INFO - Processing /opt/airflow/dags/transform_silver_gold_dbt_dag.py took 0.075 seconds
[2025-11-13T03:32:10.298+0000] {processor.py:161} INFO - Started process (PID=14841) to work on /opt/airflow/dags/transform_silver_gold_dbt_dag.py
[2025-11-13T03:32:10.299+0000] {processor.py:830} INFO - Processing file /opt/airflow/dags/transform_silver_gold_dbt_dag.py for tasks to queue
[2025-11-13T03:32:10.301+0000] {logging_mixin.py:188} INFO - [2025-11-13T03:32:10.300+0000] {dagbag.py:538} INFO - Filling up the DagBag from /opt/airflow/dags/transform_silver_gold_dbt_dag.py
[2025-11-13T03:32:10.331+0000] {processor.py:840} INFO - DAG(s) 'transform_bronze_to_silver_gold' retrieved from /opt/airflow/dags/transform_silver_gold_dbt_dag.py
[2025-11-13T03:32:10.344+0000] {logging_mixin.py:188} INFO - [2025-11-13T03:32:10.344+0000] {dag.py:3036} INFO - Sync 1 DAGs
[2025-11-13T03:32:10.357+0000] {logging_mixin.py:188} INFO - [2025-11-13T03:32:10.357+0000] {dag.py:3823} INFO - Setting next_dagrun for transform_bronze_to_silver_gold to 2025-11-13 00:00:00+00:00, run_after=2025-11-13 06:00:00+00:00
[2025-11-13T03:32:10.371+0000] {processor.py:183} INFO - Processing /opt/airflow/dags/transform_silver_gold_dbt_dag.py took 0.076 seconds
[2025-11-13T03:32:40.457+0000] {processor.py:161} INFO - Started process (PID=14843) to work on /opt/airflow/dags/transform_silver_gold_dbt_dag.py
[2025-11-13T03:32:40.458+0000] {processor.py:830} INFO - Processing file /opt/airflow/dags/transform_silver_gold_dbt_dag.py for tasks to queue
[2025-11-13T03:32:40.460+0000] {logging_mixin.py:188} INFO - [2025-11-13T03:32:40.460+0000] {dagbag.py:538} INFO - Filling up the DagBag from /opt/airflow/dags/transform_silver_gold_dbt_dag.py
[2025-11-13T03:32:40.484+0000] {processor.py:840} INFO - DAG(s) 'transform_bronze_to_silver_gold' retrieved from /opt/airflow/dags/transform_silver_gold_dbt_dag.py
[2025-11-13T03:32:40.496+0000] {logging_mixin.py:188} INFO - [2025-11-13T03:32:40.496+0000] {dag.py:3036} INFO - Sync 1 DAGs
[2025-11-13T03:32:40.508+0000] {logging_mixin.py:188} INFO - [2025-11-13T03:32:40.507+0000] {dag.py:3823} INFO - Setting next_dagrun for transform_bronze_to_silver_gold to 2025-11-13 00:00:00+00:00, run_after=2025-11-13 06:00:00+00:00
[2025-11-13T03:32:40.526+0000] {processor.py:183} INFO - Processing /opt/airflow/dags/transform_silver_gold_dbt_dag.py took 0.071 seconds
[2025-11-13T03:33:10.626+0000] {processor.py:161} INFO - Started process (PID=14845) to work on /opt/airflow/dags/transform_silver_gold_dbt_dag.py
[2025-11-13T03:33:10.627+0000] {processor.py:830} INFO - Processing file /opt/airflow/dags/transform_silver_gold_dbt_dag.py for tasks to queue
[2025-11-13T03:33:10.628+0000] {logging_mixin.py:188} INFO - [2025-11-13T03:33:10.628+0000] {dagbag.py:538} INFO - Filling up the DagBag from /opt/airflow/dags/transform_silver_gold_dbt_dag.py
[2025-11-13T03:33:10.653+0000] {processor.py:840} INFO - DAG(s) 'transform_bronze_to_silver_gold' retrieved from /opt/airflow/dags/transform_silver_gold_dbt_dag.py
[2025-11-13T03:33:10.666+0000] {logging_mixin.py:188} INFO - [2025-11-13T03:33:10.666+0000] {dag.py:3036} INFO - Sync 1 DAGs
[2025-11-13T03:33:10.678+0000] {logging_mixin.py:188} INFO - [2025-11-13T03:33:10.678+0000] {dag.py:3823} INFO - Setting next_dagrun for transform_bronze_to_silver_gold to 2025-11-13 00:00:00+00:00, run_after=2025-11-13 06:00:00+00:00
[2025-11-13T03:33:10.692+0000] {processor.py:183} INFO - Processing /opt/airflow/dags/transform_silver_gold_dbt_dag.py took 0.068 seconds
[2025-11-13T03:33:40.784+0000] {processor.py:161} INFO - Started process (PID=14847) to work on /opt/airflow/dags/transform_silver_gold_dbt_dag.py
[2025-11-13T03:33:40.785+0000] {processor.py:830} INFO - Processing file /opt/airflow/dags/transform_silver_gold_dbt_dag.py for tasks to queue
[2025-11-13T03:33:40.786+0000] {logging_mixin.py:188} INFO - [2025-11-13T03:33:40.786+0000] {dagbag.py:538} INFO - Filling up the DagBag from /opt/airflow/dags/transform_silver_gold_dbt_dag.py
[2025-11-13T03:33:40.808+0000] {processor.py:840} INFO - DAG(s) 'transform_bronze_to_silver_gold' retrieved from /opt/airflow/dags/transform_silver_gold_dbt_dag.py
[2025-11-13T03:33:40.820+0000] {logging_mixin.py:188} INFO - [2025-11-13T03:33:40.820+0000] {dag.py:3036} INFO - Sync 1 DAGs
[2025-11-13T03:33:40.830+0000] {logging_mixin.py:188} INFO - [2025-11-13T03:33:40.830+0000] {dag.py:3823} INFO - Setting next_dagrun for transform_bronze_to_silver_gold to 2025-11-13 00:00:00+00:00, run_after=2025-11-13 06:00:00+00:00
[2025-11-13T03:33:40.846+0000] {processor.py:183} INFO - Processing /opt/airflow/dags/transform_silver_gold_dbt_dag.py took 0.064 seconds
[2025-11-13T03:34:10.965+0000] {processor.py:161} INFO - Started process (PID=14849) to work on /opt/airflow/dags/transform_silver_gold_dbt_dag.py
[2025-11-13T03:34:10.966+0000] {processor.py:830} INFO - Processing file /opt/airflow/dags/transform_silver_gold_dbt_dag.py for tasks to queue
[2025-11-13T03:34:10.967+0000] {logging_mixin.py:188} INFO - [2025-11-13T03:34:10.967+0000] {dagbag.py:538} INFO - Filling up the DagBag from /opt/airflow/dags/transform_silver_gold_dbt_dag.py
[2025-11-13T03:34:10.989+0000] {processor.py:840} INFO - DAG(s) 'transform_bronze_to_silver_gold' retrieved from /opt/airflow/dags/transform_silver_gold_dbt_dag.py
[2025-11-13T03:34:11.001+0000] {logging_mixin.py:188} INFO - [2025-11-13T03:34:11.001+0000] {dag.py:3036} INFO - Sync 1 DAGs
[2025-11-13T03:34:11.011+0000] {logging_mixin.py:188} INFO - [2025-11-13T03:34:11.011+0000] {dag.py:3823} INFO - Setting next_dagrun for transform_bronze_to_silver_gold to 2025-11-13 00:00:00+00:00, run_after=2025-11-13 06:00:00+00:00
[2025-11-13T03:34:11.026+0000] {processor.py:183} INFO - Processing /opt/airflow/dags/transform_silver_gold_dbt_dag.py took 0.063 seconds
[2025-11-13T03:34:41.131+0000] {processor.py:161} INFO - Started process (PID=14851) to work on /opt/airflow/dags/transform_silver_gold_dbt_dag.py
[2025-11-13T03:34:41.132+0000] {processor.py:830} INFO - Processing file /opt/airflow/dags/transform_silver_gold_dbt_dag.py for tasks to queue
[2025-11-13T03:34:41.134+0000] {logging_mixin.py:188} INFO - [2025-11-13T03:34:41.133+0000] {dagbag.py:538} INFO - Filling up the DagBag from /opt/airflow/dags/transform_silver_gold_dbt_dag.py
[2025-11-13T03:34:41.160+0000] {processor.py:840} INFO - DAG(s) 'transform_bronze_to_silver_gold' retrieved from /opt/airflow/dags/transform_silver_gold_dbt_dag.py
[2025-11-13T03:34:41.173+0000] {logging_mixin.py:188} INFO - [2025-11-13T03:34:41.173+0000] {dag.py:3036} INFO - Sync 1 DAGs
[2025-11-13T03:34:41.184+0000] {logging_mixin.py:188} INFO - [2025-11-13T03:34:41.184+0000] {dag.py:3823} INFO - Setting next_dagrun for transform_bronze_to_silver_gold to 2025-11-13 00:00:00+00:00, run_after=2025-11-13 06:00:00+00:00
[2025-11-13T03:34:41.202+0000] {processor.py:183} INFO - Processing /opt/airflow/dags/transform_silver_gold_dbt_dag.py took 0.073 seconds
[2025-11-13T03:35:11.293+0000] {processor.py:161} INFO - Started process (PID=14853) to work on /opt/airflow/dags/transform_silver_gold_dbt_dag.py
[2025-11-13T03:35:11.294+0000] {processor.py:830} INFO - Processing file /opt/airflow/dags/transform_silver_gold_dbt_dag.py for tasks to queue
[2025-11-13T03:35:11.295+0000] {logging_mixin.py:188} INFO - [2025-11-13T03:35:11.295+0000] {dagbag.py:538} INFO - Filling up the DagBag from /opt/airflow/dags/transform_silver_gold_dbt_dag.py
[2025-11-13T03:35:11.319+0000] {processor.py:840} INFO - DAG(s) 'transform_bronze_to_silver_gold' retrieved from /opt/airflow/dags/transform_silver_gold_dbt_dag.py
[2025-11-13T03:35:11.334+0000] {logging_mixin.py:188} INFO - [2025-11-13T03:35:11.334+0000] {dag.py:3036} INFO - Sync 1 DAGs
[2025-11-13T03:35:11.346+0000] {logging_mixin.py:188} INFO - [2025-11-13T03:35:11.346+0000] {dag.py:3823} INFO - Setting next_dagrun for transform_bronze_to_silver_gold to 2025-11-13 00:00:00+00:00, run_after=2025-11-13 06:00:00+00:00
[2025-11-13T03:35:11.362+0000] {processor.py:183} INFO - Processing /opt/airflow/dags/transform_silver_gold_dbt_dag.py took 0.072 seconds
[2025-11-13T03:35:41.445+0000] {processor.py:161} INFO - Started process (PID=14855) to work on /opt/airflow/dags/transform_silver_gold_dbt_dag.py
[2025-11-13T03:35:41.446+0000] {processor.py:830} INFO - Processing file /opt/airflow/dags/transform_silver_gold_dbt_dag.py for tasks to queue
[2025-11-13T03:35:41.448+0000] {logging_mixin.py:188} INFO - [2025-11-13T03:35:41.447+0000] {dagbag.py:538} INFO - Filling up the DagBag from /opt/airflow/dags/transform_silver_gold_dbt_dag.py
[2025-11-13T03:35:41.475+0000] {processor.py:840} INFO - DAG(s) 'transform_bronze_to_silver_gold' retrieved from /opt/airflow/dags/transform_silver_gold_dbt_dag.py
[2025-11-13T03:35:41.488+0000] {logging_mixin.py:188} INFO - [2025-11-13T03:35:41.488+0000] {dag.py:3036} INFO - Sync 1 DAGs
[2025-11-13T03:35:41.500+0000] {logging_mixin.py:188} INFO - [2025-11-13T03:35:41.499+0000] {dag.py:3823} INFO - Setting next_dagrun for transform_bronze_to_silver_gold to 2025-11-13 00:00:00+00:00, run_after=2025-11-13 06:00:00+00:00
[2025-11-13T03:35:41.515+0000] {processor.py:183} INFO - Processing /opt/airflow/dags/transform_silver_gold_dbt_dag.py took 0.072 seconds
[2025-11-13T03:36:11.608+0000] {processor.py:161} INFO - Started process (PID=14857) to work on /opt/airflow/dags/transform_silver_gold_dbt_dag.py
[2025-11-13T03:36:11.609+0000] {processor.py:830} INFO - Processing file /opt/airflow/dags/transform_silver_gold_dbt_dag.py for tasks to queue
[2025-11-13T03:36:11.610+0000] {logging_mixin.py:188} INFO - [2025-11-13T03:36:11.609+0000] {dagbag.py:538} INFO - Filling up the DagBag from /opt/airflow/dags/transform_silver_gold_dbt_dag.py
[2025-11-13T03:36:11.632+0000] {processor.py:840} INFO - DAG(s) 'transform_bronze_to_silver_gold' retrieved from /opt/airflow/dags/transform_silver_gold_dbt_dag.py
[2025-11-13T03:36:11.648+0000] {logging_mixin.py:188} INFO - [2025-11-13T03:36:11.647+0000] {dag.py:3036} INFO - Sync 1 DAGs
[2025-11-13T03:36:11.660+0000] {logging_mixin.py:188} INFO - [2025-11-13T03:36:11.660+0000] {dag.py:3823} INFO - Setting next_dagrun for transform_bronze_to_silver_gold to 2025-11-13 00:00:00+00:00, run_after=2025-11-13 06:00:00+00:00
[2025-11-13T03:36:11.674+0000] {processor.py:183} INFO - Processing /opt/airflow/dags/transform_silver_gold_dbt_dag.py took 0.069 seconds
[2025-11-13T03:36:41.773+0000] {processor.py:161} INFO - Started process (PID=14859) to work on /opt/airflow/dags/transform_silver_gold_dbt_dag.py
[2025-11-13T03:36:41.774+0000] {processor.py:830} INFO - Processing file /opt/airflow/dags/transform_silver_gold_dbt_dag.py for tasks to queue
[2025-11-13T03:36:41.775+0000] {logging_mixin.py:188} INFO - [2025-11-13T03:36:41.775+0000] {dagbag.py:538} INFO - Filling up the DagBag from /opt/airflow/dags/transform_silver_gold_dbt_dag.py
[2025-11-13T03:36:41.803+0000] {processor.py:840} INFO - DAG(s) 'transform_bronze_to_silver_gold' retrieved from /opt/airflow/dags/transform_silver_gold_dbt_dag.py
[2025-11-13T03:36:41.817+0000] {logging_mixin.py:188} INFO - [2025-11-13T03:36:41.817+0000] {dag.py:3036} INFO - Sync 1 DAGs
[2025-11-13T03:36:41.827+0000] {logging_mixin.py:188} INFO - [2025-11-13T03:36:41.827+0000] {dag.py:3823} INFO - Setting next_dagrun for transform_bronze_to_silver_gold to 2025-11-13 00:00:00+00:00, run_after=2025-11-13 06:00:00+00:00
[2025-11-13T03:36:41.842+0000] {processor.py:183} INFO - Processing /opt/airflow/dags/transform_silver_gold_dbt_dag.py took 0.070 seconds
[2025-11-13T03:37:11.947+0000] {processor.py:161} INFO - Started process (PID=14861) to work on /opt/airflow/dags/transform_silver_gold_dbt_dag.py
[2025-11-13T03:37:11.948+0000] {processor.py:830} INFO - Processing file /opt/airflow/dags/transform_silver_gold_dbt_dag.py for tasks to queue
[2025-11-13T03:37:11.949+0000] {logging_mixin.py:188} INFO - [2025-11-13T03:37:11.949+0000] {dagbag.py:538} INFO - Filling up the DagBag from /opt/airflow/dags/transform_silver_gold_dbt_dag.py
[2025-11-13T03:37:11.975+0000] {processor.py:840} INFO - DAG(s) 'transform_bronze_to_silver_gold' retrieved from /opt/airflow/dags/transform_silver_gold_dbt_dag.py
[2025-11-13T03:37:11.990+0000] {logging_mixin.py:188} INFO - [2025-11-13T03:37:11.990+0000] {dag.py:3036} INFO - Sync 1 DAGs
[2025-11-13T03:37:12.002+0000] {logging_mixin.py:188} INFO - [2025-11-13T03:37:12.002+0000] {dag.py:3823} INFO - Setting next_dagrun for transform_bronze_to_silver_gold to 2025-11-13 00:00:00+00:00, run_after=2025-11-13 06:00:00+00:00
[2025-11-13T03:37:12.020+0000] {processor.py:183} INFO - Processing /opt/airflow/dags/transform_silver_gold_dbt_dag.py took 0.075 seconds
[2025-11-13T03:37:42.104+0000] {processor.py:161} INFO - Started process (PID=14863) to work on /opt/airflow/dags/transform_silver_gold_dbt_dag.py
[2025-11-13T03:37:42.105+0000] {processor.py:830} INFO - Processing file /opt/airflow/dags/transform_silver_gold_dbt_dag.py for tasks to queue
[2025-11-13T03:37:42.106+0000] {logging_mixin.py:188} INFO - [2025-11-13T03:37:42.106+0000] {dagbag.py:538} INFO - Filling up the DagBag from /opt/airflow/dags/transform_silver_gold_dbt_dag.py
[2025-11-13T03:37:42.132+0000] {processor.py:840} INFO - DAG(s) 'transform_bronze_to_silver_gold' retrieved from /opt/airflow/dags/transform_silver_gold_dbt_dag.py
[2025-11-13T03:37:42.150+0000] {logging_mixin.py:188} INFO - [2025-11-13T03:37:42.150+0000] {dag.py:3036} INFO - Sync 1 DAGs
[2025-11-13T03:37:42.164+0000] {logging_mixin.py:188} INFO - [2025-11-13T03:37:42.164+0000] {dag.py:3823} INFO - Setting next_dagrun for transform_bronze_to_silver_gold to 2025-11-13 00:00:00+00:00, run_after=2025-11-13 06:00:00+00:00
[2025-11-13T03:37:42.183+0000] {processor.py:183} INFO - Processing /opt/airflow/dags/transform_silver_gold_dbt_dag.py took 0.081 seconds
[2025-11-13T03:38:12.279+0000] {processor.py:161} INFO - Started process (PID=14865) to work on /opt/airflow/dags/transform_silver_gold_dbt_dag.py
[2025-11-13T03:38:12.280+0000] {processor.py:830} INFO - Processing file /opt/airflow/dags/transform_silver_gold_dbt_dag.py for tasks to queue
[2025-11-13T03:38:12.282+0000] {logging_mixin.py:188} INFO - [2025-11-13T03:38:12.281+0000] {dagbag.py:538} INFO - Filling up the DagBag from /opt/airflow/dags/transform_silver_gold_dbt_dag.py
[2025-11-13T03:38:12.308+0000] {processor.py:840} INFO - DAG(s) 'transform_bronze_to_silver_gold' retrieved from /opt/airflow/dags/transform_silver_gold_dbt_dag.py
[2025-11-13T03:38:12.327+0000] {logging_mixin.py:188} INFO - [2025-11-13T03:38:12.327+0000] {dag.py:3036} INFO - Sync 1 DAGs
[2025-11-13T03:38:12.341+0000] {logging_mixin.py:188} INFO - [2025-11-13T03:38:12.341+0000] {dag.py:3823} INFO - Setting next_dagrun for transform_bronze_to_silver_gold to 2025-11-13 00:00:00+00:00, run_after=2025-11-13 06:00:00+00:00
[2025-11-13T03:38:12.361+0000] {processor.py:183} INFO - Processing /opt/airflow/dags/transform_silver_gold_dbt_dag.py took 0.084 seconds
[2025-11-13T03:38:42.548+0000] {processor.py:161} INFO - Started process (PID=14867) to work on /opt/airflow/dags/transform_silver_gold_dbt_dag.py
[2025-11-13T03:38:42.550+0000] {processor.py:830} INFO - Processing file /opt/airflow/dags/transform_silver_gold_dbt_dag.py for tasks to queue
[2025-11-13T03:38:42.551+0000] {logging_mixin.py:188} INFO - [2025-11-13T03:38:42.551+0000] {dagbag.py:538} INFO - Filling up the DagBag from /opt/airflow/dags/transform_silver_gold_dbt_dag.py
[2025-11-13T03:38:42.576+0000] {processor.py:840} INFO - DAG(s) 'transform_bronze_to_silver_gold' retrieved from /opt/airflow/dags/transform_silver_gold_dbt_dag.py
[2025-11-13T03:38:42.589+0000] {logging_mixin.py:188} INFO - [2025-11-13T03:38:42.589+0000] {dag.py:3036} INFO - Sync 1 DAGs
[2025-11-13T03:38:42.601+0000] {logging_mixin.py:188} INFO - [2025-11-13T03:38:42.601+0000] {dag.py:3823} INFO - Setting next_dagrun for transform_bronze_to_silver_gold to 2025-11-13 00:00:00+00:00, run_after=2025-11-13 06:00:00+00:00
[2025-11-13T03:38:42.619+0000] {processor.py:183} INFO - Processing /opt/airflow/dags/transform_silver_gold_dbt_dag.py took 0.073 seconds
[2025-11-13T03:39:12.715+0000] {processor.py:161} INFO - Started process (PID=14869) to work on /opt/airflow/dags/transform_silver_gold_dbt_dag.py
[2025-11-13T03:39:12.716+0000] {processor.py:830} INFO - Processing file /opt/airflow/dags/transform_silver_gold_dbt_dag.py for tasks to queue
[2025-11-13T03:39:12.717+0000] {logging_mixin.py:188} INFO - [2025-11-13T03:39:12.717+0000] {dagbag.py:538} INFO - Filling up the DagBag from /opt/airflow/dags/transform_silver_gold_dbt_dag.py
[2025-11-13T03:39:12.741+0000] {processor.py:840} INFO - DAG(s) 'transform_bronze_to_silver_gold' retrieved from /opt/airflow/dags/transform_silver_gold_dbt_dag.py
[2025-11-13T03:39:12.755+0000] {logging_mixin.py:188} INFO - [2025-11-13T03:39:12.755+0000] {dag.py:3036} INFO - Sync 1 DAGs
[2025-11-13T03:39:12.767+0000] {logging_mixin.py:188} INFO - [2025-11-13T03:39:12.767+0000] {dag.py:3823} INFO - Setting next_dagrun for transform_bronze_to_silver_gold to 2025-11-13 00:00:00+00:00, run_after=2025-11-13 06:00:00+00:00
[2025-11-13T03:39:12.785+0000] {processor.py:183} INFO - Processing /opt/airflow/dags/transform_silver_gold_dbt_dag.py took 0.072 seconds
[2025-11-13T03:39:42.878+0000] {processor.py:161} INFO - Started process (PID=14871) to work on /opt/airflow/dags/transform_silver_gold_dbt_dag.py
[2025-11-13T03:39:42.879+0000] {processor.py:830} INFO - Processing file /opt/airflow/dags/transform_silver_gold_dbt_dag.py for tasks to queue
[2025-11-13T03:39:42.880+0000] {logging_mixin.py:188} INFO - [2025-11-13T03:39:42.880+0000] {dagbag.py:538} INFO - Filling up the DagBag from /opt/airflow/dags/transform_silver_gold_dbt_dag.py
[2025-11-13T03:39:42.907+0000] {processor.py:840} INFO - DAG(s) 'transform_bronze_to_silver_gold' retrieved from /opt/airflow/dags/transform_silver_gold_dbt_dag.py
[2025-11-13T03:39:42.923+0000] {logging_mixin.py:188} INFO - [2025-11-13T03:39:42.922+0000] {dag.py:3036} INFO - Sync 1 DAGs
[2025-11-13T03:39:42.934+0000] {logging_mixin.py:188} INFO - [2025-11-13T03:39:42.934+0000] {dag.py:3823} INFO - Setting next_dagrun for transform_bronze_to_silver_gold to 2025-11-13 00:00:00+00:00, run_after=2025-11-13 06:00:00+00:00
[2025-11-13T03:39:42.952+0000] {processor.py:183} INFO - Processing /opt/airflow/dags/transform_silver_gold_dbt_dag.py took 0.077 seconds
[2025-11-13T03:40:13.046+0000] {processor.py:161} INFO - Started process (PID=14873) to work on /opt/airflow/dags/transform_silver_gold_dbt_dag.py
[2025-11-13T03:40:13.047+0000] {processor.py:830} INFO - Processing file /opt/airflow/dags/transform_silver_gold_dbt_dag.py for tasks to queue
[2025-11-13T03:40:13.049+0000] {logging_mixin.py:188} INFO - [2025-11-13T03:40:13.048+0000] {dagbag.py:538} INFO - Filling up the DagBag from /opt/airflow/dags/transform_silver_gold_dbt_dag.py
[2025-11-13T03:40:13.078+0000] {processor.py:840} INFO - DAG(s) 'transform_bronze_to_silver_gold' retrieved from /opt/airflow/dags/transform_silver_gold_dbt_dag.py
[2025-11-13T03:40:13.093+0000] {logging_mixin.py:188} INFO - [2025-11-13T03:40:13.093+0000] {dag.py:3036} INFO - Sync 1 DAGs
[2025-11-13T03:40:13.106+0000] {logging_mixin.py:188} INFO - [2025-11-13T03:40:13.106+0000] {dag.py:3823} INFO - Setting next_dagrun for transform_bronze_to_silver_gold to 2025-11-13 00:00:00+00:00, run_after=2025-11-13 06:00:00+00:00
[2025-11-13T03:40:13.137+0000] {processor.py:183} INFO - Processing /opt/airflow/dags/transform_silver_gold_dbt_dag.py took 0.093 seconds
[2025-11-13T03:40:43.309+0000] {processor.py:161} INFO - Started process (PID=14875) to work on /opt/airflow/dags/transform_silver_gold_dbt_dag.py
[2025-11-13T03:40:43.310+0000] {processor.py:830} INFO - Processing file /opt/airflow/dags/transform_silver_gold_dbt_dag.py for tasks to queue
[2025-11-13T03:40:43.311+0000] {logging_mixin.py:188} INFO - [2025-11-13T03:40:43.311+0000] {dagbag.py:538} INFO - Filling up the DagBag from /opt/airflow/dags/transform_silver_gold_dbt_dag.py
[2025-11-13T03:40:43.334+0000] {processor.py:840} INFO - DAG(s) 'transform_bronze_to_silver_gold' retrieved from /opt/airflow/dags/transform_silver_gold_dbt_dag.py
[2025-11-13T03:40:43.347+0000] {logging_mixin.py:188} INFO - [2025-11-13T03:40:43.347+0000] {dag.py:3036} INFO - Sync 1 DAGs
[2025-11-13T03:40:43.359+0000] {logging_mixin.py:188} INFO - [2025-11-13T03:40:43.359+0000] {dag.py:3823} INFO - Setting next_dagrun for transform_bronze_to_silver_gold to 2025-11-13 00:00:00+00:00, run_after=2025-11-13 06:00:00+00:00
[2025-11-13T03:40:43.376+0000] {processor.py:183} INFO - Processing /opt/airflow/dags/transform_silver_gold_dbt_dag.py took 0.069 seconds
[2025-11-13T03:41:13.475+0000] {processor.py:161} INFO - Started process (PID=14877) to work on /opt/airflow/dags/transform_silver_gold_dbt_dag.py
[2025-11-13T03:41:13.476+0000] {processor.py:830} INFO - Processing file /opt/airflow/dags/transform_silver_gold_dbt_dag.py for tasks to queue
[2025-11-13T03:41:13.477+0000] {logging_mixin.py:188} INFO - [2025-11-13T03:41:13.477+0000] {dagbag.py:538} INFO - Filling up the DagBag from /opt/airflow/dags/transform_silver_gold_dbt_dag.py
[2025-11-13T03:41:13.504+0000] {processor.py:840} INFO - DAG(s) 'transform_bronze_to_silver_gold' retrieved from /opt/airflow/dags/transform_silver_gold_dbt_dag.py
[2025-11-13T03:41:13.516+0000] {logging_mixin.py:188} INFO - [2025-11-13T03:41:13.516+0000] {dag.py:3036} INFO - Sync 1 DAGs
[2025-11-13T03:41:13.527+0000] {logging_mixin.py:188} INFO - [2025-11-13T03:41:13.527+0000] {dag.py:3823} INFO - Setting next_dagrun for transform_bronze_to_silver_gold to 2025-11-13 00:00:00+00:00, run_after=2025-11-13 06:00:00+00:00
[2025-11-13T03:41:13.546+0000] {processor.py:183} INFO - Processing /opt/airflow/dags/transform_silver_gold_dbt_dag.py took 0.073 seconds
[2025-11-13T03:41:43.630+0000] {processor.py:161} INFO - Started process (PID=14879) to work on /opt/airflow/dags/transform_silver_gold_dbt_dag.py
[2025-11-13T03:41:43.631+0000] {processor.py:830} INFO - Processing file /opt/airflow/dags/transform_silver_gold_dbt_dag.py for tasks to queue
[2025-11-13T03:41:43.632+0000] {logging_mixin.py:188} INFO - [2025-11-13T03:41:43.632+0000] {dagbag.py:538} INFO - Filling up the DagBag from /opt/airflow/dags/transform_silver_gold_dbt_dag.py
[2025-11-13T03:41:43.658+0000] {processor.py:840} INFO - DAG(s) 'transform_bronze_to_silver_gold' retrieved from /opt/airflow/dags/transform_silver_gold_dbt_dag.py
[2025-11-13T03:41:43.674+0000] {logging_mixin.py:188} INFO - [2025-11-13T03:41:43.674+0000] {dag.py:3036} INFO - Sync 1 DAGs
[2025-11-13T03:41:43.686+0000] {logging_mixin.py:188} INFO - [2025-11-13T03:41:43.686+0000] {dag.py:3823} INFO - Setting next_dagrun for transform_bronze_to_silver_gold to 2025-11-13 00:00:00+00:00, run_after=2025-11-13 06:00:00+00:00
[2025-11-13T03:41:43.701+0000] {processor.py:183} INFO - Processing /opt/airflow/dags/transform_silver_gold_dbt_dag.py took 0.073 seconds
[2025-11-13T03:42:13.796+0000] {processor.py:161} INFO - Started process (PID=14881) to work on /opt/airflow/dags/transform_silver_gold_dbt_dag.py
[2025-11-13T03:42:13.797+0000] {processor.py:830} INFO - Processing file /opt/airflow/dags/transform_silver_gold_dbt_dag.py for tasks to queue
[2025-11-13T03:42:13.799+0000] {logging_mixin.py:188} INFO - [2025-11-13T03:42:13.798+0000] {dagbag.py:538} INFO - Filling up the DagBag from /opt/airflow/dags/transform_silver_gold_dbt_dag.py
[2025-11-13T03:42:13.821+0000] {processor.py:840} INFO - DAG(s) 'transform_bronze_to_silver_gold' retrieved from /opt/airflow/dags/transform_silver_gold_dbt_dag.py
[2025-11-13T03:42:13.835+0000] {logging_mixin.py:188} INFO - [2025-11-13T03:42:13.835+0000] {dag.py:3036} INFO - Sync 1 DAGs
[2025-11-13T03:42:13.852+0000] {logging_mixin.py:188} INFO - [2025-11-13T03:42:13.852+0000] {dag.py:3823} INFO - Setting next_dagrun for transform_bronze_to_silver_gold to 2025-11-13 00:00:00+00:00, run_after=2025-11-13 06:00:00+00:00
[2025-11-13T03:42:13.878+0000] {processor.py:183} INFO - Processing /opt/airflow/dags/transform_silver_gold_dbt_dag.py took 0.084 seconds
[2025-11-13T03:42:44.049+0000] {processor.py:161} INFO - Started process (PID=14883) to work on /opt/airflow/dags/transform_silver_gold_dbt_dag.py
[2025-11-13T03:42:44.050+0000] {processor.py:830} INFO - Processing file /opt/airflow/dags/transform_silver_gold_dbt_dag.py for tasks to queue
[2025-11-13T03:42:44.051+0000] {logging_mixin.py:188} INFO - [2025-11-13T03:42:44.050+0000] {dagbag.py:538} INFO - Filling up the DagBag from /opt/airflow/dags/transform_silver_gold_dbt_dag.py
[2025-11-13T03:42:44.071+0000] {processor.py:840} INFO - DAG(s) 'transform_bronze_to_silver_gold' retrieved from /opt/airflow/dags/transform_silver_gold_dbt_dag.py
[2025-11-13T03:42:44.086+0000] {logging_mixin.py:188} INFO - [2025-11-13T03:42:44.086+0000] {dag.py:3036} INFO - Sync 1 DAGs
[2025-11-13T03:42:44.098+0000] {logging_mixin.py:188} INFO - [2025-11-13T03:42:44.098+0000] {dag.py:3823} INFO - Setting next_dagrun for transform_bronze_to_silver_gold to 2025-11-13 00:00:00+00:00, run_after=2025-11-13 06:00:00+00:00
[2025-11-13T03:42:44.115+0000] {processor.py:183} INFO - Processing /opt/airflow/dags/transform_silver_gold_dbt_dag.py took 0.068 seconds
[2025-11-13T03:43:14.217+0000] {processor.py:161} INFO - Started process (PID=14885) to work on /opt/airflow/dags/transform_silver_gold_dbt_dag.py
[2025-11-13T03:43:14.218+0000] {processor.py:830} INFO - Processing file /opt/airflow/dags/transform_silver_gold_dbt_dag.py for tasks to queue
[2025-11-13T03:43:14.219+0000] {logging_mixin.py:188} INFO - [2025-11-13T03:43:14.219+0000] {dagbag.py:538} INFO - Filling up the DagBag from /opt/airflow/dags/transform_silver_gold_dbt_dag.py
[2025-11-13T03:43:14.248+0000] {processor.py:840} INFO - DAG(s) 'transform_bronze_to_silver_gold' retrieved from /opt/airflow/dags/transform_silver_gold_dbt_dag.py
[2025-11-13T03:43:14.261+0000] {logging_mixin.py:188} INFO - [2025-11-13T03:43:14.261+0000] {dag.py:3036} INFO - Sync 1 DAGs
[2025-11-13T03:43:14.272+0000] {logging_mixin.py:188} INFO - [2025-11-13T03:43:14.272+0000] {dag.py:3823} INFO - Setting next_dagrun for transform_bronze_to_silver_gold to 2025-11-13 00:00:00+00:00, run_after=2025-11-13 06:00:00+00:00
[2025-11-13T03:43:14.287+0000] {processor.py:183} INFO - Processing /opt/airflow/dags/transform_silver_gold_dbt_dag.py took 0.073 seconds
[2025-11-13T03:43:44.380+0000] {processor.py:161} INFO - Started process (PID=14887) to work on /opt/airflow/dags/transform_silver_gold_dbt_dag.py
[2025-11-13T03:43:44.381+0000] {processor.py:830} INFO - Processing file /opt/airflow/dags/transform_silver_gold_dbt_dag.py for tasks to queue
[2025-11-13T03:43:44.382+0000] {logging_mixin.py:188} INFO - [2025-11-13T03:43:44.382+0000] {dagbag.py:538} INFO - Filling up the DagBag from /opt/airflow/dags/transform_silver_gold_dbt_dag.py
[2025-11-13T03:43:44.408+0000] {processor.py:840} INFO - DAG(s) 'transform_bronze_to_silver_gold' retrieved from /opt/airflow/dags/transform_silver_gold_dbt_dag.py
[2025-11-13T03:43:44.421+0000] {logging_mixin.py:188} INFO - [2025-11-13T03:43:44.421+0000] {dag.py:3036} INFO - Sync 1 DAGs
[2025-11-13T03:43:44.432+0000] {logging_mixin.py:188} INFO - [2025-11-13T03:43:44.431+0000] {dag.py:3823} INFO - Setting next_dagrun for transform_bronze_to_silver_gold to 2025-11-13 00:00:00+00:00, run_after=2025-11-13 06:00:00+00:00
[2025-11-13T03:43:44.449+0000] {processor.py:183} INFO - Processing /opt/airflow/dags/transform_silver_gold_dbt_dag.py took 0.071 seconds
[2025-11-13T03:44:14.546+0000] {processor.py:161} INFO - Started process (PID=14889) to work on /opt/airflow/dags/transform_silver_gold_dbt_dag.py
[2025-11-13T03:44:14.547+0000] {processor.py:830} INFO - Processing file /opt/airflow/dags/transform_silver_gold_dbt_dag.py for tasks to queue
[2025-11-13T03:44:14.548+0000] {logging_mixin.py:188} INFO - [2025-11-13T03:44:14.548+0000] {dagbag.py:538} INFO - Filling up the DagBag from /opt/airflow/dags/transform_silver_gold_dbt_dag.py
[2025-11-13T03:44:14.570+0000] {processor.py:840} INFO - DAG(s) 'transform_bronze_to_silver_gold' retrieved from /opt/airflow/dags/transform_silver_gold_dbt_dag.py
[2025-11-13T03:44:14.583+0000] {logging_mixin.py:188} INFO - [2025-11-13T03:44:14.583+0000] {dag.py:3036} INFO - Sync 1 DAGs
[2025-11-13T03:44:14.594+0000] {logging_mixin.py:188} INFO - [2025-11-13T03:44:14.594+0000] {dag.py:3823} INFO - Setting next_dagrun for transform_bronze_to_silver_gold to 2025-11-13 00:00:00+00:00, run_after=2025-11-13 06:00:00+00:00
[2025-11-13T03:44:14.611+0000] {processor.py:183} INFO - Processing /opt/airflow/dags/transform_silver_gold_dbt_dag.py took 0.067 seconds
[2025-11-13T03:44:44.700+0000] {processor.py:161} INFO - Started process (PID=14898) to work on /opt/airflow/dags/transform_silver_gold_dbt_dag.py
[2025-11-13T03:44:44.701+0000] {processor.py:830} INFO - Processing file /opt/airflow/dags/transform_silver_gold_dbt_dag.py for tasks to queue
[2025-11-13T03:44:44.702+0000] {logging_mixin.py:188} INFO - [2025-11-13T03:44:44.702+0000] {dagbag.py:538} INFO - Filling up the DagBag from /opt/airflow/dags/transform_silver_gold_dbt_dag.py
[2025-11-13T03:44:44.726+0000] {processor.py:840} INFO - DAG(s) 'transform_bronze_to_silver_gold' retrieved from /opt/airflow/dags/transform_silver_gold_dbt_dag.py
[2025-11-13T03:44:44.739+0000] {logging_mixin.py:188} INFO - [2025-11-13T03:44:44.739+0000] {dag.py:3036} INFO - Sync 1 DAGs
[2025-11-13T03:44:44.751+0000] {logging_mixin.py:188} INFO - [2025-11-13T03:44:44.751+0000] {dag.py:3823} INFO - Setting next_dagrun for transform_bronze_to_silver_gold to 2025-11-13 00:00:00+00:00, run_after=2025-11-13 06:00:00+00:00
[2025-11-13T03:44:44.767+0000] {processor.py:183} INFO - Processing /opt/airflow/dags/transform_silver_gold_dbt_dag.py took 0.070 seconds
[2025-11-13T03:45:14.862+0000] {processor.py:161} INFO - Started process (PID=14900) to work on /opt/airflow/dags/transform_silver_gold_dbt_dag.py
[2025-11-13T03:45:14.863+0000] {processor.py:830} INFO - Processing file /opt/airflow/dags/transform_silver_gold_dbt_dag.py for tasks to queue
[2025-11-13T03:45:14.864+0000] {logging_mixin.py:188} INFO - [2025-11-13T03:45:14.864+0000] {dagbag.py:538} INFO - Filling up the DagBag from /opt/airflow/dags/transform_silver_gold_dbt_dag.py
[2025-11-13T03:45:14.887+0000] {processor.py:840} INFO - DAG(s) 'transform_bronze_to_silver_gold' retrieved from /opt/airflow/dags/transform_silver_gold_dbt_dag.py
[2025-11-13T03:45:14.901+0000] {logging_mixin.py:188} INFO - [2025-11-13T03:45:14.900+0000] {dag.py:3036} INFO - Sync 1 DAGs
[2025-11-13T03:45:14.913+0000] {logging_mixin.py:188} INFO - [2025-11-13T03:45:14.913+0000] {dag.py:3823} INFO - Setting next_dagrun for transform_bronze_to_silver_gold to 2025-11-13 00:00:00+00:00, run_after=2025-11-13 06:00:00+00:00
[2025-11-13T03:45:14.929+0000] {processor.py:183} INFO - Processing /opt/airflow/dags/transform_silver_gold_dbt_dag.py took 0.069 seconds
[2025-11-13T03:45:44.997+0000] {processor.py:161} INFO - Started process (PID=14902) to work on /opt/airflow/dags/transform_silver_gold_dbt_dag.py
[2025-11-13T03:45:44.998+0000] {processor.py:830} INFO - Processing file /opt/airflow/dags/transform_silver_gold_dbt_dag.py for tasks to queue
[2025-11-13T03:45:44.999+0000] {logging_mixin.py:188} INFO - [2025-11-13T03:45:44.998+0000] {dagbag.py:538} INFO - Filling up the DagBag from /opt/airflow/dags/transform_silver_gold_dbt_dag.py
[2025-11-13T03:45:45.019+0000] {processor.py:840} INFO - DAG(s) 'transform_bronze_to_silver_gold' retrieved from /opt/airflow/dags/transform_silver_gold_dbt_dag.py
[2025-11-13T03:45:45.033+0000] {logging_mixin.py:188} INFO - [2025-11-13T03:45:45.033+0000] {dag.py:3036} INFO - Sync 1 DAGs
[2025-11-13T03:45:45.043+0000] {logging_mixin.py:188} INFO - [2025-11-13T03:45:45.043+0000] {dag.py:3823} INFO - Setting next_dagrun for transform_bronze_to_silver_gold to 2025-11-13 00:00:00+00:00, run_after=2025-11-13 06:00:00+00:00
[2025-11-13T03:45:45.063+0000] {processor.py:183} INFO - Processing /opt/airflow/dags/transform_silver_gold_dbt_dag.py took 0.069 seconds
[2025-11-13T03:46:15.165+0000] {processor.py:161} INFO - Started process (PID=14904) to work on /opt/airflow/dags/transform_silver_gold_dbt_dag.py
[2025-11-13T03:46:15.166+0000] {processor.py:830} INFO - Processing file /opt/airflow/dags/transform_silver_gold_dbt_dag.py for tasks to queue
[2025-11-13T03:46:15.167+0000] {logging_mixin.py:188} INFO - [2025-11-13T03:46:15.166+0000] {dagbag.py:538} INFO - Filling up the DagBag from /opt/airflow/dags/transform_silver_gold_dbt_dag.py
[2025-11-13T03:46:15.191+0000] {processor.py:840} INFO - DAG(s) 'transform_bronze_to_silver_gold' retrieved from /opt/airflow/dags/transform_silver_gold_dbt_dag.py
[2025-11-13T03:46:15.203+0000] {logging_mixin.py:188} INFO - [2025-11-13T03:46:15.203+0000] {dag.py:3036} INFO - Sync 1 DAGs
[2025-11-13T03:46:15.214+0000] {logging_mixin.py:188} INFO - [2025-11-13T03:46:15.214+0000] {dag.py:3823} INFO - Setting next_dagrun for transform_bronze_to_silver_gold to 2025-11-13 00:00:00+00:00, run_after=2025-11-13 06:00:00+00:00
[2025-11-13T03:46:15.230+0000] {processor.py:183} INFO - Processing /opt/airflow/dags/transform_silver_gold_dbt_dag.py took 0.067 seconds
[2025-11-13T03:46:45.343+0000] {processor.py:161} INFO - Started process (PID=14906) to work on /opt/airflow/dags/transform_silver_gold_dbt_dag.py
[2025-11-13T03:46:45.344+0000] {processor.py:830} INFO - Processing file /opt/airflow/dags/transform_silver_gold_dbt_dag.py for tasks to queue
[2025-11-13T03:46:45.345+0000] {logging_mixin.py:188} INFO - [2025-11-13T03:46:45.345+0000] {dagbag.py:538} INFO - Filling up the DagBag from /opt/airflow/dags/transform_silver_gold_dbt_dag.py
[2025-11-13T03:46:45.368+0000] {processor.py:840} INFO - DAG(s) 'transform_bronze_to_silver_gold' retrieved from /opt/airflow/dags/transform_silver_gold_dbt_dag.py
[2025-11-13T03:46:45.381+0000] {logging_mixin.py:188} INFO - [2025-11-13T03:46:45.381+0000] {dag.py:3036} INFO - Sync 1 DAGs
[2025-11-13T03:46:45.392+0000] {logging_mixin.py:188} INFO - [2025-11-13T03:46:45.391+0000] {dag.py:3823} INFO - Setting next_dagrun for transform_bronze_to_silver_gold to 2025-11-13 00:00:00+00:00, run_after=2025-11-13 06:00:00+00:00
[2025-11-13T03:46:45.409+0000] {processor.py:183} INFO - Processing /opt/airflow/dags/transform_silver_gold_dbt_dag.py took 0.069 seconds
[2025-11-13T03:47:15.506+0000] {processor.py:161} INFO - Started process (PID=14915) to work on /opt/airflow/dags/transform_silver_gold_dbt_dag.py
[2025-11-13T03:47:15.508+0000] {processor.py:830} INFO - Processing file /opt/airflow/dags/transform_silver_gold_dbt_dag.py for tasks to queue
[2025-11-13T03:47:15.509+0000] {logging_mixin.py:188} INFO - [2025-11-13T03:47:15.508+0000] {dagbag.py:538} INFO - Filling up the DagBag from /opt/airflow/dags/transform_silver_gold_dbt_dag.py
[2025-11-13T03:47:15.536+0000] {processor.py:840} INFO - DAG(s) 'transform_bronze_to_silver_gold' retrieved from /opt/airflow/dags/transform_silver_gold_dbt_dag.py
[2025-11-13T03:47:15.548+0000] {logging_mixin.py:188} INFO - [2025-11-13T03:47:15.548+0000] {dag.py:3036} INFO - Sync 1 DAGs
[2025-11-13T03:47:15.559+0000] {logging_mixin.py:188} INFO - [2025-11-13T03:47:15.559+0000] {dag.py:3823} INFO - Setting next_dagrun for transform_bronze_to_silver_gold to 2025-11-13 00:00:00+00:00, run_after=2025-11-13 06:00:00+00:00
[2025-11-13T03:47:15.574+0000] {processor.py:183} INFO - Processing /opt/airflow/dags/transform_silver_gold_dbt_dag.py took 0.070 seconds
[2025-11-13T03:47:45.670+0000] {processor.py:161} INFO - Started process (PID=14924) to work on /opt/airflow/dags/transform_silver_gold_dbt_dag.py
[2025-11-13T03:47:45.672+0000] {processor.py:830} INFO - Processing file /opt/airflow/dags/transform_silver_gold_dbt_dag.py for tasks to queue
[2025-11-13T03:47:45.673+0000] {logging_mixin.py:188} INFO - [2025-11-13T03:47:45.673+0000] {dagbag.py:538} INFO - Filling up the DagBag from /opt/airflow/dags/transform_silver_gold_dbt_dag.py
[2025-11-13T03:47:45.696+0000] {processor.py:840} INFO - DAG(s) 'transform_bronze_to_silver_gold' retrieved from /opt/airflow/dags/transform_silver_gold_dbt_dag.py
[2025-11-13T03:47:45.709+0000] {logging_mixin.py:188} INFO - [2025-11-13T03:47:45.709+0000] {dag.py:3036} INFO - Sync 1 DAGs
[2025-11-13T03:47:45.719+0000] {logging_mixin.py:188} INFO - [2025-11-13T03:47:45.719+0000] {dag.py:3823} INFO - Setting next_dagrun for transform_bronze_to_silver_gold to 2025-11-13 00:00:00+00:00, run_after=2025-11-13 06:00:00+00:00
[2025-11-13T03:47:45.734+0000] {processor.py:183} INFO - Processing /opt/airflow/dags/transform_silver_gold_dbt_dag.py took 0.066 seconds
[2025-11-13T03:48:15.834+0000] {processor.py:161} INFO - Started process (PID=14933) to work on /opt/airflow/dags/transform_silver_gold_dbt_dag.py
[2025-11-13T03:48:15.836+0000] {processor.py:830} INFO - Processing file /opt/airflow/dags/transform_silver_gold_dbt_dag.py for tasks to queue
[2025-11-13T03:48:15.837+0000] {logging_mixin.py:188} INFO - [2025-11-13T03:48:15.837+0000] {dagbag.py:538} INFO - Filling up the DagBag from /opt/airflow/dags/transform_silver_gold_dbt_dag.py
[2025-11-13T03:48:15.864+0000] {processor.py:840} INFO - DAG(s) 'transform_bronze_to_silver_gold' retrieved from /opt/airflow/dags/transform_silver_gold_dbt_dag.py
[2025-11-13T03:48:15.877+0000] {logging_mixin.py:188} INFO - [2025-11-13T03:48:15.877+0000] {dag.py:3036} INFO - Sync 1 DAGs
[2025-11-13T03:48:15.889+0000] {logging_mixin.py:188} INFO - [2025-11-13T03:48:15.888+0000] {dag.py:3823} INFO - Setting next_dagrun for transform_bronze_to_silver_gold to 2025-11-13 00:00:00+00:00, run_after=2025-11-13 06:00:00+00:00
[2025-11-13T03:48:15.904+0000] {processor.py:183} INFO - Processing /opt/airflow/dags/transform_silver_gold_dbt_dag.py took 0.072 seconds
[2025-11-13T03:48:46.011+0000] {processor.py:161} INFO - Started process (PID=14935) to work on /opt/airflow/dags/transform_silver_gold_dbt_dag.py
[2025-11-13T03:48:46.012+0000] {processor.py:830} INFO - Processing file /opt/airflow/dags/transform_silver_gold_dbt_dag.py for tasks to queue
[2025-11-13T03:48:46.013+0000] {logging_mixin.py:188} INFO - [2025-11-13T03:48:46.013+0000] {dagbag.py:538} INFO - Filling up the DagBag from /opt/airflow/dags/transform_silver_gold_dbt_dag.py
[2025-11-13T03:48:46.040+0000] {processor.py:840} INFO - DAG(s) 'transform_bronze_to_silver_gold' retrieved from /opt/airflow/dags/transform_silver_gold_dbt_dag.py
[2025-11-13T03:48:46.054+0000] {logging_mixin.py:188} INFO - [2025-11-13T03:48:46.054+0000] {dag.py:3036} INFO - Sync 1 DAGs
[2025-11-13T03:48:46.067+0000] {logging_mixin.py:188} INFO - [2025-11-13T03:48:46.067+0000] {dag.py:3823} INFO - Setting next_dagrun for transform_bronze_to_silver_gold to 2025-11-13 00:00:00+00:00, run_after=2025-11-13 06:00:00+00:00
[2025-11-13T03:48:46.084+0000] {processor.py:183} INFO - Processing /opt/airflow/dags/transform_silver_gold_dbt_dag.py took 0.075 seconds
[2025-11-13T03:49:16.164+0000] {processor.py:161} INFO - Started process (PID=14937) to work on /opt/airflow/dags/transform_silver_gold_dbt_dag.py
[2025-11-13T03:49:16.165+0000] {processor.py:830} INFO - Processing file /opt/airflow/dags/transform_silver_gold_dbt_dag.py for tasks to queue
[2025-11-13T03:49:16.165+0000] {logging_mixin.py:188} INFO - [2025-11-13T03:49:16.165+0000] {dagbag.py:538} INFO - Filling up the DagBag from /opt/airflow/dags/transform_silver_gold_dbt_dag.py
[2025-11-13T03:49:16.182+0000] {processor.py:840} INFO - DAG(s) 'transform_bronze_to_silver_gold' retrieved from /opt/airflow/dags/transform_silver_gold_dbt_dag.py
[2025-11-13T03:49:16.198+0000] {logging_mixin.py:188} INFO - [2025-11-13T03:49:16.198+0000] {dag.py:3036} INFO - Sync 1 DAGs
[2025-11-13T03:49:16.211+0000] {logging_mixin.py:188} INFO - [2025-11-13T03:49:16.211+0000] {dag.py:3823} INFO - Setting next_dagrun for transform_bronze_to_silver_gold to 2025-11-13 00:00:00+00:00, run_after=2025-11-13 06:00:00+00:00
[2025-11-13T03:49:16.226+0000] {processor.py:183} INFO - Processing /opt/airflow/dags/transform_silver_gold_dbt_dag.py took 0.065 seconds
[2025-11-13T03:49:46.326+0000] {processor.py:161} INFO - Started process (PID=14939) to work on /opt/airflow/dags/transform_silver_gold_dbt_dag.py
[2025-11-13T03:49:46.327+0000] {processor.py:830} INFO - Processing file /opt/airflow/dags/transform_silver_gold_dbt_dag.py for tasks to queue
[2025-11-13T03:49:46.328+0000] {logging_mixin.py:188} INFO - [2025-11-13T03:49:46.328+0000] {dagbag.py:538} INFO - Filling up the DagBag from /opt/airflow/dags/transform_silver_gold_dbt_dag.py
[2025-11-13T03:49:46.358+0000] {processor.py:840} INFO - DAG(s) 'transform_bronze_to_silver_gold' retrieved from /opt/airflow/dags/transform_silver_gold_dbt_dag.py
[2025-11-13T03:49:46.372+0000] {logging_mixin.py:188} INFO - [2025-11-13T03:49:46.372+0000] {dag.py:3036} INFO - Sync 1 DAGs
[2025-11-13T03:49:46.384+0000] {logging_mixin.py:188} INFO - [2025-11-13T03:49:46.384+0000] {dag.py:3823} INFO - Setting next_dagrun for transform_bronze_to_silver_gold to 2025-11-13 00:00:00+00:00, run_after=2025-11-13 06:00:00+00:00
[2025-11-13T03:49:46.400+0000] {processor.py:183} INFO - Processing /opt/airflow/dags/transform_silver_gold_dbt_dag.py took 0.077 seconds
[2025-11-13T03:50:16.496+0000] {processor.py:161} INFO - Started process (PID=14941) to work on /opt/airflow/dags/transform_silver_gold_dbt_dag.py
[2025-11-13T03:50:16.497+0000] {processor.py:830} INFO - Processing file /opt/airflow/dags/transform_silver_gold_dbt_dag.py for tasks to queue
[2025-11-13T03:50:16.498+0000] {logging_mixin.py:188} INFO - [2025-11-13T03:50:16.498+0000] {dagbag.py:538} INFO - Filling up the DagBag from /opt/airflow/dags/transform_silver_gold_dbt_dag.py
[2025-11-13T03:50:16.526+0000] {processor.py:840} INFO - DAG(s) 'transform_bronze_to_silver_gold' retrieved from /opt/airflow/dags/transform_silver_gold_dbt_dag.py
[2025-11-13T03:50:16.543+0000] {logging_mixin.py:188} INFO - [2025-11-13T03:50:16.542+0000] {dag.py:3036} INFO - Sync 1 DAGs
[2025-11-13T03:50:16.556+0000] {logging_mixin.py:188} INFO - [2025-11-13T03:50:16.555+0000] {dag.py:3823} INFO - Setting next_dagrun for transform_bronze_to_silver_gold to 2025-11-13 00:00:00+00:00, run_after=2025-11-13 06:00:00+00:00
[2025-11-13T03:50:16.570+0000] {processor.py:183} INFO - Processing /opt/airflow/dags/transform_silver_gold_dbt_dag.py took 0.076 seconds
[2025-11-13T03:50:46.655+0000] {processor.py:161} INFO - Started process (PID=14943) to work on /opt/airflow/dags/transform_silver_gold_dbt_dag.py
[2025-11-13T03:50:46.656+0000] {processor.py:830} INFO - Processing file /opt/airflow/dags/transform_silver_gold_dbt_dag.py for tasks to queue
[2025-11-13T03:50:46.658+0000] {logging_mixin.py:188} INFO - [2025-11-13T03:50:46.657+0000] {dagbag.py:538} INFO - Filling up the DagBag from /opt/airflow/dags/transform_silver_gold_dbt_dag.py
[2025-11-13T03:50:46.686+0000] {processor.py:840} INFO - DAG(s) 'transform_bronze_to_silver_gold' retrieved from /opt/airflow/dags/transform_silver_gold_dbt_dag.py
[2025-11-13T03:50:46.700+0000] {logging_mixin.py:188} INFO - [2025-11-13T03:50:46.699+0000] {dag.py:3036} INFO - Sync 1 DAGs
[2025-11-13T03:50:46.711+0000] {logging_mixin.py:188} INFO - [2025-11-13T03:50:46.710+0000] {dag.py:3823} INFO - Setting next_dagrun for transform_bronze_to_silver_gold to 2025-11-13 00:00:00+00:00, run_after=2025-11-13 06:00:00+00:00
[2025-11-13T03:50:46.726+0000] {processor.py:183} INFO - Processing /opt/airflow/dags/transform_silver_gold_dbt_dag.py took 0.073 seconds
[2025-11-13T03:51:16.819+0000] {processor.py:161} INFO - Started process (PID=14945) to work on /opt/airflow/dags/transform_silver_gold_dbt_dag.py
[2025-11-13T03:51:16.820+0000] {processor.py:830} INFO - Processing file /opt/airflow/dags/transform_silver_gold_dbt_dag.py for tasks to queue
[2025-11-13T03:51:16.821+0000] {logging_mixin.py:188} INFO - [2025-11-13T03:51:16.821+0000] {dagbag.py:538} INFO - Filling up the DagBag from /opt/airflow/dags/transform_silver_gold_dbt_dag.py
[2025-11-13T03:51:16.848+0000] {processor.py:840} INFO - DAG(s) 'transform_bronze_to_silver_gold' retrieved from /opt/airflow/dags/transform_silver_gold_dbt_dag.py
[2025-11-13T03:51:16.861+0000] {logging_mixin.py:188} INFO - [2025-11-13T03:51:16.861+0000] {dag.py:3036} INFO - Sync 1 DAGs
[2025-11-13T03:51:16.873+0000] {logging_mixin.py:188} INFO - [2025-11-13T03:51:16.873+0000] {dag.py:3823} INFO - Setting next_dagrun for transform_bronze_to_silver_gold to 2025-11-13 00:00:00+00:00, run_after=2025-11-13 06:00:00+00:00
[2025-11-13T03:51:16.890+0000] {processor.py:183} INFO - Processing /opt/airflow/dags/transform_silver_gold_dbt_dag.py took 0.073 seconds
[2025-11-13T03:51:46.993+0000] {processor.py:161} INFO - Started process (PID=14947) to work on /opt/airflow/dags/transform_silver_gold_dbt_dag.py
[2025-11-13T03:51:46.994+0000] {processor.py:830} INFO - Processing file /opt/airflow/dags/transform_silver_gold_dbt_dag.py for tasks to queue
[2025-11-13T03:51:46.995+0000] {logging_mixin.py:188} INFO - [2025-11-13T03:51:46.995+0000] {dagbag.py:538} INFO - Filling up the DagBag from /opt/airflow/dags/transform_silver_gold_dbt_dag.py
[2025-11-13T03:51:47.018+0000] {processor.py:840} INFO - DAG(s) 'transform_bronze_to_silver_gold' retrieved from /opt/airflow/dags/transform_silver_gold_dbt_dag.py
[2025-11-13T03:51:47.031+0000] {logging_mixin.py:188} INFO - [2025-11-13T03:51:47.031+0000] {dag.py:3036} INFO - Sync 1 DAGs
[2025-11-13T03:51:47.044+0000] {logging_mixin.py:188} INFO - [2025-11-13T03:51:47.044+0000] {dag.py:3823} INFO - Setting next_dagrun for transform_bronze_to_silver_gold to 2025-11-13 00:00:00+00:00, run_after=2025-11-13 06:00:00+00:00
[2025-11-13T03:51:47.058+0000] {processor.py:183} INFO - Processing /opt/airflow/dags/transform_silver_gold_dbt_dag.py took 0.067 seconds
[2025-11-13T03:52:17.142+0000] {processor.py:161} INFO - Started process (PID=14949) to work on /opt/airflow/dags/transform_silver_gold_dbt_dag.py
[2025-11-13T03:52:17.143+0000] {processor.py:830} INFO - Processing file /opt/airflow/dags/transform_silver_gold_dbt_dag.py for tasks to queue
[2025-11-13T03:52:17.144+0000] {logging_mixin.py:188} INFO - [2025-11-13T03:52:17.144+0000] {dagbag.py:538} INFO - Filling up the DagBag from /opt/airflow/dags/transform_silver_gold_dbt_dag.py
[2025-11-13T03:52:17.163+0000] {processor.py:840} INFO - DAG(s) 'transform_bronze_to_silver_gold' retrieved from /opt/airflow/dags/transform_silver_gold_dbt_dag.py
[2025-11-13T03:52:17.177+0000] {logging_mixin.py:188} INFO - [2025-11-13T03:52:17.177+0000] {dag.py:3036} INFO - Sync 1 DAGs
[2025-11-13T03:52:17.188+0000] {logging_mixin.py:188} INFO - [2025-11-13T03:52:17.188+0000] {dag.py:3823} INFO - Setting next_dagrun for transform_bronze_to_silver_gold to 2025-11-13 00:00:00+00:00, run_after=2025-11-13 06:00:00+00:00
[2025-11-13T03:52:17.201+0000] {processor.py:183} INFO - Processing /opt/airflow/dags/transform_silver_gold_dbt_dag.py took 0.062 seconds
[2025-11-13T03:52:47.308+0000] {processor.py:161} INFO - Started process (PID=14951) to work on /opt/airflow/dags/transform_silver_gold_dbt_dag.py
[2025-11-13T03:52:47.309+0000] {processor.py:830} INFO - Processing file /opt/airflow/dags/transform_silver_gold_dbt_dag.py for tasks to queue
[2025-11-13T03:52:47.310+0000] {logging_mixin.py:188} INFO - [2025-11-13T03:52:47.310+0000] {dagbag.py:538} INFO - Filling up the DagBag from /opt/airflow/dags/transform_silver_gold_dbt_dag.py
[2025-11-13T03:52:47.336+0000] {processor.py:840} INFO - DAG(s) 'transform_bronze_to_silver_gold' retrieved from /opt/airflow/dags/transform_silver_gold_dbt_dag.py
[2025-11-13T03:52:47.351+0000] {logging_mixin.py:188} INFO - [2025-11-13T03:52:47.351+0000] {dag.py:3036} INFO - Sync 1 DAGs
[2025-11-13T03:52:47.363+0000] {logging_mixin.py:188} INFO - [2025-11-13T03:52:47.363+0000] {dag.py:3823} INFO - Setting next_dagrun for transform_bronze_to_silver_gold to 2025-11-13 00:00:00+00:00, run_after=2025-11-13 06:00:00+00:00
[2025-11-13T03:52:47.377+0000] {processor.py:183} INFO - Processing /opt/airflow/dags/transform_silver_gold_dbt_dag.py took 0.072 seconds
[2025-11-13T03:53:17.472+0000] {processor.py:161} INFO - Started process (PID=14953) to work on /opt/airflow/dags/transform_silver_gold_dbt_dag.py
[2025-11-13T03:53:17.473+0000] {processor.py:830} INFO - Processing file /opt/airflow/dags/transform_silver_gold_dbt_dag.py for tasks to queue
[2025-11-13T03:53:17.474+0000] {logging_mixin.py:188} INFO - [2025-11-13T03:53:17.474+0000] {dagbag.py:538} INFO - Filling up the DagBag from /opt/airflow/dags/transform_silver_gold_dbt_dag.py
[2025-11-13T03:53:17.495+0000] {processor.py:840} INFO - DAG(s) 'transform_bronze_to_silver_gold' retrieved from /opt/airflow/dags/transform_silver_gold_dbt_dag.py
[2025-11-13T03:53:17.509+0000] {logging_mixin.py:188} INFO - [2025-11-13T03:53:17.509+0000] {dag.py:3036} INFO - Sync 1 DAGs
[2025-11-13T03:53:17.520+0000] {logging_mixin.py:188} INFO - [2025-11-13T03:53:17.520+0000] {dag.py:3823} INFO - Setting next_dagrun for transform_bronze_to_silver_gold to 2025-11-13 00:00:00+00:00, run_after=2025-11-13 06:00:00+00:00
[2025-11-13T03:53:17.531+0000] {processor.py:183} INFO - Processing /opt/airflow/dags/transform_silver_gold_dbt_dag.py took 0.062 seconds
[2025-11-13T03:53:47.608+0000] {processor.py:161} INFO - Started process (PID=14955) to work on /opt/airflow/dags/transform_silver_gold_dbt_dag.py
[2025-11-13T03:53:47.610+0000] {processor.py:830} INFO - Processing file /opt/airflow/dags/transform_silver_gold_dbt_dag.py for tasks to queue
[2025-11-13T03:53:47.610+0000] {logging_mixin.py:188} INFO - [2025-11-13T03:53:47.610+0000] {dagbag.py:538} INFO - Filling up the DagBag from /opt/airflow/dags/transform_silver_gold_dbt_dag.py
[2025-11-13T03:53:47.634+0000] {processor.py:840} INFO - DAG(s) 'transform_bronze_to_silver_gold' retrieved from /opt/airflow/dags/transform_silver_gold_dbt_dag.py
[2025-11-13T03:53:47.648+0000] {logging_mixin.py:188} INFO - [2025-11-13T03:53:47.647+0000] {dag.py:3036} INFO - Sync 1 DAGs
[2025-11-13T03:53:47.658+0000] {logging_mixin.py:188} INFO - [2025-11-13T03:53:47.658+0000] {dag.py:3823} INFO - Setting next_dagrun for transform_bronze_to_silver_gold to 2025-11-13 00:00:00+00:00, run_after=2025-11-13 06:00:00+00:00
[2025-11-13T03:53:47.672+0000] {processor.py:183} INFO - Processing /opt/airflow/dags/transform_silver_gold_dbt_dag.py took 0.066 seconds
[2025-11-13T03:54:17.850+0000] {processor.py:161} INFO - Started process (PID=14957) to work on /opt/airflow/dags/transform_silver_gold_dbt_dag.py
[2025-11-13T03:54:17.851+0000] {processor.py:830} INFO - Processing file /opt/airflow/dags/transform_silver_gold_dbt_dag.py for tasks to queue
[2025-11-13T03:54:17.852+0000] {logging_mixin.py:188} INFO - [2025-11-13T03:54:17.852+0000] {dagbag.py:538} INFO - Filling up the DagBag from /opt/airflow/dags/transform_silver_gold_dbt_dag.py
[2025-11-13T03:54:17.875+0000] {processor.py:840} INFO - DAG(s) 'transform_bronze_to_silver_gold' retrieved from /opt/airflow/dags/transform_silver_gold_dbt_dag.py
[2025-11-13T03:54:17.888+0000] {logging_mixin.py:188} INFO - [2025-11-13T03:54:17.888+0000] {dag.py:3036} INFO - Sync 1 DAGs
[2025-11-13T03:54:17.901+0000] {logging_mixin.py:188} INFO - [2025-11-13T03:54:17.900+0000] {dag.py:3823} INFO - Setting next_dagrun for transform_bronze_to_silver_gold to 2025-11-13 00:00:00+00:00, run_after=2025-11-13 06:00:00+00:00
[2025-11-13T03:54:17.916+0000] {processor.py:183} INFO - Processing /opt/airflow/dags/transform_silver_gold_dbt_dag.py took 0.069 seconds
[2025-11-13T03:54:48.139+0000] {processor.py:161} INFO - Started process (PID=14959) to work on /opt/airflow/dags/transform_silver_gold_dbt_dag.py
[2025-11-13T03:54:48.140+0000] {processor.py:830} INFO - Processing file /opt/airflow/dags/transform_silver_gold_dbt_dag.py for tasks to queue
[2025-11-13T03:54:48.141+0000] {logging_mixin.py:188} INFO - [2025-11-13T03:54:48.140+0000] {dagbag.py:538} INFO - Filling up the DagBag from /opt/airflow/dags/transform_silver_gold_dbt_dag.py
[2025-11-13T03:54:48.162+0000] {processor.py:840} INFO - DAG(s) 'transform_bronze_to_silver_gold' retrieved from /opt/airflow/dags/transform_silver_gold_dbt_dag.py
[2025-11-13T03:54:48.175+0000] {logging_mixin.py:188} INFO - [2025-11-13T03:54:48.175+0000] {dag.py:3036} INFO - Sync 1 DAGs
[2025-11-13T03:54:48.185+0000] {logging_mixin.py:188} INFO - [2025-11-13T03:54:48.185+0000] {dag.py:3823} INFO - Setting next_dagrun for transform_bronze_to_silver_gold to 2025-11-13 00:00:00+00:00, run_after=2025-11-13 06:00:00+00:00
[2025-11-13T03:54:48.201+0000] {processor.py:183} INFO - Processing /opt/airflow/dags/transform_silver_gold_dbt_dag.py took 0.064 seconds
[2025-11-13T03:55:18.309+0000] {processor.py:161} INFO - Started process (PID=14961) to work on /opt/airflow/dags/transform_silver_gold_dbt_dag.py
[2025-11-13T03:55:18.310+0000] {processor.py:830} INFO - Processing file /opt/airflow/dags/transform_silver_gold_dbt_dag.py for tasks to queue
[2025-11-13T03:55:18.311+0000] {logging_mixin.py:188} INFO - [2025-11-13T03:55:18.310+0000] {dagbag.py:538} INFO - Filling up the DagBag from /opt/airflow/dags/transform_silver_gold_dbt_dag.py
[2025-11-13T03:55:18.330+0000] {processor.py:840} INFO - DAG(s) 'transform_bronze_to_silver_gold' retrieved from /opt/airflow/dags/transform_silver_gold_dbt_dag.py
[2025-11-13T03:55:18.343+0000] {logging_mixin.py:188} INFO - [2025-11-13T03:55:18.343+0000] {dag.py:3036} INFO - Sync 1 DAGs
[2025-11-13T03:55:18.354+0000] {logging_mixin.py:188} INFO - [2025-11-13T03:55:18.354+0000] {dag.py:3823} INFO - Setting next_dagrun for transform_bronze_to_silver_gold to 2025-11-13 00:00:00+00:00, run_after=2025-11-13 06:00:00+00:00
[2025-11-13T03:55:18.371+0000] {processor.py:183} INFO - Processing /opt/airflow/dags/transform_silver_gold_dbt_dag.py took 0.064 seconds
[2025-11-13T03:55:48.621+0000] {processor.py:161} INFO - Started process (PID=14963) to work on /opt/airflow/dags/transform_silver_gold_dbt_dag.py
[2025-11-13T03:55:48.623+0000] {processor.py:830} INFO - Processing file /opt/airflow/dags/transform_silver_gold_dbt_dag.py for tasks to queue
[2025-11-13T03:55:48.624+0000] {logging_mixin.py:188} INFO - [2025-11-13T03:55:48.623+0000] {dagbag.py:538} INFO - Filling up the DagBag from /opt/airflow/dags/transform_silver_gold_dbt_dag.py
[2025-11-13T03:55:48.647+0000] {processor.py:840} INFO - DAG(s) 'transform_bronze_to_silver_gold' retrieved from /opt/airflow/dags/transform_silver_gold_dbt_dag.py
[2025-11-13T03:55:48.658+0000] {logging_mixin.py:188} INFO - [2025-11-13T03:55:48.658+0000] {dag.py:3036} INFO - Sync 1 DAGs
[2025-11-13T03:55:48.667+0000] {logging_mixin.py:188} INFO - [2025-11-13T03:55:48.667+0000] {dag.py:3823} INFO - Setting next_dagrun for transform_bronze_to_silver_gold to 2025-11-13 00:00:00+00:00, run_after=2025-11-13 06:00:00+00:00
[2025-11-13T03:55:48.682+0000] {processor.py:183} INFO - Processing /opt/airflow/dags/transform_silver_gold_dbt_dag.py took 0.062 seconds
[2025-11-13T03:56:18.896+0000] {processor.py:161} INFO - Started process (PID=14965) to work on /opt/airflow/dags/transform_silver_gold_dbt_dag.py
[2025-11-13T03:56:18.897+0000] {processor.py:830} INFO - Processing file /opt/airflow/dags/transform_silver_gold_dbt_dag.py for tasks to queue
[2025-11-13T03:56:18.898+0000] {logging_mixin.py:188} INFO - [2025-11-13T03:56:18.898+0000] {dagbag.py:538} INFO - Filling up the DagBag from /opt/airflow/dags/transform_silver_gold_dbt_dag.py
[2025-11-13T03:56:18.923+0000] {processor.py:840} INFO - DAG(s) 'transform_bronze_to_silver_gold' retrieved from /opt/airflow/dags/transform_silver_gold_dbt_dag.py
[2025-11-13T03:56:18.936+0000] {logging_mixin.py:188} INFO - [2025-11-13T03:56:18.936+0000] {dag.py:3036} INFO - Sync 1 DAGs
[2025-11-13T03:56:18.947+0000] {logging_mixin.py:188} INFO - [2025-11-13T03:56:18.947+0000] {dag.py:3823} INFO - Setting next_dagrun for transform_bronze_to_silver_gold to 2025-11-13 00:00:00+00:00, run_after=2025-11-13 06:00:00+00:00
[2025-11-13T03:56:18.961+0000] {processor.py:183} INFO - Processing /opt/airflow/dags/transform_silver_gold_dbt_dag.py took 0.067 seconds
[2025-11-13T03:56:49.192+0000] {processor.py:161} INFO - Started process (PID=14967) to work on /opt/airflow/dags/transform_silver_gold_dbt_dag.py
[2025-11-13T03:56:49.194+0000] {processor.py:830} INFO - Processing file /opt/airflow/dags/transform_silver_gold_dbt_dag.py for tasks to queue
[2025-11-13T03:56:49.195+0000] {logging_mixin.py:188} INFO - [2025-11-13T03:56:49.194+0000] {dagbag.py:538} INFO - Filling up the DagBag from /opt/airflow/dags/transform_silver_gold_dbt_dag.py
[2025-11-13T03:56:49.219+0000] {processor.py:840} INFO - DAG(s) 'transform_bronze_to_silver_gold' retrieved from /opt/airflow/dags/transform_silver_gold_dbt_dag.py
[2025-11-13T03:56:49.231+0000] {logging_mixin.py:188} INFO - [2025-11-13T03:56:49.231+0000] {dag.py:3036} INFO - Sync 1 DAGs
[2025-11-13T03:56:49.241+0000] {logging_mixin.py:188} INFO - [2025-11-13T03:56:49.241+0000] {dag.py:3823} INFO - Setting next_dagrun for transform_bronze_to_silver_gold to 2025-11-13 00:00:00+00:00, run_after=2025-11-13 06:00:00+00:00
[2025-11-13T03:56:49.258+0000] {processor.py:183} INFO - Processing /opt/airflow/dags/transform_silver_gold_dbt_dag.py took 0.068 seconds
[2025-11-13T03:57:19.486+0000] {processor.py:161} INFO - Started process (PID=14969) to work on /opt/airflow/dags/transform_silver_gold_dbt_dag.py
[2025-11-13T03:57:19.487+0000] {processor.py:830} INFO - Processing file /opt/airflow/dags/transform_silver_gold_dbt_dag.py for tasks to queue
[2025-11-13T03:57:19.488+0000] {logging_mixin.py:188} INFO - [2025-11-13T03:57:19.488+0000] {dagbag.py:538} INFO - Filling up the DagBag from /opt/airflow/dags/transform_silver_gold_dbt_dag.py
[2025-11-13T03:57:19.511+0000] {processor.py:840} INFO - DAG(s) 'transform_bronze_to_silver_gold' retrieved from /opt/airflow/dags/transform_silver_gold_dbt_dag.py
[2025-11-13T03:57:19.523+0000] {logging_mixin.py:188} INFO - [2025-11-13T03:57:19.523+0000] {dag.py:3036} INFO - Sync 1 DAGs
[2025-11-13T03:57:19.533+0000] {logging_mixin.py:188} INFO - [2025-11-13T03:57:19.533+0000] {dag.py:3823} INFO - Setting next_dagrun for transform_bronze_to_silver_gold to 2025-11-13 00:00:00+00:00, run_after=2025-11-13 06:00:00+00:00
[2025-11-13T03:57:19.549+0000] {processor.py:183} INFO - Processing /opt/airflow/dags/transform_silver_gold_dbt_dag.py took 0.064 seconds
[2025-11-13T03:57:49.777+0000] {processor.py:161} INFO - Started process (PID=14971) to work on /opt/airflow/dags/transform_silver_gold_dbt_dag.py
[2025-11-13T03:57:49.779+0000] {processor.py:830} INFO - Processing file /opt/airflow/dags/transform_silver_gold_dbt_dag.py for tasks to queue
[2025-11-13T03:57:49.780+0000] {logging_mixin.py:188} INFO - [2025-11-13T03:57:49.779+0000] {dagbag.py:538} INFO - Filling up the DagBag from /opt/airflow/dags/transform_silver_gold_dbt_dag.py
[2025-11-13T03:57:49.807+0000] {processor.py:840} INFO - DAG(s) 'transform_bronze_to_silver_gold' retrieved from /opt/airflow/dags/transform_silver_gold_dbt_dag.py
[2025-11-13T03:57:49.819+0000] {logging_mixin.py:188} INFO - [2025-11-13T03:57:49.819+0000] {dag.py:3036} INFO - Sync 1 DAGs
[2025-11-13T03:57:49.832+0000] {logging_mixin.py:188} INFO - [2025-11-13T03:57:49.832+0000] {dag.py:3823} INFO - Setting next_dagrun for transform_bronze_to_silver_gold to 2025-11-13 00:00:00+00:00, run_after=2025-11-13 06:00:00+00:00
[2025-11-13T03:57:49.848+0000] {processor.py:183} INFO - Processing /opt/airflow/dags/transform_silver_gold_dbt_dag.py took 0.073 seconds
[2025-11-13T03:58:20.082+0000] {processor.py:161} INFO - Started process (PID=14973) to work on /opt/airflow/dags/transform_silver_gold_dbt_dag.py
[2025-11-13T03:58:20.083+0000] {processor.py:830} INFO - Processing file /opt/airflow/dags/transform_silver_gold_dbt_dag.py for tasks to queue
[2025-11-13T03:58:20.084+0000] {logging_mixin.py:188} INFO - [2025-11-13T03:58:20.084+0000] {dagbag.py:538} INFO - Filling up the DagBag from /opt/airflow/dags/transform_silver_gold_dbt_dag.py
[2025-11-13T03:58:20.116+0000] {processor.py:840} INFO - DAG(s) 'transform_bronze_to_silver_gold' retrieved from /opt/airflow/dags/transform_silver_gold_dbt_dag.py
[2025-11-13T03:58:20.127+0000] {logging_mixin.py:188} INFO - [2025-11-13T03:58:20.127+0000] {dag.py:3036} INFO - Sync 1 DAGs
[2025-11-13T03:58:20.139+0000] {logging_mixin.py:188} INFO - [2025-11-13T03:58:20.139+0000] {dag.py:3823} INFO - Setting next_dagrun for transform_bronze_to_silver_gold to 2025-11-13 00:00:00+00:00, run_after=2025-11-13 06:00:00+00:00
[2025-11-13T03:58:20.153+0000] {processor.py:183} INFO - Processing /opt/airflow/dags/transform_silver_gold_dbt_dag.py took 0.073 seconds
[2025-11-13T03:58:50.379+0000] {processor.py:161} INFO - Started process (PID=14982) to work on /opt/airflow/dags/transform_silver_gold_dbt_dag.py
[2025-11-13T03:58:50.380+0000] {processor.py:830} INFO - Processing file /opt/airflow/dags/transform_silver_gold_dbt_dag.py for tasks to queue
[2025-11-13T03:58:50.381+0000] {logging_mixin.py:188} INFO - [2025-11-13T03:58:50.381+0000] {dagbag.py:538} INFO - Filling up the DagBag from /opt/airflow/dags/transform_silver_gold_dbt_dag.py
[2025-11-13T03:58:50.406+0000] {processor.py:840} INFO - DAG(s) 'transform_bronze_to_silver_gold' retrieved from /opt/airflow/dags/transform_silver_gold_dbt_dag.py
[2025-11-13T03:58:50.417+0000] {logging_mixin.py:188} INFO - [2025-11-13T03:58:50.417+0000] {dag.py:3036} INFO - Sync 1 DAGs
[2025-11-13T03:58:50.428+0000] {logging_mixin.py:188} INFO - [2025-11-13T03:58:50.428+0000] {dag.py:3823} INFO - Setting next_dagrun for transform_bronze_to_silver_gold to 2025-11-13 00:00:00+00:00, run_after=2025-11-13 06:00:00+00:00
[2025-11-13T03:58:50.443+0000] {processor.py:183} INFO - Processing /opt/airflow/dags/transform_silver_gold_dbt_dag.py took 0.066 seconds
[2025-11-13T03:59:20.671+0000] {processor.py:161} INFO - Started process (PID=14984) to work on /opt/airflow/dags/transform_silver_gold_dbt_dag.py
[2025-11-13T03:59:20.672+0000] {processor.py:830} INFO - Processing file /opt/airflow/dags/transform_silver_gold_dbt_dag.py for tasks to queue
[2025-11-13T03:59:20.673+0000] {logging_mixin.py:188} INFO - [2025-11-13T03:59:20.673+0000] {dagbag.py:538} INFO - Filling up the DagBag from /opt/airflow/dags/transform_silver_gold_dbt_dag.py
[2025-11-13T03:59:20.699+0000] {processor.py:840} INFO - DAG(s) 'transform_bronze_to_silver_gold' retrieved from /opt/airflow/dags/transform_silver_gold_dbt_dag.py
[2025-11-13T03:59:20.712+0000] {logging_mixin.py:188} INFO - [2025-11-13T03:59:20.711+0000] {dag.py:3036} INFO - Sync 1 DAGs
[2025-11-13T03:59:20.721+0000] {logging_mixin.py:188} INFO - [2025-11-13T03:59:20.721+0000] {dag.py:3823} INFO - Setting next_dagrun for transform_bronze_to_silver_gold to 2025-11-13 00:00:00+00:00, run_after=2025-11-13 06:00:00+00:00
[2025-11-13T03:59:20.737+0000] {processor.py:183} INFO - Processing /opt/airflow/dags/transform_silver_gold_dbt_dag.py took 0.069 seconds
[2025-11-13T03:59:50.954+0000] {processor.py:161} INFO - Started process (PID=14986) to work on /opt/airflow/dags/transform_silver_gold_dbt_dag.py
[2025-11-13T03:59:50.955+0000] {processor.py:830} INFO - Processing file /opt/airflow/dags/transform_silver_gold_dbt_dag.py for tasks to queue
[2025-11-13T03:59:50.956+0000] {logging_mixin.py:188} INFO - [2025-11-13T03:59:50.955+0000] {dagbag.py:538} INFO - Filling up the DagBag from /opt/airflow/dags/transform_silver_gold_dbt_dag.py
[2025-11-13T03:59:50.978+0000] {processor.py:840} INFO - DAG(s) 'transform_bronze_to_silver_gold' retrieved from /opt/airflow/dags/transform_silver_gold_dbt_dag.py
[2025-11-13T03:59:50.994+0000] {logging_mixin.py:188} INFO - [2025-11-13T03:59:50.993+0000] {dag.py:3036} INFO - Sync 1 DAGs
[2025-11-13T03:59:51.006+0000] {logging_mixin.py:188} INFO - [2025-11-13T03:59:51.005+0000] {dag.py:3823} INFO - Setting next_dagrun for transform_bronze_to_silver_gold to 2025-11-13 00:00:00+00:00, run_after=2025-11-13 06:00:00+00:00
[2025-11-13T03:59:51.019+0000] {processor.py:183} INFO - Processing /opt/airflow/dags/transform_silver_gold_dbt_dag.py took 0.068 seconds
[2025-11-13T04:00:21.254+0000] {processor.py:161} INFO - Started process (PID=14988) to work on /opt/airflow/dags/transform_silver_gold_dbt_dag.py
[2025-11-13T04:00:21.255+0000] {processor.py:830} INFO - Processing file /opt/airflow/dags/transform_silver_gold_dbt_dag.py for tasks to queue
[2025-11-13T04:00:21.257+0000] {logging_mixin.py:188} INFO - [2025-11-13T04:00:21.256+0000] {dagbag.py:538} INFO - Filling up the DagBag from /opt/airflow/dags/transform_silver_gold_dbt_dag.py
[2025-11-13T04:00:21.285+0000] {processor.py:840} INFO - DAG(s) 'transform_bronze_to_silver_gold' retrieved from /opt/airflow/dags/transform_silver_gold_dbt_dag.py
[2025-11-13T04:00:21.297+0000] {logging_mixin.py:188} INFO - [2025-11-13T04:00:21.297+0000] {dag.py:3036} INFO - Sync 1 DAGs
[2025-11-13T04:00:21.307+0000] {logging_mixin.py:188} INFO - [2025-11-13T04:00:21.306+0000] {dag.py:3823} INFO - Setting next_dagrun for transform_bronze_to_silver_gold to 2025-11-13 00:00:00+00:00, run_after=2025-11-13 06:00:00+00:00
[2025-11-13T04:00:21.321+0000] {processor.py:183} INFO - Processing /opt/airflow/dags/transform_silver_gold_dbt_dag.py took 0.068 seconds
[2025-11-13T04:00:51.554+0000] {processor.py:161} INFO - Started process (PID=14990) to work on /opt/airflow/dags/transform_silver_gold_dbt_dag.py
[2025-11-13T04:00:51.555+0000] {processor.py:830} INFO - Processing file /opt/airflow/dags/transform_silver_gold_dbt_dag.py for tasks to queue
[2025-11-13T04:00:51.556+0000] {logging_mixin.py:188} INFO - [2025-11-13T04:00:51.555+0000] {dagbag.py:538} INFO - Filling up the DagBag from /opt/airflow/dags/transform_silver_gold_dbt_dag.py
[2025-11-13T04:00:51.584+0000] {processor.py:840} INFO - DAG(s) 'transform_bronze_to_silver_gold' retrieved from /opt/airflow/dags/transform_silver_gold_dbt_dag.py
[2025-11-13T04:00:51.596+0000] {logging_mixin.py:188} INFO - [2025-11-13T04:00:51.596+0000] {dag.py:3036} INFO - Sync 1 DAGs
[2025-11-13T04:00:51.607+0000] {logging_mixin.py:188} INFO - [2025-11-13T04:00:51.607+0000] {dag.py:3823} INFO - Setting next_dagrun for transform_bronze_to_silver_gold to 2025-11-13 00:00:00+00:00, run_after=2025-11-13 06:00:00+00:00
[2025-11-13T04:00:51.624+0000] {processor.py:183} INFO - Processing /opt/airflow/dags/transform_silver_gold_dbt_dag.py took 0.072 seconds
[2025-11-13T04:01:21.841+0000] {processor.py:161} INFO - Started process (PID=14992) to work on /opt/airflow/dags/transform_silver_gold_dbt_dag.py
[2025-11-13T04:01:21.843+0000] {processor.py:830} INFO - Processing file /opt/airflow/dags/transform_silver_gold_dbt_dag.py for tasks to queue
[2025-11-13T04:01:21.844+0000] {logging_mixin.py:188} INFO - [2025-11-13T04:01:21.843+0000] {dagbag.py:538} INFO - Filling up the DagBag from /opt/airflow/dags/transform_silver_gold_dbt_dag.py
[2025-11-13T04:01:21.875+0000] {processor.py:840} INFO - DAG(s) 'transform_bronze_to_silver_gold' retrieved from /opt/airflow/dags/transform_silver_gold_dbt_dag.py
[2025-11-13T04:01:21.894+0000] {logging_mixin.py:188} INFO - [2025-11-13T04:01:21.894+0000] {dag.py:3036} INFO - Sync 1 DAGs
[2025-11-13T04:01:21.908+0000] {logging_mixin.py:188} INFO - [2025-11-13T04:01:21.907+0000] {dag.py:3823} INFO - Setting next_dagrun for transform_bronze_to_silver_gold to 2025-11-13 00:00:00+00:00, run_after=2025-11-13 06:00:00+00:00
[2025-11-13T04:01:21.921+0000] {processor.py:183} INFO - Processing /opt/airflow/dags/transform_silver_gold_dbt_dag.py took 0.082 seconds
[2025-11-13T04:01:52.125+0000] {processor.py:161} INFO - Started process (PID=14994) to work on /opt/airflow/dags/transform_silver_gold_dbt_dag.py
[2025-11-13T04:01:52.126+0000] {processor.py:830} INFO - Processing file /opt/airflow/dags/transform_silver_gold_dbt_dag.py for tasks to queue
[2025-11-13T04:01:52.127+0000] {logging_mixin.py:188} INFO - [2025-11-13T04:01:52.127+0000] {dagbag.py:538} INFO - Filling up the DagBag from /opt/airflow/dags/transform_silver_gold_dbt_dag.py
[2025-11-13T04:01:52.148+0000] {processor.py:840} INFO - DAG(s) 'transform_bronze_to_silver_gold' retrieved from /opt/airflow/dags/transform_silver_gold_dbt_dag.py
[2025-11-13T04:01:52.162+0000] {logging_mixin.py:188} INFO - [2025-11-13T04:01:52.162+0000] {dag.py:3036} INFO - Sync 1 DAGs
[2025-11-13T04:01:52.174+0000] {logging_mixin.py:188} INFO - [2025-11-13T04:01:52.174+0000] {dag.py:3823} INFO - Setting next_dagrun for transform_bronze_to_silver_gold to 2025-11-13 00:00:00+00:00, run_after=2025-11-13 06:00:00+00:00
[2025-11-13T04:01:52.187+0000] {processor.py:183} INFO - Processing /opt/airflow/dags/transform_silver_gold_dbt_dag.py took 0.064 seconds
[2025-11-13T04:02:22.424+0000] {processor.py:161} INFO - Started process (PID=14996) to work on /opt/airflow/dags/transform_silver_gold_dbt_dag.py
[2025-11-13T04:02:22.425+0000] {processor.py:830} INFO - Processing file /opt/airflow/dags/transform_silver_gold_dbt_dag.py for tasks to queue
[2025-11-13T04:02:22.427+0000] {logging_mixin.py:188} INFO - [2025-11-13T04:02:22.426+0000] {dagbag.py:538} INFO - Filling up the DagBag from /opt/airflow/dags/transform_silver_gold_dbt_dag.py
[2025-11-13T04:02:22.449+0000] {processor.py:840} INFO - DAG(s) 'transform_bronze_to_silver_gold' retrieved from /opt/airflow/dags/transform_silver_gold_dbt_dag.py
[2025-11-13T04:02:22.464+0000] {logging_mixin.py:188} INFO - [2025-11-13T04:02:22.464+0000] {dag.py:3036} INFO - Sync 1 DAGs
[2025-11-13T04:02:22.476+0000] {logging_mixin.py:188} INFO - [2025-11-13T04:02:22.476+0000] {dag.py:3823} INFO - Setting next_dagrun for transform_bronze_to_silver_gold to 2025-11-13 00:00:00+00:00, run_after=2025-11-13 06:00:00+00:00
[2025-11-13T04:02:22.491+0000] {processor.py:183} INFO - Processing /opt/airflow/dags/transform_silver_gold_dbt_dag.py took 0.069 seconds
[2025-11-13T04:02:52.697+0000] {processor.py:161} INFO - Started process (PID=14998) to work on /opt/airflow/dags/transform_silver_gold_dbt_dag.py
[2025-11-13T04:02:52.698+0000] {processor.py:830} INFO - Processing file /opt/airflow/dags/transform_silver_gold_dbt_dag.py for tasks to queue
[2025-11-13T04:02:52.700+0000] {logging_mixin.py:188} INFO - [2025-11-13T04:02:52.699+0000] {dagbag.py:538} INFO - Filling up the DagBag from /opt/airflow/dags/transform_silver_gold_dbt_dag.py
[2025-11-13T04:02:52.721+0000] {processor.py:840} INFO - DAG(s) 'transform_bronze_to_silver_gold' retrieved from /opt/airflow/dags/transform_silver_gold_dbt_dag.py
[2025-11-13T04:02:52.737+0000] {logging_mixin.py:188} INFO - [2025-11-13T04:02:52.737+0000] {dag.py:3036} INFO - Sync 1 DAGs
[2025-11-13T04:02:52.749+0000] {logging_mixin.py:188} INFO - [2025-11-13T04:02:52.749+0000] {dag.py:3823} INFO - Setting next_dagrun for transform_bronze_to_silver_gold to 2025-11-13 00:00:00+00:00, run_after=2025-11-13 06:00:00+00:00
[2025-11-13T04:02:52.764+0000] {processor.py:183} INFO - Processing /opt/airflow/dags/transform_silver_gold_dbt_dag.py took 0.069 seconds
[2025-11-13T04:03:22.991+0000] {processor.py:161} INFO - Started process (PID=15000) to work on /opt/airflow/dags/transform_silver_gold_dbt_dag.py
[2025-11-13T04:03:22.993+0000] {processor.py:830} INFO - Processing file /opt/airflow/dags/transform_silver_gold_dbt_dag.py for tasks to queue
[2025-11-13T04:03:22.994+0000] {logging_mixin.py:188} INFO - [2025-11-13T04:03:22.994+0000] {dagbag.py:538} INFO - Filling up the DagBag from /opt/airflow/dags/transform_silver_gold_dbt_dag.py
[2025-11-13T04:03:23.021+0000] {processor.py:840} INFO - DAG(s) 'transform_bronze_to_silver_gold' retrieved from /opt/airflow/dags/transform_silver_gold_dbt_dag.py
[2025-11-13T04:03:23.036+0000] {logging_mixin.py:188} INFO - [2025-11-13T04:03:23.035+0000] {dag.py:3036} INFO - Sync 1 DAGs
[2025-11-13T04:03:23.048+0000] {logging_mixin.py:188} INFO - [2025-11-13T04:03:23.048+0000] {dag.py:3823} INFO - Setting next_dagrun for transform_bronze_to_silver_gold to 2025-11-13 00:00:00+00:00, run_after=2025-11-13 06:00:00+00:00
[2025-11-13T04:03:23.064+0000] {processor.py:183} INFO - Processing /opt/airflow/dags/transform_silver_gold_dbt_dag.py took 0.076 seconds
[2025-11-13T04:03:53.287+0000] {processor.py:161} INFO - Started process (PID=15002) to work on /opt/airflow/dags/transform_silver_gold_dbt_dag.py
[2025-11-13T04:03:53.288+0000] {processor.py:830} INFO - Processing file /opt/airflow/dags/transform_silver_gold_dbt_dag.py for tasks to queue
[2025-11-13T04:03:53.290+0000] {logging_mixin.py:188} INFO - [2025-11-13T04:03:53.289+0000] {dagbag.py:538} INFO - Filling up the DagBag from /opt/airflow/dags/transform_silver_gold_dbt_dag.py
[2025-11-13T04:03:53.314+0000] {processor.py:840} INFO - DAG(s) 'transform_bronze_to_silver_gold' retrieved from /opt/airflow/dags/transform_silver_gold_dbt_dag.py
[2025-11-13T04:03:53.327+0000] {logging_mixin.py:188} INFO - [2025-11-13T04:03:53.327+0000] {dag.py:3036} INFO - Sync 1 DAGs
[2025-11-13T04:03:53.339+0000] {logging_mixin.py:188} INFO - [2025-11-13T04:03:53.339+0000] {dag.py:3823} INFO - Setting next_dagrun for transform_bronze_to_silver_gold to 2025-11-13 00:00:00+00:00, run_after=2025-11-13 06:00:00+00:00
[2025-11-13T04:03:53.354+0000] {processor.py:183} INFO - Processing /opt/airflow/dags/transform_silver_gold_dbt_dag.py took 0.069 seconds
[2025-11-13T04:04:23.597+0000] {processor.py:161} INFO - Started process (PID=15004) to work on /opt/airflow/dags/transform_silver_gold_dbt_dag.py
[2025-11-13T04:04:23.598+0000] {processor.py:830} INFO - Processing file /opt/airflow/dags/transform_silver_gold_dbt_dag.py for tasks to queue
[2025-11-13T04:04:23.599+0000] {logging_mixin.py:188} INFO - [2025-11-13T04:04:23.599+0000] {dagbag.py:538} INFO - Filling up the DagBag from /opt/airflow/dags/transform_silver_gold_dbt_dag.py
[2025-11-13T04:04:23.623+0000] {processor.py:840} INFO - DAG(s) 'transform_bronze_to_silver_gold' retrieved from /opt/airflow/dags/transform_silver_gold_dbt_dag.py
[2025-11-13T04:04:23.638+0000] {logging_mixin.py:188} INFO - [2025-11-13T04:04:23.637+0000] {dag.py:3036} INFO - Sync 1 DAGs
[2025-11-13T04:04:23.649+0000] {logging_mixin.py:188} INFO - [2025-11-13T04:04:23.649+0000] {dag.py:3823} INFO - Setting next_dagrun for transform_bronze_to_silver_gold to 2025-11-13 00:00:00+00:00, run_after=2025-11-13 06:00:00+00:00
[2025-11-13T04:04:23.664+0000] {processor.py:183} INFO - Processing /opt/airflow/dags/transform_silver_gold_dbt_dag.py took 0.069 seconds
[2025-11-13T04:04:53.897+0000] {processor.py:161} INFO - Started process (PID=15006) to work on /opt/airflow/dags/transform_silver_gold_dbt_dag.py
[2025-11-13T04:04:53.898+0000] {processor.py:830} INFO - Processing file /opt/airflow/dags/transform_silver_gold_dbt_dag.py for tasks to queue
[2025-11-13T04:04:53.899+0000] {logging_mixin.py:188} INFO - [2025-11-13T04:04:53.899+0000] {dagbag.py:538} INFO - Filling up the DagBag from /opt/airflow/dags/transform_silver_gold_dbt_dag.py
[2025-11-13T04:04:53.926+0000] {processor.py:840} INFO - DAG(s) 'transform_bronze_to_silver_gold' retrieved from /opt/airflow/dags/transform_silver_gold_dbt_dag.py
[2025-11-13T04:04:53.940+0000] {logging_mixin.py:188} INFO - [2025-11-13T04:04:53.940+0000] {dag.py:3036} INFO - Sync 1 DAGs
[2025-11-13T04:04:53.951+0000] {logging_mixin.py:188} INFO - [2025-11-13T04:04:53.951+0000] {dag.py:3823} INFO - Setting next_dagrun for transform_bronze_to_silver_gold to 2025-11-13 00:00:00+00:00, run_after=2025-11-13 06:00:00+00:00
[2025-11-13T04:04:53.967+0000] {processor.py:183} INFO - Processing /opt/airflow/dags/transform_silver_gold_dbt_dag.py took 0.073 seconds
[2025-11-13T04:05:24.180+0000] {processor.py:161} INFO - Started process (PID=15008) to work on /opt/airflow/dags/transform_silver_gold_dbt_dag.py
[2025-11-13T04:05:24.181+0000] {processor.py:830} INFO - Processing file /opt/airflow/dags/transform_silver_gold_dbt_dag.py for tasks to queue
[2025-11-13T04:05:24.182+0000] {logging_mixin.py:188} INFO - [2025-11-13T04:05:24.182+0000] {dagbag.py:538} INFO - Filling up the DagBag from /opt/airflow/dags/transform_silver_gold_dbt_dag.py
[2025-11-13T04:05:24.209+0000] {processor.py:840} INFO - DAG(s) 'transform_bronze_to_silver_gold' retrieved from /opt/airflow/dags/transform_silver_gold_dbt_dag.py
[2025-11-13T04:05:24.223+0000] {logging_mixin.py:188} INFO - [2025-11-13T04:05:24.222+0000] {dag.py:3036} INFO - Sync 1 DAGs
[2025-11-13T04:05:24.233+0000] {logging_mixin.py:188} INFO - [2025-11-13T04:05:24.233+0000] {dag.py:3823} INFO - Setting next_dagrun for transform_bronze_to_silver_gold to 2025-11-13 00:00:00+00:00, run_after=2025-11-13 06:00:00+00:00
[2025-11-13T04:05:24.252+0000] {processor.py:183} INFO - Processing /opt/airflow/dags/transform_silver_gold_dbt_dag.py took 0.074 seconds
[2025-11-13T04:05:54.479+0000] {processor.py:161} INFO - Started process (PID=15010) to work on /opt/airflow/dags/transform_silver_gold_dbt_dag.py
[2025-11-13T04:05:54.480+0000] {processor.py:830} INFO - Processing file /opt/airflow/dags/transform_silver_gold_dbt_dag.py for tasks to queue
[2025-11-13T04:05:54.481+0000] {logging_mixin.py:188} INFO - [2025-11-13T04:05:54.481+0000] {dagbag.py:538} INFO - Filling up the DagBag from /opt/airflow/dags/transform_silver_gold_dbt_dag.py
[2025-11-13T04:05:54.505+0000] {processor.py:840} INFO - DAG(s) 'transform_bronze_to_silver_gold' retrieved from /opt/airflow/dags/transform_silver_gold_dbt_dag.py
[2025-11-13T04:05:54.520+0000] {logging_mixin.py:188} INFO - [2025-11-13T04:05:54.520+0000] {dag.py:3036} INFO - Sync 1 DAGs
[2025-11-13T04:05:54.534+0000] {logging_mixin.py:188} INFO - [2025-11-13T04:05:54.534+0000] {dag.py:3823} INFO - Setting next_dagrun for transform_bronze_to_silver_gold to 2025-11-13 00:00:00+00:00, run_after=2025-11-13 06:00:00+00:00
[2025-11-13T04:05:54.552+0000] {processor.py:183} INFO - Processing /opt/airflow/dags/transform_silver_gold_dbt_dag.py took 0.075 seconds
[2025-11-13T04:06:24.770+0000] {processor.py:161} INFO - Started process (PID=15012) to work on /opt/airflow/dags/transform_silver_gold_dbt_dag.py
[2025-11-13T04:06:24.771+0000] {processor.py:830} INFO - Processing file /opt/airflow/dags/transform_silver_gold_dbt_dag.py for tasks to queue
[2025-11-13T04:06:24.772+0000] {logging_mixin.py:188} INFO - [2025-11-13T04:06:24.772+0000] {dagbag.py:538} INFO - Filling up the DagBag from /opt/airflow/dags/transform_silver_gold_dbt_dag.py
[2025-11-13T04:06:24.797+0000] {processor.py:840} INFO - DAG(s) 'transform_bronze_to_silver_gold' retrieved from /opt/airflow/dags/transform_silver_gold_dbt_dag.py
[2025-11-13T04:06:24.811+0000] {logging_mixin.py:188} INFO - [2025-11-13T04:06:24.811+0000] {dag.py:3036} INFO - Sync 1 DAGs
[2025-11-13T04:06:24.825+0000] {logging_mixin.py:188} INFO - [2025-11-13T04:06:24.825+0000] {dag.py:3823} INFO - Setting next_dagrun for transform_bronze_to_silver_gold to 2025-11-13 00:00:00+00:00, run_after=2025-11-13 06:00:00+00:00
[2025-11-13T04:06:24.841+0000] {processor.py:183} INFO - Processing /opt/airflow/dags/transform_silver_gold_dbt_dag.py took 0.073 seconds
[2025-11-13T04:06:55.055+0000] {processor.py:161} INFO - Started process (PID=15014) to work on /opt/airflow/dags/transform_silver_gold_dbt_dag.py
[2025-11-13T04:06:55.056+0000] {processor.py:830} INFO - Processing file /opt/airflow/dags/transform_silver_gold_dbt_dag.py for tasks to queue
[2025-11-13T04:06:55.058+0000] {logging_mixin.py:188} INFO - [2025-11-13T04:06:55.057+0000] {dagbag.py:538} INFO - Filling up the DagBag from /opt/airflow/dags/transform_silver_gold_dbt_dag.py
[2025-11-13T04:06:55.087+0000] {processor.py:840} INFO - DAG(s) 'transform_bronze_to_silver_gold' retrieved from /opt/airflow/dags/transform_silver_gold_dbt_dag.py
[2025-11-13T04:06:55.101+0000] {logging_mixin.py:188} INFO - [2025-11-13T04:06:55.101+0000] {dag.py:3036} INFO - Sync 1 DAGs
[2025-11-13T04:06:55.114+0000] {logging_mixin.py:188} INFO - [2025-11-13T04:06:55.113+0000] {dag.py:3823} INFO - Setting next_dagrun for transform_bronze_to_silver_gold to 2025-11-13 00:00:00+00:00, run_after=2025-11-13 06:00:00+00:00
[2025-11-13T04:06:55.131+0000] {processor.py:183} INFO - Processing /opt/airflow/dags/transform_silver_gold_dbt_dag.py took 0.078 seconds
[2025-11-13T04:07:25.340+0000] {processor.py:161} INFO - Started process (PID=15016) to work on /opt/airflow/dags/transform_silver_gold_dbt_dag.py
[2025-11-13T04:07:25.342+0000] {processor.py:830} INFO - Processing file /opt/airflow/dags/transform_silver_gold_dbt_dag.py for tasks to queue
[2025-11-13T04:07:25.343+0000] {logging_mixin.py:188} INFO - [2025-11-13T04:07:25.342+0000] {dagbag.py:538} INFO - Filling up the DagBag from /opt/airflow/dags/transform_silver_gold_dbt_dag.py
[2025-11-13T04:07:25.371+0000] {processor.py:840} INFO - DAG(s) 'transform_bronze_to_silver_gold' retrieved from /opt/airflow/dags/transform_silver_gold_dbt_dag.py
[2025-11-13T04:07:25.383+0000] {logging_mixin.py:188} INFO - [2025-11-13T04:07:25.383+0000] {dag.py:3036} INFO - Sync 1 DAGs
[2025-11-13T04:07:25.394+0000] {logging_mixin.py:188} INFO - [2025-11-13T04:07:25.394+0000] {dag.py:3823} INFO - Setting next_dagrun for transform_bronze_to_silver_gold to 2025-11-13 00:00:00+00:00, run_after=2025-11-13 06:00:00+00:00
[2025-11-13T04:07:25.408+0000] {processor.py:183} INFO - Processing /opt/airflow/dags/transform_silver_gold_dbt_dag.py took 0.070 seconds
[2025-11-13T04:07:55.620+0000] {processor.py:161} INFO - Started process (PID=15018) to work on /opt/airflow/dags/transform_silver_gold_dbt_dag.py
[2025-11-13T04:07:55.621+0000] {processor.py:830} INFO - Processing file /opt/airflow/dags/transform_silver_gold_dbt_dag.py for tasks to queue
[2025-11-13T04:07:55.622+0000] {logging_mixin.py:188} INFO - [2025-11-13T04:07:55.622+0000] {dagbag.py:538} INFO - Filling up the DagBag from /opt/airflow/dags/transform_silver_gold_dbt_dag.py
[2025-11-13T04:07:55.638+0000] {processor.py:840} INFO - DAG(s) 'transform_bronze_to_silver_gold' retrieved from /opt/airflow/dags/transform_silver_gold_dbt_dag.py
[2025-11-13T04:07:55.652+0000] {logging_mixin.py:188} INFO - [2025-11-13T04:07:55.652+0000] {dag.py:3036} INFO - Sync 1 DAGs
[2025-11-13T04:07:55.665+0000] {logging_mixin.py:188} INFO - [2025-11-13T04:07:55.664+0000] {dag.py:3823} INFO - Setting next_dagrun for transform_bronze_to_silver_gold to 2025-11-13 00:00:00+00:00, run_after=2025-11-13 06:00:00+00:00
[2025-11-13T04:07:55.679+0000] {processor.py:183} INFO - Processing /opt/airflow/dags/transform_silver_gold_dbt_dag.py took 0.061 seconds
[2025-11-13T04:08:25.919+0000] {processor.py:161} INFO - Started process (PID=15020) to work on /opt/airflow/dags/transform_silver_gold_dbt_dag.py
[2025-11-13T04:08:25.920+0000] {processor.py:830} INFO - Processing file /opt/airflow/dags/transform_silver_gold_dbt_dag.py for tasks to queue
[2025-11-13T04:08:25.921+0000] {logging_mixin.py:188} INFO - [2025-11-13T04:08:25.921+0000] {dagbag.py:538} INFO - Filling up the DagBag from /opt/airflow/dags/transform_silver_gold_dbt_dag.py
[2025-11-13T04:08:25.949+0000] {processor.py:840} INFO - DAG(s) 'transform_bronze_to_silver_gold' retrieved from /opt/airflow/dags/transform_silver_gold_dbt_dag.py
[2025-11-13T04:08:25.962+0000] {logging_mixin.py:188} INFO - [2025-11-13T04:08:25.962+0000] {dag.py:3036} INFO - Sync 1 DAGs
[2025-11-13T04:08:25.975+0000] {logging_mixin.py:188} INFO - [2025-11-13T04:08:25.975+0000] {dag.py:3823} INFO - Setting next_dagrun for transform_bronze_to_silver_gold to 2025-11-13 00:00:00+00:00, run_after=2025-11-13 06:00:00+00:00
[2025-11-13T04:08:25.992+0000] {processor.py:183} INFO - Processing /opt/airflow/dags/transform_silver_gold_dbt_dag.py took 0.076 seconds
[2025-11-13T04:08:56.213+0000] {processor.py:161} INFO - Started process (PID=15022) to work on /opt/airflow/dags/transform_silver_gold_dbt_dag.py
[2025-11-13T04:08:56.214+0000] {processor.py:830} INFO - Processing file /opt/airflow/dags/transform_silver_gold_dbt_dag.py for tasks to queue
[2025-11-13T04:08:56.215+0000] {logging_mixin.py:188} INFO - [2025-11-13T04:08:56.215+0000] {dagbag.py:538} INFO - Filling up the DagBag from /opt/airflow/dags/transform_silver_gold_dbt_dag.py
[2025-11-13T04:08:56.241+0000] {processor.py:840} INFO - DAG(s) 'transform_bronze_to_silver_gold' retrieved from /opt/airflow/dags/transform_silver_gold_dbt_dag.py
[2025-11-13T04:08:56.256+0000] {logging_mixin.py:188} INFO - [2025-11-13T04:08:56.256+0000] {dag.py:3036} INFO - Sync 1 DAGs
[2025-11-13T04:08:56.269+0000] {logging_mixin.py:188} INFO - [2025-11-13T04:08:56.269+0000] {dag.py:3823} INFO - Setting next_dagrun for transform_bronze_to_silver_gold to 2025-11-13 00:00:00+00:00, run_after=2025-11-13 06:00:00+00:00
[2025-11-13T04:08:56.282+0000] {processor.py:183} INFO - Processing /opt/airflow/dags/transform_silver_gold_dbt_dag.py took 0.072 seconds
[2025-11-13T04:09:26.503+0000] {processor.py:161} INFO - Started process (PID=15024) to work on /opt/airflow/dags/transform_silver_gold_dbt_dag.py
[2025-11-13T04:09:26.505+0000] {processor.py:830} INFO - Processing file /opt/airflow/dags/transform_silver_gold_dbt_dag.py for tasks to queue
[2025-11-13T04:09:26.506+0000] {logging_mixin.py:188} INFO - [2025-11-13T04:09:26.506+0000] {dagbag.py:538} INFO - Filling up the DagBag from /opt/airflow/dags/transform_silver_gold_dbt_dag.py
[2025-11-13T04:09:26.532+0000] {processor.py:840} INFO - DAG(s) 'transform_bronze_to_silver_gold' retrieved from /opt/airflow/dags/transform_silver_gold_dbt_dag.py
[2025-11-13T04:09:26.547+0000] {logging_mixin.py:188} INFO - [2025-11-13T04:09:26.547+0000] {dag.py:3036} INFO - Sync 1 DAGs
[2025-11-13T04:09:26.559+0000] {logging_mixin.py:188} INFO - [2025-11-13T04:09:26.559+0000] {dag.py:3823} INFO - Setting next_dagrun for transform_bronze_to_silver_gold to 2025-11-13 00:00:00+00:00, run_after=2025-11-13 06:00:00+00:00
[2025-11-13T04:09:26.575+0000] {processor.py:183} INFO - Processing /opt/airflow/dags/transform_silver_gold_dbt_dag.py took 0.074 seconds
[2025-11-13T04:09:56.795+0000] {processor.py:161} INFO - Started process (PID=15026) to work on /opt/airflow/dags/transform_silver_gold_dbt_dag.py
[2025-11-13T04:09:56.796+0000] {processor.py:830} INFO - Processing file /opt/airflow/dags/transform_silver_gold_dbt_dag.py for tasks to queue
[2025-11-13T04:09:56.798+0000] {logging_mixin.py:188} INFO - [2025-11-13T04:09:56.797+0000] {dagbag.py:538} INFO - Filling up the DagBag from /opt/airflow/dags/transform_silver_gold_dbt_dag.py
[2025-11-13T04:09:56.831+0000] {processor.py:840} INFO - DAG(s) 'transform_bronze_to_silver_gold' retrieved from /opt/airflow/dags/transform_silver_gold_dbt_dag.py
[2025-11-13T04:09:56.846+0000] {logging_mixin.py:188} INFO - [2025-11-13T04:09:56.846+0000] {dag.py:3036} INFO - Sync 1 DAGs
[2025-11-13T04:09:56.857+0000] {logging_mixin.py:188} INFO - [2025-11-13T04:09:56.857+0000] {dag.py:3823} INFO - Setting next_dagrun for transform_bronze_to_silver_gold to 2025-11-13 00:00:00+00:00, run_after=2025-11-13 06:00:00+00:00
[2025-11-13T04:09:56.874+0000] {processor.py:183} INFO - Processing /opt/airflow/dags/transform_silver_gold_dbt_dag.py took 0.081 seconds
[2025-11-13T04:10:27.086+0000] {processor.py:161} INFO - Started process (PID=15028) to work on /opt/airflow/dags/transform_silver_gold_dbt_dag.py
[2025-11-13T04:10:27.087+0000] {processor.py:830} INFO - Processing file /opt/airflow/dags/transform_silver_gold_dbt_dag.py for tasks to queue
[2025-11-13T04:10:27.088+0000] {logging_mixin.py:188} INFO - [2025-11-13T04:10:27.087+0000] {dagbag.py:538} INFO - Filling up the DagBag from /opt/airflow/dags/transform_silver_gold_dbt_dag.py
[2025-11-13T04:10:27.109+0000] {processor.py:840} INFO - DAG(s) 'transform_bronze_to_silver_gold' retrieved from /opt/airflow/dags/transform_silver_gold_dbt_dag.py
[2025-11-13T04:10:27.126+0000] {logging_mixin.py:188} INFO - [2025-11-13T04:10:27.125+0000] {dag.py:3036} INFO - Sync 1 DAGs
[2025-11-13T04:10:27.140+0000] {logging_mixin.py:188} INFO - [2025-11-13T04:10:27.140+0000] {dag.py:3823} INFO - Setting next_dagrun for transform_bronze_to_silver_gold to 2025-11-13 00:00:00+00:00, run_after=2025-11-13 06:00:00+00:00
[2025-11-13T04:10:27.156+0000] {processor.py:183} INFO - Processing /opt/airflow/dags/transform_silver_gold_dbt_dag.py took 0.073 seconds
[2025-11-13T04:10:57.375+0000] {processor.py:161} INFO - Started process (PID=15030) to work on /opt/airflow/dags/transform_silver_gold_dbt_dag.py
[2025-11-13T04:10:57.377+0000] {processor.py:830} INFO - Processing file /opt/airflow/dags/transform_silver_gold_dbt_dag.py for tasks to queue
[2025-11-13T04:10:57.378+0000] {logging_mixin.py:188} INFO - [2025-11-13T04:10:57.377+0000] {dagbag.py:538} INFO - Filling up the DagBag from /opt/airflow/dags/transform_silver_gold_dbt_dag.py
[2025-11-13T04:10:57.402+0000] {processor.py:840} INFO - DAG(s) 'transform_bronze_to_silver_gold' retrieved from /opt/airflow/dags/transform_silver_gold_dbt_dag.py
[2025-11-13T04:10:57.417+0000] {logging_mixin.py:188} INFO - [2025-11-13T04:10:57.416+0000] {dag.py:3036} INFO - Sync 1 DAGs
[2025-11-13T04:10:57.428+0000] {logging_mixin.py:188} INFO - [2025-11-13T04:10:57.428+0000] {dag.py:3823} INFO - Setting next_dagrun for transform_bronze_to_silver_gold to 2025-11-13 00:00:00+00:00, run_after=2025-11-13 06:00:00+00:00
[2025-11-13T04:10:57.444+0000] {processor.py:183} INFO - Processing /opt/airflow/dags/transform_silver_gold_dbt_dag.py took 0.071 seconds
[2025-11-13T04:11:27.666+0000] {processor.py:161} INFO - Started process (PID=15032) to work on /opt/airflow/dags/transform_silver_gold_dbt_dag.py
[2025-11-13T04:11:27.667+0000] {processor.py:830} INFO - Processing file /opt/airflow/dags/transform_silver_gold_dbt_dag.py for tasks to queue
[2025-11-13T04:11:27.668+0000] {logging_mixin.py:188} INFO - [2025-11-13T04:11:27.668+0000] {dagbag.py:538} INFO - Filling up the DagBag from /opt/airflow/dags/transform_silver_gold_dbt_dag.py
[2025-11-13T04:11:27.690+0000] {processor.py:840} INFO - DAG(s) 'transform_bronze_to_silver_gold' retrieved from /opt/airflow/dags/transform_silver_gold_dbt_dag.py
[2025-11-13T04:11:27.704+0000] {logging_mixin.py:188} INFO - [2025-11-13T04:11:27.704+0000] {dag.py:3036} INFO - Sync 1 DAGs
[2025-11-13T04:11:27.717+0000] {logging_mixin.py:188} INFO - [2025-11-13T04:11:27.717+0000] {dag.py:3823} INFO - Setting next_dagrun for transform_bronze_to_silver_gold to 2025-11-13 00:00:00+00:00, run_after=2025-11-13 06:00:00+00:00
[2025-11-13T04:11:27.731+0000] {processor.py:183} INFO - Processing /opt/airflow/dags/transform_silver_gold_dbt_dag.py took 0.068 seconds
[2025-11-13T04:11:57.959+0000] {processor.py:161} INFO - Started process (PID=15034) to work on /opt/airflow/dags/transform_silver_gold_dbt_dag.py
[2025-11-13T04:11:57.960+0000] {processor.py:830} INFO - Processing file /opt/airflow/dags/transform_silver_gold_dbt_dag.py for tasks to queue
[2025-11-13T04:11:57.961+0000] {logging_mixin.py:188} INFO - [2025-11-13T04:11:57.961+0000] {dagbag.py:538} INFO - Filling up the DagBag from /opt/airflow/dags/transform_silver_gold_dbt_dag.py
[2025-11-13T04:11:57.985+0000] {processor.py:840} INFO - DAG(s) 'transform_bronze_to_silver_gold' retrieved from /opt/airflow/dags/transform_silver_gold_dbt_dag.py
[2025-11-13T04:11:57.999+0000] {logging_mixin.py:188} INFO - [2025-11-13T04:11:57.999+0000] {dag.py:3036} INFO - Sync 1 DAGs
[2025-11-13T04:11:58.013+0000] {logging_mixin.py:188} INFO - [2025-11-13T04:11:58.012+0000] {dag.py:3823} INFO - Setting next_dagrun for transform_bronze_to_silver_gold to 2025-11-13 00:00:00+00:00, run_after=2025-11-13 06:00:00+00:00
[2025-11-13T04:11:58.032+0000] {processor.py:183} INFO - Processing /opt/airflow/dags/transform_silver_gold_dbt_dag.py took 0.076 seconds
[2025-11-13T04:12:28.251+0000] {processor.py:161} INFO - Started process (PID=15036) to work on /opt/airflow/dags/transform_silver_gold_dbt_dag.py
[2025-11-13T04:12:28.251+0000] {processor.py:830} INFO - Processing file /opt/airflow/dags/transform_silver_gold_dbt_dag.py for tasks to queue
[2025-11-13T04:12:28.253+0000] {logging_mixin.py:188} INFO - [2025-11-13T04:12:28.252+0000] {dagbag.py:538} INFO - Filling up the DagBag from /opt/airflow/dags/transform_silver_gold_dbt_dag.py
[2025-11-13T04:12:28.280+0000] {processor.py:840} INFO - DAG(s) 'transform_bronze_to_silver_gold' retrieved from /opt/airflow/dags/transform_silver_gold_dbt_dag.py
[2025-11-13T04:12:28.294+0000] {logging_mixin.py:188} INFO - [2025-11-13T04:12:28.294+0000] {dag.py:3036} INFO - Sync 1 DAGs
[2025-11-13T04:12:28.306+0000] {logging_mixin.py:188} INFO - [2025-11-13T04:12:28.306+0000] {dag.py:3823} INFO - Setting next_dagrun for transform_bronze_to_silver_gold to 2025-11-13 00:00:00+00:00, run_after=2025-11-13 06:00:00+00:00
[2025-11-13T04:12:28.320+0000] {processor.py:183} INFO - Processing /opt/airflow/dags/transform_silver_gold_dbt_dag.py took 0.072 seconds
[2025-11-13T04:12:58.539+0000] {processor.py:161} INFO - Started process (PID=15038) to work on /opt/airflow/dags/transform_silver_gold_dbt_dag.py
[2025-11-13T04:12:58.540+0000] {processor.py:830} INFO - Processing file /opt/airflow/dags/transform_silver_gold_dbt_dag.py for tasks to queue
[2025-11-13T04:12:58.541+0000] {logging_mixin.py:188} INFO - [2025-11-13T04:12:58.541+0000] {dagbag.py:538} INFO - Filling up the DagBag from /opt/airflow/dags/transform_silver_gold_dbt_dag.py
[2025-11-13T04:12:58.564+0000] {processor.py:840} INFO - DAG(s) 'transform_bronze_to_silver_gold' retrieved from /opt/airflow/dags/transform_silver_gold_dbt_dag.py
[2025-11-13T04:12:58.581+0000] {logging_mixin.py:188} INFO - [2025-11-13T04:12:58.581+0000] {dag.py:3036} INFO - Sync 1 DAGs
[2025-11-13T04:12:58.592+0000] {logging_mixin.py:188} INFO - [2025-11-13T04:12:58.592+0000] {dag.py:3823} INFO - Setting next_dagrun for transform_bronze_to_silver_gold to 2025-11-13 00:00:00+00:00, run_after=2025-11-13 06:00:00+00:00
[2025-11-13T04:12:58.609+0000] {processor.py:183} INFO - Processing /opt/airflow/dags/transform_silver_gold_dbt_dag.py took 0.073 seconds
[2025-11-13T04:13:28.821+0000] {processor.py:161} INFO - Started process (PID=15040) to work on /opt/airflow/dags/transform_silver_gold_dbt_dag.py
[2025-11-13T04:13:28.822+0000] {processor.py:830} INFO - Processing file /opt/airflow/dags/transform_silver_gold_dbt_dag.py for tasks to queue
[2025-11-13T04:13:28.823+0000] {logging_mixin.py:188} INFO - [2025-11-13T04:13:28.823+0000] {dagbag.py:538} INFO - Filling up the DagBag from /opt/airflow/dags/transform_silver_gold_dbt_dag.py
[2025-11-13T04:13:28.844+0000] {processor.py:840} INFO - DAG(s) 'transform_bronze_to_silver_gold' retrieved from /opt/airflow/dags/transform_silver_gold_dbt_dag.py
[2025-11-13T04:13:28.863+0000] {logging_mixin.py:188} INFO - [2025-11-13T04:13:28.863+0000] {dag.py:3036} INFO - Sync 1 DAGs
[2025-11-13T04:13:28.875+0000] {logging_mixin.py:188} INFO - [2025-11-13T04:13:28.874+0000] {dag.py:3823} INFO - Setting next_dagrun for transform_bronze_to_silver_gold to 2025-11-13 00:00:00+00:00, run_after=2025-11-13 06:00:00+00:00
[2025-11-13T04:13:28.891+0000] {processor.py:183} INFO - Processing /opt/airflow/dags/transform_silver_gold_dbt_dag.py took 0.072 seconds
[2025-11-13T04:13:59.121+0000] {processor.py:161} INFO - Started process (PID=15042) to work on /opt/airflow/dags/transform_silver_gold_dbt_dag.py
[2025-11-13T04:13:59.122+0000] {processor.py:830} INFO - Processing file /opt/airflow/dags/transform_silver_gold_dbt_dag.py for tasks to queue
[2025-11-13T04:13:59.123+0000] {logging_mixin.py:188} INFO - [2025-11-13T04:13:59.123+0000] {dagbag.py:538} INFO - Filling up the DagBag from /opt/airflow/dags/transform_silver_gold_dbt_dag.py
[2025-11-13T04:13:59.147+0000] {processor.py:840} INFO - DAG(s) 'transform_bronze_to_silver_gold' retrieved from /opt/airflow/dags/transform_silver_gold_dbt_dag.py
[2025-11-13T04:13:59.164+0000] {logging_mixin.py:188} INFO - [2025-11-13T04:13:59.164+0000] {dag.py:3036} INFO - Sync 1 DAGs
[2025-11-13T04:13:59.180+0000] {logging_mixin.py:188} INFO - [2025-11-13T04:13:59.179+0000] {dag.py:3823} INFO - Setting next_dagrun for transform_bronze_to_silver_gold to 2025-11-13 00:00:00+00:00, run_after=2025-11-13 06:00:00+00:00
[2025-11-13T04:13:59.194+0000] {processor.py:183} INFO - Processing /opt/airflow/dags/transform_silver_gold_dbt_dag.py took 0.076 seconds
[2025-11-13T04:14:29.409+0000] {processor.py:161} INFO - Started process (PID=15044) to work on /opt/airflow/dags/transform_silver_gold_dbt_dag.py
[2025-11-13T04:14:29.410+0000] {processor.py:830} INFO - Processing file /opt/airflow/dags/transform_silver_gold_dbt_dag.py for tasks to queue
[2025-11-13T04:14:29.411+0000] {logging_mixin.py:188} INFO - [2025-11-13T04:14:29.411+0000] {dagbag.py:538} INFO - Filling up the DagBag from /opt/airflow/dags/transform_silver_gold_dbt_dag.py
[2025-11-13T04:14:29.441+0000] {processor.py:840} INFO - DAG(s) 'transform_bronze_to_silver_gold' retrieved from /opt/airflow/dags/transform_silver_gold_dbt_dag.py
[2025-11-13T04:14:29.459+0000] {logging_mixin.py:188} INFO - [2025-11-13T04:14:29.458+0000] {dag.py:3036} INFO - Sync 1 DAGs
[2025-11-13T04:14:29.471+0000] {logging_mixin.py:188} INFO - [2025-11-13T04:14:29.471+0000] {dag.py:3823} INFO - Setting next_dagrun for transform_bronze_to_silver_gold to 2025-11-13 00:00:00+00:00, run_after=2025-11-13 06:00:00+00:00
[2025-11-13T04:14:29.489+0000] {processor.py:183} INFO - Processing /opt/airflow/dags/transform_silver_gold_dbt_dag.py took 0.082 seconds
[2025-11-13T04:14:59.709+0000] {processor.py:161} INFO - Started process (PID=15046) to work on /opt/airflow/dags/transform_silver_gold_dbt_dag.py
[2025-11-13T04:14:59.711+0000] {processor.py:830} INFO - Processing file /opt/airflow/dags/transform_silver_gold_dbt_dag.py for tasks to queue
[2025-11-13T04:14:59.712+0000] {logging_mixin.py:188} INFO - [2025-11-13T04:14:59.711+0000] {dagbag.py:538} INFO - Filling up the DagBag from /opt/airflow/dags/transform_silver_gold_dbt_dag.py
[2025-11-13T04:14:59.743+0000] {processor.py:840} INFO - DAG(s) 'transform_bronze_to_silver_gold' retrieved from /opt/airflow/dags/transform_silver_gold_dbt_dag.py
[2025-11-13T04:14:59.765+0000] {logging_mixin.py:188} INFO - [2025-11-13T04:14:59.765+0000] {dag.py:3036} INFO - Sync 1 DAGs
[2025-11-13T04:14:59.781+0000] {logging_mixin.py:188} INFO - [2025-11-13T04:14:59.781+0000] {dag.py:3823} INFO - Setting next_dagrun for transform_bronze_to_silver_gold to 2025-11-13 00:00:00+00:00, run_after=2025-11-13 06:00:00+00:00
[2025-11-13T04:14:59.795+0000] {processor.py:183} INFO - Processing /opt/airflow/dags/transform_silver_gold_dbt_dag.py took 0.088 seconds
[2025-11-13T04:15:29.979+0000] {processor.py:161} INFO - Started process (PID=15048) to work on /opt/airflow/dags/transform_silver_gold_dbt_dag.py
[2025-11-13T04:15:29.980+0000] {processor.py:830} INFO - Processing file /opt/airflow/dags/transform_silver_gold_dbt_dag.py for tasks to queue
[2025-11-13T04:15:29.981+0000] {logging_mixin.py:188} INFO - [2025-11-13T04:15:29.980+0000] {dagbag.py:538} INFO - Filling up the DagBag from /opt/airflow/dags/transform_silver_gold_dbt_dag.py
[2025-11-13T04:15:30.004+0000] {processor.py:840} INFO - DAG(s) 'transform_bronze_to_silver_gold' retrieved from /opt/airflow/dags/transform_silver_gold_dbt_dag.py
[2025-11-13T04:15:30.017+0000] {logging_mixin.py:188} INFO - [2025-11-13T04:15:30.017+0000] {dag.py:3036} INFO - Sync 1 DAGs
[2025-11-13T04:15:30.029+0000] {logging_mixin.py:188} INFO - [2025-11-13T04:15:30.029+0000] {dag.py:3823} INFO - Setting next_dagrun for transform_bronze_to_silver_gold to 2025-11-13 00:00:00+00:00, run_after=2025-11-13 06:00:00+00:00
[2025-11-13T04:15:30.043+0000] {processor.py:183} INFO - Processing /opt/airflow/dags/transform_silver_gold_dbt_dag.py took 0.066 seconds
[2025-11-13T04:16:00.282+0000] {processor.py:161} INFO - Started process (PID=15050) to work on /opt/airflow/dags/transform_silver_gold_dbt_dag.py
[2025-11-13T04:16:00.283+0000] {processor.py:830} INFO - Processing file /opt/airflow/dags/transform_silver_gold_dbt_dag.py for tasks to queue
[2025-11-13T04:16:00.284+0000] {logging_mixin.py:188} INFO - [2025-11-13T04:16:00.283+0000] {dagbag.py:538} INFO - Filling up the DagBag from /opt/airflow/dags/transform_silver_gold_dbt_dag.py
[2025-11-13T04:16:00.311+0000] {processor.py:840} INFO - DAG(s) 'transform_bronze_to_silver_gold' retrieved from /opt/airflow/dags/transform_silver_gold_dbt_dag.py
[2025-11-13T04:16:00.333+0000] {logging_mixin.py:188} INFO - [2025-11-13T04:16:00.333+0000] {dag.py:3036} INFO - Sync 1 DAGs
[2025-11-13T04:16:00.350+0000] {logging_mixin.py:188} INFO - [2025-11-13T04:16:00.350+0000] {dag.py:3823} INFO - Setting next_dagrun for transform_bronze_to_silver_gold to 2025-11-13 00:00:00+00:00, run_after=2025-11-13 06:00:00+00:00
[2025-11-13T04:16:00.370+0000] {processor.py:183} INFO - Processing /opt/airflow/dags/transform_silver_gold_dbt_dag.py took 0.090 seconds
[2025-11-13T04:16:30.579+0000] {processor.py:161} INFO - Started process (PID=15052) to work on /opt/airflow/dags/transform_silver_gold_dbt_dag.py
[2025-11-13T04:16:30.580+0000] {processor.py:830} INFO - Processing file /opt/airflow/dags/transform_silver_gold_dbt_dag.py for tasks to queue
[2025-11-13T04:16:30.581+0000] {logging_mixin.py:188} INFO - [2025-11-13T04:16:30.581+0000] {dagbag.py:538} INFO - Filling up the DagBag from /opt/airflow/dags/transform_silver_gold_dbt_dag.py
[2025-11-13T04:16:30.607+0000] {processor.py:840} INFO - DAG(s) 'transform_bronze_to_silver_gold' retrieved from /opt/airflow/dags/transform_silver_gold_dbt_dag.py
[2025-11-13T04:16:30.621+0000] {logging_mixin.py:188} INFO - [2025-11-13T04:16:30.621+0000] {dag.py:3036} INFO - Sync 1 DAGs
[2025-11-13T04:16:30.632+0000] {logging_mixin.py:188} INFO - [2025-11-13T04:16:30.632+0000] {dag.py:3823} INFO - Setting next_dagrun for transform_bronze_to_silver_gold to 2025-11-13 00:00:00+00:00, run_after=2025-11-13 06:00:00+00:00
[2025-11-13T04:16:30.647+0000] {processor.py:183} INFO - Processing /opt/airflow/dags/transform_silver_gold_dbt_dag.py took 0.070 seconds
[2025-11-13T04:17:00.865+0000] {processor.py:161} INFO - Started process (PID=15054) to work on /opt/airflow/dags/transform_silver_gold_dbt_dag.py
[2025-11-13T04:17:00.867+0000] {processor.py:830} INFO - Processing file /opt/airflow/dags/transform_silver_gold_dbt_dag.py for tasks to queue
[2025-11-13T04:17:00.868+0000] {logging_mixin.py:188} INFO - [2025-11-13T04:17:00.867+0000] {dagbag.py:538} INFO - Filling up the DagBag from /opt/airflow/dags/transform_silver_gold_dbt_dag.py
[2025-11-13T04:17:00.893+0000] {processor.py:840} INFO - DAG(s) 'transform_bronze_to_silver_gold' retrieved from /opt/airflow/dags/transform_silver_gold_dbt_dag.py
[2025-11-13T04:17:00.905+0000] {logging_mixin.py:188} INFO - [2025-11-13T04:17:00.905+0000] {dag.py:3036} INFO - Sync 1 DAGs
[2025-11-13T04:17:00.916+0000] {logging_mixin.py:188} INFO - [2025-11-13T04:17:00.916+0000] {dag.py:3823} INFO - Setting next_dagrun for transform_bronze_to_silver_gold to 2025-11-13 00:00:00+00:00, run_after=2025-11-13 06:00:00+00:00
[2025-11-13T04:17:00.934+0000] {processor.py:183} INFO - Processing /opt/airflow/dags/transform_silver_gold_dbt_dag.py took 0.071 seconds
[2025-11-13T04:17:31.150+0000] {processor.py:161} INFO - Started process (PID=15056) to work on /opt/airflow/dags/transform_silver_gold_dbt_dag.py
[2025-11-13T04:17:31.152+0000] {processor.py:830} INFO - Processing file /opt/airflow/dags/transform_silver_gold_dbt_dag.py for tasks to queue
[2025-11-13T04:17:31.153+0000] {logging_mixin.py:188} INFO - [2025-11-13T04:17:31.153+0000] {dagbag.py:538} INFO - Filling up the DagBag from /opt/airflow/dags/transform_silver_gold_dbt_dag.py
[2025-11-13T04:17:31.176+0000] {processor.py:840} INFO - DAG(s) 'transform_bronze_to_silver_gold' retrieved from /opt/airflow/dags/transform_silver_gold_dbt_dag.py
[2025-11-13T04:17:31.193+0000] {logging_mixin.py:188} INFO - [2025-11-13T04:17:31.193+0000] {dag.py:3036} INFO - Sync 1 DAGs
[2025-11-13T04:17:31.207+0000] {logging_mixin.py:188} INFO - [2025-11-13T04:17:31.207+0000] {dag.py:3823} INFO - Setting next_dagrun for transform_bronze_to_silver_gold to 2025-11-13 00:00:00+00:00, run_after=2025-11-13 06:00:00+00:00
[2025-11-13T04:17:31.221+0000] {processor.py:183} INFO - Processing /opt/airflow/dags/transform_silver_gold_dbt_dag.py took 0.072 seconds
[2025-11-13T04:18:01.431+0000] {processor.py:161} INFO - Started process (PID=15058) to work on /opt/airflow/dags/transform_silver_gold_dbt_dag.py
[2025-11-13T04:18:01.433+0000] {processor.py:830} INFO - Processing file /opt/airflow/dags/transform_silver_gold_dbt_dag.py for tasks to queue
[2025-11-13T04:18:01.433+0000] {logging_mixin.py:188} INFO - [2025-11-13T04:18:01.433+0000] {dagbag.py:538} INFO - Filling up the DagBag from /opt/airflow/dags/transform_silver_gold_dbt_dag.py
[2025-11-13T04:18:01.456+0000] {processor.py:840} INFO - DAG(s) 'transform_bronze_to_silver_gold' retrieved from /opt/airflow/dags/transform_silver_gold_dbt_dag.py
[2025-11-13T04:18:01.475+0000] {logging_mixin.py:188} INFO - [2025-11-13T04:18:01.474+0000] {dag.py:3036} INFO - Sync 1 DAGs
[2025-11-13T04:18:01.487+0000] {logging_mixin.py:188} INFO - [2025-11-13T04:18:01.487+0000] {dag.py:3823} INFO - Setting next_dagrun for transform_bronze_to_silver_gold to 2025-11-13 00:00:00+00:00, run_after=2025-11-13 06:00:00+00:00
[2025-11-13T04:18:01.503+0000] {processor.py:183} INFO - Processing /opt/airflow/dags/transform_silver_gold_dbt_dag.py took 0.075 seconds
[2025-11-13T04:18:31.722+0000] {processor.py:161} INFO - Started process (PID=15060) to work on /opt/airflow/dags/transform_silver_gold_dbt_dag.py
[2025-11-13T04:18:31.724+0000] {processor.py:830} INFO - Processing file /opt/airflow/dags/transform_silver_gold_dbt_dag.py for tasks to queue
[2025-11-13T04:18:31.725+0000] {logging_mixin.py:188} INFO - [2025-11-13T04:18:31.724+0000] {dagbag.py:538} INFO - Filling up the DagBag from /opt/airflow/dags/transform_silver_gold_dbt_dag.py
[2025-11-13T04:18:31.755+0000] {processor.py:840} INFO - DAG(s) 'transform_bronze_to_silver_gold' retrieved from /opt/airflow/dags/transform_silver_gold_dbt_dag.py
[2025-11-13T04:18:31.768+0000] {logging_mixin.py:188} INFO - [2025-11-13T04:18:31.768+0000] {dag.py:3036} INFO - Sync 1 DAGs
[2025-11-13T04:18:31.780+0000] {logging_mixin.py:188} INFO - [2025-11-13T04:18:31.780+0000] {dag.py:3823} INFO - Setting next_dagrun for transform_bronze_to_silver_gold to 2025-11-13 00:00:00+00:00, run_after=2025-11-13 06:00:00+00:00
[2025-11-13T04:18:31.796+0000] {processor.py:183} INFO - Processing /opt/airflow/dags/transform_silver_gold_dbt_dag.py took 0.076 seconds
[2025-11-13T04:19:02.028+0000] {processor.py:161} INFO - Started process (PID=15062) to work on /opt/airflow/dags/transform_silver_gold_dbt_dag.py
[2025-11-13T04:19:02.030+0000] {processor.py:830} INFO - Processing file /opt/airflow/dags/transform_silver_gold_dbt_dag.py for tasks to queue
[2025-11-13T04:19:02.031+0000] {logging_mixin.py:188} INFO - [2025-11-13T04:19:02.031+0000] {dagbag.py:538} INFO - Filling up the DagBag from /opt/airflow/dags/transform_silver_gold_dbt_dag.py
[2025-11-13T04:19:02.062+0000] {processor.py:840} INFO - DAG(s) 'transform_bronze_to_silver_gold' retrieved from /opt/airflow/dags/transform_silver_gold_dbt_dag.py
[2025-11-13T04:19:02.077+0000] {logging_mixin.py:188} INFO - [2025-11-13T04:19:02.076+0000] {dag.py:3036} INFO - Sync 1 DAGs
[2025-11-13T04:19:02.088+0000] {logging_mixin.py:188} INFO - [2025-11-13T04:19:02.088+0000] {dag.py:3823} INFO - Setting next_dagrun for transform_bronze_to_silver_gold to 2025-11-13 00:00:00+00:00, run_after=2025-11-13 06:00:00+00:00
[2025-11-13T04:19:02.102+0000] {processor.py:183} INFO - Processing /opt/airflow/dags/transform_silver_gold_dbt_dag.py took 0.076 seconds
[2025-11-13T04:19:32.298+0000] {processor.py:161} INFO - Started process (PID=15064) to work on /opt/airflow/dags/transform_silver_gold_dbt_dag.py
[2025-11-13T04:19:32.299+0000] {processor.py:830} INFO - Processing file /opt/airflow/dags/transform_silver_gold_dbt_dag.py for tasks to queue
[2025-11-13T04:19:32.300+0000] {logging_mixin.py:188} INFO - [2025-11-13T04:19:32.300+0000] {dagbag.py:538} INFO - Filling up the DagBag from /opt/airflow/dags/transform_silver_gold_dbt_dag.py
[2025-11-13T04:19:32.321+0000] {processor.py:840} INFO - DAG(s) 'transform_bronze_to_silver_gold' retrieved from /opt/airflow/dags/transform_silver_gold_dbt_dag.py
[2025-11-13T04:19:32.332+0000] {logging_mixin.py:188} INFO - [2025-11-13T04:19:32.332+0000] {dag.py:3036} INFO - Sync 1 DAGs
[2025-11-13T04:19:32.342+0000] {logging_mixin.py:188} INFO - [2025-11-13T04:19:32.342+0000] {dag.py:3823} INFO - Setting next_dagrun for transform_bronze_to_silver_gold to 2025-11-13 00:00:00+00:00, run_after=2025-11-13 06:00:00+00:00
[2025-11-13T04:19:32.355+0000] {processor.py:183} INFO - Processing /opt/airflow/dags/transform_silver_gold_dbt_dag.py took 0.058 seconds
[2025-11-13T04:20:02.611+0000] {processor.py:161} INFO - Started process (PID=15066) to work on /opt/airflow/dags/transform_silver_gold_dbt_dag.py
[2025-11-13T04:20:02.613+0000] {processor.py:830} INFO - Processing file /opt/airflow/dags/transform_silver_gold_dbt_dag.py for tasks to queue
[2025-11-13T04:20:02.614+0000] {logging_mixin.py:188} INFO - [2025-11-13T04:20:02.613+0000] {dagbag.py:538} INFO - Filling up the DagBag from /opt/airflow/dags/transform_silver_gold_dbt_dag.py
[2025-11-13T04:20:02.637+0000] {processor.py:840} INFO - DAG(s) 'transform_bronze_to_silver_gold' retrieved from /opt/airflow/dags/transform_silver_gold_dbt_dag.py
[2025-11-13T04:20:02.648+0000] {logging_mixin.py:188} INFO - [2025-11-13T04:20:02.648+0000] {dag.py:3036} INFO - Sync 1 DAGs
[2025-11-13T04:20:02.658+0000] {logging_mixin.py:188} INFO - [2025-11-13T04:20:02.658+0000] {dag.py:3823} INFO - Setting next_dagrun for transform_bronze_to_silver_gold to 2025-11-13 00:00:00+00:00, run_after=2025-11-13 06:00:00+00:00
[2025-11-13T04:20:02.672+0000] {processor.py:183} INFO - Processing /opt/airflow/dags/transform_silver_gold_dbt_dag.py took 0.062 seconds
[2025-11-13T04:20:32.813+0000] {processor.py:161} INFO - Started process (PID=15068) to work on /opt/airflow/dags/transform_silver_gold_dbt_dag.py
[2025-11-13T04:20:32.814+0000] {processor.py:830} INFO - Processing file /opt/airflow/dags/transform_silver_gold_dbt_dag.py for tasks to queue
[2025-11-13T04:20:32.815+0000] {logging_mixin.py:188} INFO - [2025-11-13T04:20:32.815+0000] {dagbag.py:538} INFO - Filling up the DagBag from /opt/airflow/dags/transform_silver_gold_dbt_dag.py
[2025-11-13T04:20:32.845+0000] {processor.py:840} INFO - DAG(s) 'transform_bronze_to_silver_gold' retrieved from /opt/airflow/dags/transform_silver_gold_dbt_dag.py
[2025-11-13T04:20:32.857+0000] {logging_mixin.py:188} INFO - [2025-11-13T04:20:32.857+0000] {dag.py:3036} INFO - Sync 1 DAGs
[2025-11-13T04:20:32.867+0000] {logging_mixin.py:188} INFO - [2025-11-13T04:20:32.866+0000] {dag.py:3823} INFO - Setting next_dagrun for transform_bronze_to_silver_gold to 2025-11-13 00:00:00+00:00, run_after=2025-11-13 06:00:00+00:00
[2025-11-13T04:20:32.882+0000] {processor.py:183} INFO - Processing /opt/airflow/dags/transform_silver_gold_dbt_dag.py took 0.071 seconds
[2025-11-13T04:21:03.105+0000] {processor.py:161} INFO - Started process (PID=15070) to work on /opt/airflow/dags/transform_silver_gold_dbt_dag.py
[2025-11-13T04:21:03.106+0000] {processor.py:830} INFO - Processing file /opt/airflow/dags/transform_silver_gold_dbt_dag.py for tasks to queue
[2025-11-13T04:21:03.107+0000] {logging_mixin.py:188} INFO - [2025-11-13T04:21:03.107+0000] {dagbag.py:538} INFO - Filling up the DagBag from /opt/airflow/dags/transform_silver_gold_dbt_dag.py
[2025-11-13T04:21:03.131+0000] {processor.py:840} INFO - DAG(s) 'transform_bronze_to_silver_gold' retrieved from /opt/airflow/dags/transform_silver_gold_dbt_dag.py
[2025-11-13T04:21:03.143+0000] {logging_mixin.py:188} INFO - [2025-11-13T04:21:03.143+0000] {dag.py:3036} INFO - Sync 1 DAGs
[2025-11-13T04:21:03.152+0000] {logging_mixin.py:188} INFO - [2025-11-13T04:21:03.152+0000] {dag.py:3823} INFO - Setting next_dagrun for transform_bronze_to_silver_gold to 2025-11-13 00:00:00+00:00, run_after=2025-11-13 06:00:00+00:00
[2025-11-13T04:21:03.168+0000] {processor.py:183} INFO - Processing /opt/airflow/dags/transform_silver_gold_dbt_dag.py took 0.065 seconds
[2025-11-13T04:21:33.384+0000] {processor.py:161} INFO - Started process (PID=15072) to work on /opt/airflow/dags/transform_silver_gold_dbt_dag.py
[2025-11-13T04:21:33.385+0000] {processor.py:830} INFO - Processing file /opt/airflow/dags/transform_silver_gold_dbt_dag.py for tasks to queue
[2025-11-13T04:21:33.386+0000] {logging_mixin.py:188} INFO - [2025-11-13T04:21:33.386+0000] {dagbag.py:538} INFO - Filling up the DagBag from /opt/airflow/dags/transform_silver_gold_dbt_dag.py
[2025-11-13T04:21:33.406+0000] {processor.py:840} INFO - DAG(s) 'transform_bronze_to_silver_gold' retrieved from /opt/airflow/dags/transform_silver_gold_dbt_dag.py
[2025-11-13T04:21:33.418+0000] {logging_mixin.py:188} INFO - [2025-11-13T04:21:33.418+0000] {dag.py:3036} INFO - Sync 1 DAGs
[2025-11-13T04:21:33.429+0000] {logging_mixin.py:188} INFO - [2025-11-13T04:21:33.429+0000] {dag.py:3823} INFO - Setting next_dagrun for transform_bronze_to_silver_gold to 2025-11-13 00:00:00+00:00, run_after=2025-11-13 06:00:00+00:00
[2025-11-13T04:21:33.444+0000] {processor.py:183} INFO - Processing /opt/airflow/dags/transform_silver_gold_dbt_dag.py took 0.062 seconds
[2025-11-13T04:22:03.678+0000] {processor.py:161} INFO - Started process (PID=15074) to work on /opt/airflow/dags/transform_silver_gold_dbt_dag.py
[2025-11-13T04:22:03.679+0000] {processor.py:830} INFO - Processing file /opt/airflow/dags/transform_silver_gold_dbt_dag.py for tasks to queue
[2025-11-13T04:22:03.680+0000] {logging_mixin.py:188} INFO - [2025-11-13T04:22:03.680+0000] {dagbag.py:538} INFO - Filling up the DagBag from /opt/airflow/dags/transform_silver_gold_dbt_dag.py
[2025-11-13T04:22:03.706+0000] {processor.py:840} INFO - DAG(s) 'transform_bronze_to_silver_gold' retrieved from /opt/airflow/dags/transform_silver_gold_dbt_dag.py
[2025-11-13T04:22:03.718+0000] {logging_mixin.py:188} INFO - [2025-11-13T04:22:03.718+0000] {dag.py:3036} INFO - Sync 1 DAGs
[2025-11-13T04:22:03.728+0000] {logging_mixin.py:188} INFO - [2025-11-13T04:22:03.728+0000] {dag.py:3823} INFO - Setting next_dagrun for transform_bronze_to_silver_gold to 2025-11-13 00:00:00+00:00, run_after=2025-11-13 06:00:00+00:00
[2025-11-13T04:22:03.745+0000] {processor.py:183} INFO - Processing /opt/airflow/dags/transform_silver_gold_dbt_dag.py took 0.069 seconds
[2025-11-13T04:22:33.985+0000] {processor.py:161} INFO - Started process (PID=15076) to work on /opt/airflow/dags/transform_silver_gold_dbt_dag.py
[2025-11-13T04:22:33.985+0000] {processor.py:830} INFO - Processing file /opt/airflow/dags/transform_silver_gold_dbt_dag.py for tasks to queue
[2025-11-13T04:22:33.986+0000] {logging_mixin.py:188} INFO - [2025-11-13T04:22:33.986+0000] {dagbag.py:538} INFO - Filling up the DagBag from /opt/airflow/dags/transform_silver_gold_dbt_dag.py
[2025-11-13T04:22:34.006+0000] {processor.py:840} INFO - DAG(s) 'transform_bronze_to_silver_gold' retrieved from /opt/airflow/dags/transform_silver_gold_dbt_dag.py
[2025-11-13T04:22:34.019+0000] {logging_mixin.py:188} INFO - [2025-11-13T04:22:34.018+0000] {dag.py:3036} INFO - Sync 1 DAGs
[2025-11-13T04:22:34.029+0000] {logging_mixin.py:188} INFO - [2025-11-13T04:22:34.029+0000] {dag.py:3823} INFO - Setting next_dagrun for transform_bronze_to_silver_gold to 2025-11-13 00:00:00+00:00, run_after=2025-11-13 06:00:00+00:00
[2025-11-13T04:22:34.043+0000] {processor.py:183} INFO - Processing /opt/airflow/dags/transform_silver_gold_dbt_dag.py took 0.061 seconds
[2025-11-13T04:23:04.285+0000] {processor.py:161} INFO - Started process (PID=15078) to work on /opt/airflow/dags/transform_silver_gold_dbt_dag.py
[2025-11-13T04:23:04.287+0000] {processor.py:830} INFO - Processing file /opt/airflow/dags/transform_silver_gold_dbt_dag.py for tasks to queue
[2025-11-13T04:23:04.288+0000] {logging_mixin.py:188} INFO - [2025-11-13T04:23:04.288+0000] {dagbag.py:538} INFO - Filling up the DagBag from /opt/airflow/dags/transform_silver_gold_dbt_dag.py
[2025-11-13T04:23:04.313+0000] {processor.py:840} INFO - DAG(s) 'transform_bronze_to_silver_gold' retrieved from /opt/airflow/dags/transform_silver_gold_dbt_dag.py
[2025-11-13T04:23:04.327+0000] {logging_mixin.py:188} INFO - [2025-11-13T04:23:04.327+0000] {dag.py:3036} INFO - Sync 1 DAGs
[2025-11-13T04:23:04.338+0000] {logging_mixin.py:188} INFO - [2025-11-13T04:23:04.338+0000] {dag.py:3823} INFO - Setting next_dagrun for transform_bronze_to_silver_gold to 2025-11-13 00:00:00+00:00, run_after=2025-11-13 06:00:00+00:00
[2025-11-13T04:23:04.354+0000] {processor.py:183} INFO - Processing /opt/airflow/dags/transform_silver_gold_dbt_dag.py took 0.070 seconds
[2025-11-13T04:23:34.576+0000] {processor.py:161} INFO - Started process (PID=15080) to work on /opt/airflow/dags/transform_silver_gold_dbt_dag.py
[2025-11-13T04:23:34.578+0000] {processor.py:830} INFO - Processing file /opt/airflow/dags/transform_silver_gold_dbt_dag.py for tasks to queue
[2025-11-13T04:23:34.579+0000] {logging_mixin.py:188} INFO - [2025-11-13T04:23:34.579+0000] {dagbag.py:538} INFO - Filling up the DagBag from /opt/airflow/dags/transform_silver_gold_dbt_dag.py
[2025-11-13T04:23:34.607+0000] {processor.py:840} INFO - DAG(s) 'transform_bronze_to_silver_gold' retrieved from /opt/airflow/dags/transform_silver_gold_dbt_dag.py
[2025-11-13T04:23:34.621+0000] {logging_mixin.py:188} INFO - [2025-11-13T04:23:34.621+0000] {dag.py:3036} INFO - Sync 1 DAGs
[2025-11-13T04:23:34.633+0000] {logging_mixin.py:188} INFO - [2025-11-13T04:23:34.633+0000] {dag.py:3823} INFO - Setting next_dagrun for transform_bronze_to_silver_gold to 2025-11-13 00:00:00+00:00, run_after=2025-11-13 06:00:00+00:00
[2025-11-13T04:23:34.649+0000] {processor.py:183} INFO - Processing /opt/airflow/dags/transform_silver_gold_dbt_dag.py took 0.075 seconds
[2025-11-13T04:24:04.890+0000] {processor.py:161} INFO - Started process (PID=15082) to work on /opt/airflow/dags/transform_silver_gold_dbt_dag.py
[2025-11-13T04:24:04.891+0000] {processor.py:830} INFO - Processing file /opt/airflow/dags/transform_silver_gold_dbt_dag.py for tasks to queue
[2025-11-13T04:24:04.892+0000] {logging_mixin.py:188} INFO - [2025-11-13T04:24:04.892+0000] {dagbag.py:538} INFO - Filling up the DagBag from /opt/airflow/dags/transform_silver_gold_dbt_dag.py
[2025-11-13T04:24:04.913+0000] {processor.py:840} INFO - DAG(s) 'transform_bronze_to_silver_gold' retrieved from /opt/airflow/dags/transform_silver_gold_dbt_dag.py
[2025-11-13T04:24:04.925+0000] {logging_mixin.py:188} INFO - [2025-11-13T04:24:04.925+0000] {dag.py:3036} INFO - Sync 1 DAGs
[2025-11-13T04:24:04.935+0000] {logging_mixin.py:188} INFO - [2025-11-13T04:24:04.935+0000] {dag.py:3823} INFO - Setting next_dagrun for transform_bronze_to_silver_gold to 2025-11-13 00:00:00+00:00, run_after=2025-11-13 06:00:00+00:00
[2025-11-13T04:24:04.953+0000] {processor.py:183} INFO - Processing /opt/airflow/dags/transform_silver_gold_dbt_dag.py took 0.065 seconds
[2025-11-13T04:24:35.171+0000] {processor.py:161} INFO - Started process (PID=15084) to work on /opt/airflow/dags/transform_silver_gold_dbt_dag.py
[2025-11-13T04:24:35.172+0000] {processor.py:830} INFO - Processing file /opt/airflow/dags/transform_silver_gold_dbt_dag.py for tasks to queue
[2025-11-13T04:24:35.174+0000] {logging_mixin.py:188} INFO - [2025-11-13T04:24:35.173+0000] {dagbag.py:538} INFO - Filling up the DagBag from /opt/airflow/dags/transform_silver_gold_dbt_dag.py
[2025-11-13T04:24:35.195+0000] {processor.py:840} INFO - DAG(s) 'transform_bronze_to_silver_gold' retrieved from /opt/airflow/dags/transform_silver_gold_dbt_dag.py
[2025-11-13T04:24:35.210+0000] {logging_mixin.py:188} INFO - [2025-11-13T04:24:35.210+0000] {dag.py:3036} INFO - Sync 1 DAGs
[2025-11-13T04:24:35.222+0000] {logging_mixin.py:188} INFO - [2025-11-13T04:24:35.222+0000] {dag.py:3823} INFO - Setting next_dagrun for transform_bronze_to_silver_gold to 2025-11-13 00:00:00+00:00, run_after=2025-11-13 06:00:00+00:00
[2025-11-13T04:24:35.236+0000] {processor.py:183} INFO - Processing /opt/airflow/dags/transform_silver_gold_dbt_dag.py took 0.067 seconds
[2025-11-13T04:25:05.460+0000] {processor.py:161} INFO - Started process (PID=15086) to work on /opt/airflow/dags/transform_silver_gold_dbt_dag.py
[2025-11-13T04:25:05.461+0000] {processor.py:830} INFO - Processing file /opt/airflow/dags/transform_silver_gold_dbt_dag.py for tasks to queue
[2025-11-13T04:25:05.462+0000] {logging_mixin.py:188} INFO - [2025-11-13T04:25:05.462+0000] {dagbag.py:538} INFO - Filling up the DagBag from /opt/airflow/dags/transform_silver_gold_dbt_dag.py
[2025-11-13T04:25:05.488+0000] {processor.py:840} INFO - DAG(s) 'transform_bronze_to_silver_gold' retrieved from /opt/airflow/dags/transform_silver_gold_dbt_dag.py
[2025-11-13T04:25:05.501+0000] {logging_mixin.py:188} INFO - [2025-11-13T04:25:05.501+0000] {dag.py:3036} INFO - Sync 1 DAGs
[2025-11-13T04:25:05.513+0000] {logging_mixin.py:188} INFO - [2025-11-13T04:25:05.513+0000] {dag.py:3823} INFO - Setting next_dagrun for transform_bronze_to_silver_gold to 2025-11-13 00:00:00+00:00, run_after=2025-11-13 06:00:00+00:00
[2025-11-13T04:25:05.528+0000] {processor.py:183} INFO - Processing /opt/airflow/dags/transform_silver_gold_dbt_dag.py took 0.070 seconds
[2025-11-13T04:25:35.751+0000] {processor.py:161} INFO - Started process (PID=15088) to work on /opt/airflow/dags/transform_silver_gold_dbt_dag.py
[2025-11-13T04:25:35.752+0000] {processor.py:830} INFO - Processing file /opt/airflow/dags/transform_silver_gold_dbt_dag.py for tasks to queue
[2025-11-13T04:25:35.753+0000] {logging_mixin.py:188} INFO - [2025-11-13T04:25:35.753+0000] {dagbag.py:538} INFO - Filling up the DagBag from /opt/airflow/dags/transform_silver_gold_dbt_dag.py
[2025-11-13T04:25:35.774+0000] {processor.py:840} INFO - DAG(s) 'transform_bronze_to_silver_gold' retrieved from /opt/airflow/dags/transform_silver_gold_dbt_dag.py
[2025-11-13T04:25:35.786+0000] {logging_mixin.py:188} INFO - [2025-11-13T04:25:35.786+0000] {dag.py:3036} INFO - Sync 1 DAGs
[2025-11-13T04:25:35.796+0000] {logging_mixin.py:188} INFO - [2025-11-13T04:25:35.796+0000] {dag.py:3823} INFO - Setting next_dagrun for transform_bronze_to_silver_gold to 2025-11-13 00:00:00+00:00, run_after=2025-11-13 06:00:00+00:00
[2025-11-13T04:25:35.813+0000] {processor.py:183} INFO - Processing /opt/airflow/dags/transform_silver_gold_dbt_dag.py took 0.064 seconds
[2025-11-13T04:26:06.038+0000] {processor.py:161} INFO - Started process (PID=15090) to work on /opt/airflow/dags/transform_silver_gold_dbt_dag.py
[2025-11-13T04:26:06.039+0000] {processor.py:830} INFO - Processing file /opt/airflow/dags/transform_silver_gold_dbt_dag.py for tasks to queue
[2025-11-13T04:26:06.041+0000] {logging_mixin.py:188} INFO - [2025-11-13T04:26:06.040+0000] {dagbag.py:538} INFO - Filling up the DagBag from /opt/airflow/dags/transform_silver_gold_dbt_dag.py
[2025-11-13T04:26:06.064+0000] {processor.py:840} INFO - DAG(s) 'transform_bronze_to_silver_gold' retrieved from /opt/airflow/dags/transform_silver_gold_dbt_dag.py
[2025-11-13T04:26:06.077+0000] {logging_mixin.py:188} INFO - [2025-11-13T04:26:06.077+0000] {dag.py:3036} INFO - Sync 1 DAGs
[2025-11-13T04:26:06.088+0000] {logging_mixin.py:188} INFO - [2025-11-13T04:26:06.088+0000] {dag.py:3823} INFO - Setting next_dagrun for transform_bronze_to_silver_gold to 2025-11-13 00:00:00+00:00, run_after=2025-11-13 06:00:00+00:00
[2025-11-13T04:26:06.101+0000] {processor.py:183} INFO - Processing /opt/airflow/dags/transform_silver_gold_dbt_dag.py took 0.065 seconds
[2025-11-13T04:26:36.318+0000] {processor.py:161} INFO - Started process (PID=15092) to work on /opt/airflow/dags/transform_silver_gold_dbt_dag.py
[2025-11-13T04:26:36.319+0000] {processor.py:830} INFO - Processing file /opt/airflow/dags/transform_silver_gold_dbt_dag.py for tasks to queue
[2025-11-13T04:26:36.320+0000] {logging_mixin.py:188} INFO - [2025-11-13T04:26:36.320+0000] {dagbag.py:538} INFO - Filling up the DagBag from /opt/airflow/dags/transform_silver_gold_dbt_dag.py
[2025-11-13T04:26:36.342+0000] {processor.py:840} INFO - DAG(s) 'transform_bronze_to_silver_gold' retrieved from /opt/airflow/dags/transform_silver_gold_dbt_dag.py
[2025-11-13T04:26:36.354+0000] {logging_mixin.py:188} INFO - [2025-11-13T04:26:36.353+0000] {dag.py:3036} INFO - Sync 1 DAGs
[2025-11-13T04:26:36.364+0000] {logging_mixin.py:188} INFO - [2025-11-13T04:26:36.364+0000] {dag.py:3823} INFO - Setting next_dagrun for transform_bronze_to_silver_gold to 2025-11-13 00:00:00+00:00, run_after=2025-11-13 06:00:00+00:00
[2025-11-13T04:26:36.378+0000] {processor.py:183} INFO - Processing /opt/airflow/dags/transform_silver_gold_dbt_dag.py took 0.062 seconds
[2025-11-13T04:27:06.601+0000] {processor.py:161} INFO - Started process (PID=15094) to work on /opt/airflow/dags/transform_silver_gold_dbt_dag.py
[2025-11-13T04:27:06.603+0000] {processor.py:830} INFO - Processing file /opt/airflow/dags/transform_silver_gold_dbt_dag.py for tasks to queue
[2025-11-13T04:27:06.604+0000] {logging_mixin.py:188} INFO - [2025-11-13T04:27:06.604+0000] {dagbag.py:538} INFO - Filling up the DagBag from /opt/airflow/dags/transform_silver_gold_dbt_dag.py
[2025-11-13T04:27:06.626+0000] {processor.py:840} INFO - DAG(s) 'transform_bronze_to_silver_gold' retrieved from /opt/airflow/dags/transform_silver_gold_dbt_dag.py
[2025-11-13T04:27:06.642+0000] {logging_mixin.py:188} INFO - [2025-11-13T04:27:06.642+0000] {dag.py:3036} INFO - Sync 1 DAGs
[2025-11-13T04:27:06.655+0000] {logging_mixin.py:188} INFO - [2025-11-13T04:27:06.655+0000] {dag.py:3823} INFO - Setting next_dagrun for transform_bronze_to_silver_gold to 2025-11-13 00:00:00+00:00, run_after=2025-11-13 06:00:00+00:00
[2025-11-13T04:27:06.670+0000] {processor.py:183} INFO - Processing /opt/airflow/dags/transform_silver_gold_dbt_dag.py took 0.070 seconds
[2025-11-13T04:27:36.883+0000] {processor.py:161} INFO - Started process (PID=15096) to work on /opt/airflow/dags/transform_silver_gold_dbt_dag.py
[2025-11-13T04:27:36.884+0000] {processor.py:830} INFO - Processing file /opt/airflow/dags/transform_silver_gold_dbt_dag.py for tasks to queue
[2025-11-13T04:27:36.885+0000] {logging_mixin.py:188} INFO - [2025-11-13T04:27:36.884+0000] {dagbag.py:538} INFO - Filling up the DagBag from /opt/airflow/dags/transform_silver_gold_dbt_dag.py
[2025-11-13T04:27:36.903+0000] {processor.py:840} INFO - DAG(s) 'transform_bronze_to_silver_gold' retrieved from /opt/airflow/dags/transform_silver_gold_dbt_dag.py
[2025-11-13T04:27:36.918+0000] {logging_mixin.py:188} INFO - [2025-11-13T04:27:36.918+0000] {dag.py:3036} INFO - Sync 1 DAGs
[2025-11-13T04:27:36.930+0000] {logging_mixin.py:188} INFO - [2025-11-13T04:27:36.930+0000] {dag.py:3823} INFO - Setting next_dagrun for transform_bronze_to_silver_gold to 2025-11-13 00:00:00+00:00, run_after=2025-11-13 06:00:00+00:00
[2025-11-13T04:27:36.942+0000] {processor.py:183} INFO - Processing /opt/airflow/dags/transform_silver_gold_dbt_dag.py took 0.061 seconds
[2025-11-13T04:28:07.195+0000] {processor.py:161} INFO - Started process (PID=15098) to work on /opt/airflow/dags/transform_silver_gold_dbt_dag.py
[2025-11-13T04:28:07.196+0000] {processor.py:830} INFO - Processing file /opt/airflow/dags/transform_silver_gold_dbt_dag.py for tasks to queue
[2025-11-13T04:28:07.197+0000] {logging_mixin.py:188} INFO - [2025-11-13T04:28:07.196+0000] {dagbag.py:538} INFO - Filling up the DagBag from /opt/airflow/dags/transform_silver_gold_dbt_dag.py
[2025-11-13T04:28:07.214+0000] {processor.py:840} INFO - DAG(s) 'transform_bronze_to_silver_gold' retrieved from /opt/airflow/dags/transform_silver_gold_dbt_dag.py
[2025-11-13T04:28:07.228+0000] {logging_mixin.py:188} INFO - [2025-11-13T04:28:07.228+0000] {dag.py:3036} INFO - Sync 1 DAGs
[2025-11-13T04:28:07.240+0000] {logging_mixin.py:188} INFO - [2025-11-13T04:28:07.240+0000] {dag.py:3823} INFO - Setting next_dagrun for transform_bronze_to_silver_gold to 2025-11-13 00:00:00+00:00, run_after=2025-11-13 06:00:00+00:00
[2025-11-13T04:28:07.255+0000] {processor.py:183} INFO - Processing /opt/airflow/dags/transform_silver_gold_dbt_dag.py took 0.062 seconds
[2025-11-13T04:28:37.508+0000] {processor.py:161} INFO - Started process (PID=15100) to work on /opt/airflow/dags/transform_silver_gold_dbt_dag.py
[2025-11-13T04:28:37.509+0000] {processor.py:830} INFO - Processing file /opt/airflow/dags/transform_silver_gold_dbt_dag.py for tasks to queue
[2025-11-13T04:28:37.510+0000] {logging_mixin.py:188} INFO - [2025-11-13T04:28:37.510+0000] {dagbag.py:538} INFO - Filling up the DagBag from /opt/airflow/dags/transform_silver_gold_dbt_dag.py
[2025-11-13T04:28:37.535+0000] {processor.py:840} INFO - DAG(s) 'transform_bronze_to_silver_gold' retrieved from /opt/airflow/dags/transform_silver_gold_dbt_dag.py
[2025-11-13T04:28:37.547+0000] {logging_mixin.py:188} INFO - [2025-11-13T04:28:37.547+0000] {dag.py:3036} INFO - Sync 1 DAGs
[2025-11-13T04:28:37.559+0000] {logging_mixin.py:188} INFO - [2025-11-13T04:28:37.559+0000] {dag.py:3823} INFO - Setting next_dagrun for transform_bronze_to_silver_gold to 2025-11-13 00:00:00+00:00, run_after=2025-11-13 06:00:00+00:00
[2025-11-13T04:28:37.574+0000] {processor.py:183} INFO - Processing /opt/airflow/dags/transform_silver_gold_dbt_dag.py took 0.068 seconds
[2025-11-13T04:29:07.833+0000] {processor.py:161} INFO - Started process (PID=15102) to work on /opt/airflow/dags/transform_silver_gold_dbt_dag.py
[2025-11-13T04:29:07.834+0000] {processor.py:830} INFO - Processing file /opt/airflow/dags/transform_silver_gold_dbt_dag.py for tasks to queue
[2025-11-13T04:29:07.835+0000] {logging_mixin.py:188} INFO - [2025-11-13T04:29:07.835+0000] {dagbag.py:538} INFO - Filling up the DagBag from /opt/airflow/dags/transform_silver_gold_dbt_dag.py
[2025-11-13T04:29:07.868+0000] {processor.py:840} INFO - DAG(s) 'transform_bronze_to_silver_gold' retrieved from /opt/airflow/dags/transform_silver_gold_dbt_dag.py
[2025-11-13T04:29:07.880+0000] {logging_mixin.py:188} INFO - [2025-11-13T04:29:07.880+0000] {dag.py:3036} INFO - Sync 1 DAGs
[2025-11-13T04:29:07.891+0000] {logging_mixin.py:188} INFO - [2025-11-13T04:29:07.891+0000] {dag.py:3823} INFO - Setting next_dagrun for transform_bronze_to_silver_gold to 2025-11-13 00:00:00+00:00, run_after=2025-11-13 06:00:00+00:00
[2025-11-13T04:29:07.908+0000] {processor.py:183} INFO - Processing /opt/airflow/dags/transform_silver_gold_dbt_dag.py took 0.077 seconds
[2025-11-13T04:29:38.104+0000] {processor.py:161} INFO - Started process (PID=15104) to work on /opt/airflow/dags/transform_silver_gold_dbt_dag.py
[2025-11-13T04:29:38.106+0000] {processor.py:830} INFO - Processing file /opt/airflow/dags/transform_silver_gold_dbt_dag.py for tasks to queue
[2025-11-13T04:29:38.107+0000] {logging_mixin.py:188} INFO - [2025-11-13T04:29:38.106+0000] {dagbag.py:538} INFO - Filling up the DagBag from /opt/airflow/dags/transform_silver_gold_dbt_dag.py
[2025-11-13T04:29:38.135+0000] {processor.py:840} INFO - DAG(s) 'transform_bronze_to_silver_gold' retrieved from /opt/airflow/dags/transform_silver_gold_dbt_dag.py
[2025-11-13T04:29:38.151+0000] {logging_mixin.py:188} INFO - [2025-11-13T04:29:38.151+0000] {dag.py:3036} INFO - Sync 1 DAGs
[2025-11-13T04:29:38.165+0000] {logging_mixin.py:188} INFO - [2025-11-13T04:29:38.165+0000] {dag.py:3823} INFO - Setting next_dagrun for transform_bronze_to_silver_gold to 2025-11-13 00:00:00+00:00, run_after=2025-11-13 06:00:00+00:00
[2025-11-13T04:29:38.182+0000] {processor.py:183} INFO - Processing /opt/airflow/dags/transform_silver_gold_dbt_dag.py took 0.079 seconds
[2025-11-13T04:30:08.360+0000] {processor.py:161} INFO - Started process (PID=15106) to work on /opt/airflow/dags/transform_silver_gold_dbt_dag.py
[2025-11-13T04:30:08.361+0000] {processor.py:830} INFO - Processing file /opt/airflow/dags/transform_silver_gold_dbt_dag.py for tasks to queue
[2025-11-13T04:30:08.362+0000] {logging_mixin.py:188} INFO - [2025-11-13T04:30:08.362+0000] {dagbag.py:538} INFO - Filling up the DagBag from /opt/airflow/dags/transform_silver_gold_dbt_dag.py
[2025-11-13T04:30:08.390+0000] {processor.py:840} INFO - DAG(s) 'transform_bronze_to_silver_gold' retrieved from /opt/airflow/dags/transform_silver_gold_dbt_dag.py
[2025-11-13T04:30:08.405+0000] {logging_mixin.py:188} INFO - [2025-11-13T04:30:08.405+0000] {dag.py:3036} INFO - Sync 1 DAGs
[2025-11-13T04:30:08.417+0000] {logging_mixin.py:188} INFO - [2025-11-13T04:30:08.417+0000] {dag.py:3823} INFO - Setting next_dagrun for transform_bronze_to_silver_gold to 2025-11-13 00:00:00+00:00, run_after=2025-11-13 06:00:00+00:00
[2025-11-13T04:30:08.432+0000] {processor.py:183} INFO - Processing /opt/airflow/dags/transform_silver_gold_dbt_dag.py took 0.074 seconds
[2025-11-13T04:30:38.704+0000] {processor.py:161} INFO - Started process (PID=15108) to work on /opt/airflow/dags/transform_silver_gold_dbt_dag.py
[2025-11-13T04:30:38.705+0000] {processor.py:830} INFO - Processing file /opt/airflow/dags/transform_silver_gold_dbt_dag.py for tasks to queue
[2025-11-13T04:30:38.706+0000] {logging_mixin.py:188} INFO - [2025-11-13T04:30:38.706+0000] {dagbag.py:538} INFO - Filling up the DagBag from /opt/airflow/dags/transform_silver_gold_dbt_dag.py
[2025-11-13T04:30:38.734+0000] {processor.py:840} INFO - DAG(s) 'transform_bronze_to_silver_gold' retrieved from /opt/airflow/dags/transform_silver_gold_dbt_dag.py
[2025-11-13T04:30:38.746+0000] {logging_mixin.py:188} INFO - [2025-11-13T04:30:38.746+0000] {dag.py:3036} INFO - Sync 1 DAGs
[2025-11-13T04:30:38.756+0000] {logging_mixin.py:188} INFO - [2025-11-13T04:30:38.756+0000] {dag.py:3823} INFO - Setting next_dagrun for transform_bronze_to_silver_gold to 2025-11-13 00:00:00+00:00, run_after=2025-11-13 06:00:00+00:00
[2025-11-13T04:30:38.772+0000] {processor.py:183} INFO - Processing /opt/airflow/dags/transform_silver_gold_dbt_dag.py took 0.071 seconds
[2025-11-13T04:31:08.999+0000] {processor.py:161} INFO - Started process (PID=15110) to work on /opt/airflow/dags/transform_silver_gold_dbt_dag.py
[2025-11-13T04:31:09.000+0000] {processor.py:830} INFO - Processing file /opt/airflow/dags/transform_silver_gold_dbt_dag.py for tasks to queue
[2025-11-13T04:31:09.001+0000] {logging_mixin.py:188} INFO - [2025-11-13T04:31:09.000+0000] {dagbag.py:538} INFO - Filling up the DagBag from /opt/airflow/dags/transform_silver_gold_dbt_dag.py
[2025-11-13T04:31:09.018+0000] {processor.py:840} INFO - DAG(s) 'transform_bronze_to_silver_gold' retrieved from /opt/airflow/dags/transform_silver_gold_dbt_dag.py
[2025-11-13T04:31:09.033+0000] {logging_mixin.py:188} INFO - [2025-11-13T04:31:09.033+0000] {dag.py:3036} INFO - Sync 1 DAGs
[2025-11-13T04:31:09.044+0000] {logging_mixin.py:188} INFO - [2025-11-13T04:31:09.043+0000] {dag.py:3823} INFO - Setting next_dagrun for transform_bronze_to_silver_gold to 2025-11-13 00:00:00+00:00, run_after=2025-11-13 06:00:00+00:00
[2025-11-13T04:31:09.055+0000] {processor.py:183} INFO - Processing /opt/airflow/dags/transform_silver_gold_dbt_dag.py took 0.058 seconds
[2025-11-13T04:31:39.332+0000] {processor.py:161} INFO - Started process (PID=15112) to work on /opt/airflow/dags/transform_silver_gold_dbt_dag.py
[2025-11-13T04:31:39.333+0000] {processor.py:830} INFO - Processing file /opt/airflow/dags/transform_silver_gold_dbt_dag.py for tasks to queue
[2025-11-13T04:31:39.334+0000] {logging_mixin.py:188} INFO - [2025-11-13T04:31:39.334+0000] {dagbag.py:538} INFO - Filling up the DagBag from /opt/airflow/dags/transform_silver_gold_dbt_dag.py
[2025-11-13T04:31:39.362+0000] {processor.py:840} INFO - DAG(s) 'transform_bronze_to_silver_gold' retrieved from /opt/airflow/dags/transform_silver_gold_dbt_dag.py
[2025-11-13T04:31:39.375+0000] {logging_mixin.py:188} INFO - [2025-11-13T04:31:39.374+0000] {dag.py:3036} INFO - Sync 1 DAGs
[2025-11-13T04:31:39.385+0000] {logging_mixin.py:188} INFO - [2025-11-13T04:31:39.385+0000] {dag.py:3823} INFO - Setting next_dagrun for transform_bronze_to_silver_gold to 2025-11-13 00:00:00+00:00, run_after=2025-11-13 06:00:00+00:00
[2025-11-13T04:31:39.402+0000] {processor.py:183} INFO - Processing /opt/airflow/dags/transform_silver_gold_dbt_dag.py took 0.073 seconds
[2025-11-13T04:32:09.628+0000] {processor.py:161} INFO - Started process (PID=15114) to work on /opt/airflow/dags/transform_silver_gold_dbt_dag.py
[2025-11-13T04:32:09.629+0000] {processor.py:830} INFO - Processing file /opt/airflow/dags/transform_silver_gold_dbt_dag.py for tasks to queue
[2025-11-13T04:32:09.631+0000] {logging_mixin.py:188} INFO - [2025-11-13T04:32:09.630+0000] {dagbag.py:538} INFO - Filling up the DagBag from /opt/airflow/dags/transform_silver_gold_dbt_dag.py
[2025-11-13T04:32:09.647+0000] {processor.py:840} INFO - DAG(s) 'transform_bronze_to_silver_gold' retrieved from /opt/airflow/dags/transform_silver_gold_dbt_dag.py
[2025-11-13T04:32:09.660+0000] {logging_mixin.py:188} INFO - [2025-11-13T04:32:09.660+0000] {dag.py:3036} INFO - Sync 1 DAGs
[2025-11-13T04:32:09.671+0000] {logging_mixin.py:188} INFO - [2025-11-13T04:32:09.671+0000] {dag.py:3823} INFO - Setting next_dagrun for transform_bronze_to_silver_gold to 2025-11-13 00:00:00+00:00, run_after=2025-11-13 06:00:00+00:00
[2025-11-13T04:32:09.686+0000] {processor.py:183} INFO - Processing /opt/airflow/dags/transform_silver_gold_dbt_dag.py took 0.061 seconds
[2025-11-13T04:32:39.941+0000] {processor.py:161} INFO - Started process (PID=15116) to work on /opt/airflow/dags/transform_silver_gold_dbt_dag.py
[2025-11-13T04:32:39.943+0000] {processor.py:830} INFO - Processing file /opt/airflow/dags/transform_silver_gold_dbt_dag.py for tasks to queue
[2025-11-13T04:32:39.944+0000] {logging_mixin.py:188} INFO - [2025-11-13T04:32:39.943+0000] {dagbag.py:538} INFO - Filling up the DagBag from /opt/airflow/dags/transform_silver_gold_dbt_dag.py
[2025-11-13T04:32:39.972+0000] {processor.py:840} INFO - DAG(s) 'transform_bronze_to_silver_gold' retrieved from /opt/airflow/dags/transform_silver_gold_dbt_dag.py
[2025-11-13T04:32:39.985+0000] {logging_mixin.py:188} INFO - [2025-11-13T04:32:39.985+0000] {dag.py:3036} INFO - Sync 1 DAGs
[2025-11-13T04:32:39.996+0000] {logging_mixin.py:188} INFO - [2025-11-13T04:32:39.996+0000] {dag.py:3823} INFO - Setting next_dagrun for transform_bronze_to_silver_gold to 2025-11-13 00:00:00+00:00, run_after=2025-11-13 06:00:00+00:00
[2025-11-13T04:32:40.014+0000] {processor.py:183} INFO - Processing /opt/airflow/dags/transform_silver_gold_dbt_dag.py took 0.075 seconds
[2025-11-13T04:33:10.291+0000] {processor.py:161} INFO - Started process (PID=15118) to work on /opt/airflow/dags/transform_silver_gold_dbt_dag.py
[2025-11-13T04:33:10.292+0000] {processor.py:830} INFO - Processing file /opt/airflow/dags/transform_silver_gold_dbt_dag.py for tasks to queue
[2025-11-13T04:33:10.293+0000] {logging_mixin.py:188} INFO - [2025-11-13T04:33:10.293+0000] {dagbag.py:538} INFO - Filling up the DagBag from /opt/airflow/dags/transform_silver_gold_dbt_dag.py
[2025-11-13T04:33:10.325+0000] {processor.py:840} INFO - DAG(s) 'transform_bronze_to_silver_gold' retrieved from /opt/airflow/dags/transform_silver_gold_dbt_dag.py
[2025-11-13T04:33:10.337+0000] {logging_mixin.py:188} INFO - [2025-11-13T04:33:10.337+0000] {dag.py:3036} INFO - Sync 1 DAGs
[2025-11-13T04:33:10.348+0000] {logging_mixin.py:188} INFO - [2025-11-13T04:33:10.348+0000] {dag.py:3823} INFO - Setting next_dagrun for transform_bronze_to_silver_gold to 2025-11-13 00:00:00+00:00, run_after=2025-11-13 06:00:00+00:00
[2025-11-13T04:33:10.367+0000] {processor.py:183} INFO - Processing /opt/airflow/dags/transform_silver_gold_dbt_dag.py took 0.079 seconds
[2025-11-13T04:33:40.600+0000] {processor.py:161} INFO - Started process (PID=15120) to work on /opt/airflow/dags/transform_silver_gold_dbt_dag.py
[2025-11-13T04:33:40.601+0000] {processor.py:830} INFO - Processing file /opt/airflow/dags/transform_silver_gold_dbt_dag.py for tasks to queue
[2025-11-13T04:33:40.602+0000] {logging_mixin.py:188} INFO - [2025-11-13T04:33:40.602+0000] {dagbag.py:538} INFO - Filling up the DagBag from /opt/airflow/dags/transform_silver_gold_dbt_dag.py
[2025-11-13T04:33:40.628+0000] {processor.py:840} INFO - DAG(s) 'transform_bronze_to_silver_gold' retrieved from /opt/airflow/dags/transform_silver_gold_dbt_dag.py
[2025-11-13T04:33:40.641+0000] {logging_mixin.py:188} INFO - [2025-11-13T04:33:40.641+0000] {dag.py:3036} INFO - Sync 1 DAGs
[2025-11-13T04:33:40.652+0000] {logging_mixin.py:188} INFO - [2025-11-13T04:33:40.652+0000] {dag.py:3823} INFO - Setting next_dagrun for transform_bronze_to_silver_gold to 2025-11-13 00:00:00+00:00, run_after=2025-11-13 06:00:00+00:00
[2025-11-13T04:33:40.666+0000] {processor.py:183} INFO - Processing /opt/airflow/dags/transform_silver_gold_dbt_dag.py took 0.069 seconds
[2025-11-13T04:34:10.933+0000] {processor.py:161} INFO - Started process (PID=15122) to work on /opt/airflow/dags/transform_silver_gold_dbt_dag.py
[2025-11-13T04:34:10.934+0000] {processor.py:830} INFO - Processing file /opt/airflow/dags/transform_silver_gold_dbt_dag.py for tasks to queue
[2025-11-13T04:34:10.936+0000] {logging_mixin.py:188} INFO - [2025-11-13T04:34:10.935+0000] {dagbag.py:538} INFO - Filling up the DagBag from /opt/airflow/dags/transform_silver_gold_dbt_dag.py
[2025-11-13T04:34:10.963+0000] {processor.py:840} INFO - DAG(s) 'transform_bronze_to_silver_gold' retrieved from /opt/airflow/dags/transform_silver_gold_dbt_dag.py
[2025-11-13T04:34:10.975+0000] {logging_mixin.py:188} INFO - [2025-11-13T04:34:10.975+0000] {dag.py:3036} INFO - Sync 1 DAGs
[2025-11-13T04:34:10.985+0000] {logging_mixin.py:188} INFO - [2025-11-13T04:34:10.985+0000] {dag.py:3823} INFO - Setting next_dagrun for transform_bronze_to_silver_gold to 2025-11-13 00:00:00+00:00, run_after=2025-11-13 06:00:00+00:00
[2025-11-13T04:34:11.016+0000] {processor.py:183} INFO - Processing /opt/airflow/dags/transform_silver_gold_dbt_dag.py took 0.085 seconds
[2025-11-13T04:34:41.214+0000] {processor.py:161} INFO - Started process (PID=15124) to work on /opt/airflow/dags/transform_silver_gold_dbt_dag.py
[2025-11-13T04:34:41.216+0000] {processor.py:830} INFO - Processing file /opt/airflow/dags/transform_silver_gold_dbt_dag.py for tasks to queue
[2025-11-13T04:34:41.217+0000] {logging_mixin.py:188} INFO - [2025-11-13T04:34:41.216+0000] {dagbag.py:538} INFO - Filling up the DagBag from /opt/airflow/dags/transform_silver_gold_dbt_dag.py
[2025-11-13T04:34:41.242+0000] {processor.py:840} INFO - DAG(s) 'transform_bronze_to_silver_gold' retrieved from /opt/airflow/dags/transform_silver_gold_dbt_dag.py
[2025-11-13T04:34:41.257+0000] {logging_mixin.py:188} INFO - [2025-11-13T04:34:41.257+0000] {dag.py:3036} INFO - Sync 1 DAGs
[2025-11-13T04:34:41.268+0000] {logging_mixin.py:188} INFO - [2025-11-13T04:34:41.268+0000] {dag.py:3823} INFO - Setting next_dagrun for transform_bronze_to_silver_gold to 2025-11-13 00:00:00+00:00, run_after=2025-11-13 06:00:00+00:00
[2025-11-13T04:34:41.286+0000] {processor.py:183} INFO - Processing /opt/airflow/dags/transform_silver_gold_dbt_dag.py took 0.074 seconds
[2025-11-13T04:35:11.547+0000] {processor.py:161} INFO - Started process (PID=15126) to work on /opt/airflow/dags/transform_silver_gold_dbt_dag.py
[2025-11-13T04:35:11.548+0000] {processor.py:830} INFO - Processing file /opt/airflow/dags/transform_silver_gold_dbt_dag.py for tasks to queue
[2025-11-13T04:35:11.549+0000] {logging_mixin.py:188} INFO - [2025-11-13T04:35:11.549+0000] {dagbag.py:538} INFO - Filling up the DagBag from /opt/airflow/dags/transform_silver_gold_dbt_dag.py
[2025-11-13T04:35:11.574+0000] {processor.py:840} INFO - DAG(s) 'transform_bronze_to_silver_gold' retrieved from /opt/airflow/dags/transform_silver_gold_dbt_dag.py
[2025-11-13T04:35:11.587+0000] {logging_mixin.py:188} INFO - [2025-11-13T04:35:11.587+0000] {dag.py:3036} INFO - Sync 1 DAGs
[2025-11-13T04:35:11.598+0000] {logging_mixin.py:188} INFO - [2025-11-13T04:35:11.597+0000] {dag.py:3823} INFO - Setting next_dagrun for transform_bronze_to_silver_gold to 2025-11-13 00:00:00+00:00, run_after=2025-11-13 06:00:00+00:00
[2025-11-13T04:35:11.610+0000] {processor.py:183} INFO - Processing /opt/airflow/dags/transform_silver_gold_dbt_dag.py took 0.066 seconds
[2025-11-13T04:35:41.831+0000] {processor.py:161} INFO - Started process (PID=15128) to work on /opt/airflow/dags/transform_silver_gold_dbt_dag.py
[2025-11-13T04:35:41.833+0000] {processor.py:830} INFO - Processing file /opt/airflow/dags/transform_silver_gold_dbt_dag.py for tasks to queue
[2025-11-13T04:35:41.834+0000] {logging_mixin.py:188} INFO - [2025-11-13T04:35:41.834+0000] {dagbag.py:538} INFO - Filling up the DagBag from /opt/airflow/dags/transform_silver_gold_dbt_dag.py
[2025-11-13T04:35:41.861+0000] {processor.py:840} INFO - DAG(s) 'transform_bronze_to_silver_gold' retrieved from /opt/airflow/dags/transform_silver_gold_dbt_dag.py
[2025-11-13T04:35:41.876+0000] {logging_mixin.py:188} INFO - [2025-11-13T04:35:41.875+0000] {dag.py:3036} INFO - Sync 1 DAGs
[2025-11-13T04:35:41.887+0000] {logging_mixin.py:188} INFO - [2025-11-13T04:35:41.887+0000] {dag.py:3823} INFO - Setting next_dagrun for transform_bronze_to_silver_gold to 2025-11-13 00:00:00+00:00, run_after=2025-11-13 06:00:00+00:00
[2025-11-13T04:35:41.901+0000] {processor.py:183} INFO - Processing /opt/airflow/dags/transform_silver_gold_dbt_dag.py took 0.071 seconds
[2025-11-13T04:36:12.139+0000] {processor.py:161} INFO - Started process (PID=15130) to work on /opt/airflow/dags/transform_silver_gold_dbt_dag.py
[2025-11-13T04:36:12.140+0000] {processor.py:830} INFO - Processing file /opt/airflow/dags/transform_silver_gold_dbt_dag.py for tasks to queue
[2025-11-13T04:36:12.141+0000] {logging_mixin.py:188} INFO - [2025-11-13T04:36:12.141+0000] {dagbag.py:538} INFO - Filling up the DagBag from /opt/airflow/dags/transform_silver_gold_dbt_dag.py
[2025-11-13T04:36:12.165+0000] {processor.py:840} INFO - DAG(s) 'transform_bronze_to_silver_gold' retrieved from /opt/airflow/dags/transform_silver_gold_dbt_dag.py
[2025-11-13T04:36:12.178+0000] {logging_mixin.py:188} INFO - [2025-11-13T04:36:12.178+0000] {dag.py:3036} INFO - Sync 1 DAGs
[2025-11-13T04:36:12.189+0000] {logging_mixin.py:188} INFO - [2025-11-13T04:36:12.189+0000] {dag.py:3823} INFO - Setting next_dagrun for transform_bronze_to_silver_gold to 2025-11-13 00:00:00+00:00, run_after=2025-11-13 06:00:00+00:00
[2025-11-13T04:36:12.206+0000] {processor.py:183} INFO - Processing /opt/airflow/dags/transform_silver_gold_dbt_dag.py took 0.070 seconds
[2025-11-13T04:36:42.429+0000] {processor.py:161} INFO - Started process (PID=15132) to work on /opt/airflow/dags/transform_silver_gold_dbt_dag.py
[2025-11-13T04:36:42.431+0000] {processor.py:830} INFO - Processing file /opt/airflow/dags/transform_silver_gold_dbt_dag.py for tasks to queue
[2025-11-13T04:36:42.432+0000] {logging_mixin.py:188} INFO - [2025-11-13T04:36:42.431+0000] {dagbag.py:538} INFO - Filling up the DagBag from /opt/airflow/dags/transform_silver_gold_dbt_dag.py
[2025-11-13T04:36:42.456+0000] {processor.py:840} INFO - DAG(s) 'transform_bronze_to_silver_gold' retrieved from /opt/airflow/dags/transform_silver_gold_dbt_dag.py
[2025-11-13T04:36:42.469+0000] {logging_mixin.py:188} INFO - [2025-11-13T04:36:42.469+0000] {dag.py:3036} INFO - Sync 1 DAGs
[2025-11-13T04:36:42.480+0000] {logging_mixin.py:188} INFO - [2025-11-13T04:36:42.480+0000] {dag.py:3823} INFO - Setting next_dagrun for transform_bronze_to_silver_gold to 2025-11-13 00:00:00+00:00, run_after=2025-11-13 06:00:00+00:00
[2025-11-13T04:36:42.496+0000] {processor.py:183} INFO - Processing /opt/airflow/dags/transform_silver_gold_dbt_dag.py took 0.068 seconds
[2025-11-13T04:37:12.711+0000] {processor.py:161} INFO - Started process (PID=15134) to work on /opt/airflow/dags/transform_silver_gold_dbt_dag.py
[2025-11-13T04:37:12.712+0000] {processor.py:830} INFO - Processing file /opt/airflow/dags/transform_silver_gold_dbt_dag.py for tasks to queue
[2025-11-13T04:37:12.713+0000] {logging_mixin.py:188} INFO - [2025-11-13T04:37:12.713+0000] {dagbag.py:538} INFO - Filling up the DagBag from /opt/airflow/dags/transform_silver_gold_dbt_dag.py
[2025-11-13T04:37:12.734+0000] {processor.py:840} INFO - DAG(s) 'transform_bronze_to_silver_gold' retrieved from /opt/airflow/dags/transform_silver_gold_dbt_dag.py
[2025-11-13T04:37:12.749+0000] {logging_mixin.py:188} INFO - [2025-11-13T04:37:12.748+0000] {dag.py:3036} INFO - Sync 1 DAGs
[2025-11-13T04:37:12.760+0000] {logging_mixin.py:188} INFO - [2025-11-13T04:37:12.760+0000] {dag.py:3823} INFO - Setting next_dagrun for transform_bronze_to_silver_gold to 2025-11-13 00:00:00+00:00, run_after=2025-11-13 06:00:00+00:00
[2025-11-13T04:37:12.774+0000] {processor.py:183} INFO - Processing /opt/airflow/dags/transform_silver_gold_dbt_dag.py took 0.065 seconds
[2025-11-13T04:37:43.000+0000] {processor.py:161} INFO - Started process (PID=15136) to work on /opt/airflow/dags/transform_silver_gold_dbt_dag.py
[2025-11-13T04:37:43.001+0000] {processor.py:830} INFO - Processing file /opt/airflow/dags/transform_silver_gold_dbt_dag.py for tasks to queue
[2025-11-13T04:37:43.002+0000] {logging_mixin.py:188} INFO - [2025-11-13T04:37:43.002+0000] {dagbag.py:538} INFO - Filling up the DagBag from /opt/airflow/dags/transform_silver_gold_dbt_dag.py
[2025-11-13T04:37:43.030+0000] {processor.py:840} INFO - DAG(s) 'transform_bronze_to_silver_gold' retrieved from /opt/airflow/dags/transform_silver_gold_dbt_dag.py
[2025-11-13T04:37:43.043+0000] {logging_mixin.py:188} INFO - [2025-11-13T04:37:43.043+0000] {dag.py:3036} INFO - Sync 1 DAGs
[2025-11-13T04:37:43.055+0000] {logging_mixin.py:188} INFO - [2025-11-13T04:37:43.055+0000] {dag.py:3823} INFO - Setting next_dagrun for transform_bronze_to_silver_gold to 2025-11-13 00:00:00+00:00, run_after=2025-11-13 06:00:00+00:00
[2025-11-13T04:37:43.069+0000] {processor.py:183} INFO - Processing /opt/airflow/dags/transform_silver_gold_dbt_dag.py took 0.071 seconds
[2025-11-13T04:38:13.290+0000] {processor.py:161} INFO - Started process (PID=15138) to work on /opt/airflow/dags/transform_silver_gold_dbt_dag.py
[2025-11-13T04:38:13.291+0000] {processor.py:830} INFO - Processing file /opt/airflow/dags/transform_silver_gold_dbt_dag.py for tasks to queue
[2025-11-13T04:38:13.292+0000] {logging_mixin.py:188} INFO - [2025-11-13T04:38:13.292+0000] {dagbag.py:538} INFO - Filling up the DagBag from /opt/airflow/dags/transform_silver_gold_dbt_dag.py
[2025-11-13T04:38:13.320+0000] {processor.py:840} INFO - DAG(s) 'transform_bronze_to_silver_gold' retrieved from /opt/airflow/dags/transform_silver_gold_dbt_dag.py
[2025-11-13T04:38:13.334+0000] {logging_mixin.py:188} INFO - [2025-11-13T04:38:13.334+0000] {dag.py:3036} INFO - Sync 1 DAGs
[2025-11-13T04:38:13.345+0000] {logging_mixin.py:188} INFO - [2025-11-13T04:38:13.345+0000] {dag.py:3823} INFO - Setting next_dagrun for transform_bronze_to_silver_gold to 2025-11-13 00:00:00+00:00, run_after=2025-11-13 06:00:00+00:00
[2025-11-13T04:38:13.360+0000] {processor.py:183} INFO - Processing /opt/airflow/dags/transform_silver_gold_dbt_dag.py took 0.072 seconds
[2025-11-13T04:38:43.585+0000] {processor.py:161} INFO - Started process (PID=15140) to work on /opt/airflow/dags/transform_silver_gold_dbt_dag.py
[2025-11-13T04:38:43.586+0000] {processor.py:830} INFO - Processing file /opt/airflow/dags/transform_silver_gold_dbt_dag.py for tasks to queue
[2025-11-13T04:38:43.587+0000] {logging_mixin.py:188} INFO - [2025-11-13T04:38:43.586+0000] {dagbag.py:538} INFO - Filling up the DagBag from /opt/airflow/dags/transform_silver_gold_dbt_dag.py
[2025-11-13T04:38:43.610+0000] {processor.py:840} INFO - DAG(s) 'transform_bronze_to_silver_gold' retrieved from /opt/airflow/dags/transform_silver_gold_dbt_dag.py
[2025-11-13T04:38:43.623+0000] {logging_mixin.py:188} INFO - [2025-11-13T04:38:43.623+0000] {dag.py:3036} INFO - Sync 1 DAGs
[2025-11-13T04:38:43.634+0000] {logging_mixin.py:188} INFO - [2025-11-13T04:38:43.634+0000] {dag.py:3823} INFO - Setting next_dagrun for transform_bronze_to_silver_gold to 2025-11-13 00:00:00+00:00, run_after=2025-11-13 06:00:00+00:00
[2025-11-13T04:38:43.652+0000] {processor.py:183} INFO - Processing /opt/airflow/dags/transform_silver_gold_dbt_dag.py took 0.069 seconds
[2025-11-13T04:39:13.881+0000] {processor.py:161} INFO - Started process (PID=15142) to work on /opt/airflow/dags/transform_silver_gold_dbt_dag.py
[2025-11-13T04:39:13.882+0000] {processor.py:830} INFO - Processing file /opt/airflow/dags/transform_silver_gold_dbt_dag.py for tasks to queue
[2025-11-13T04:39:13.883+0000] {logging_mixin.py:188} INFO - [2025-11-13T04:39:13.883+0000] {dagbag.py:538} INFO - Filling up the DagBag from /opt/airflow/dags/transform_silver_gold_dbt_dag.py
[2025-11-13T04:39:13.907+0000] {processor.py:840} INFO - DAG(s) 'transform_bronze_to_silver_gold' retrieved from /opt/airflow/dags/transform_silver_gold_dbt_dag.py
[2025-11-13T04:39:13.921+0000] {logging_mixin.py:188} INFO - [2025-11-13T04:39:13.920+0000] {dag.py:3036} INFO - Sync 1 DAGs
[2025-11-13T04:39:13.932+0000] {logging_mixin.py:188} INFO - [2025-11-13T04:39:13.932+0000] {dag.py:3823} INFO - Setting next_dagrun for transform_bronze_to_silver_gold to 2025-11-13 00:00:00+00:00, run_after=2025-11-13 06:00:00+00:00
[2025-11-13T04:39:13.946+0000] {processor.py:183} INFO - Processing /opt/airflow/dags/transform_silver_gold_dbt_dag.py took 0.068 seconds
[2025-11-13T04:39:44.167+0000] {processor.py:161} INFO - Started process (PID=15144) to work on /opt/airflow/dags/transform_silver_gold_dbt_dag.py
[2025-11-13T04:39:44.168+0000] {processor.py:830} INFO - Processing file /opt/airflow/dags/transform_silver_gold_dbt_dag.py for tasks to queue
[2025-11-13T04:39:44.169+0000] {logging_mixin.py:188} INFO - [2025-11-13T04:39:44.168+0000] {dagbag.py:538} INFO - Filling up the DagBag from /opt/airflow/dags/transform_silver_gold_dbt_dag.py
[2025-11-13T04:39:44.192+0000] {processor.py:840} INFO - DAG(s) 'transform_bronze_to_silver_gold' retrieved from /opt/airflow/dags/transform_silver_gold_dbt_dag.py
[2025-11-13T04:39:44.206+0000] {logging_mixin.py:188} INFO - [2025-11-13T04:39:44.205+0000] {dag.py:3036} INFO - Sync 1 DAGs
[2025-11-13T04:39:44.216+0000] {logging_mixin.py:188} INFO - [2025-11-13T04:39:44.216+0000] {dag.py:3823} INFO - Setting next_dagrun for transform_bronze_to_silver_gold to 2025-11-13 00:00:00+00:00, run_after=2025-11-13 06:00:00+00:00
[2025-11-13T04:39:44.232+0000] {processor.py:183} INFO - Processing /opt/airflow/dags/transform_silver_gold_dbt_dag.py took 0.067 seconds
[2025-11-13T04:40:14.457+0000] {processor.py:161} INFO - Started process (PID=15146) to work on /opt/airflow/dags/transform_silver_gold_dbt_dag.py
[2025-11-13T04:40:14.458+0000] {processor.py:830} INFO - Processing file /opt/airflow/dags/transform_silver_gold_dbt_dag.py for tasks to queue
[2025-11-13T04:40:14.459+0000] {logging_mixin.py:188} INFO - [2025-11-13T04:40:14.459+0000] {dagbag.py:538} INFO - Filling up the DagBag from /opt/airflow/dags/transform_silver_gold_dbt_dag.py
[2025-11-13T04:40:14.482+0000] {processor.py:840} INFO - DAG(s) 'transform_bronze_to_silver_gold' retrieved from /opt/airflow/dags/transform_silver_gold_dbt_dag.py
[2025-11-13T04:40:14.496+0000] {logging_mixin.py:188} INFO - [2025-11-13T04:40:14.496+0000] {dag.py:3036} INFO - Sync 1 DAGs
[2025-11-13T04:40:14.507+0000] {logging_mixin.py:188} INFO - [2025-11-13T04:40:14.507+0000] {dag.py:3823} INFO - Setting next_dagrun for transform_bronze_to_silver_gold to 2025-11-13 00:00:00+00:00, run_after=2025-11-13 06:00:00+00:00
[2025-11-13T04:40:14.523+0000] {processor.py:183} INFO - Processing /opt/airflow/dags/transform_silver_gold_dbt_dag.py took 0.068 seconds
[2025-11-13T04:40:44.734+0000] {processor.py:161} INFO - Started process (PID=15148) to work on /opt/airflow/dags/transform_silver_gold_dbt_dag.py
[2025-11-13T04:40:44.735+0000] {processor.py:830} INFO - Processing file /opt/airflow/dags/transform_silver_gold_dbt_dag.py for tasks to queue
[2025-11-13T04:40:44.736+0000] {logging_mixin.py:188} INFO - [2025-11-13T04:40:44.736+0000] {dagbag.py:538} INFO - Filling up the DagBag from /opt/airflow/dags/transform_silver_gold_dbt_dag.py
[2025-11-13T04:40:44.756+0000] {processor.py:840} INFO - DAG(s) 'transform_bronze_to_silver_gold' retrieved from /opt/airflow/dags/transform_silver_gold_dbt_dag.py
[2025-11-13T04:40:44.770+0000] {logging_mixin.py:188} INFO - [2025-11-13T04:40:44.769+0000] {dag.py:3036} INFO - Sync 1 DAGs
[2025-11-13T04:40:44.781+0000] {logging_mixin.py:188} INFO - [2025-11-13T04:40:44.781+0000] {dag.py:3823} INFO - Setting next_dagrun for transform_bronze_to_silver_gold to 2025-11-13 00:00:00+00:00, run_after=2025-11-13 06:00:00+00:00
[2025-11-13T04:40:44.796+0000] {processor.py:183} INFO - Processing /opt/airflow/dags/transform_silver_gold_dbt_dag.py took 0.064 seconds
[2025-11-13T04:41:15.016+0000] {processor.py:161} INFO - Started process (PID=15150) to work on /opt/airflow/dags/transform_silver_gold_dbt_dag.py
[2025-11-13T04:41:15.017+0000] {processor.py:830} INFO - Processing file /opt/airflow/dags/transform_silver_gold_dbt_dag.py for tasks to queue
[2025-11-13T04:41:15.017+0000] {logging_mixin.py:188} INFO - [2025-11-13T04:41:15.017+0000] {dagbag.py:538} INFO - Filling up the DagBag from /opt/airflow/dags/transform_silver_gold_dbt_dag.py
[2025-11-13T04:41:15.040+0000] {processor.py:840} INFO - DAG(s) 'transform_bronze_to_silver_gold' retrieved from /opt/airflow/dags/transform_silver_gold_dbt_dag.py
[2025-11-13T04:41:15.053+0000] {logging_mixin.py:188} INFO - [2025-11-13T04:41:15.053+0000] {dag.py:3036} INFO - Sync 1 DAGs
[2025-11-13T04:41:15.064+0000] {logging_mixin.py:188} INFO - [2025-11-13T04:41:15.064+0000] {dag.py:3823} INFO - Setting next_dagrun for transform_bronze_to_silver_gold to 2025-11-13 00:00:00+00:00, run_after=2025-11-13 06:00:00+00:00
[2025-11-13T04:41:15.080+0000] {processor.py:183} INFO - Processing /opt/airflow/dags/transform_silver_gold_dbt_dag.py took 0.066 seconds
[2025-11-13T04:41:45.312+0000] {processor.py:161} INFO - Started process (PID=15152) to work on /opt/airflow/dags/transform_silver_gold_dbt_dag.py
[2025-11-13T04:41:45.313+0000] {processor.py:830} INFO - Processing file /opt/airflow/dags/transform_silver_gold_dbt_dag.py for tasks to queue
[2025-11-13T04:41:45.314+0000] {logging_mixin.py:188} INFO - [2025-11-13T04:41:45.313+0000] {dagbag.py:538} INFO - Filling up the DagBag from /opt/airflow/dags/transform_silver_gold_dbt_dag.py
[2025-11-13T04:41:45.338+0000] {processor.py:840} INFO - DAG(s) 'transform_bronze_to_silver_gold' retrieved from /opt/airflow/dags/transform_silver_gold_dbt_dag.py
[2025-11-13T04:41:45.351+0000] {logging_mixin.py:188} INFO - [2025-11-13T04:41:45.351+0000] {dag.py:3036} INFO - Sync 1 DAGs
[2025-11-13T04:41:45.362+0000] {logging_mixin.py:188} INFO - [2025-11-13T04:41:45.362+0000] {dag.py:3823} INFO - Setting next_dagrun for transform_bronze_to_silver_gold to 2025-11-13 00:00:00+00:00, run_after=2025-11-13 06:00:00+00:00
[2025-11-13T04:41:45.377+0000] {processor.py:183} INFO - Processing /opt/airflow/dags/transform_silver_gold_dbt_dag.py took 0.068 seconds
[2025-11-13T04:42:15.610+0000] {processor.py:161} INFO - Started process (PID=15154) to work on /opt/airflow/dags/transform_silver_gold_dbt_dag.py
[2025-11-13T04:42:15.611+0000] {processor.py:830} INFO - Processing file /opt/airflow/dags/transform_silver_gold_dbt_dag.py for tasks to queue
[2025-11-13T04:42:15.613+0000] {logging_mixin.py:188} INFO - [2025-11-13T04:42:15.612+0000] {dagbag.py:538} INFO - Filling up the DagBag from /opt/airflow/dags/transform_silver_gold_dbt_dag.py
[2025-11-13T04:42:15.644+0000] {processor.py:840} INFO - DAG(s) 'transform_bronze_to_silver_gold' retrieved from /opt/airflow/dags/transform_silver_gold_dbt_dag.py
[2025-11-13T04:42:15.659+0000] {logging_mixin.py:188} INFO - [2025-11-13T04:42:15.659+0000] {dag.py:3036} INFO - Sync 1 DAGs
[2025-11-13T04:42:15.671+0000] {logging_mixin.py:188} INFO - [2025-11-13T04:42:15.671+0000] {dag.py:3823} INFO - Setting next_dagrun for transform_bronze_to_silver_gold to 2025-11-13 00:00:00+00:00, run_after=2025-11-13 06:00:00+00:00
[2025-11-13T04:42:15.686+0000] {processor.py:183} INFO - Processing /opt/airflow/dags/transform_silver_gold_dbt_dag.py took 0.077 seconds
[2025-11-13T04:42:45.913+0000] {processor.py:161} INFO - Started process (PID=15156) to work on /opt/airflow/dags/transform_silver_gold_dbt_dag.py
[2025-11-13T04:42:45.915+0000] {processor.py:830} INFO - Processing file /opt/airflow/dags/transform_silver_gold_dbt_dag.py for tasks to queue
[2025-11-13T04:42:45.916+0000] {logging_mixin.py:188} INFO - [2025-11-13T04:42:45.916+0000] {dagbag.py:538} INFO - Filling up the DagBag from /opt/airflow/dags/transform_silver_gold_dbt_dag.py
[2025-11-13T04:42:45.939+0000] {processor.py:840} INFO - DAG(s) 'transform_bronze_to_silver_gold' retrieved from /opt/airflow/dags/transform_silver_gold_dbt_dag.py
[2025-11-13T04:42:45.953+0000] {logging_mixin.py:188} INFO - [2025-11-13T04:42:45.953+0000] {dag.py:3036} INFO - Sync 1 DAGs
[2025-11-13T04:42:45.964+0000] {logging_mixin.py:188} INFO - [2025-11-13T04:42:45.963+0000] {dag.py:3823} INFO - Setting next_dagrun for transform_bronze_to_silver_gold to 2025-11-13 00:00:00+00:00, run_after=2025-11-13 06:00:00+00:00
[2025-11-13T04:42:45.980+0000] {processor.py:183} INFO - Processing /opt/airflow/dags/transform_silver_gold_dbt_dag.py took 0.069 seconds
[2025-11-13T04:43:16.199+0000] {processor.py:161} INFO - Started process (PID=15158) to work on /opt/airflow/dags/transform_silver_gold_dbt_dag.py
[2025-11-13T04:43:16.201+0000] {processor.py:830} INFO - Processing file /opt/airflow/dags/transform_silver_gold_dbt_dag.py for tasks to queue
[2025-11-13T04:43:16.202+0000] {logging_mixin.py:188} INFO - [2025-11-13T04:43:16.202+0000] {dagbag.py:538} INFO - Filling up the DagBag from /opt/airflow/dags/transform_silver_gold_dbt_dag.py
[2025-11-13T04:43:16.224+0000] {processor.py:840} INFO - DAG(s) 'transform_bronze_to_silver_gold' retrieved from /opt/airflow/dags/transform_silver_gold_dbt_dag.py
[2025-11-13T04:43:16.237+0000] {logging_mixin.py:188} INFO - [2025-11-13T04:43:16.237+0000] {dag.py:3036} INFO - Sync 1 DAGs
[2025-11-13T04:43:16.248+0000] {logging_mixin.py:188} INFO - [2025-11-13T04:43:16.248+0000] {dag.py:3823} INFO - Setting next_dagrun for transform_bronze_to_silver_gold to 2025-11-13 00:00:00+00:00, run_after=2025-11-13 06:00:00+00:00
[2025-11-13T04:43:16.264+0000] {processor.py:183} INFO - Processing /opt/airflow/dags/transform_silver_gold_dbt_dag.py took 0.067 seconds
[2025-11-13T04:43:46.492+0000] {processor.py:161} INFO - Started process (PID=15160) to work on /opt/airflow/dags/transform_silver_gold_dbt_dag.py
[2025-11-13T04:43:46.493+0000] {processor.py:830} INFO - Processing file /opt/airflow/dags/transform_silver_gold_dbt_dag.py for tasks to queue
[2025-11-13T04:43:46.494+0000] {logging_mixin.py:188} INFO - [2025-11-13T04:43:46.494+0000] {dagbag.py:538} INFO - Filling up the DagBag from /opt/airflow/dags/transform_silver_gold_dbt_dag.py
[2025-11-13T04:43:46.511+0000] {processor.py:840} INFO - DAG(s) 'transform_bronze_to_silver_gold' retrieved from /opt/airflow/dags/transform_silver_gold_dbt_dag.py
[2025-11-13T04:43:46.524+0000] {logging_mixin.py:188} INFO - [2025-11-13T04:43:46.524+0000] {dag.py:3036} INFO - Sync 1 DAGs
[2025-11-13T04:43:46.535+0000] {logging_mixin.py:188} INFO - [2025-11-13T04:43:46.535+0000] {dag.py:3823} INFO - Setting next_dagrun for transform_bronze_to_silver_gold to 2025-11-13 00:00:00+00:00, run_after=2025-11-13 06:00:00+00:00
[2025-11-13T04:43:46.552+0000] {processor.py:183} INFO - Processing /opt/airflow/dags/transform_silver_gold_dbt_dag.py took 0.062 seconds
[2025-11-13T04:44:16.787+0000] {processor.py:161} INFO - Started process (PID=15162) to work on /opt/airflow/dags/transform_silver_gold_dbt_dag.py
[2025-11-13T04:44:16.788+0000] {processor.py:830} INFO - Processing file /opt/airflow/dags/transform_silver_gold_dbt_dag.py for tasks to queue
[2025-11-13T04:44:16.789+0000] {logging_mixin.py:188} INFO - [2025-11-13T04:44:16.789+0000] {dagbag.py:538} INFO - Filling up the DagBag from /opt/airflow/dags/transform_silver_gold_dbt_dag.py
[2025-11-13T04:44:16.812+0000] {processor.py:840} INFO - DAG(s) 'transform_bronze_to_silver_gold' retrieved from /opt/airflow/dags/transform_silver_gold_dbt_dag.py
[2025-11-13T04:44:16.825+0000] {logging_mixin.py:188} INFO - [2025-11-13T04:44:16.825+0000] {dag.py:3036} INFO - Sync 1 DAGs
[2025-11-13T04:44:16.836+0000] {logging_mixin.py:188} INFO - [2025-11-13T04:44:16.836+0000] {dag.py:3823} INFO - Setting next_dagrun for transform_bronze_to_silver_gold to 2025-11-13 00:00:00+00:00, run_after=2025-11-13 06:00:00+00:00
[2025-11-13T04:44:16.851+0000] {processor.py:183} INFO - Processing /opt/airflow/dags/transform_silver_gold_dbt_dag.py took 0.065 seconds
[2025-11-13T04:44:47.090+0000] {processor.py:161} INFO - Started process (PID=15164) to work on /opt/airflow/dags/transform_silver_gold_dbt_dag.py
[2025-11-13T04:44:47.091+0000] {processor.py:830} INFO - Processing file /opt/airflow/dags/transform_silver_gold_dbt_dag.py for tasks to queue
[2025-11-13T04:44:47.092+0000] {logging_mixin.py:188} INFO - [2025-11-13T04:44:47.092+0000] {dagbag.py:538} INFO - Filling up the DagBag from /opt/airflow/dags/transform_silver_gold_dbt_dag.py
[2025-11-13T04:44:47.116+0000] {processor.py:840} INFO - DAG(s) 'transform_bronze_to_silver_gold' retrieved from /opt/airflow/dags/transform_silver_gold_dbt_dag.py
[2025-11-13T04:44:47.129+0000] {logging_mixin.py:188} INFO - [2025-11-13T04:44:47.128+0000] {dag.py:3036} INFO - Sync 1 DAGs
[2025-11-13T04:44:47.139+0000] {logging_mixin.py:188} INFO - [2025-11-13T04:44:47.139+0000] {dag.py:3823} INFO - Setting next_dagrun for transform_bronze_to_silver_gold to 2025-11-13 00:00:00+00:00, run_after=2025-11-13 06:00:00+00:00
[2025-11-13T04:44:47.154+0000] {processor.py:183} INFO - Processing /opt/airflow/dags/transform_silver_gold_dbt_dag.py took 0.066 seconds
[2025-11-13T04:45:17.383+0000] {processor.py:161} INFO - Started process (PID=15166) to work on /opt/airflow/dags/transform_silver_gold_dbt_dag.py
[2025-11-13T04:45:17.384+0000] {processor.py:830} INFO - Processing file /opt/airflow/dags/transform_silver_gold_dbt_dag.py for tasks to queue
[2025-11-13T04:45:17.384+0000] {logging_mixin.py:188} INFO - [2025-11-13T04:45:17.384+0000] {dagbag.py:538} INFO - Filling up the DagBag from /opt/airflow/dags/transform_silver_gold_dbt_dag.py
[2025-11-13T04:45:17.402+0000] {processor.py:840} INFO - DAG(s) 'transform_bronze_to_silver_gold' retrieved from /opt/airflow/dags/transform_silver_gold_dbt_dag.py
[2025-11-13T04:45:17.414+0000] {logging_mixin.py:188} INFO - [2025-11-13T04:45:17.414+0000] {dag.py:3036} INFO - Sync 1 DAGs
[2025-11-13T04:45:17.425+0000] {logging_mixin.py:188} INFO - [2025-11-13T04:45:17.425+0000] {dag.py:3823} INFO - Setting next_dagrun for transform_bronze_to_silver_gold to 2025-11-13 00:00:00+00:00, run_after=2025-11-13 06:00:00+00:00
[2025-11-13T04:45:17.441+0000] {processor.py:183} INFO - Processing /opt/airflow/dags/transform_silver_gold_dbt_dag.py took 0.059 seconds
[2025-11-13T04:45:47.669+0000] {processor.py:161} INFO - Started process (PID=15168) to work on /opt/airflow/dags/transform_silver_gold_dbt_dag.py
[2025-11-13T04:45:47.671+0000] {processor.py:830} INFO - Processing file /opt/airflow/dags/transform_silver_gold_dbt_dag.py for tasks to queue
[2025-11-13T04:45:47.672+0000] {logging_mixin.py:188} INFO - [2025-11-13T04:45:47.671+0000] {dagbag.py:538} INFO - Filling up the DagBag from /opt/airflow/dags/transform_silver_gold_dbt_dag.py
[2025-11-13T04:45:47.692+0000] {processor.py:840} INFO - DAG(s) 'transform_bronze_to_silver_gold' retrieved from /opt/airflow/dags/transform_silver_gold_dbt_dag.py
[2025-11-13T04:45:47.706+0000] {logging_mixin.py:188} INFO - [2025-11-13T04:45:47.706+0000] {dag.py:3036} INFO - Sync 1 DAGs
[2025-11-13T04:45:47.717+0000] {logging_mixin.py:188} INFO - [2025-11-13T04:45:47.717+0000] {dag.py:3823} INFO - Setting next_dagrun for transform_bronze_to_silver_gold to 2025-11-13 00:00:00+00:00, run_after=2025-11-13 06:00:00+00:00
[2025-11-13T04:45:47.733+0000] {processor.py:183} INFO - Processing /opt/airflow/dags/transform_silver_gold_dbt_dag.py took 0.065 seconds
[2025-11-13T04:46:17.952+0000] {processor.py:161} INFO - Started process (PID=15170) to work on /opt/airflow/dags/transform_silver_gold_dbt_dag.py
[2025-11-13T04:46:17.953+0000] {processor.py:830} INFO - Processing file /opt/airflow/dags/transform_silver_gold_dbt_dag.py for tasks to queue
[2025-11-13T04:46:17.954+0000] {logging_mixin.py:188} INFO - [2025-11-13T04:46:17.954+0000] {dagbag.py:538} INFO - Filling up the DagBag from /opt/airflow/dags/transform_silver_gold_dbt_dag.py
[2025-11-13T04:46:17.974+0000] {processor.py:840} INFO - DAG(s) 'transform_bronze_to_silver_gold' retrieved from /opt/airflow/dags/transform_silver_gold_dbt_dag.py
[2025-11-13T04:46:17.988+0000] {logging_mixin.py:188} INFO - [2025-11-13T04:46:17.988+0000] {dag.py:3036} INFO - Sync 1 DAGs
[2025-11-13T04:46:17.999+0000] {logging_mixin.py:188} INFO - [2025-11-13T04:46:17.999+0000] {dag.py:3823} INFO - Setting next_dagrun for transform_bronze_to_silver_gold to 2025-11-13 00:00:00+00:00, run_after=2025-11-13 06:00:00+00:00
[2025-11-13T04:46:18.015+0000] {processor.py:183} INFO - Processing /opt/airflow/dags/transform_silver_gold_dbt_dag.py took 0.064 seconds
[2025-11-13T04:46:48.253+0000] {processor.py:161} INFO - Started process (PID=15172) to work on /opt/airflow/dags/transform_silver_gold_dbt_dag.py
[2025-11-13T04:46:48.254+0000] {processor.py:830} INFO - Processing file /opt/airflow/dags/transform_silver_gold_dbt_dag.py for tasks to queue
[2025-11-13T04:46:48.255+0000] {logging_mixin.py:188} INFO - [2025-11-13T04:46:48.254+0000] {dagbag.py:538} INFO - Filling up the DagBag from /opt/airflow/dags/transform_silver_gold_dbt_dag.py
[2025-11-13T04:46:48.277+0000] {processor.py:840} INFO - DAG(s) 'transform_bronze_to_silver_gold' retrieved from /opt/airflow/dags/transform_silver_gold_dbt_dag.py
[2025-11-13T04:46:48.290+0000] {logging_mixin.py:188} INFO - [2025-11-13T04:46:48.290+0000] {dag.py:3036} INFO - Sync 1 DAGs
[2025-11-13T04:46:48.302+0000] {logging_mixin.py:188} INFO - [2025-11-13T04:46:48.302+0000] {dag.py:3823} INFO - Setting next_dagrun for transform_bronze_to_silver_gold to 2025-11-13 00:00:00+00:00, run_after=2025-11-13 06:00:00+00:00
[2025-11-13T04:46:48.314+0000] {processor.py:183} INFO - Processing /opt/airflow/dags/transform_silver_gold_dbt_dag.py took 0.063 seconds
[2025-11-13T04:47:18.546+0000] {processor.py:161} INFO - Started process (PID=15174) to work on /opt/airflow/dags/transform_silver_gold_dbt_dag.py
[2025-11-13T04:47:18.547+0000] {processor.py:830} INFO - Processing file /opt/airflow/dags/transform_silver_gold_dbt_dag.py for tasks to queue
[2025-11-13T04:47:18.548+0000] {logging_mixin.py:188} INFO - [2025-11-13T04:47:18.548+0000] {dagbag.py:538} INFO - Filling up the DagBag from /opt/airflow/dags/transform_silver_gold_dbt_dag.py
[2025-11-13T04:47:18.574+0000] {processor.py:840} INFO - DAG(s) 'transform_bronze_to_silver_gold' retrieved from /opt/airflow/dags/transform_silver_gold_dbt_dag.py
[2025-11-13T04:47:18.586+0000] {logging_mixin.py:188} INFO - [2025-11-13T04:47:18.586+0000] {dag.py:3036} INFO - Sync 1 DAGs
[2025-11-13T04:47:18.596+0000] {logging_mixin.py:188} INFO - [2025-11-13T04:47:18.596+0000] {dag.py:3823} INFO - Setting next_dagrun for transform_bronze_to_silver_gold to 2025-11-13 00:00:00+00:00, run_after=2025-11-13 06:00:00+00:00
[2025-11-13T04:47:18.614+0000] {processor.py:183} INFO - Processing /opt/airflow/dags/transform_silver_gold_dbt_dag.py took 0.070 seconds
[2025-11-13T04:47:48.832+0000] {processor.py:161} INFO - Started process (PID=15176) to work on /opt/airflow/dags/transform_silver_gold_dbt_dag.py
[2025-11-13T04:47:48.833+0000] {processor.py:830} INFO - Processing file /opt/airflow/dags/transform_silver_gold_dbt_dag.py for tasks to queue
[2025-11-13T04:47:48.834+0000] {logging_mixin.py:188} INFO - [2025-11-13T04:47:48.834+0000] {dagbag.py:538} INFO - Filling up the DagBag from /opt/airflow/dags/transform_silver_gold_dbt_dag.py
[2025-11-13T04:47:48.858+0000] {processor.py:840} INFO - DAG(s) 'transform_bronze_to_silver_gold' retrieved from /opt/airflow/dags/transform_silver_gold_dbt_dag.py
[2025-11-13T04:47:48.870+0000] {logging_mixin.py:188} INFO - [2025-11-13T04:47:48.870+0000] {dag.py:3036} INFO - Sync 1 DAGs
[2025-11-13T04:47:48.882+0000] {logging_mixin.py:188} INFO - [2025-11-13T04:47:48.882+0000] {dag.py:3823} INFO - Setting next_dagrun for transform_bronze_to_silver_gold to 2025-11-13 00:00:00+00:00, run_after=2025-11-13 06:00:00+00:00
[2025-11-13T04:47:48.899+0000] {processor.py:183} INFO - Processing /opt/airflow/dags/transform_silver_gold_dbt_dag.py took 0.069 seconds
[2025-11-13T04:48:19.129+0000] {processor.py:161} INFO - Started process (PID=15178) to work on /opt/airflow/dags/transform_silver_gold_dbt_dag.py
[2025-11-13T04:48:19.130+0000] {processor.py:830} INFO - Processing file /opt/airflow/dags/transform_silver_gold_dbt_dag.py for tasks to queue
[2025-11-13T04:48:19.131+0000] {logging_mixin.py:188} INFO - [2025-11-13T04:48:19.131+0000] {dagbag.py:538} INFO - Filling up the DagBag from /opt/airflow/dags/transform_silver_gold_dbt_dag.py
[2025-11-13T04:48:19.154+0000] {processor.py:840} INFO - DAG(s) 'transform_bronze_to_silver_gold' retrieved from /opt/airflow/dags/transform_silver_gold_dbt_dag.py
[2025-11-13T04:48:19.167+0000] {logging_mixin.py:188} INFO - [2025-11-13T04:48:19.167+0000] {dag.py:3036} INFO - Sync 1 DAGs
[2025-11-13T04:48:19.179+0000] {logging_mixin.py:188} INFO - [2025-11-13T04:48:19.179+0000] {dag.py:3823} INFO - Setting next_dagrun for transform_bronze_to_silver_gold to 2025-11-13 00:00:00+00:00, run_after=2025-11-13 06:00:00+00:00
[2025-11-13T04:48:19.193+0000] {processor.py:183} INFO - Processing /opt/airflow/dags/transform_silver_gold_dbt_dag.py took 0.065 seconds
[2025-11-13T04:48:49.432+0000] {processor.py:161} INFO - Started process (PID=15180) to work on /opt/airflow/dags/transform_silver_gold_dbt_dag.py
[2025-11-13T04:48:49.433+0000] {processor.py:830} INFO - Processing file /opt/airflow/dags/transform_silver_gold_dbt_dag.py for tasks to queue
[2025-11-13T04:48:49.435+0000] {logging_mixin.py:188} INFO - [2025-11-13T04:48:49.434+0000] {dagbag.py:538} INFO - Filling up the DagBag from /opt/airflow/dags/transform_silver_gold_dbt_dag.py
[2025-11-13T04:48:49.462+0000] {processor.py:840} INFO - DAG(s) 'transform_bronze_to_silver_gold' retrieved from /opt/airflow/dags/transform_silver_gold_dbt_dag.py
[2025-11-13T04:48:49.477+0000] {logging_mixin.py:188} INFO - [2025-11-13T04:48:49.477+0000] {dag.py:3036} INFO - Sync 1 DAGs
[2025-11-13T04:48:49.488+0000] {logging_mixin.py:188} INFO - [2025-11-13T04:48:49.488+0000] {dag.py:3823} INFO - Setting next_dagrun for transform_bronze_to_silver_gold to 2025-11-13 00:00:00+00:00, run_after=2025-11-13 06:00:00+00:00
[2025-11-13T04:48:49.504+0000] {processor.py:183} INFO - Processing /opt/airflow/dags/transform_silver_gold_dbt_dag.py took 0.074 seconds
[2025-11-13T04:49:19.715+0000] {processor.py:161} INFO - Started process (PID=15182) to work on /opt/airflow/dags/transform_silver_gold_dbt_dag.py
[2025-11-13T04:49:19.716+0000] {processor.py:830} INFO - Processing file /opt/airflow/dags/transform_silver_gold_dbt_dag.py for tasks to queue
[2025-11-13T04:49:19.717+0000] {logging_mixin.py:188} INFO - [2025-11-13T04:49:19.717+0000] {dagbag.py:538} INFO - Filling up the DagBag from /opt/airflow/dags/transform_silver_gold_dbt_dag.py
[2025-11-13T04:49:19.736+0000] {processor.py:840} INFO - DAG(s) 'transform_bronze_to_silver_gold' retrieved from /opt/airflow/dags/transform_silver_gold_dbt_dag.py
[2025-11-13T04:49:19.750+0000] {logging_mixin.py:188} INFO - [2025-11-13T04:49:19.749+0000] {dag.py:3036} INFO - Sync 1 DAGs
[2025-11-13T04:49:19.761+0000] {logging_mixin.py:188} INFO - [2025-11-13T04:49:19.761+0000] {dag.py:3823} INFO - Setting next_dagrun for transform_bronze_to_silver_gold to 2025-11-13 00:00:00+00:00, run_after=2025-11-13 06:00:00+00:00
[2025-11-13T04:49:19.777+0000] {processor.py:183} INFO - Processing /opt/airflow/dags/transform_silver_gold_dbt_dag.py took 0.064 seconds
[2025-11-13T04:49:49.988+0000] {processor.py:161} INFO - Started process (PID=15184) to work on /opt/airflow/dags/transform_silver_gold_dbt_dag.py
[2025-11-13T04:49:49.989+0000] {processor.py:830} INFO - Processing file /opt/airflow/dags/transform_silver_gold_dbt_dag.py for tasks to queue
[2025-11-13T04:49:49.989+0000] {logging_mixin.py:188} INFO - [2025-11-13T04:49:49.989+0000] {dagbag.py:538} INFO - Filling up the DagBag from /opt/airflow/dags/transform_silver_gold_dbt_dag.py
[2025-11-13T04:49:50.004+0000] {processor.py:840} INFO - DAG(s) 'transform_bronze_to_silver_gold' retrieved from /opt/airflow/dags/transform_silver_gold_dbt_dag.py
[2025-11-13T04:49:50.019+0000] {logging_mixin.py:188} INFO - [2025-11-13T04:49:50.019+0000] {dag.py:3036} INFO - Sync 1 DAGs
[2025-11-13T04:49:50.030+0000] {logging_mixin.py:188} INFO - [2025-11-13T04:49:50.030+0000] {dag.py:3823} INFO - Setting next_dagrun for transform_bronze_to_silver_gold to 2025-11-13 00:00:00+00:00, run_after=2025-11-13 06:00:00+00:00
[2025-11-13T04:49:50.043+0000] {processor.py:183} INFO - Processing /opt/airflow/dags/transform_silver_gold_dbt_dag.py took 0.057 seconds
[2025-11-13T04:50:20.290+0000] {processor.py:161} INFO - Started process (PID=15186) to work on /opt/airflow/dags/transform_silver_gold_dbt_dag.py
[2025-11-13T04:50:20.291+0000] {processor.py:830} INFO - Processing file /opt/airflow/dags/transform_silver_gold_dbt_dag.py for tasks to queue
[2025-11-13T04:50:20.292+0000] {logging_mixin.py:188} INFO - [2025-11-13T04:50:20.292+0000] {dagbag.py:538} INFO - Filling up the DagBag from /opt/airflow/dags/transform_silver_gold_dbt_dag.py
[2025-11-13T04:50:20.312+0000] {processor.py:840} INFO - DAG(s) 'transform_bronze_to_silver_gold' retrieved from /opt/airflow/dags/transform_silver_gold_dbt_dag.py
[2025-11-13T04:50:20.324+0000] {logging_mixin.py:188} INFO - [2025-11-13T04:50:20.324+0000] {dag.py:3036} INFO - Sync 1 DAGs
[2025-11-13T04:50:20.336+0000] {logging_mixin.py:188} INFO - [2025-11-13T04:50:20.336+0000] {dag.py:3823} INFO - Setting next_dagrun for transform_bronze_to_silver_gold to 2025-11-13 00:00:00+00:00, run_after=2025-11-13 06:00:00+00:00
[2025-11-13T04:50:20.351+0000] {processor.py:183} INFO - Processing /opt/airflow/dags/transform_silver_gold_dbt_dag.py took 0.064 seconds
[2025-11-13T04:50:50.593+0000] {processor.py:161} INFO - Started process (PID=15188) to work on /opt/airflow/dags/transform_silver_gold_dbt_dag.py
[2025-11-13T04:50:50.594+0000] {processor.py:830} INFO - Processing file /opt/airflow/dags/transform_silver_gold_dbt_dag.py for tasks to queue
[2025-11-13T04:50:50.596+0000] {logging_mixin.py:188} INFO - [2025-11-13T04:50:50.595+0000] {dagbag.py:538} INFO - Filling up the DagBag from /opt/airflow/dags/transform_silver_gold_dbt_dag.py
[2025-11-13T04:50:50.619+0000] {processor.py:840} INFO - DAG(s) 'transform_bronze_to_silver_gold' retrieved from /opt/airflow/dags/transform_silver_gold_dbt_dag.py
[2025-11-13T04:50:50.632+0000] {logging_mixin.py:188} INFO - [2025-11-13T04:50:50.632+0000] {dag.py:3036} INFO - Sync 1 DAGs
[2025-11-13T04:50:50.643+0000] {logging_mixin.py:188} INFO - [2025-11-13T04:50:50.643+0000] {dag.py:3823} INFO - Setting next_dagrun for transform_bronze_to_silver_gold to 2025-11-13 00:00:00+00:00, run_after=2025-11-13 06:00:00+00:00
[2025-11-13T04:50:50.661+0000] {processor.py:183} INFO - Processing /opt/airflow/dags/transform_silver_gold_dbt_dag.py took 0.070 seconds
[2025-11-13T04:51:20.881+0000] {processor.py:161} INFO - Started process (PID=15190) to work on /opt/airflow/dags/transform_silver_gold_dbt_dag.py
[2025-11-13T04:51:20.882+0000] {processor.py:830} INFO - Processing file /opt/airflow/dags/transform_silver_gold_dbt_dag.py for tasks to queue
[2025-11-13T04:51:20.883+0000] {logging_mixin.py:188} INFO - [2025-11-13T04:51:20.883+0000] {dagbag.py:538} INFO - Filling up the DagBag from /opt/airflow/dags/transform_silver_gold_dbt_dag.py
[2025-11-13T04:51:20.905+0000] {processor.py:840} INFO - DAG(s) 'transform_bronze_to_silver_gold' retrieved from /opt/airflow/dags/transform_silver_gold_dbt_dag.py
[2025-11-13T04:51:20.917+0000] {logging_mixin.py:188} INFO - [2025-11-13T04:51:20.917+0000] {dag.py:3036} INFO - Sync 1 DAGs
[2025-11-13T04:51:20.927+0000] {logging_mixin.py:188} INFO - [2025-11-13T04:51:20.927+0000] {dag.py:3823} INFO - Setting next_dagrun for transform_bronze_to_silver_gold to 2025-11-13 00:00:00+00:00, run_after=2025-11-13 06:00:00+00:00
[2025-11-13T04:51:20.942+0000] {processor.py:183} INFO - Processing /opt/airflow/dags/transform_silver_gold_dbt_dag.py took 0.063 seconds
[2025-11-13T04:51:51.168+0000] {processor.py:161} INFO - Started process (PID=15192) to work on /opt/airflow/dags/transform_silver_gold_dbt_dag.py
[2025-11-13T04:51:51.168+0000] {processor.py:830} INFO - Processing file /opt/airflow/dags/transform_silver_gold_dbt_dag.py for tasks to queue
[2025-11-13T04:51:51.169+0000] {logging_mixin.py:188} INFO - [2025-11-13T04:51:51.169+0000] {dagbag.py:538} INFO - Filling up the DagBag from /opt/airflow/dags/transform_silver_gold_dbt_dag.py
[2025-11-13T04:51:51.187+0000] {processor.py:840} INFO - DAG(s) 'transform_bronze_to_silver_gold' retrieved from /opt/airflow/dags/transform_silver_gold_dbt_dag.py
[2025-11-13T04:51:51.198+0000] {logging_mixin.py:188} INFO - [2025-11-13T04:51:51.198+0000] {dag.py:3036} INFO - Sync 1 DAGs
[2025-11-13T04:51:51.208+0000] {logging_mixin.py:188} INFO - [2025-11-13T04:51:51.208+0000] {dag.py:3823} INFO - Setting next_dagrun for transform_bronze_to_silver_gold to 2025-11-13 00:00:00+00:00, run_after=2025-11-13 06:00:00+00:00
[2025-11-13T04:51:51.223+0000] {processor.py:183} INFO - Processing /opt/airflow/dags/transform_silver_gold_dbt_dag.py took 0.058 seconds
[2025-11-13T04:52:21.442+0000] {processor.py:161} INFO - Started process (PID=15194) to work on /opt/airflow/dags/transform_silver_gold_dbt_dag.py
[2025-11-13T04:52:21.444+0000] {processor.py:830} INFO - Processing file /opt/airflow/dags/transform_silver_gold_dbt_dag.py for tasks to queue
[2025-11-13T04:52:21.445+0000] {logging_mixin.py:188} INFO - [2025-11-13T04:52:21.444+0000] {dagbag.py:538} INFO - Filling up the DagBag from /opt/airflow/dags/transform_silver_gold_dbt_dag.py
[2025-11-13T04:52:21.463+0000] {processor.py:840} INFO - DAG(s) 'transform_bronze_to_silver_gold' retrieved from /opt/airflow/dags/transform_silver_gold_dbt_dag.py
[2025-11-13T04:52:21.476+0000] {logging_mixin.py:188} INFO - [2025-11-13T04:52:21.476+0000] {dag.py:3036} INFO - Sync 1 DAGs
[2025-11-13T04:52:21.488+0000] {logging_mixin.py:188} INFO - [2025-11-13T04:52:21.488+0000] {dag.py:3823} INFO - Setting next_dagrun for transform_bronze_to_silver_gold to 2025-11-13 00:00:00+00:00, run_after=2025-11-13 06:00:00+00:00
[2025-11-13T04:52:21.504+0000] {processor.py:183} INFO - Processing /opt/airflow/dags/transform_silver_gold_dbt_dag.py took 0.064 seconds
[2025-11-13T04:52:51.735+0000] {processor.py:161} INFO - Started process (PID=15196) to work on /opt/airflow/dags/transform_silver_gold_dbt_dag.py
[2025-11-13T04:52:51.736+0000] {processor.py:830} INFO - Processing file /opt/airflow/dags/transform_silver_gold_dbt_dag.py for tasks to queue
[2025-11-13T04:52:51.737+0000] {logging_mixin.py:188} INFO - [2025-11-13T04:52:51.737+0000] {dagbag.py:538} INFO - Filling up the DagBag from /opt/airflow/dags/transform_silver_gold_dbt_dag.py
[2025-11-13T04:52:51.760+0000] {processor.py:840} INFO - DAG(s) 'transform_bronze_to_silver_gold' retrieved from /opt/airflow/dags/transform_silver_gold_dbt_dag.py
[2025-11-13T04:52:51.772+0000] {logging_mixin.py:188} INFO - [2025-11-13T04:52:51.772+0000] {dag.py:3036} INFO - Sync 1 DAGs
[2025-11-13T04:52:51.784+0000] {logging_mixin.py:188} INFO - [2025-11-13T04:52:51.784+0000] {dag.py:3823} INFO - Setting next_dagrun for transform_bronze_to_silver_gold to 2025-11-13 00:00:00+00:00, run_after=2025-11-13 06:00:00+00:00
[2025-11-13T04:52:51.801+0000] {processor.py:183} INFO - Processing /opt/airflow/dags/transform_silver_gold_dbt_dag.py took 0.068 seconds
[2025-11-13T04:53:22.023+0000] {processor.py:161} INFO - Started process (PID=15198) to work on /opt/airflow/dags/transform_silver_gold_dbt_dag.py
[2025-11-13T04:53:22.025+0000] {processor.py:830} INFO - Processing file /opt/airflow/dags/transform_silver_gold_dbt_dag.py for tasks to queue
[2025-11-13T04:53:22.026+0000] {logging_mixin.py:188} INFO - [2025-11-13T04:53:22.025+0000] {dagbag.py:538} INFO - Filling up the DagBag from /opt/airflow/dags/transform_silver_gold_dbt_dag.py
[2025-11-13T04:53:22.049+0000] {processor.py:840} INFO - DAG(s) 'transform_bronze_to_silver_gold' retrieved from /opt/airflow/dags/transform_silver_gold_dbt_dag.py
[2025-11-13T04:53:22.063+0000] {logging_mixin.py:188} INFO - [2025-11-13T04:53:22.062+0000] {dag.py:3036} INFO - Sync 1 DAGs
[2025-11-13T04:53:22.074+0000] {logging_mixin.py:188} INFO - [2025-11-13T04:53:22.074+0000] {dag.py:3823} INFO - Setting next_dagrun for transform_bronze_to_silver_gold to 2025-11-13 00:00:00+00:00, run_after=2025-11-13 06:00:00+00:00
[2025-11-13T04:53:22.090+0000] {processor.py:183} INFO - Processing /opt/airflow/dags/transform_silver_gold_dbt_dag.py took 0.068 seconds
[2025-11-13T04:53:52.303+0000] {processor.py:161} INFO - Started process (PID=15200) to work on /opt/airflow/dags/transform_silver_gold_dbt_dag.py
[2025-11-13T04:53:52.304+0000] {processor.py:830} INFO - Processing file /opt/airflow/dags/transform_silver_gold_dbt_dag.py for tasks to queue
[2025-11-13T04:53:52.305+0000] {logging_mixin.py:188} INFO - [2025-11-13T04:53:52.305+0000] {dagbag.py:538} INFO - Filling up the DagBag from /opt/airflow/dags/transform_silver_gold_dbt_dag.py
[2025-11-13T04:53:52.327+0000] {processor.py:840} INFO - DAG(s) 'transform_bronze_to_silver_gold' retrieved from /opt/airflow/dags/transform_silver_gold_dbt_dag.py
[2025-11-13T04:53:52.341+0000] {logging_mixin.py:188} INFO - [2025-11-13T04:53:52.340+0000] {dag.py:3036} INFO - Sync 1 DAGs
[2025-11-13T04:53:52.353+0000] {logging_mixin.py:188} INFO - [2025-11-13T04:53:52.353+0000] {dag.py:3823} INFO - Setting next_dagrun for transform_bronze_to_silver_gold to 2025-11-13 00:00:00+00:00, run_after=2025-11-13 06:00:00+00:00
[2025-11-13T04:53:52.367+0000] {processor.py:183} INFO - Processing /opt/airflow/dags/transform_silver_gold_dbt_dag.py took 0.066 seconds
[2025-11-13T04:54:22.600+0000] {processor.py:161} INFO - Started process (PID=15202) to work on /opt/airflow/dags/transform_silver_gold_dbt_dag.py
[2025-11-13T04:54:22.601+0000] {processor.py:830} INFO - Processing file /opt/airflow/dags/transform_silver_gold_dbt_dag.py for tasks to queue
[2025-11-13T04:54:22.602+0000] {logging_mixin.py:188} INFO - [2025-11-13T04:54:22.602+0000] {dagbag.py:538} INFO - Filling up the DagBag from /opt/airflow/dags/transform_silver_gold_dbt_dag.py
[2025-11-13T04:54:22.630+0000] {processor.py:840} INFO - DAG(s) 'transform_bronze_to_silver_gold' retrieved from /opt/airflow/dags/transform_silver_gold_dbt_dag.py
[2025-11-13T04:54:22.644+0000] {logging_mixin.py:188} INFO - [2025-11-13T04:54:22.643+0000] {dag.py:3036} INFO - Sync 1 DAGs
[2025-11-13T04:54:22.655+0000] {logging_mixin.py:188} INFO - [2025-11-13T04:54:22.655+0000] {dag.py:3823} INFO - Setting next_dagrun for transform_bronze_to_silver_gold to 2025-11-13 00:00:00+00:00, run_after=2025-11-13 06:00:00+00:00
[2025-11-13T04:54:22.669+0000] {processor.py:183} INFO - Processing /opt/airflow/dags/transform_silver_gold_dbt_dag.py took 0.071 seconds
[2025-11-13T04:54:52.884+0000] {processor.py:161} INFO - Started process (PID=15205) to work on /opt/airflow/dags/transform_silver_gold_dbt_dag.py
[2025-11-13T04:54:52.885+0000] {processor.py:830} INFO - Processing file /opt/airflow/dags/transform_silver_gold_dbt_dag.py for tasks to queue
[2025-11-13T04:54:52.886+0000] {logging_mixin.py:188} INFO - [2025-11-13T04:54:52.886+0000] {dagbag.py:538} INFO - Filling up the DagBag from /opt/airflow/dags/transform_silver_gold_dbt_dag.py
[2025-11-13T04:54:52.910+0000] {processor.py:840} INFO - DAG(s) 'transform_bronze_to_silver_gold' retrieved from /opt/airflow/dags/transform_silver_gold_dbt_dag.py
[2025-11-13T04:54:52.927+0000] {logging_mixin.py:188} INFO - [2025-11-13T04:54:52.927+0000] {dag.py:3036} INFO - Sync 1 DAGs
[2025-11-13T04:54:52.939+0000] {logging_mixin.py:188} INFO - [2025-11-13T04:54:52.939+0000] {dag.py:3823} INFO - Setting next_dagrun for transform_bronze_to_silver_gold to 2025-11-13 00:00:00+00:00, run_after=2025-11-13 06:00:00+00:00
[2025-11-13T04:54:52.954+0000] {processor.py:183} INFO - Processing /opt/airflow/dags/transform_silver_gold_dbt_dag.py took 0.072 seconds
[2025-11-13T04:55:23.173+0000] {processor.py:161} INFO - Started process (PID=15207) to work on /opt/airflow/dags/transform_silver_gold_dbt_dag.py
[2025-11-13T04:55:23.174+0000] {processor.py:830} INFO - Processing file /opt/airflow/dags/transform_silver_gold_dbt_dag.py for tasks to queue
[2025-11-13T04:55:23.175+0000] {logging_mixin.py:188} INFO - [2025-11-13T04:55:23.175+0000] {dagbag.py:538} INFO - Filling up the DagBag from /opt/airflow/dags/transform_silver_gold_dbt_dag.py
[2025-11-13T04:55:23.197+0000] {processor.py:840} INFO - DAG(s) 'transform_bronze_to_silver_gold' retrieved from /opt/airflow/dags/transform_silver_gold_dbt_dag.py
[2025-11-13T04:55:23.209+0000] {logging_mixin.py:188} INFO - [2025-11-13T04:55:23.209+0000] {dag.py:3036} INFO - Sync 1 DAGs
[2025-11-13T04:55:23.219+0000] {logging_mixin.py:188} INFO - [2025-11-13T04:55:23.219+0000] {dag.py:3823} INFO - Setting next_dagrun for transform_bronze_to_silver_gold to 2025-11-13 00:00:00+00:00, run_after=2025-11-13 06:00:00+00:00
[2025-11-13T04:55:23.235+0000] {processor.py:183} INFO - Processing /opt/airflow/dags/transform_silver_gold_dbt_dag.py took 0.064 seconds
[2025-11-13T04:55:53.477+0000] {processor.py:161} INFO - Started process (PID=15209) to work on /opt/airflow/dags/transform_silver_gold_dbt_dag.py
[2025-11-13T04:55:53.479+0000] {processor.py:830} INFO - Processing file /opt/airflow/dags/transform_silver_gold_dbt_dag.py for tasks to queue
[2025-11-13T04:55:53.480+0000] {logging_mixin.py:188} INFO - [2025-11-13T04:55:53.479+0000] {dagbag.py:538} INFO - Filling up the DagBag from /opt/airflow/dags/transform_silver_gold_dbt_dag.py
[2025-11-13T04:55:53.509+0000] {processor.py:840} INFO - DAG(s) 'transform_bronze_to_silver_gold' retrieved from /opt/airflow/dags/transform_silver_gold_dbt_dag.py
[2025-11-13T04:55:53.524+0000] {logging_mixin.py:188} INFO - [2025-11-13T04:55:53.524+0000] {dag.py:3036} INFO - Sync 1 DAGs
[2025-11-13T04:55:53.537+0000] {logging_mixin.py:188} INFO - [2025-11-13T04:55:53.537+0000] {dag.py:3823} INFO - Setting next_dagrun for transform_bronze_to_silver_gold to 2025-11-13 00:00:00+00:00, run_after=2025-11-13 06:00:00+00:00
[2025-11-13T04:55:53.551+0000] {processor.py:183} INFO - Processing /opt/airflow/dags/transform_silver_gold_dbt_dag.py took 0.076 seconds
[2025-11-13T04:56:23.761+0000] {processor.py:161} INFO - Started process (PID=15211) to work on /opt/airflow/dags/transform_silver_gold_dbt_dag.py
[2025-11-13T04:56:23.762+0000] {processor.py:830} INFO - Processing file /opt/airflow/dags/transform_silver_gold_dbt_dag.py for tasks to queue
[2025-11-13T04:56:23.763+0000] {logging_mixin.py:188} INFO - [2025-11-13T04:56:23.763+0000] {dagbag.py:538} INFO - Filling up the DagBag from /opt/airflow/dags/transform_silver_gold_dbt_dag.py
[2025-11-13T04:56:23.790+0000] {processor.py:840} INFO - DAG(s) 'transform_bronze_to_silver_gold' retrieved from /opt/airflow/dags/transform_silver_gold_dbt_dag.py
[2025-11-13T04:56:23.802+0000] {logging_mixin.py:188} INFO - [2025-11-13T04:56:23.802+0000] {dag.py:3036} INFO - Sync 1 DAGs
[2025-11-13T04:56:23.812+0000] {logging_mixin.py:188} INFO - [2025-11-13T04:56:23.812+0000] {dag.py:3823} INFO - Setting next_dagrun for transform_bronze_to_silver_gold to 2025-11-13 00:00:00+00:00, run_after=2025-11-13 06:00:00+00:00
[2025-11-13T04:56:23.827+0000] {processor.py:183} INFO - Processing /opt/airflow/dags/transform_silver_gold_dbt_dag.py took 0.068 seconds
[2025-11-13T04:56:54.051+0000] {processor.py:161} INFO - Started process (PID=15213) to work on /opt/airflow/dags/transform_silver_gold_dbt_dag.py
[2025-11-13T04:56:54.052+0000] {processor.py:830} INFO - Processing file /opt/airflow/dags/transform_silver_gold_dbt_dag.py for tasks to queue
[2025-11-13T04:56:54.053+0000] {logging_mixin.py:188} INFO - [2025-11-13T04:56:54.053+0000] {dagbag.py:538} INFO - Filling up the DagBag from /opt/airflow/dags/transform_silver_gold_dbt_dag.py
[2025-11-13T04:56:54.078+0000] {processor.py:840} INFO - DAG(s) 'transform_bronze_to_silver_gold' retrieved from /opt/airflow/dags/transform_silver_gold_dbt_dag.py
[2025-11-13T04:56:54.089+0000] {logging_mixin.py:188} INFO - [2025-11-13T04:56:54.089+0000] {dag.py:3036} INFO - Sync 1 DAGs
[2025-11-13T04:56:54.099+0000] {logging_mixin.py:188} INFO - [2025-11-13T04:56:54.099+0000] {dag.py:3823} INFO - Setting next_dagrun for transform_bronze_to_silver_gold to 2025-11-13 00:00:00+00:00, run_after=2025-11-13 06:00:00+00:00
[2025-11-13T04:56:54.115+0000] {processor.py:183} INFO - Processing /opt/airflow/dags/transform_silver_gold_dbt_dag.py took 0.066 seconds
[2025-11-13T04:57:24.334+0000] {processor.py:161} INFO - Started process (PID=15215) to work on /opt/airflow/dags/transform_silver_gold_dbt_dag.py
[2025-11-13T04:57:24.335+0000] {processor.py:830} INFO - Processing file /opt/airflow/dags/transform_silver_gold_dbt_dag.py for tasks to queue
[2025-11-13T04:57:24.336+0000] {logging_mixin.py:188} INFO - [2025-11-13T04:57:24.336+0000] {dagbag.py:538} INFO - Filling up the DagBag from /opt/airflow/dags/transform_silver_gold_dbt_dag.py
[2025-11-13T04:57:24.359+0000] {processor.py:840} INFO - DAG(s) 'transform_bronze_to_silver_gold' retrieved from /opt/airflow/dags/transform_silver_gold_dbt_dag.py
[2025-11-13T04:57:24.374+0000] {logging_mixin.py:188} INFO - [2025-11-13T04:57:24.374+0000] {dag.py:3036} INFO - Sync 1 DAGs
[2025-11-13T04:57:24.385+0000] {logging_mixin.py:188} INFO - [2025-11-13T04:57:24.385+0000] {dag.py:3823} INFO - Setting next_dagrun for transform_bronze_to_silver_gold to 2025-11-13 00:00:00+00:00, run_after=2025-11-13 06:00:00+00:00
[2025-11-13T04:57:24.399+0000] {processor.py:183} INFO - Processing /opt/airflow/dags/transform_silver_gold_dbt_dag.py took 0.067 seconds
[2025-11-13T04:57:54.642+0000] {processor.py:161} INFO - Started process (PID=15217) to work on /opt/airflow/dags/transform_silver_gold_dbt_dag.py
[2025-11-13T04:57:54.643+0000] {processor.py:830} INFO - Processing file /opt/airflow/dags/transform_silver_gold_dbt_dag.py for tasks to queue
[2025-11-13T04:57:54.644+0000] {logging_mixin.py:188} INFO - [2025-11-13T04:57:54.644+0000] {dagbag.py:538} INFO - Filling up the DagBag from /opt/airflow/dags/transform_silver_gold_dbt_dag.py
[2025-11-13T04:57:54.668+0000] {processor.py:840} INFO - DAG(s) 'transform_bronze_to_silver_gold' retrieved from /opt/airflow/dags/transform_silver_gold_dbt_dag.py
[2025-11-13T04:57:54.680+0000] {logging_mixin.py:188} INFO - [2025-11-13T04:57:54.680+0000] {dag.py:3036} INFO - Sync 1 DAGs
[2025-11-13T04:57:54.691+0000] {logging_mixin.py:188} INFO - [2025-11-13T04:57:54.690+0000] {dag.py:3823} INFO - Setting next_dagrun for transform_bronze_to_silver_gold to 2025-11-13 00:00:00+00:00, run_after=2025-11-13 06:00:00+00:00
[2025-11-13T04:57:54.707+0000] {processor.py:183} INFO - Processing /opt/airflow/dags/transform_silver_gold_dbt_dag.py took 0.067 seconds
[2025-11-13T04:58:24.932+0000] {processor.py:161} INFO - Started process (PID=15219) to work on /opt/airflow/dags/transform_silver_gold_dbt_dag.py
[2025-11-13T04:58:24.933+0000] {processor.py:830} INFO - Processing file /opt/airflow/dags/transform_silver_gold_dbt_dag.py for tasks to queue
[2025-11-13T04:58:24.934+0000] {logging_mixin.py:188} INFO - [2025-11-13T04:58:24.934+0000] {dagbag.py:538} INFO - Filling up the DagBag from /opt/airflow/dags/transform_silver_gold_dbt_dag.py
[2025-11-13T04:58:24.957+0000] {processor.py:840} INFO - DAG(s) 'transform_bronze_to_silver_gold' retrieved from /opt/airflow/dags/transform_silver_gold_dbt_dag.py
[2025-11-13T04:58:24.968+0000] {logging_mixin.py:188} INFO - [2025-11-13T04:58:24.968+0000] {dag.py:3036} INFO - Sync 1 DAGs
[2025-11-13T04:58:24.978+0000] {logging_mixin.py:188} INFO - [2025-11-13T04:58:24.978+0000] {dag.py:3823} INFO - Setting next_dagrun for transform_bronze_to_silver_gold to 2025-11-13 00:00:00+00:00, run_after=2025-11-13 06:00:00+00:00
[2025-11-13T04:58:24.996+0000] {processor.py:183} INFO - Processing /opt/airflow/dags/transform_silver_gold_dbt_dag.py took 0.065 seconds
[2025-11-13T04:58:58.276+0000] {processor.py:161} INFO - Started process (PID=15256) to work on /opt/airflow/dags/transform_silver_gold_dbt_dag.py
[2025-11-13T04:58:58.277+0000] {processor.py:830} INFO - Processing file /opt/airflow/dags/transform_silver_gold_dbt_dag.py for tasks to queue
[2025-11-13T04:58:58.278+0000] {logging_mixin.py:188} INFO - [2025-11-13T04:58:58.278+0000] {dagbag.py:538} INFO - Filling up the DagBag from /opt/airflow/dags/transform_silver_gold_dbt_dag.py
[2025-11-13T04:58:58.304+0000] {processor.py:840} INFO - DAG(s) 'transform_bronze_to_silver_gold' retrieved from /opt/airflow/dags/transform_silver_gold_dbt_dag.py
[2025-11-13T04:58:58.316+0000] {logging_mixin.py:188} INFO - [2025-11-13T04:58:58.316+0000] {dag.py:3036} INFO - Sync 1 DAGs
[2025-11-13T04:58:58.326+0000] {logging_mixin.py:188} INFO - [2025-11-13T04:58:58.326+0000] {dag.py:3823} INFO - Setting next_dagrun for transform_bronze_to_silver_gold to 2025-11-13 00:00:00+00:00, run_after=2025-11-13 06:00:00+00:00
[2025-11-13T04:58:58.340+0000] {processor.py:183} INFO - Processing /opt/airflow/dags/transform_silver_gold_dbt_dag.py took 0.066 seconds
[2025-11-13T04:59:29.331+0000] {processor.py:161} INFO - Started process (PID=16455) to work on /opt/airflow/dags/transform_silver_gold_dbt_dag.py
[2025-11-13T04:59:29.332+0000] {processor.py:830} INFO - Processing file /opt/airflow/dags/transform_silver_gold_dbt_dag.py for tasks to queue
[2025-11-13T04:59:29.334+0000] {logging_mixin.py:188} INFO - [2025-11-13T04:59:29.333+0000] {dagbag.py:538} INFO - Filling up the DagBag from /opt/airflow/dags/transform_silver_gold_dbt_dag.py
[2025-11-13T04:59:29.361+0000] {processor.py:840} INFO - DAG(s) 'transform_bronze_to_silver_gold' retrieved from /opt/airflow/dags/transform_silver_gold_dbt_dag.py
[2025-11-13T04:59:29.374+0000] {logging_mixin.py:188} INFO - [2025-11-13T04:59:29.374+0000] {dag.py:3036} INFO - Sync 1 DAGs
[2025-11-13T04:59:29.384+0000] {logging_mixin.py:188} INFO - [2025-11-13T04:59:29.384+0000] {dag.py:3823} INFO - Setting next_dagrun for transform_bronze_to_silver_gold to 2025-11-13 00:00:00+00:00, run_after=2025-11-13 06:00:00+00:00
[2025-11-13T04:59:29.401+0000] {processor.py:183} INFO - Processing /opt/airflow/dags/transform_silver_gold_dbt_dag.py took 0.072 seconds
[2025-11-13T05:00:00.305+0000] {processor.py:161} INFO - Started process (PID=16457) to work on /opt/airflow/dags/transform_silver_gold_dbt_dag.py
[2025-11-13T05:00:00.306+0000] {processor.py:830} INFO - Processing file /opt/airflow/dags/transform_silver_gold_dbt_dag.py for tasks to queue
[2025-11-13T05:00:00.307+0000] {logging_mixin.py:188} INFO - [2025-11-13T05:00:00.307+0000] {dagbag.py:538} INFO - Filling up the DagBag from /opt/airflow/dags/transform_silver_gold_dbt_dag.py
[2025-11-13T05:00:00.329+0000] {processor.py:840} INFO - DAG(s) 'transform_bronze_to_silver_gold' retrieved from /opt/airflow/dags/transform_silver_gold_dbt_dag.py
[2025-11-13T05:00:00.361+0000] {logging_mixin.py:188} INFO - [2025-11-13T05:00:00.361+0000] {dag.py:3036} INFO - Sync 1 DAGs
[2025-11-13T05:00:00.378+0000] {logging_mixin.py:188} INFO - [2025-11-13T05:00:00.378+0000] {dag.py:3823} INFO - Setting next_dagrun for transform_bronze_to_silver_gold to 2025-11-13 00:00:00+00:00, run_after=2025-11-13 06:00:00+00:00
[2025-11-13T05:00:00.396+0000] {processor.py:183} INFO - Processing /opt/airflow/dags/transform_silver_gold_dbt_dag.py took 0.093 seconds
[2025-11-13T05:00:30.786+0000] {processor.py:161} INFO - Started process (PID=16459) to work on /opt/airflow/dags/transform_silver_gold_dbt_dag.py
[2025-11-13T05:00:30.788+0000] {processor.py:830} INFO - Processing file /opt/airflow/dags/transform_silver_gold_dbt_dag.py for tasks to queue
[2025-11-13T05:00:30.789+0000] {logging_mixin.py:188} INFO - [2025-11-13T05:00:30.789+0000] {dagbag.py:538} INFO - Filling up the DagBag from /opt/airflow/dags/transform_silver_gold_dbt_dag.py
[2025-11-13T05:00:30.818+0000] {processor.py:840} INFO - DAG(s) 'transform_bronze_to_silver_gold' retrieved from /opt/airflow/dags/transform_silver_gold_dbt_dag.py
[2025-11-13T05:00:30.830+0000] {logging_mixin.py:188} INFO - [2025-11-13T05:00:30.830+0000] {dag.py:3036} INFO - Sync 1 DAGs
[2025-11-13T05:00:30.840+0000] {logging_mixin.py:188} INFO - [2025-11-13T05:00:30.840+0000] {dag.py:3823} INFO - Setting next_dagrun for transform_bronze_to_silver_gold to 2025-11-13 00:00:00+00:00, run_after=2025-11-13 06:00:00+00:00
[2025-11-13T05:00:30.854+0000] {processor.py:183} INFO - Processing /opt/airflow/dags/transform_silver_gold_dbt_dag.py took 0.070 seconds
[2025-11-13T05:01:01.064+0000] {processor.py:161} INFO - Started process (PID=16461) to work on /opt/airflow/dags/transform_silver_gold_dbt_dag.py
[2025-11-13T05:01:01.065+0000] {processor.py:830} INFO - Processing file /opt/airflow/dags/transform_silver_gold_dbt_dag.py for tasks to queue
[2025-11-13T05:01:01.066+0000] {logging_mixin.py:188} INFO - [2025-11-13T05:01:01.065+0000] {dagbag.py:538} INFO - Filling up the DagBag from /opt/airflow/dags/transform_silver_gold_dbt_dag.py
[2025-11-13T05:01:01.093+0000] {processor.py:840} INFO - DAG(s) 'transform_bronze_to_silver_gold' retrieved from /opt/airflow/dags/transform_silver_gold_dbt_dag.py
[2025-11-13T05:01:01.107+0000] {logging_mixin.py:188} INFO - [2025-11-13T05:01:01.107+0000] {dag.py:3036} INFO - Sync 1 DAGs
[2025-11-13T05:01:01.118+0000] {logging_mixin.py:188} INFO - [2025-11-13T05:01:01.117+0000] {dag.py:3823} INFO - Setting next_dagrun for transform_bronze_to_silver_gold to 2025-11-13 00:00:00+00:00, run_after=2025-11-13 06:00:00+00:00
[2025-11-13T05:01:01.130+0000] {processor.py:183} INFO - Processing /opt/airflow/dags/transform_silver_gold_dbt_dag.py took 0.068 seconds
[2025-11-13T05:01:31.351+0000] {processor.py:161} INFO - Started process (PID=16463) to work on /opt/airflow/dags/transform_silver_gold_dbt_dag.py
[2025-11-13T05:01:31.352+0000] {processor.py:830} INFO - Processing file /opt/airflow/dags/transform_silver_gold_dbt_dag.py for tasks to queue
[2025-11-13T05:01:31.353+0000] {logging_mixin.py:188} INFO - [2025-11-13T05:01:31.353+0000] {dagbag.py:538} INFO - Filling up the DagBag from /opt/airflow/dags/transform_silver_gold_dbt_dag.py
[2025-11-13T05:01:31.377+0000] {processor.py:840} INFO - DAG(s) 'transform_bronze_to_silver_gold' retrieved from /opt/airflow/dags/transform_silver_gold_dbt_dag.py
[2025-11-13T05:01:31.389+0000] {logging_mixin.py:188} INFO - [2025-11-13T05:01:31.389+0000] {dag.py:3036} INFO - Sync 1 DAGs
[2025-11-13T05:01:31.400+0000] {logging_mixin.py:188} INFO - [2025-11-13T05:01:31.400+0000] {dag.py:3823} INFO - Setting next_dagrun for transform_bronze_to_silver_gold to 2025-11-13 00:00:00+00:00, run_after=2025-11-13 06:00:00+00:00
[2025-11-13T05:01:31.415+0000] {processor.py:183} INFO - Processing /opt/airflow/dags/transform_silver_gold_dbt_dag.py took 0.066 seconds
[2025-11-13T05:02:01.620+0000] {processor.py:161} INFO - Started process (PID=16465) to work on /opt/airflow/dags/transform_silver_gold_dbt_dag.py
[2025-11-13T05:02:01.621+0000] {processor.py:830} INFO - Processing file /opt/airflow/dags/transform_silver_gold_dbt_dag.py for tasks to queue
[2025-11-13T05:02:01.622+0000] {logging_mixin.py:188} INFO - [2025-11-13T05:02:01.622+0000] {dagbag.py:538} INFO - Filling up the DagBag from /opt/airflow/dags/transform_silver_gold_dbt_dag.py
[2025-11-13T05:02:01.641+0000] {processor.py:840} INFO - DAG(s) 'transform_bronze_to_silver_gold' retrieved from /opt/airflow/dags/transform_silver_gold_dbt_dag.py
[2025-11-13T05:02:01.654+0000] {logging_mixin.py:188} INFO - [2025-11-13T05:02:01.654+0000] {dag.py:3036} INFO - Sync 1 DAGs
[2025-11-13T05:02:01.664+0000] {logging_mixin.py:188} INFO - [2025-11-13T05:02:01.664+0000] {dag.py:3823} INFO - Setting next_dagrun for transform_bronze_to_silver_gold to 2025-11-13 00:00:00+00:00, run_after=2025-11-13 06:00:00+00:00
[2025-11-13T05:02:01.677+0000] {processor.py:183} INFO - Processing /opt/airflow/dags/transform_silver_gold_dbt_dag.py took 0.059 seconds
[2025-11-13T05:02:31.907+0000] {processor.py:161} INFO - Started process (PID=16467) to work on /opt/airflow/dags/transform_silver_gold_dbt_dag.py
[2025-11-13T05:02:31.908+0000] {processor.py:830} INFO - Processing file /opt/airflow/dags/transform_silver_gold_dbt_dag.py for tasks to queue
[2025-11-13T05:02:31.909+0000] {logging_mixin.py:188} INFO - [2025-11-13T05:02:31.909+0000] {dagbag.py:538} INFO - Filling up the DagBag from /opt/airflow/dags/transform_silver_gold_dbt_dag.py
[2025-11-13T05:02:31.931+0000] {processor.py:840} INFO - DAG(s) 'transform_bronze_to_silver_gold' retrieved from /opt/airflow/dags/transform_silver_gold_dbt_dag.py
[2025-11-13T05:02:31.945+0000] {logging_mixin.py:188} INFO - [2025-11-13T05:02:31.945+0000] {dag.py:3036} INFO - Sync 1 DAGs
[2025-11-13T05:02:31.958+0000] {logging_mixin.py:188} INFO - [2025-11-13T05:02:31.957+0000] {dag.py:3823} INFO - Setting next_dagrun for transform_bronze_to_silver_gold to 2025-11-13 00:00:00+00:00, run_after=2025-11-13 06:00:00+00:00
[2025-11-13T05:02:31.973+0000] {processor.py:183} INFO - Processing /opt/airflow/dags/transform_silver_gold_dbt_dag.py took 0.068 seconds
[2025-11-13T05:03:02.191+0000] {processor.py:161} INFO - Started process (PID=16469) to work on /opt/airflow/dags/transform_silver_gold_dbt_dag.py
[2025-11-13T05:03:02.192+0000] {processor.py:830} INFO - Processing file /opt/airflow/dags/transform_silver_gold_dbt_dag.py for tasks to queue
[2025-11-13T05:03:02.193+0000] {logging_mixin.py:188} INFO - [2025-11-13T05:03:02.192+0000] {dagbag.py:538} INFO - Filling up the DagBag from /opt/airflow/dags/transform_silver_gold_dbt_dag.py
[2025-11-13T05:03:02.215+0000] {processor.py:840} INFO - DAG(s) 'transform_bronze_to_silver_gold' retrieved from /opt/airflow/dags/transform_silver_gold_dbt_dag.py
[2025-11-13T05:03:02.231+0000] {logging_mixin.py:188} INFO - [2025-11-13T05:03:02.231+0000] {dag.py:3036} INFO - Sync 1 DAGs
[2025-11-13T05:03:02.243+0000] {logging_mixin.py:188} INFO - [2025-11-13T05:03:02.243+0000] {dag.py:3823} INFO - Setting next_dagrun for transform_bronze_to_silver_gold to 2025-11-13 00:00:00+00:00, run_after=2025-11-13 06:00:00+00:00
[2025-11-13T05:03:02.258+0000] {processor.py:183} INFO - Processing /opt/airflow/dags/transform_silver_gold_dbt_dag.py took 0.070 seconds
[2025-11-13T05:03:32.484+0000] {processor.py:161} INFO - Started process (PID=16471) to work on /opt/airflow/dags/transform_silver_gold_dbt_dag.py
[2025-11-13T05:03:32.485+0000] {processor.py:830} INFO - Processing file /opt/airflow/dags/transform_silver_gold_dbt_dag.py for tasks to queue
[2025-11-13T05:03:32.486+0000] {logging_mixin.py:188} INFO - [2025-11-13T05:03:32.486+0000] {dagbag.py:538} INFO - Filling up the DagBag from /opt/airflow/dags/transform_silver_gold_dbt_dag.py
[2025-11-13T05:03:32.510+0000] {processor.py:840} INFO - DAG(s) 'transform_bronze_to_silver_gold' retrieved from /opt/airflow/dags/transform_silver_gold_dbt_dag.py
[2025-11-13T05:03:32.523+0000] {logging_mixin.py:188} INFO - [2025-11-13T05:03:32.523+0000] {dag.py:3036} INFO - Sync 1 DAGs
[2025-11-13T05:03:32.534+0000] {logging_mixin.py:188} INFO - [2025-11-13T05:03:32.534+0000] {dag.py:3823} INFO - Setting next_dagrun for transform_bronze_to_silver_gold to 2025-11-13 00:00:00+00:00, run_after=2025-11-13 06:00:00+00:00
[2025-11-13T05:03:32.550+0000] {processor.py:183} INFO - Processing /opt/airflow/dags/transform_silver_gold_dbt_dag.py took 0.068 seconds
[2025-11-13T05:04:02.775+0000] {processor.py:161} INFO - Started process (PID=16473) to work on /opt/airflow/dags/transform_silver_gold_dbt_dag.py
[2025-11-13T05:04:02.777+0000] {processor.py:830} INFO - Processing file /opt/airflow/dags/transform_silver_gold_dbt_dag.py for tasks to queue
[2025-11-13T05:04:02.778+0000] {logging_mixin.py:188} INFO - [2025-11-13T05:04:02.777+0000] {dagbag.py:538} INFO - Filling up the DagBag from /opt/airflow/dags/transform_silver_gold_dbt_dag.py
[2025-11-13T05:04:02.797+0000] {processor.py:840} INFO - DAG(s) 'transform_bronze_to_silver_gold' retrieved from /opt/airflow/dags/transform_silver_gold_dbt_dag.py
[2025-11-13T05:04:02.811+0000] {logging_mixin.py:188} INFO - [2025-11-13T05:04:02.811+0000] {dag.py:3036} INFO - Sync 1 DAGs
[2025-11-13T05:04:02.822+0000] {logging_mixin.py:188} INFO - [2025-11-13T05:04:02.822+0000] {dag.py:3823} INFO - Setting next_dagrun for transform_bronze_to_silver_gold to 2025-11-13 00:00:00+00:00, run_after=2025-11-13 06:00:00+00:00
[2025-11-13T05:04:02.837+0000] {processor.py:183} INFO - Processing /opt/airflow/dags/transform_silver_gold_dbt_dag.py took 0.063 seconds
[2025-11-13T05:04:33.069+0000] {processor.py:161} INFO - Started process (PID=16475) to work on /opt/airflow/dags/transform_silver_gold_dbt_dag.py
[2025-11-13T05:04:33.071+0000] {processor.py:830} INFO - Processing file /opt/airflow/dags/transform_silver_gold_dbt_dag.py for tasks to queue
[2025-11-13T05:04:33.073+0000] {logging_mixin.py:188} INFO - [2025-11-13T05:04:33.073+0000] {dagbag.py:538} INFO - Filling up the DagBag from /opt/airflow/dags/transform_silver_gold_dbt_dag.py
[2025-11-13T05:04:33.103+0000] {processor.py:840} INFO - DAG(s) 'transform_bronze_to_silver_gold' retrieved from /opt/airflow/dags/transform_silver_gold_dbt_dag.py
[2025-11-13T05:04:33.121+0000] {logging_mixin.py:188} INFO - [2025-11-13T05:04:33.120+0000] {dag.py:3036} INFO - Sync 1 DAGs
[2025-11-13T05:04:33.134+0000] {logging_mixin.py:188} INFO - [2025-11-13T05:04:33.134+0000] {dag.py:3823} INFO - Setting next_dagrun for transform_bronze_to_silver_gold to 2025-11-13 00:00:00+00:00, run_after=2025-11-13 06:00:00+00:00
[2025-11-13T05:04:33.151+0000] {processor.py:183} INFO - Processing /opt/airflow/dags/transform_silver_gold_dbt_dag.py took 0.085 seconds
[2025-11-13T05:05:03.428+0000] {processor.py:161} INFO - Started process (PID=16477) to work on /opt/airflow/dags/transform_silver_gold_dbt_dag.py
[2025-11-13T05:05:03.429+0000] {processor.py:830} INFO - Processing file /opt/airflow/dags/transform_silver_gold_dbt_dag.py for tasks to queue
[2025-11-13T05:05:03.430+0000] {logging_mixin.py:188} INFO - [2025-11-13T05:05:03.430+0000] {dagbag.py:538} INFO - Filling up the DagBag from /opt/airflow/dags/transform_silver_gold_dbt_dag.py
[2025-11-13T05:05:03.458+0000] {processor.py:840} INFO - DAG(s) 'transform_bronze_to_silver_gold' retrieved from /opt/airflow/dags/transform_silver_gold_dbt_dag.py
[2025-11-13T05:05:03.470+0000] {logging_mixin.py:188} INFO - [2025-11-13T05:05:03.470+0000] {dag.py:3036} INFO - Sync 1 DAGs
[2025-11-13T05:05:03.480+0000] {logging_mixin.py:188} INFO - [2025-11-13T05:05:03.480+0000] {dag.py:3823} INFO - Setting next_dagrun for transform_bronze_to_silver_gold to 2025-11-13 00:00:00+00:00, run_after=2025-11-13 06:00:00+00:00
[2025-11-13T05:05:03.496+0000] {processor.py:183} INFO - Processing /opt/airflow/dags/transform_silver_gold_dbt_dag.py took 0.069 seconds
[2025-11-13T05:05:33.693+0000] {processor.py:161} INFO - Started process (PID=16479) to work on /opt/airflow/dags/transform_silver_gold_dbt_dag.py
[2025-11-13T05:05:33.694+0000] {processor.py:830} INFO - Processing file /opt/airflow/dags/transform_silver_gold_dbt_dag.py for tasks to queue
[2025-11-13T05:05:33.695+0000] {logging_mixin.py:188} INFO - [2025-11-13T05:05:33.695+0000] {dagbag.py:538} INFO - Filling up the DagBag from /opt/airflow/dags/transform_silver_gold_dbt_dag.py
[2025-11-13T05:05:33.725+0000] {processor.py:840} INFO - DAG(s) 'transform_bronze_to_silver_gold' retrieved from /opt/airflow/dags/transform_silver_gold_dbt_dag.py
[2025-11-13T05:05:33.740+0000] {logging_mixin.py:188} INFO - [2025-11-13T05:05:33.740+0000] {dag.py:3036} INFO - Sync 1 DAGs
[2025-11-13T05:05:33.753+0000] {logging_mixin.py:188} INFO - [2025-11-13T05:05:33.752+0000] {dag.py:3823} INFO - Setting next_dagrun for transform_bronze_to_silver_gold to 2025-11-13 00:00:00+00:00, run_after=2025-11-13 06:00:00+00:00
[2025-11-13T05:05:33.769+0000] {processor.py:183} INFO - Processing /opt/airflow/dags/transform_silver_gold_dbt_dag.py took 0.079 seconds
[2025-11-13T05:06:03.970+0000] {processor.py:161} INFO - Started process (PID=16481) to work on /opt/airflow/dags/transform_silver_gold_dbt_dag.py
[2025-11-13T05:06:03.971+0000] {processor.py:830} INFO - Processing file /opt/airflow/dags/transform_silver_gold_dbt_dag.py for tasks to queue
[2025-11-13T05:06:03.972+0000] {logging_mixin.py:188} INFO - [2025-11-13T05:06:03.972+0000] {dagbag.py:538} INFO - Filling up the DagBag from /opt/airflow/dags/transform_silver_gold_dbt_dag.py
[2025-11-13T05:06:03.996+0000] {processor.py:840} INFO - DAG(s) 'transform_bronze_to_silver_gold' retrieved from /opt/airflow/dags/transform_silver_gold_dbt_dag.py
[2025-11-13T05:06:04.011+0000] {logging_mixin.py:188} INFO - [2025-11-13T05:06:04.011+0000] {dag.py:3036} INFO - Sync 1 DAGs
[2025-11-13T05:06:04.025+0000] {logging_mixin.py:188} INFO - [2025-11-13T05:06:04.024+0000] {dag.py:3823} INFO - Setting next_dagrun for transform_bronze_to_silver_gold to 2025-11-13 00:00:00+00:00, run_after=2025-11-13 06:00:00+00:00
[2025-11-13T05:06:04.038+0000] {processor.py:183} INFO - Processing /opt/airflow/dags/transform_silver_gold_dbt_dag.py took 0.070 seconds
[2025-11-13T05:06:34.248+0000] {processor.py:161} INFO - Started process (PID=16483) to work on /opt/airflow/dags/transform_silver_gold_dbt_dag.py
[2025-11-13T05:06:34.249+0000] {processor.py:830} INFO - Processing file /opt/airflow/dags/transform_silver_gold_dbt_dag.py for tasks to queue
[2025-11-13T05:06:34.250+0000] {logging_mixin.py:188} INFO - [2025-11-13T05:06:34.250+0000] {dagbag.py:538} INFO - Filling up the DagBag from /opt/airflow/dags/transform_silver_gold_dbt_dag.py
[2025-11-13T05:06:34.286+0000] {processor.py:840} INFO - DAG(s) 'transform_bronze_to_silver_gold' retrieved from /opt/airflow/dags/transform_silver_gold_dbt_dag.py
[2025-11-13T05:06:34.298+0000] {logging_mixin.py:188} INFO - [2025-11-13T05:06:34.298+0000] {dag.py:3036} INFO - Sync 1 DAGs
[2025-11-13T05:06:34.310+0000] {logging_mixin.py:188} INFO - [2025-11-13T05:06:34.310+0000] {dag.py:3823} INFO - Setting next_dagrun for transform_bronze_to_silver_gold to 2025-11-13 00:00:00+00:00, run_after=2025-11-13 06:00:00+00:00
[2025-11-13T05:06:34.326+0000] {processor.py:183} INFO - Processing /opt/airflow/dags/transform_silver_gold_dbt_dag.py took 0.080 seconds
[2025-11-13T05:07:04.475+0000] {processor.py:161} INFO - Started process (PID=16485) to work on /opt/airflow/dags/transform_silver_gold_dbt_dag.py
[2025-11-13T05:07:04.475+0000] {processor.py:830} INFO - Processing file /opt/airflow/dags/transform_silver_gold_dbt_dag.py for tasks to queue
[2025-11-13T05:07:04.476+0000] {logging_mixin.py:188} INFO - [2025-11-13T05:07:04.476+0000] {dagbag.py:538} INFO - Filling up the DagBag from /opt/airflow/dags/transform_silver_gold_dbt_dag.py
[2025-11-13T05:07:04.500+0000] {processor.py:840} INFO - DAG(s) 'transform_bronze_to_silver_gold' retrieved from /opt/airflow/dags/transform_silver_gold_dbt_dag.py
[2025-11-13T05:07:04.518+0000] {logging_mixin.py:188} INFO - [2025-11-13T05:07:04.517+0000] {dag.py:3036} INFO - Sync 1 DAGs
[2025-11-13T05:07:04.531+0000] {logging_mixin.py:188} INFO - [2025-11-13T05:07:04.531+0000] {dag.py:3823} INFO - Setting next_dagrun for transform_bronze_to_silver_gold to 2025-11-13 00:00:00+00:00, run_after=2025-11-13 06:00:00+00:00
[2025-11-13T05:07:04.545+0000] {processor.py:183} INFO - Processing /opt/airflow/dags/transform_silver_gold_dbt_dag.py took 0.073 seconds
[2025-11-13T05:07:34.756+0000] {processor.py:161} INFO - Started process (PID=16487) to work on /opt/airflow/dags/transform_silver_gold_dbt_dag.py
[2025-11-13T05:07:34.758+0000] {processor.py:830} INFO - Processing file /opt/airflow/dags/transform_silver_gold_dbt_dag.py for tasks to queue
[2025-11-13T05:07:34.759+0000] {logging_mixin.py:188} INFO - [2025-11-13T05:07:34.758+0000] {dagbag.py:538} INFO - Filling up the DagBag from /opt/airflow/dags/transform_silver_gold_dbt_dag.py
[2025-11-13T05:07:34.786+0000] {processor.py:840} INFO - DAG(s) 'transform_bronze_to_silver_gold' retrieved from /opt/airflow/dags/transform_silver_gold_dbt_dag.py
[2025-11-13T05:07:34.799+0000] {logging_mixin.py:188} INFO - [2025-11-13T05:07:34.799+0000] {dag.py:3036} INFO - Sync 1 DAGs
[2025-11-13T05:07:34.810+0000] {logging_mixin.py:188} INFO - [2025-11-13T05:07:34.810+0000] {dag.py:3823} INFO - Setting next_dagrun for transform_bronze_to_silver_gold to 2025-11-13 00:00:00+00:00, run_after=2025-11-13 06:00:00+00:00
[2025-11-13T05:07:34.826+0000] {processor.py:183} INFO - Processing /opt/airflow/dags/transform_silver_gold_dbt_dag.py took 0.071 seconds
[2025-11-13T05:08:05.006+0000] {processor.py:161} INFO - Started process (PID=16489) to work on /opt/airflow/dags/transform_silver_gold_dbt_dag.py
[2025-11-13T05:08:05.007+0000] {processor.py:830} INFO - Processing file /opt/airflow/dags/transform_silver_gold_dbt_dag.py for tasks to queue
[2025-11-13T05:08:05.008+0000] {logging_mixin.py:188} INFO - [2025-11-13T05:08:05.008+0000] {dagbag.py:538} INFO - Filling up the DagBag from /opt/airflow/dags/transform_silver_gold_dbt_dag.py
[2025-11-13T05:08:05.032+0000] {processor.py:840} INFO - DAG(s) 'transform_bronze_to_silver_gold' retrieved from /opt/airflow/dags/transform_silver_gold_dbt_dag.py
[2025-11-13T05:08:05.048+0000] {logging_mixin.py:188} INFO - [2025-11-13T05:08:05.048+0000] {dag.py:3036} INFO - Sync 1 DAGs
[2025-11-13T05:08:05.062+0000] {logging_mixin.py:188} INFO - [2025-11-13T05:08:05.062+0000] {dag.py:3823} INFO - Setting next_dagrun for transform_bronze_to_silver_gold to 2025-11-13 00:00:00+00:00, run_after=2025-11-13 06:00:00+00:00
[2025-11-13T05:08:05.078+0000] {processor.py:183} INFO - Processing /opt/airflow/dags/transform_silver_gold_dbt_dag.py took 0.074 seconds
[2025-11-13T05:08:35.281+0000] {processor.py:161} INFO - Started process (PID=16491) to work on /opt/airflow/dags/transform_silver_gold_dbt_dag.py
[2025-11-13T05:08:35.282+0000] {processor.py:830} INFO - Processing file /opt/airflow/dags/transform_silver_gold_dbt_dag.py for tasks to queue
[2025-11-13T05:08:35.283+0000] {logging_mixin.py:188} INFO - [2025-11-13T05:08:35.283+0000] {dagbag.py:538} INFO - Filling up the DagBag from /opt/airflow/dags/transform_silver_gold_dbt_dag.py
[2025-11-13T05:08:35.314+0000] {processor.py:840} INFO - DAG(s) 'transform_bronze_to_silver_gold' retrieved from /opt/airflow/dags/transform_silver_gold_dbt_dag.py
[2025-11-13T05:08:35.329+0000] {logging_mixin.py:188} INFO - [2025-11-13T05:08:35.329+0000] {dag.py:3036} INFO - Sync 1 DAGs
[2025-11-13T05:08:35.340+0000] {logging_mixin.py:188} INFO - [2025-11-13T05:08:35.340+0000] {dag.py:3823} INFO - Setting next_dagrun for transform_bronze_to_silver_gold to 2025-11-13 00:00:00+00:00, run_after=2025-11-13 06:00:00+00:00
[2025-11-13T05:08:35.357+0000] {processor.py:183} INFO - Processing /opt/airflow/dags/transform_silver_gold_dbt_dag.py took 0.079 seconds
